ISO-10303-21;
HEADER;
FILE_DESCRIPTION(('Open CASCADE Model'),'2;1');
FILE_NAME('Open CASCADE Shape Model','2026-10-02T12:45:03',('Author'),(
    'Open CASCADE'),'Open CASCADE STEP processor 7.9','Open CASCADE 7.9'
  ,'Unknown');
FILE_SCHEMA(('AUTOMOTIVE_DESIGN { 1 0 10303 214 1 1 1 1 }'));
ENDSEC;
DATA;
#1 = APPLICATION_PROTOCOL_DEFINITION('international standard',
  'automotive_design',2000,#2);
#2 = APPLICATION_CONTEXT(
  'core data for automotive mechanical design processes');
#3 = SHAPE_DEFINITION_REPRESENTATION(#4,#10);
#4 = PRODUCT_DEFINITION_SHAPE('','',#5);
#5 = PRODUCT_DEFINITION('design','',#6,#9);
#6 = PRODUCT_DEFINITION_FORMATION('','',#7);
#7 = PRODUCT('Open CASCADE STEP translator 7.9 2',
  'Open CASCADE STEP translator 7.9 2','',(#8));
#8 = PRODUCT_CONTEXT('',#2,'mechanical');
#9 = PRODUCT_DEFINITION_CONTEXT('part definition',#2,'design');
#10 = ADVANCED_BREP_SHAPE_REPRESENTATION('',(#11,#15),#9541);
#11 = AXIS2_PLACEMENT_3D('',#12,#13,#14);
#12 = CARTESIAN_POINT('',(0.,0.,0.));
#13 = DIRECTION('',(0.,0.,1.));
#14 = DIRECTION('',(1.,0.,-0.));
#15 = MANIFOLD_SOLID_BREP('',#16);
#16 = CLOSED_SHELL('',(#17,#354,#550,#602,#1285,#1333,#1494,#1543,#2730,
    #2779,#2828,#2855,#2882,#3054,#3081,#3107,#3133,#3140,#3312,#3360,
    #3408,#3576,#3778,#3956,#4104,#4282,#4457,#4635,#4795,#4936,#4962,
    #4988,#5015,#5022,#5255,#5304,#5588,#5615,#5664,#5712,#5760,#5809,
    #5836,#5885,#6176,#6203,#6252,#6300,#6348,#6397,#6424,#6473,#6741,
    #6768,#6842,#6890,#6938,#6986,#7034,#7082,#7134,#7161,#7172,#7250,
    #7261,#7339,#7346,#7451,#7543,#7623,#7715,#7795,#7887,#7967,#8035,
    #8109,#8157,#8209,#8257,#8305,#8353,#8405,#8432,#8480,#8528,#8580,
    #8628,#8676,#8724,#8755,#8833,#8881,#8929,#8977,#9029,#9077,#9125,
    #9152,#9204,#9252,#9300,#9348,#9400,#9448,#9475,#9486,#9497,#9508,
    #9519,#9530));
#17 = ADVANCED_FACE('',(#18),#32,.F.);
#18 = FACE_BOUND('',#19,.F.);
#19 = EDGE_LOOP('',(#20,#55,#82,#110,#137,#165,#193,#221,#249,#277,#305,
    #328));
#20 = ORIENTED_EDGE('',*,*,#21,.F.);
#21 = EDGE_CURVE('',#22,#24,#26,.T.);
#22 = VERTEX_POINT('',#23);
#23 = CARTESIAN_POINT('',(-139.7,-190.5,179.07));
#24 = VERTEX_POINT('',#25);
#25 = CARTESIAN_POINT('',(-92.075,-190.5,179.07));
#26 = SURFACE_CURVE('',#27,(#31,#43),.PCURVE_S1.);
#27 = LINE('',#28,#29);
#28 = CARTESIAN_POINT('',(-152.4,-190.5,179.07));
#29 = VECTOR('',#30,1.);
#30 = DIRECTION('',(1.,0.,0.));
#31 = PCURVE('',#32,#37);
#32 = PLANE('',#33);
#33 = AXIS2_PLACEMENT_3D('',#34,#35,#36);
#34 = CARTESIAN_POINT('',(-152.4,-190.5,179.07));
#35 = DIRECTION('',(0.,1.,0.));
#36 = DIRECTION('',(1.,0.,0.));
#37 = DEFINITIONAL_REPRESENTATION('',(#38),#42);
#38 = LINE('',#39,#40);
#39 = CARTESIAN_POINT('',(0.,0.));
#40 = VECTOR('',#41,1.);
#41 = DIRECTION('',(1.,0.));
#42 = ( GEOMETRIC_REPRESENTATION_CONTEXT(2) 
PARAMETRIC_REPRESENTATION_CONTEXT() REPRESENTATION_CONTEXT('2D SPACE',''
  ) );
#43 = PCURVE('',#44,#49);
#44 = PLANE('',#45);
#45 = AXIS2_PLACEMENT_3D('',#46,#47,#48);
#46 = CARTESIAN_POINT('',(0.,0.,179.07));
#47 = DIRECTION('',(0.,0.,1.));
#48 = DIRECTION('',(1.,0.,-0.));
#49 = DEFINITIONAL_REPRESENTATION('',(#50),#54);
#50 = LINE('',#51,#52);
#51 = CARTESIAN_POINT('',(-152.4,-190.5));
#52 = VECTOR('',#53,1.);
#53 = DIRECTION('',(1.,0.));
#54 = ( GEOMETRIC_REPRESENTATION_CONTEXT(2) 
PARAMETRIC_REPRESENTATION_CONTEXT() REPRESENTATION_CONTEXT('2D SPACE',''
  ) );
#55 = ORIENTED_EDGE('',*,*,#56,.T.);
#56 = EDGE_CURVE('',#22,#57,#59,.T.);
#57 = VERTEX_POINT('',#58);
#58 = CARTESIAN_POINT('',(-139.7,-190.5,190.5));
#59 = SURFACE_CURVE('',#60,(#64,#71),.PCURVE_S1.);
#60 = LINE('',#61,#62);
#61 = CARTESIAN_POINT('',(-139.7,-190.5,179.07));
#62 = VECTOR('',#63,1.);
#63 = DIRECTION('',(0.,0.,1.));
#64 = PCURVE('',#32,#65);
#65 = DEFINITIONAL_REPRESENTATION('',(#66),#70);
#66 = LINE('',#67,#68);
#67 = CARTESIAN_POINT('',(12.7,0.));
#68 = VECTOR('',#69,1.);
#69 = DIRECTION('',(0.,-1.));
#70 = ( GEOMETRIC_REPRESENTATION_CONTEXT(2) 
PARAMETRIC_REPRESENTATION_CONTEXT() REPRESENTATION_CONTEXT('2D SPACE',''
  ) );
#71 = PCURVE('',#72,#77);
#72 = CYLINDRICAL_SURFACE('',#73,12.7);
#73 = AXIS2_PLACEMENT_3D('',#74,#75,#76);
#74 = CARTESIAN_POINT('',(-139.7,-177.8,179.07));
#75 = DIRECTION('',(0.,0.,1.));
#76 = DIRECTION('',(0.,-1.,0.));
#77 = DEFINITIONAL_REPRESENTATION('',(#78),#81);
#78 = B_SPLINE_CURVE_WITH_KNOTS('',1,(#79,#80),.UNSPECIFIED.,.F.,.F.,(2,
    2),(0.,11.43),.PIECEWISE_BEZIER_KNOTS.);
#79 = CARTESIAN_POINT('',(0.,0.));
#80 = CARTESIAN_POINT('',(0.,11.43));
#81 = ( GEOMETRIC_REPRESENTATION_CONTEXT(2) 
PARAMETRIC_REPRESENTATION_CONTEXT() REPRESENTATION_CONTEXT('2D SPACE',''
  ) );
#82 = ORIENTED_EDGE('',*,*,#83,.T.);
#83 = EDGE_CURVE('',#57,#84,#86,.T.);
#84 = VERTEX_POINT('',#85);
#85 = CARTESIAN_POINT('',(139.7,-190.5,190.5));
#86 = SURFACE_CURVE('',#87,(#91,#98),.PCURVE_S1.);
#87 = LINE('',#88,#89);
#88 = CARTESIAN_POINT('',(-152.4,-190.5,190.5));
#89 = VECTOR('',#90,1.);
#90 = DIRECTION('',(1.,0.,0.));
#91 = PCURVE('',#32,#92);
#92 = DEFINITIONAL_REPRESENTATION('',(#93),#97);
#93 = LINE('',#94,#95);
#94 = CARTESIAN_POINT('',(0.,-11.43));
#95 = VECTOR('',#96,1.);
#96 = DIRECTION('',(1.,0.));
#97 = ( GEOMETRIC_REPRESENTATION_CONTEXT(2) 
PARAMETRIC_REPRESENTATION_CONTEXT() REPRESENTATION_CONTEXT('2D SPACE',''
  ) );
#98 = PCURVE('',#99,#104);
#99 = PLANE('',#100);
#100 = AXIS2_PLACEMENT_3D('',#101,#102,#103);
#101 = CARTESIAN_POINT('',(0.,0.,190.5));
#102 = DIRECTION('',(0.,0.,1.));
#103 = DIRECTION('',(1.,0.,-0.));
#104 = DEFINITIONAL_REPRESENTATION('',(#105),#109);
#105 = LINE('',#106,#107);
#106 = CARTESIAN_POINT('',(-152.4,-190.5));
#107 = VECTOR('',#108,1.);
#108 = DIRECTION('',(1.,0.));
#109 = ( GEOMETRIC_REPRESENTATION_CONTEXT(2) 
PARAMETRIC_REPRESENTATION_CONTEXT() REPRESENTATION_CONTEXT('2D SPACE',''
  ) );
#110 = ORIENTED_EDGE('',*,*,#111,.F.);
#111 = EDGE_CURVE('',#112,#84,#114,.T.);
#112 = VERTEX_POINT('',#113);
#113 = CARTESIAN_POINT('',(139.7,-190.5,179.07));
#114 = SURFACE_CURVE('',#115,(#119,#126),.PCURVE_S1.);
#115 = LINE('',#116,#117);
#116 = CARTESIAN_POINT('',(139.7,-190.5,179.07));
#117 = VECTOR('',#118,1.);
#118 = DIRECTION('',(0.,0.,1.));
#119 = PCURVE('',#32,#120);
#120 = DEFINITIONAL_REPRESENTATION('',(#121),#125);
#121 = LINE('',#122,#123);
#122 = CARTESIAN_POINT('',(292.1,0.));
#123 = VECTOR('',#124,1.);
#124 = DIRECTION('',(0.,-1.));
#125 = ( GEOMETRIC_REPRESENTATION_CONTEXT(2) 
PARAMETRIC_REPRESENTATION_CONTEXT() REPRESENTATION_CONTEXT('2D SPACE',''
  ) );
#126 = PCURVE('',#127,#132);
#127 = CYLINDRICAL_SURFACE('',#128,12.7);
#128 = AXIS2_PLACEMENT_3D('',#129,#130,#131);
#129 = CARTESIAN_POINT('',(139.7,-177.8,179.07));
#130 = DIRECTION('',(0.,0.,1.));
#131 = DIRECTION('',(0.,-1.,0.));
#132 = DEFINITIONAL_REPRESENTATION('',(#133),#136);
#133 = B_SPLINE_CURVE_WITH_KNOTS('',1,(#134,#135),.UNSPECIFIED.,.F.,.F.,
  (2,2),(0.,11.43),.PIECEWISE_BEZIER_KNOTS.);
#134 = CARTESIAN_POINT('',(0.,0.));
#135 = CARTESIAN_POINT('',(0.,11.43));
#136 = ( GEOMETRIC_REPRESENTATION_CONTEXT(2) 
PARAMETRIC_REPRESENTATION_CONTEXT() REPRESENTATION_CONTEXT('2D SPACE',''
  ) );
#137 = ORIENTED_EDGE('',*,*,#138,.F.);
#138 = EDGE_CURVE('',#139,#112,#141,.T.);
#139 = VERTEX_POINT('',#140);
#140 = CARTESIAN_POINT('',(92.075,-190.5,179.07));
#141 = SURFACE_CURVE('',#142,(#146,#153),.PCURVE_S1.);
#142 = LINE('',#143,#144);
#143 = CARTESIAN_POINT('',(-152.4,-190.5,179.07));
#144 = VECTOR('',#145,1.);
#145 = DIRECTION('',(1.,0.,0.));
#146 = PCURVE('',#32,#147);
#147 = DEFINITIONAL_REPRESENTATION('',(#148),#152);
#148 = LINE('',#149,#150);
#149 = CARTESIAN_POINT('',(0.,0.));
#150 = VECTOR('',#151,1.);
#151 = DIRECTION('',(1.,0.));
#152 = ( GEOMETRIC_REPRESENTATION_CONTEXT(2) 
PARAMETRIC_REPRESENTATION_CONTEXT() REPRESENTATION_CONTEXT('2D SPACE',''
  ) );
#153 = PCURVE('',#154,#159);
#154 = PLANE('',#155);
#155 = AXIS2_PLACEMENT_3D('',#156,#157,#158);
#156 = CARTESIAN_POINT('',(0.,0.,179.07));
#157 = DIRECTION('',(0.,0.,1.));
#158 = DIRECTION('',(1.,0.,-0.));
#159 = DEFINITIONAL_REPRESENTATION('',(#160),#164);
#160 = LINE('',#161,#162);
#161 = CARTESIAN_POINT('',(-152.4,-190.5));
#162 = VECTOR('',#163,1.);
#163 = DIRECTION('',(1.,0.));
#164 = ( GEOMETRIC_REPRESENTATION_CONTEXT(2) 
PARAMETRIC_REPRESENTATION_CONTEXT() REPRESENTATION_CONTEXT('2D SPACE',''
  ) );
#165 = ORIENTED_EDGE('',*,*,#166,.F.);
#166 = EDGE_CURVE('',#167,#139,#169,.T.);
#167 = VERTEX_POINT('',#168);
#168 = CARTESIAN_POINT('',(92.075,-190.5,6.35));
#169 = SURFACE_CURVE('',#170,(#174,#181),.PCURVE_S1.);
#170 = LINE('',#171,#172);
#171 = CARTESIAN_POINT('',(92.075,-190.5,6.35));
#172 = VECTOR('',#173,1.);
#173 = DIRECTION('',(0.,0.,1.));
#174 = PCURVE('',#32,#175);
#175 = DEFINITIONAL_REPRESENTATION('',(#176),#180);
#176 = LINE('',#177,#178);
#177 = CARTESIAN_POINT('',(244.475,172.72));
#178 = VECTOR('',#179,1.);
#179 = DIRECTION('',(0.,-1.));
#180 = ( GEOMETRIC_REPRESENTATION_CONTEXT(2) 
PARAMETRIC_REPRESENTATION_CONTEXT() REPRESENTATION_CONTEXT('2D SPACE',''
  ) );
#181 = PCURVE('',#182,#187);
#182 = PLANE('',#183);
#183 = AXIS2_PLACEMENT_3D('',#184,#185,#186);
#184 = CARTESIAN_POINT('',(92.075,-190.5,6.35));
#185 = DIRECTION('',(1.,0.,0.));
#186 = DIRECTION('',(0.,0.,1.));
#187 = DEFINITIONAL_REPRESENTATION('',(#188),#192);
#188 = LINE('',#189,#190);
#189 = CARTESIAN_POINT('',(0.,0.));
#190 = VECTOR('',#191,1.);
#191 = DIRECTION('',(1.,0.));
#192 = ( GEOMETRIC_REPRESENTATION_CONTEXT(2) 
PARAMETRIC_REPRESENTATION_CONTEXT() REPRESENTATION_CONTEXT('2D SPACE',''
  ) );
#193 = ORIENTED_EDGE('',*,*,#194,.F.);
#194 = EDGE_CURVE('',#195,#167,#197,.T.);
#195 = VERTEX_POINT('',#196);
#196 = CARTESIAN_POINT('',(85.725,-190.5,6.35));
#197 = SURFACE_CURVE('',#198,(#202,#209),.PCURVE_S1.);
#198 = LINE('',#199,#200);
#199 = CARTESIAN_POINT('',(85.725,-190.5,6.35));
#200 = VECTOR('',#201,1.);
#201 = DIRECTION('',(1.,0.,0.));
#202 = PCURVE('',#32,#203);
#203 = DEFINITIONAL_REPRESENTATION('',(#204),#208);
#204 = LINE('',#205,#206);
#205 = CARTESIAN_POINT('',(238.125,172.72));
#206 = VECTOR('',#207,1.);
#207 = DIRECTION('',(1.,0.));
#208 = ( GEOMETRIC_REPRESENTATION_CONTEXT(2) 
PARAMETRIC_REPRESENTATION_CONTEXT() REPRESENTATION_CONTEXT('2D SPACE',''
  ) );
#209 = PCURVE('',#210,#215);
#210 = PLANE('',#211);
#211 = AXIS2_PLACEMENT_3D('',#212,#213,#214);
#212 = CARTESIAN_POINT('',(-92.075,-190.5,6.35));
#213 = DIRECTION('',(0.,0.,1.));
#214 = DIRECTION('',(1.,0.,0.));
#215 = DEFINITIONAL_REPRESENTATION('',(#216),#220);
#216 = LINE('',#217,#218);
#217 = CARTESIAN_POINT('',(177.8,0.));
#218 = VECTOR('',#219,1.);
#219 = DIRECTION('',(1.,0.));
#220 = ( GEOMETRIC_REPRESENTATION_CONTEXT(2) 
PARAMETRIC_REPRESENTATION_CONTEXT() REPRESENTATION_CONTEXT('2D SPACE',''
  ) );
#221 = ORIENTED_EDGE('',*,*,#222,.T.);
#222 = EDGE_CURVE('',#195,#223,#225,.T.);
#223 = VERTEX_POINT('',#224);
#224 = CARTESIAN_POINT('',(85.725,-190.5,179.07));
#225 = SURFACE_CURVE('',#226,(#230,#237),.PCURVE_S1.);
#226 = LINE('',#227,#228);
#227 = CARTESIAN_POINT('',(85.725,-190.5,6.35));
#228 = VECTOR('',#229,1.);
#229 = DIRECTION('',(0.,0.,1.));
#230 = PCURVE('',#32,#231);
#231 = DEFINITIONAL_REPRESENTATION('',(#232),#236);
#232 = LINE('',#233,#234);
#233 = CARTESIAN_POINT('',(238.125,172.72));
#234 = VECTOR('',#235,1.);
#235 = DIRECTION('',(0.,-1.));
#236 = ( GEOMETRIC_REPRESENTATION_CONTEXT(2) 
PARAMETRIC_REPRESENTATION_CONTEXT() REPRESENTATION_CONTEXT('2D SPACE',''
  ) );
#237 = PCURVE('',#238,#243);
#238 = PLANE('',#239);
#239 = AXIS2_PLACEMENT_3D('',#240,#241,#242);
#240 = CARTESIAN_POINT('',(85.725,-190.5,6.35));
#241 = DIRECTION('',(1.,0.,0.));
#242 = DIRECTION('',(0.,0.,1.));
#243 = DEFINITIONAL_REPRESENTATION('',(#244),#248);
#244 = LINE('',#245,#246);
#245 = CARTESIAN_POINT('',(0.,0.));
#246 = VECTOR('',#247,1.);
#247 = DIRECTION('',(1.,0.));
#248 = ( GEOMETRIC_REPRESENTATION_CONTEXT(2) 
PARAMETRIC_REPRESENTATION_CONTEXT() REPRESENTATION_CONTEXT('2D SPACE',''
  ) );
#249 = ORIENTED_EDGE('',*,*,#250,.F.);
#250 = EDGE_CURVE('',#251,#223,#253,.T.);
#251 = VERTEX_POINT('',#252);
#252 = CARTESIAN_POINT('',(-85.725,-190.5,179.07));
#253 = SURFACE_CURVE('',#254,(#258,#265),.PCURVE_S1.);
#254 = LINE('',#255,#256);
#255 = CARTESIAN_POINT('',(-152.4,-190.5,179.07));
#256 = VECTOR('',#257,1.);
#257 = DIRECTION('',(1.,0.,0.));
#258 = PCURVE('',#32,#259);
#259 = DEFINITIONAL_REPRESENTATION('',(#260),#264);
#260 = LINE('',#261,#262);
#261 = CARTESIAN_POINT('',(0.,0.));
#262 = VECTOR('',#263,1.);
#263 = DIRECTION('',(1.,0.));
#264 = ( GEOMETRIC_REPRESENTATION_CONTEXT(2) 
PARAMETRIC_REPRESENTATION_CONTEXT() REPRESENTATION_CONTEXT('2D SPACE',''
  ) );
#265 = PCURVE('',#266,#271);
#266 = PLANE('',#267);
#267 = AXIS2_PLACEMENT_3D('',#268,#269,#270);
#268 = CARTESIAN_POINT('',(0.,0.,179.07));
#269 = DIRECTION('',(0.,0.,1.));
#270 = DIRECTION('',(1.,0.,-0.));
#271 = DEFINITIONAL_REPRESENTATION('',(#272),#276);
#272 = LINE('',#273,#274);
#273 = CARTESIAN_POINT('',(-152.4,-190.5));
#274 = VECTOR('',#275,1.);
#275 = DIRECTION('',(1.,0.));
#276 = ( GEOMETRIC_REPRESENTATION_CONTEXT(2) 
PARAMETRIC_REPRESENTATION_CONTEXT() REPRESENTATION_CONTEXT('2D SPACE',''
  ) );
#277 = ORIENTED_EDGE('',*,*,#278,.F.);
#278 = EDGE_CURVE('',#279,#251,#281,.T.);
#279 = VERTEX_POINT('',#280);
#280 = CARTESIAN_POINT('',(-85.725,-190.5,6.35));
#281 = SURFACE_CURVE('',#282,(#286,#293),.PCURVE_S1.);
#282 = LINE('',#283,#284);
#283 = CARTESIAN_POINT('',(-85.725,-190.5,6.35));
#284 = VECTOR('',#285,1.);
#285 = DIRECTION('',(0.,0.,1.));
#286 = PCURVE('',#32,#287);
#287 = DEFINITIONAL_REPRESENTATION('',(#288),#292);
#288 = LINE('',#289,#290);
#289 = CARTESIAN_POINT('',(66.675,172.72));
#290 = VECTOR('',#291,1.);
#291 = DIRECTION('',(0.,-1.));
#292 = ( GEOMETRIC_REPRESENTATION_CONTEXT(2) 
PARAMETRIC_REPRESENTATION_CONTEXT() REPRESENTATION_CONTEXT('2D SPACE',''
  ) );
#293 = PCURVE('',#294,#299);
#294 = PLANE('',#295);
#295 = AXIS2_PLACEMENT_3D('',#296,#297,#298);
#296 = CARTESIAN_POINT('',(-85.725,-190.5,6.35));
#297 = DIRECTION('',(1.,0.,0.));
#298 = DIRECTION('',(0.,0.,1.));
#299 = DEFINITIONAL_REPRESENTATION('',(#300),#304);
#300 = LINE('',#301,#302);
#301 = CARTESIAN_POINT('',(0.,0.));
#302 = VECTOR('',#303,1.);
#303 = DIRECTION('',(1.,0.));
#304 = ( GEOMETRIC_REPRESENTATION_CONTEXT(2) 
PARAMETRIC_REPRESENTATION_CONTEXT() REPRESENTATION_CONTEXT('2D SPACE',''
  ) );
#305 = ORIENTED_EDGE('',*,*,#306,.F.);
#306 = EDGE_CURVE('',#307,#279,#309,.T.);
#307 = VERTEX_POINT('',#308);
#308 = CARTESIAN_POINT('',(-92.075,-190.5,6.35));
#309 = SURFACE_CURVE('',#310,(#314,#321),.PCURVE_S1.);
#310 = LINE('',#311,#312);
#311 = CARTESIAN_POINT('',(-92.075,-190.5,6.35));
#312 = VECTOR('',#313,1.);
#313 = DIRECTION('',(1.,0.,0.));
#314 = PCURVE('',#32,#315);
#315 = DEFINITIONAL_REPRESENTATION('',(#316),#320);
#316 = LINE('',#317,#318);
#317 = CARTESIAN_POINT('',(60.325,172.72));
#318 = VECTOR('',#319,1.);
#319 = DIRECTION('',(1.,0.));
#320 = ( GEOMETRIC_REPRESENTATION_CONTEXT(2) 
PARAMETRIC_REPRESENTATION_CONTEXT() REPRESENTATION_CONTEXT('2D SPACE',''
  ) );
#321 = PCURVE('',#210,#322);
#322 = DEFINITIONAL_REPRESENTATION('',(#323),#327);
#323 = LINE('',#324,#325);
#324 = CARTESIAN_POINT('',(0.,0.));
#325 = VECTOR('',#326,1.);
#326 = DIRECTION('',(1.,0.));
#327 = ( GEOMETRIC_REPRESENTATION_CONTEXT(2) 
PARAMETRIC_REPRESENTATION_CONTEXT() REPRESENTATION_CONTEXT('2D SPACE',''
  ) );
#328 = ORIENTED_EDGE('',*,*,#329,.T.);
#329 = EDGE_CURVE('',#307,#24,#330,.T.);
#330 = SURFACE_CURVE('',#331,(#335,#342),.PCURVE_S1.);
#331 = LINE('',#332,#333);
#332 = CARTESIAN_POINT('',(-92.075,-190.5,6.35));
#333 = VECTOR('',#334,1.);
#334 = DIRECTION('',(0.,0.,1.));
#335 = PCURVE('',#32,#336);
#336 = DEFINITIONAL_REPRESENTATION('',(#337),#341);
#337 = LINE('',#338,#339);
#338 = CARTESIAN_POINT('',(60.325,172.72));
#339 = VECTOR('',#340,1.);
#340 = DIRECTION('',(0.,-1.));
#341 = ( GEOMETRIC_REPRESENTATION_CONTEXT(2) 
PARAMETRIC_REPRESENTATION_CONTEXT() REPRESENTATION_CONTEXT('2D SPACE',''
  ) );
#342 = PCURVE('',#343,#348);
#343 = PLANE('',#344);
#344 = AXIS2_PLACEMENT_3D('',#345,#346,#347);
#345 = CARTESIAN_POINT('',(-92.075,-190.5,6.35));
#346 = DIRECTION('',(1.,0.,0.));
#347 = DIRECTION('',(0.,0.,1.));
#348 = DEFINITIONAL_REPRESENTATION('',(#349),#353);
#349 = LINE('',#350,#351);
#350 = CARTESIAN_POINT('',(0.,0.));
#351 = VECTOR('',#352,1.);
#352 = DIRECTION('',(1.,0.));
#353 = ( GEOMETRIC_REPRESENTATION_CONTEXT(2) 
PARAMETRIC_REPRESENTATION_CONTEXT() REPRESENTATION_CONTEXT('2D SPACE',''
  ) );
#354 = ADVANCED_FACE('',(#355),#44,.F.);
#355 = FACE_BOUND('',#356,.F.);
#356 = EDGE_LOOP('',(#357,#384,#385,#408,#436,#468,#496,#524));
#357 = ORIENTED_EDGE('',*,*,#358,.F.);
#358 = EDGE_CURVE('',#22,#359,#361,.T.);
#359 = VERTEX_POINT('',#360);
#360 = CARTESIAN_POINT('',(-152.4,-177.8,179.07));
#361 = SURFACE_CURVE('',#362,(#367,#378),.PCURVE_S1.);
#362 = CIRCLE('',#363,12.7);
#363 = AXIS2_PLACEMENT_3D('',#364,#365,#366);
#364 = CARTESIAN_POINT('',(-139.7,-177.8,179.07));
#365 = DIRECTION('',(-0.,-0.,-1.));
#366 = DIRECTION('',(0.,-1.,0.));
#367 = PCURVE('',#44,#368);
#368 = DEFINITIONAL_REPRESENTATION('',(#369),#377);
#369 = ( BOUNDED_CURVE() B_SPLINE_CURVE(2,(#370,#371,#372,#373,#374,#375
,#376),.UNSPECIFIED.,.T.,.F.) B_SPLINE_CURVE_WITH_KNOTS((1,2,2,2,2,1),(
    -2.094395102393,0.,2.094395102393,4.188790204786,6.28318530718,
8.377580409573),.UNSPECIFIED.) CURVE() GEOMETRIC_REPRESENTATION_ITEM() 
RATIONAL_B_SPLINE_CURVE((1.,0.5,1.,0.5,1.,0.5,1.)) REPRESENTATION_ITEM(
  '') );
#370 = CARTESIAN_POINT('',(-139.7,-190.5));
#371 = CARTESIAN_POINT('',(-161.6970452561,-190.5));
#372 = CARTESIAN_POINT('',(-150.698522628,-171.45));
#373 = CARTESIAN_POINT('',(-139.7,-152.4));
#374 = CARTESIAN_POINT('',(-128.7014773719,-171.45));
#375 = CARTESIAN_POINT('',(-117.7029547438,-190.5));
#376 = CARTESIAN_POINT('',(-139.7,-190.5));
#377 = ( GEOMETRIC_REPRESENTATION_CONTEXT(2) 
PARAMETRIC_REPRESENTATION_CONTEXT() REPRESENTATION_CONTEXT('2D SPACE',''
  ) );
#378 = PCURVE('',#72,#379);
#379 = DEFINITIONAL_REPRESENTATION('',(#380),#383);
#380 = B_SPLINE_CURVE_WITH_KNOTS('',1,(#381,#382),.UNSPECIFIED.,.F.,.F.,
  (2,2),(0.,1.570796326795),.PIECEWISE_BEZIER_KNOTS.);
#381 = CARTESIAN_POINT('',(0.,0.));
#382 = CARTESIAN_POINT('',(-1.570796326795,0.));
#383 = ( GEOMETRIC_REPRESENTATION_CONTEXT(2) 
PARAMETRIC_REPRESENTATION_CONTEXT() REPRESENTATION_CONTEXT('2D SPACE',''
  ) );
#384 = ORIENTED_EDGE('',*,*,#21,.T.);
#385 = ORIENTED_EDGE('',*,*,#386,.T.);
#386 = EDGE_CURVE('',#24,#387,#389,.T.);
#387 = VERTEX_POINT('',#388);
#388 = CARTESIAN_POINT('',(-92.075,-188.468,179.07));
#389 = SURFACE_CURVE('',#390,(#394,#401),.PCURVE_S1.);
#390 = LINE('',#391,#392);
#391 = CARTESIAN_POINT('',(-92.075,-190.5,179.07));
#392 = VECTOR('',#393,1.);
#393 = DIRECTION('',(0.,1.,0.));
#394 = PCURVE('',#44,#395);
#395 = DEFINITIONAL_REPRESENTATION('',(#396),#400);
#396 = LINE('',#397,#398);
#397 = CARTESIAN_POINT('',(-92.075,-190.5));
#398 = VECTOR('',#399,1.);
#399 = DIRECTION('',(0.,1.));
#400 = ( GEOMETRIC_REPRESENTATION_CONTEXT(2) 
PARAMETRIC_REPRESENTATION_CONTEXT() REPRESENTATION_CONTEXT('2D SPACE',''
  ) );
#401 = PCURVE('',#343,#402);
#402 = DEFINITIONAL_REPRESENTATION('',(#403),#407);
#403 = LINE('',#404,#405);
#404 = CARTESIAN_POINT('',(172.72,0.));
#405 = VECTOR('',#406,1.);
#406 = DIRECTION('',(0.,-1.));
#407 = ( GEOMETRIC_REPRESENTATION_CONTEXT(2) 
PARAMETRIC_REPRESENTATION_CONTEXT() REPRESENTATION_CONTEXT('2D SPACE',''
  ) );
#408 = ORIENTED_EDGE('',*,*,#409,.F.);
#409 = EDGE_CURVE('',#410,#387,#412,.T.);
#410 = VERTEX_POINT('',#411);
#411 = CARTESIAN_POINT('',(-139.7,-188.468,179.07));
#412 = SURFACE_CURVE('',#413,(#417,#424),.PCURVE_S1.);
#413 = LINE('',#414,#415);
#414 = CARTESIAN_POINT('',(-150.368,-188.468,179.07));
#415 = VECTOR('',#416,1.);
#416 = DIRECTION('',(1.,0.,0.));
#417 = PCURVE('',#44,#418);
#418 = DEFINITIONAL_REPRESENTATION('',(#419),#423);
#419 = LINE('',#420,#421);
#420 = CARTESIAN_POINT('',(-150.368,-188.468));
#421 = VECTOR('',#422,1.);
#422 = DIRECTION('',(1.,0.));
#423 = ( GEOMETRIC_REPRESENTATION_CONTEXT(2) 
PARAMETRIC_REPRESENTATION_CONTEXT() REPRESENTATION_CONTEXT('2D SPACE',''
  ) );
#424 = PCURVE('',#425,#430);
#425 = PLANE('',#426);
#426 = AXIS2_PLACEMENT_3D('',#427,#428,#429);
#427 = CARTESIAN_POINT('',(-150.368,-188.468,6.35));
#428 = DIRECTION('',(0.,1.,0.));
#429 = DIRECTION('',(1.,0.,0.));
#430 = DEFINITIONAL_REPRESENTATION('',(#431),#435);
#431 = LINE('',#432,#433);
#432 = CARTESIAN_POINT('',(0.,-172.72));
#433 = VECTOR('',#434,1.);
#434 = DIRECTION('',(1.,0.));
#435 = ( GEOMETRIC_REPRESENTATION_CONTEXT(2) 
PARAMETRIC_REPRESENTATION_CONTEXT() REPRESENTATION_CONTEXT('2D SPACE',''
  ) );
#436 = ORIENTED_EDGE('',*,*,#437,.T.);
#437 = EDGE_CURVE('',#410,#438,#440,.T.);
#438 = VERTEX_POINT('',#439);
#439 = CARTESIAN_POINT('',(-150.368,-177.8,179.07));
#440 = SURFACE_CURVE('',#441,(#446,#457),.PCURVE_S1.);
#441 = CIRCLE('',#442,10.668);
#442 = AXIS2_PLACEMENT_3D('',#443,#444,#445);
#443 = CARTESIAN_POINT('',(-139.7,-177.8,179.07));
#444 = DIRECTION('',(-0.,-0.,-1.));
#445 = DIRECTION('',(0.,-1.,0.));
#446 = PCURVE('',#44,#447);
#447 = DEFINITIONAL_REPRESENTATION('',(#448),#456);
#448 = ( BOUNDED_CURVE() B_SPLINE_CURVE(2,(#449,#450,#451,#452,#453,#454
,#455),.UNSPECIFIED.,.T.,.F.) B_SPLINE_CURVE_WITH_KNOTS((1,2,2,2,2,1),(
    -2.094395102393,0.,2.094395102393,4.188790204786,6.28318530718,
8.377580409573),.UNSPECIFIED.) CURVE() GEOMETRIC_REPRESENTATION_ITEM() 
RATIONAL_B_SPLINE_CURVE((1.,0.5,1.,0.5,1.,0.5,1.)) REPRESENTATION_ITEM(
  '') );
#449 = CARTESIAN_POINT('',(-139.7,-188.468));
#450 = CARTESIAN_POINT('',(-158.1775180151,-188.468));
#451 = CARTESIAN_POINT('',(-148.9387590075,-172.466));
#452 = CARTESIAN_POINT('',(-139.7,-156.464));
#453 = CARTESIAN_POINT('',(-130.4612409924,-172.466));
#454 = CARTESIAN_POINT('',(-121.2224819848,-188.468));
#455 = CARTESIAN_POINT('',(-139.7,-188.468));
#456 = ( GEOMETRIC_REPRESENTATION_CONTEXT(2) 
PARAMETRIC_REPRESENTATION_CONTEXT() REPRESENTATION_CONTEXT('2D SPACE',''
  ) );
#457 = PCURVE('',#458,#463);
#458 = CYLINDRICAL_SURFACE('',#459,10.668);
#459 = AXIS2_PLACEMENT_3D('',#460,#461,#462);
#460 = CARTESIAN_POINT('',(-139.7,-177.8,6.35));
#461 = DIRECTION('',(0.,0.,1.));
#462 = DIRECTION('',(0.,-1.,0.));
#463 = DEFINITIONAL_REPRESENTATION('',(#464),#467);
#464 = B_SPLINE_CURVE_WITH_KNOTS('',1,(#465,#466),.UNSPECIFIED.,.F.,.F.,
  (2,2),(0.,1.570796326795),.PIECEWISE_BEZIER_KNOTS.);
#465 = CARTESIAN_POINT('',(0.,172.72));
#466 = CARTESIAN_POINT('',(-1.570796326795,172.72));
#467 = ( GEOMETRIC_REPRESENTATION_CONTEXT(2) 
PARAMETRIC_REPRESENTATION_CONTEXT() REPRESENTATION_CONTEXT('2D SPACE',''
  ) );
#468 = ORIENTED_EDGE('',*,*,#469,.F.);
#469 = EDGE_CURVE('',#470,#438,#472,.T.);
#470 = VERTEX_POINT('',#471);
#471 = CARTESIAN_POINT('',(-150.368,-117.475,179.07));
#472 = SURFACE_CURVE('',#473,(#477,#484),.PCURVE_S1.);
#473 = LINE('',#474,#475);
#474 = CARTESIAN_POINT('',(-150.368,188.468,179.07));
#475 = VECTOR('',#476,1.);
#476 = DIRECTION('',(0.,-1.,0.));
#477 = PCURVE('',#44,#478);
#478 = DEFINITIONAL_REPRESENTATION('',(#479),#483);
#479 = LINE('',#480,#481);
#480 = CARTESIAN_POINT('',(-150.368,188.468));
#481 = VECTOR('',#482,1.);
#482 = DIRECTION('',(0.,-1.));
#483 = ( GEOMETRIC_REPRESENTATION_CONTEXT(2) 
PARAMETRIC_REPRESENTATION_CONTEXT() REPRESENTATION_CONTEXT('2D SPACE',''
  ) );
#484 = PCURVE('',#485,#490);
#485 = PLANE('',#486);
#486 = AXIS2_PLACEMENT_3D('',#487,#488,#489);
#487 = CARTESIAN_POINT('',(-150.368,188.468,6.35));
#488 = DIRECTION('',(1.,0.,-0.));
#489 = DIRECTION('',(0.,-1.,0.));
#490 = DEFINITIONAL_REPRESENTATION('',(#491),#495);
#491 = LINE('',#492,#493);
#492 = CARTESIAN_POINT('',(0.,-172.72));
#493 = VECTOR('',#494,1.);
#494 = DIRECTION('',(1.,0.));
#495 = ( GEOMETRIC_REPRESENTATION_CONTEXT(2) 
PARAMETRIC_REPRESENTATION_CONTEXT() REPRESENTATION_CONTEXT('2D SPACE',''
  ) );
#496 = ORIENTED_EDGE('',*,*,#497,.F.);
#497 = EDGE_CURVE('',#498,#470,#500,.T.);
#498 = VERTEX_POINT('',#499);
#499 = CARTESIAN_POINT('',(-152.4,-117.475,179.07));
#500 = SURFACE_CURVE('',#501,(#505,#512),.PCURVE_S1.);
#501 = LINE('',#502,#503);
#502 = CARTESIAN_POINT('',(-152.4,-117.475,179.07));
#503 = VECTOR('',#504,1.);
#504 = DIRECTION('',(1.,0.,0.));
#505 = PCURVE('',#44,#506);
#506 = DEFINITIONAL_REPRESENTATION('',(#507),#511);
#507 = LINE('',#508,#509);
#508 = CARTESIAN_POINT('',(-152.4,-117.475));
#509 = VECTOR('',#510,1.);
#510 = DIRECTION('',(1.,0.));
#511 = ( GEOMETRIC_REPRESENTATION_CONTEXT(2) 
PARAMETRIC_REPRESENTATION_CONTEXT() REPRESENTATION_CONTEXT('2D SPACE',''
  ) );
#512 = PCURVE('',#513,#518);
#513 = PLANE('',#514);
#514 = AXIS2_PLACEMENT_3D('',#515,#516,#517);
#515 = CARTESIAN_POINT('',(-152.4,-117.475,6.35));
#516 = DIRECTION('',(0.,1.,0.));
#517 = DIRECTION('',(0.,0.,1.));
#518 = DEFINITIONAL_REPRESENTATION('',(#519),#523);
#519 = LINE('',#520,#521);
#520 = CARTESIAN_POINT('',(172.72,0.));
#521 = VECTOR('',#522,1.);
#522 = DIRECTION('',(0.,1.));
#523 = ( GEOMETRIC_REPRESENTATION_CONTEXT(2) 
PARAMETRIC_REPRESENTATION_CONTEXT() REPRESENTATION_CONTEXT('2D SPACE',''
  ) );
#524 = ORIENTED_EDGE('',*,*,#525,.T.);
#525 = EDGE_CURVE('',#498,#359,#526,.T.);
#526 = SURFACE_CURVE('',#527,(#531,#538),.PCURVE_S1.);
#527 = LINE('',#528,#529);
#528 = CARTESIAN_POINT('',(-152.4,190.5,179.07));
#529 = VECTOR('',#530,1.);
#530 = DIRECTION('',(0.,-1.,0.));
#531 = PCURVE('',#44,#532);
#532 = DEFINITIONAL_REPRESENTATION('',(#533),#537);
#533 = LINE('',#534,#535);
#534 = CARTESIAN_POINT('',(-152.4,190.5));
#535 = VECTOR('',#536,1.);
#536 = DIRECTION('',(0.,-1.));
#537 = ( GEOMETRIC_REPRESENTATION_CONTEXT(2) 
PARAMETRIC_REPRESENTATION_CONTEXT() REPRESENTATION_CONTEXT('2D SPACE',''
  ) );
#538 = PCURVE('',#539,#544);
#539 = PLANE('',#540);
#540 = AXIS2_PLACEMENT_3D('',#541,#542,#543);
#541 = CARTESIAN_POINT('',(-152.4,190.5,179.07));
#542 = DIRECTION('',(1.,0.,-0.));
#543 = DIRECTION('',(0.,-1.,0.));
#544 = DEFINITIONAL_REPRESENTATION('',(#545),#549);
#545 = LINE('',#546,#547);
#546 = CARTESIAN_POINT('',(0.,0.));
#547 = VECTOR('',#548,1.);
#548 = DIRECTION('',(1.,0.));
#549 = ( GEOMETRIC_REPRESENTATION_CONTEXT(2) 
PARAMETRIC_REPRESENTATION_CONTEXT() REPRESENTATION_CONTEXT('2D SPACE',''
  ) );
#550 = ADVANCED_FACE('',(#551),#72,.T.);
#551 = FACE_BOUND('',#552,.F.);
#552 = EDGE_LOOP('',(#553,#554,#576,#601));
#553 = ORIENTED_EDGE('',*,*,#358,.T.);
#554 = ORIENTED_EDGE('',*,*,#555,.T.);
#555 = EDGE_CURVE('',#359,#556,#558,.T.);
#556 = VERTEX_POINT('',#557);
#557 = CARTESIAN_POINT('',(-152.4,-177.8,190.5));
#558 = SURFACE_CURVE('',#559,(#563,#569),.PCURVE_S1.);
#559 = LINE('',#560,#561);
#560 = CARTESIAN_POINT('',(-152.4,-177.8,179.07));
#561 = VECTOR('',#562,1.);
#562 = DIRECTION('',(0.,0.,1.));
#563 = PCURVE('',#72,#564);
#564 = DEFINITIONAL_REPRESENTATION('',(#565),#568);
#565 = B_SPLINE_CURVE_WITH_KNOTS('',1,(#566,#567),.UNSPECIFIED.,.F.,.F.,
  (2,2),(0.,11.43),.PIECEWISE_BEZIER_KNOTS.);
#566 = CARTESIAN_POINT('',(-1.570796326795,0.));
#567 = CARTESIAN_POINT('',(-1.570796326795,11.43));
#568 = ( GEOMETRIC_REPRESENTATION_CONTEXT(2) 
PARAMETRIC_REPRESENTATION_CONTEXT() REPRESENTATION_CONTEXT('2D SPACE',''
  ) );
#569 = PCURVE('',#539,#570);
#570 = DEFINITIONAL_REPRESENTATION('',(#571),#575);
#571 = LINE('',#572,#573);
#572 = CARTESIAN_POINT('',(368.3,0.));
#573 = VECTOR('',#574,1.);
#574 = DIRECTION('',(0.,-1.));
#575 = ( GEOMETRIC_REPRESENTATION_CONTEXT(2) 
PARAMETRIC_REPRESENTATION_CONTEXT() REPRESENTATION_CONTEXT('2D SPACE',''
  ) );
#576 = ORIENTED_EDGE('',*,*,#577,.F.);
#577 = EDGE_CURVE('',#57,#556,#578,.T.);
#578 = SURFACE_CURVE('',#579,(#584,#590),.PCURVE_S1.);
#579 = CIRCLE('',#580,12.7);
#580 = AXIS2_PLACEMENT_3D('',#581,#582,#583);
#581 = CARTESIAN_POINT('',(-139.7,-177.8,190.5));
#582 = DIRECTION('',(-0.,-0.,-1.));
#583 = DIRECTION('',(0.,-1.,0.));
#584 = PCURVE('',#72,#585);
#585 = DEFINITIONAL_REPRESENTATION('',(#586),#589);
#586 = B_SPLINE_CURVE_WITH_KNOTS('',1,(#587,#588),.UNSPECIFIED.,.F.,.F.,
  (2,2),(0.,1.570796326795),.PIECEWISE_BEZIER_KNOTS.);
#587 = CARTESIAN_POINT('',(0.,11.43));
#588 = CARTESIAN_POINT('',(-1.570796326795,11.43));
#589 = ( GEOMETRIC_REPRESENTATION_CONTEXT(2) 
PARAMETRIC_REPRESENTATION_CONTEXT() REPRESENTATION_CONTEXT('2D SPACE',''
  ) );
#590 = PCURVE('',#99,#591);
#591 = DEFINITIONAL_REPRESENTATION('',(#592),#600);
#592 = ( BOUNDED_CURVE() B_SPLINE_CURVE(2,(#593,#594,#595,#596,#597,#598
,#599),.UNSPECIFIED.,.T.,.F.) B_SPLINE_CURVE_WITH_KNOTS((1,2,2,2,2,1),(
    -2.094395102393,0.,2.094395102393,4.188790204786,6.28318530718,
8.377580409573),.UNSPECIFIED.) CURVE() GEOMETRIC_REPRESENTATION_ITEM() 
RATIONAL_B_SPLINE_CURVE((1.,0.5,1.,0.5,1.,0.5,1.)) REPRESENTATION_ITEM(
  '') );
#593 = CARTESIAN_POINT('',(-139.7,-190.5));
#594 = CARTESIAN_POINT('',(-161.6970452561,-190.5));
#595 = CARTESIAN_POINT('',(-150.698522628,-171.45));
#596 = CARTESIAN_POINT('',(-139.7,-152.4));
#597 = CARTESIAN_POINT('',(-128.7014773719,-171.45));
#598 = CARTESIAN_POINT('',(-117.7029547438,-190.5));
#599 = CARTESIAN_POINT('',(-139.7,-190.5));
#600 = ( GEOMETRIC_REPRESENTATION_CONTEXT(2) 
PARAMETRIC_REPRESENTATION_CONTEXT() REPRESENTATION_CONTEXT('2D SPACE',''
  ) );
#601 = ORIENTED_EDGE('',*,*,#56,.F.);
#602 = ADVANCED_FACE('',(#603,#763),#99,.T.);
#603 = FACE_BOUND('',#604,.T.);
#604 = EDGE_LOOP('',(#605,#606,#629,#657,#685,#713,#741,#762));
#605 = ORIENTED_EDGE('',*,*,#83,.T.);
#606 = ORIENTED_EDGE('',*,*,#607,.T.);
#607 = EDGE_CURVE('',#84,#608,#610,.T.);
#608 = VERTEX_POINT('',#609);
#609 = CARTESIAN_POINT('',(152.4,-177.8,190.5));
#610 = SURFACE_CURVE('',#611,(#616,#623),.PCURVE_S1.);
#611 = CIRCLE('',#612,12.7);
#612 = AXIS2_PLACEMENT_3D('',#613,#614,#615);
#613 = CARTESIAN_POINT('',(139.7,-177.8,190.5));
#614 = DIRECTION('',(0.,0.,1.));
#615 = DIRECTION('',(0.,-1.,0.));
#616 = PCURVE('',#99,#617);
#617 = DEFINITIONAL_REPRESENTATION('',(#618),#622);
#618 = CIRCLE('',#619,12.7);
#619 = AXIS2_PLACEMENT_2D('',#620,#621);
#620 = CARTESIAN_POINT('',(139.7,-177.8));
#621 = DIRECTION('',(0.,-1.));
#622 = ( GEOMETRIC_REPRESENTATION_CONTEXT(2) 
PARAMETRIC_REPRESENTATION_CONTEXT() REPRESENTATION_CONTEXT('2D SPACE',''
  ) );
#623 = PCURVE('',#127,#624);
#624 = DEFINITIONAL_REPRESENTATION('',(#625),#628);
#625 = B_SPLINE_CURVE_WITH_KNOTS('',1,(#626,#627),.UNSPECIFIED.,.F.,.F.,
  (2,2),(0.,1.570796326795),.PIECEWISE_BEZIER_KNOTS.);
#626 = CARTESIAN_POINT('',(0.,11.43));
#627 = CARTESIAN_POINT('',(1.570796326795,11.43));
#628 = ( GEOMETRIC_REPRESENTATION_CONTEXT(2) 
PARAMETRIC_REPRESENTATION_CONTEXT() REPRESENTATION_CONTEXT('2D SPACE',''
  ) );
#629 = ORIENTED_EDGE('',*,*,#630,.T.);
#630 = EDGE_CURVE('',#608,#631,#633,.T.);
#631 = VERTEX_POINT('',#632);
#632 = CARTESIAN_POINT('',(152.4,177.8,190.5));
#633 = SURFACE_CURVE('',#634,(#638,#645),.PCURVE_S1.);
#634 = LINE('',#635,#636);
#635 = CARTESIAN_POINT('',(152.4,-190.5,190.5));
#636 = VECTOR('',#637,1.);
#637 = DIRECTION('',(0.,1.,0.));
#638 = PCURVE('',#99,#639);
#639 = DEFINITIONAL_REPRESENTATION('',(#640),#644);
#640 = LINE('',#641,#642);
#641 = CARTESIAN_POINT('',(152.4,-190.5));
#642 = VECTOR('',#643,1.);
#643 = DIRECTION('',(0.,1.));
#644 = ( GEOMETRIC_REPRESENTATION_CONTEXT(2) 
PARAMETRIC_REPRESENTATION_CONTEXT() REPRESENTATION_CONTEXT('2D SPACE',''
  ) );
#645 = PCURVE('',#646,#651);
#646 = PLANE('',#647);
#647 = AXIS2_PLACEMENT_3D('',#648,#649,#650);
#648 = CARTESIAN_POINT('',(152.4,-190.5,179.07));
#649 = DIRECTION('',(-1.,0.,0.));
#650 = DIRECTION('',(0.,1.,0.));
#651 = DEFINITIONAL_REPRESENTATION('',(#652),#656);
#652 = LINE('',#653,#654);
#653 = CARTESIAN_POINT('',(0.,-11.43));
#654 = VECTOR('',#655,1.);
#655 = DIRECTION('',(1.,0.));
#656 = ( GEOMETRIC_REPRESENTATION_CONTEXT(2) 
PARAMETRIC_REPRESENTATION_CONTEXT() REPRESENTATION_CONTEXT('2D SPACE',''
  ) );
#657 = ORIENTED_EDGE('',*,*,#658,.T.);
#658 = EDGE_CURVE('',#631,#659,#661,.T.);
#659 = VERTEX_POINT('',#660);
#660 = CARTESIAN_POINT('',(139.7,190.5,190.5));
#661 = SURFACE_CURVE('',#662,(#667,#674),.PCURVE_S1.);
#662 = CIRCLE('',#663,12.7);
#663 = AXIS2_PLACEMENT_3D('',#664,#665,#666);
#664 = CARTESIAN_POINT('',(139.7,177.8,190.5));
#665 = DIRECTION('',(0.,0.,1.));
#666 = DIRECTION('',(0.,-1.,0.));
#667 = PCURVE('',#99,#668);
#668 = DEFINITIONAL_REPRESENTATION('',(#669),#673);
#669 = CIRCLE('',#670,12.7);
#670 = AXIS2_PLACEMENT_2D('',#671,#672);
#671 = CARTESIAN_POINT('',(139.7,177.8));
#672 = DIRECTION('',(0.,-1.));
#673 = ( GEOMETRIC_REPRESENTATION_CONTEXT(2) 
PARAMETRIC_REPRESENTATION_CONTEXT() REPRESENTATION_CONTEXT('2D SPACE',''
  ) );
#674 = PCURVE('',#675,#680);
#675 = CYLINDRICAL_SURFACE('',#676,12.7);
#676 = AXIS2_PLACEMENT_3D('',#677,#678,#679);
#677 = CARTESIAN_POINT('',(139.7,177.8,179.07));
#678 = DIRECTION('',(0.,0.,1.));
#679 = DIRECTION('',(1.,0.,-0.));
#680 = DEFINITIONAL_REPRESENTATION('',(#681),#684);
#681 = B_SPLINE_CURVE_WITH_KNOTS('',1,(#682,#683),.UNSPECIFIED.,.F.,.F.,
  (2,2),(1.570796326795,3.14159265359),.PIECEWISE_BEZIER_KNOTS.);
#682 = CARTESIAN_POINT('',(0.,11.43));
#683 = CARTESIAN_POINT('',(1.570796326795,11.43));
#684 = ( GEOMETRIC_REPRESENTATION_CONTEXT(2) 
PARAMETRIC_REPRESENTATION_CONTEXT() REPRESENTATION_CONTEXT('2D SPACE',''
  ) );
#685 = ORIENTED_EDGE('',*,*,#686,.T.);
#686 = EDGE_CURVE('',#659,#687,#689,.T.);
#687 = VERTEX_POINT('',#688);
#688 = CARTESIAN_POINT('',(-139.7,190.5,190.5));
#689 = SURFACE_CURVE('',#690,(#694,#701),.PCURVE_S1.);
#690 = LINE('',#691,#692);
#691 = CARTESIAN_POINT('',(152.4,190.5,190.5));
#692 = VECTOR('',#693,1.);
#693 = DIRECTION('',(-1.,0.,0.));
#694 = PCURVE('',#99,#695);
#695 = DEFINITIONAL_REPRESENTATION('',(#696),#700);
#696 = LINE('',#697,#698);
#697 = CARTESIAN_POINT('',(152.4,190.5));
#698 = VECTOR('',#699,1.);
#699 = DIRECTION('',(-1.,0.));
#700 = ( GEOMETRIC_REPRESENTATION_CONTEXT(2) 
PARAMETRIC_REPRESENTATION_CONTEXT() REPRESENTATION_CONTEXT('2D SPACE',''
  ) );
#701 = PCURVE('',#702,#707);
#702 = PLANE('',#703);
#703 = AXIS2_PLACEMENT_3D('',#704,#705,#706);
#704 = CARTESIAN_POINT('',(152.4,190.5,179.07));
#705 = DIRECTION('',(0.,-1.,0.));
#706 = DIRECTION('',(-1.,0.,0.));
#707 = DEFINITIONAL_REPRESENTATION('',(#708),#712);
#708 = LINE('',#709,#710);
#709 = CARTESIAN_POINT('',(0.,-11.43));
#710 = VECTOR('',#711,1.);
#711 = DIRECTION('',(1.,0.));
#712 = ( GEOMETRIC_REPRESENTATION_CONTEXT(2) 
PARAMETRIC_REPRESENTATION_CONTEXT() REPRESENTATION_CONTEXT('2D SPACE',''
  ) );
#713 = ORIENTED_EDGE('',*,*,#714,.T.);
#714 = EDGE_CURVE('',#687,#715,#717,.T.);
#715 = VERTEX_POINT('',#716);
#716 = CARTESIAN_POINT('',(-152.4,177.8,190.5));
#717 = SURFACE_CURVE('',#718,(#723,#730),.PCURVE_S1.);
#718 = CIRCLE('',#719,12.7);
#719 = AXIS2_PLACEMENT_3D('',#720,#721,#722);
#720 = CARTESIAN_POINT('',(-139.7,177.8,190.5));
#721 = DIRECTION('',(0.,0.,1.));
#722 = DIRECTION('',(0.,-1.,0.));
#723 = PCURVE('',#99,#724);
#724 = DEFINITIONAL_REPRESENTATION('',(#725),#729);
#725 = CIRCLE('',#726,12.7);
#726 = AXIS2_PLACEMENT_2D('',#727,#728);
#727 = CARTESIAN_POINT('',(-139.7,177.8));
#728 = DIRECTION('',(0.,-1.));
#729 = ( GEOMETRIC_REPRESENTATION_CONTEXT(2) 
PARAMETRIC_REPRESENTATION_CONTEXT() REPRESENTATION_CONTEXT('2D SPACE',''
  ) );
#730 = PCURVE('',#731,#736);
#731 = CYLINDRICAL_SURFACE('',#732,12.7);
#732 = AXIS2_PLACEMENT_3D('',#733,#734,#735);
#733 = CARTESIAN_POINT('',(-139.7,177.8,179.07));
#734 = DIRECTION('',(0.,0.,1.));
#735 = DIRECTION('',(-0.,1.,0.));
#736 = DEFINITIONAL_REPRESENTATION('',(#737),#740);
#737 = B_SPLINE_CURVE_WITH_KNOTS('',1,(#738,#739),.UNSPECIFIED.,.F.,.F.,
  (2,2),(3.14159265359,4.712388980385),.PIECEWISE_BEZIER_KNOTS.);
#738 = CARTESIAN_POINT('',(0.,11.43));
#739 = CARTESIAN_POINT('',(1.570796326795,11.43));
#740 = ( GEOMETRIC_REPRESENTATION_CONTEXT(2) 
PARAMETRIC_REPRESENTATION_CONTEXT() REPRESENTATION_CONTEXT('2D SPACE',''
  ) );
#741 = ORIENTED_EDGE('',*,*,#742,.T.);
#742 = EDGE_CURVE('',#715,#556,#743,.T.);
#743 = SURFACE_CURVE('',#744,(#748,#755),.PCURVE_S1.);
#744 = LINE('',#745,#746);
#745 = CARTESIAN_POINT('',(-152.4,190.5,190.5));
#746 = VECTOR('',#747,1.);
#747 = DIRECTION('',(0.,-1.,0.));
#748 = PCURVE('',#99,#749);
#749 = DEFINITIONAL_REPRESENTATION('',(#750),#754);
#750 = LINE('',#751,#752);
#751 = CARTESIAN_POINT('',(-152.4,190.5));
#752 = VECTOR('',#753,1.);
#753 = DIRECTION('',(0.,-1.));
#754 = ( GEOMETRIC_REPRESENTATION_CONTEXT(2) 
PARAMETRIC_REPRESENTATION_CONTEXT() REPRESENTATION_CONTEXT('2D SPACE',''
  ) );
#755 = PCURVE('',#539,#756);
#756 = DEFINITIONAL_REPRESENTATION('',(#757),#761);
#757 = LINE('',#758,#759);
#758 = CARTESIAN_POINT('',(0.,-11.43));
#759 = VECTOR('',#760,1.);
#760 = DIRECTION('',(1.,0.));
#761 = ( GEOMETRIC_REPRESENTATION_CONTEXT(2) 
PARAMETRIC_REPRESENTATION_CONTEXT() REPRESENTATION_CONTEXT('2D SPACE',''
  ) );
#762 = ORIENTED_EDGE('',*,*,#577,.F.);
#763 = FACE_BOUND('',#764,.T.);
#764 = EDGE_LOOP('',(#765,#872,#897,#1002,#1027,#1132,#1157,#1262));
#765 = ORIENTED_EDGE('',*,*,#766,.T.);
#766 = EDGE_CURVE('',#767,#769,#771,.T.);
#767 = VERTEX_POINT('',#768);
#768 = CARTESIAN_POINT('',(132.06201133144,-162.5800877074,190.5));
#769 = VERTEX_POINT('',#770);
#770 = CARTESIAN_POINT('',(116.86008770747,-177.7820113314,190.5));
#771 = SURFACE_CURVE('',#772,(#795,#821),.PCURVE_S1.);
#772 = B_SPLINE_CURVE_WITH_KNOTS('',6,(#773,#774,#775,#776,#777,#778,
    #779,#780,#781,#782,#783,#784,#785,#786,#787,#788,#789,#790,#791,
    #792,#793,#794),.UNSPECIFIED.,.F.,.F.,(7,5,5,5,7),(0.,0.249834779305
    ,0.500000017377,0.749799138499,1.),.UNSPECIFIED.);
#773 = CARTESIAN_POINT('',(132.06201133144,-162.5800877074,190.5));
#774 = CARTESIAN_POINT('',(132.06201133144,-163.4789463861,190.5));
#775 = CARTESIAN_POINT('',(131.99854892291,-164.4033236497,190.5));
#776 = CARTESIAN_POINT('',(131.86479713755,-165.3461770171,190.5));
#777 = CARTESIAN_POINT('',(131.65486508067,-166.2982147829,190.5));
#778 = CARTESIAN_POINT('',(131.36518408777,-167.2478956586,190.5));
#779 = CARTESIAN_POINT('',(130.62522717581,-169.1192648744,190.5));
#780 = CARTESIAN_POINT('',(130.1747336899,-170.0409203319,190.5));
#781 = CARTESIAN_POINT('',(129.64365375412,-170.9356288324,190.5));
#782 = CARTESIAN_POINT('',(129.03486933398,-171.7903149863,190.5));
#783 = CARTESIAN_POINT('',(128.35519958271,-172.5929257861,190.5));
#784 = CARTESIAN_POINT('',(126.87400976722,-174.0741155146,190.5));
#785 = CARTESIAN_POINT('',(126.0726633832,-174.7528803276,190.5));
#786 = CARTESIAN_POINT('',(125.21938032959,-175.3609809029,190.5));
#787 = CARTESIAN_POINT('',(124.32615664254,-175.8916241664,190.5));
#788 = CARTESIAN_POINT('',(123.40600775552,-176.3419293287,190.5));
#789 = CARTESIAN_POINT('',(121.53485345582,-177.0830600402,190.5));
#790 = CARTESIAN_POINT('',(120.58379500333,-177.373633601,190.5));
#791 = CARTESIAN_POINT('',(119.63032185173,-177.584208759,190.5));
#792 = CARTESIAN_POINT('',(118.68603269318,-177.71836279,190.5));
#793 = CARTESIAN_POINT('',(117.76026347715,-177.7820113314,190.5));
#794 = CARTESIAN_POINT('',(116.86008770747,-177.7820113314,190.5));
#795 = PCURVE('',#99,#796);
#796 = DEFINITIONAL_REPRESENTATION('',(#797),#820);
#797 = B_SPLINE_CURVE_WITH_KNOTS('',6,(#798,#799,#800,#801,#802,#803,
    #804,#805,#806,#807,#808,#809,#810,#811,#812,#813,#814,#815,#816,
    #817,#818,#819),.UNSPECIFIED.,.F.,.F.,(7,5,5,5,7),(0.,0.249834779305
    ,0.500000017377,0.749799138499,1.),.UNSPECIFIED.);
#798 = CARTESIAN_POINT('',(132.06201133144,-162.5800877074));
#799 = CARTESIAN_POINT('',(132.06201133144,-163.4789463861));
#800 = CARTESIAN_POINT('',(131.99854892291,-164.4033236497));
#801 = CARTESIAN_POINT('',(131.86479713755,-165.3461770171));
#802 = CARTESIAN_POINT('',(131.65486508067,-166.2982147829));
#803 = CARTESIAN_POINT('',(131.36518408777,-167.2478956586));
#804 = CARTESIAN_POINT('',(130.62522717581,-169.1192648744));
#805 = CARTESIAN_POINT('',(130.1747336899,-170.0409203319));
#806 = CARTESIAN_POINT('',(129.64365375412,-170.9356288324));
#807 = CARTESIAN_POINT('',(129.03486933398,-171.7903149863));
#808 = CARTESIAN_POINT('',(128.35519958271,-172.5929257861));
#809 = CARTESIAN_POINT('',(126.87400976722,-174.0741155146));
#810 = CARTESIAN_POINT('',(126.0726633832,-174.7528803276));
#811 = CARTESIAN_POINT('',(125.21938032959,-175.3609809029));
#812 = CARTESIAN_POINT('',(124.32615664254,-175.8916241664));
#813 = CARTESIAN_POINT('',(123.40600775552,-176.3419293287));
#814 = CARTESIAN_POINT('',(121.53485345582,-177.0830600402));
#815 = CARTESIAN_POINT('',(120.58379500333,-177.373633601));
#816 = CARTESIAN_POINT('',(119.63032185173,-177.584208759));
#817 = CARTESIAN_POINT('',(118.68603269318,-177.71836279));
#818 = CARTESIAN_POINT('',(117.76026347715,-177.7820113314));
#819 = CARTESIAN_POINT('',(116.86008770747,-177.7820113314));
#820 = ( GEOMETRIC_REPRESENTATION_CONTEXT(2) 
PARAMETRIC_REPRESENTATION_CONTEXT() REPRESENTATION_CONTEXT('2D SPACE',''
  ) );
#821 = PCURVE('',#822,#847);
#822 = ( BOUNDED_SURFACE() B_SPLINE_SURFACE(2,3,(
    (#823,#824,#825,#826,#827,#828,#829,#830)
    ,(#831,#832,#833,#834,#835,#836,#837,#838)
    ,(#839,#840,#841,#842,#843,#844,#845,#846
)),.UNSPECIFIED.,.F.,.F.,.F.) B_SPLINE_SURFACE_WITH_KNOTS((3,3),(4,2,2,4
    ),(0.,7.095322402823),(-0.476409469948,-4.217573889519E-02,
    7.053146663928,7.48738039498),.UNSPECIFIED.) 
GEOMETRIC_REPRESENTATION_ITEM() RATIONAL_B_SPLINE_SURFACE((
    (1.,1.,1.,1.,1.,1.,1.,1.)
    ,(0.708869049081,0.708869049081,0.708869049081,0.708869049081
      ,0.708869049081,0.708869049081,0.708869049081,0.708869049081)
,(1.,1.,1.,1.,1.,1.,1.,1.))) REPRESENTATION_ITEM('') SURFACE() );
#823 = CARTESIAN_POINT('',(103.40083637602,-164.32276,0.4553712));
#824 = CARTESIAN_POINT('',(103.65991637602,-164.58184,4.1135808));
#825 = CARTESIAN_POINT('',(103.91899637602,-164.84092,7.7717904));
#826 = CARTESIAN_POINT('',(108.41140970935,-169.3333333333,
    71.204666666667));
#827 = CARTESIAN_POINT('',(112.64474304269,-173.5666666666,
    130.97933333333));
#828 = CARTESIAN_POINT('',(117.13715637602,-178.05908,194.4122096));
#829 = CARTESIAN_POINT('',(117.39623637602,-178.31816,198.0704192));
#830 = CARTESIAN_POINT('',(117.65531637602,-178.57724,201.7286288));
#831 = CARTESIAN_POINT('',(118.52726915496,-164.2472691549,
    -0.610559531863));
#832 = CARTESIAN_POINT('',(118.78634915496,-164.5063491549,
    3.047650068137));
#833 = CARTESIAN_POINT('',(119.04542915496,-164.7654291549,
    6.705859668137));
#834 = CARTESIAN_POINT('',(123.5378424883,-169.2578424883,
    70.138735934803));
#835 = CARTESIAN_POINT('',(127.77117582163,-173.4911758216,
    129.91340260147));
#836 = CARTESIAN_POINT('',(132.26358915496,-177.9835891549,
    193.34627886813));
#837 = CARTESIAN_POINT('',(132.52266915496,-178.2426691549,
    197.00448846813));
#838 = CARTESIAN_POINT('',(132.78174915496,-178.5017491549,
    200.66269806813));
#839 = CARTESIAN_POINT('',(118.60276,-149.120836376,0.4553712));
#840 = CARTESIAN_POINT('',(118.86184,-149.379916376,4.1135808));
#841 = CARTESIAN_POINT('',(119.12092,-149.638996376,7.7717904));
#842 = CARTESIAN_POINT('',(123.61333333333,-154.1314097093,
    71.204666666667));
#843 = CARTESIAN_POINT('',(127.84666666666,-158.3647430426,
    130.97933333333));
#844 = CARTESIAN_POINT('',(132.33908,-162.857156376,194.4122096));
#845 = CARTESIAN_POINT('',(132.59816,-163.116236376,198.0704192));
#846 = CARTESIAN_POINT('',(132.85724,-163.375316376,201.7286288));
#847 = DEFINITIONAL_REPRESENTATION('',(#848),#871);
#848 = B_SPLINE_CURVE_WITH_KNOTS('',6,(#849,#850,#851,#852,#853,#854,
    #855,#856,#857,#858,#859,#860,#861,#862,#863,#864,#865,#866,#867,
    #868,#869,#870),.UNSPECIFIED.,.F.,.F.,(7,5,5,5,7),(0.,0.249834779305
    ,0.500000017377,0.749799138499,1.),.UNSPECIFIED.);
#849 = CARTESIAN_POINT('',(7.095322402823,7.043096632196));
#850 = CARTESIAN_POINT('',(6.799406030887,7.04559039745));
#851 = CARTESIAN_POINT('',(6.503607525005,7.047978892554));
#852 = CARTESIAN_POINT('',(6.207926377943,7.050223638541));
#853 = CARTESIAN_POINT('',(5.91235603657,7.052282513286));
#854 = CARTESIAN_POINT('',(5.6168825684,7.054113596208));
#855 = CARTESIAN_POINT('',(5.025710167956,7.057252550927));
#856 = CARTESIAN_POINT('',(4.730008752934,7.058559727886));
#857 = CARTESIAN_POINT('',(4.434376049618,7.059568567542));
#858 = CARTESIAN_POINT('',(4.13879012408,7.06025078958));
#859 = CARTESIAN_POINT('',(3.843224708857,7.06059187336));
#860 = CARTESIAN_POINT('',(3.25253000021,7.060591873118));
#861 = CARTESIAN_POINT('',(2.957397154408,7.060251786662));
#862 = CARTESIAN_POINT('',(2.66224388068,7.059571560104));
#863 = CARTESIAN_POINT('',(2.36704403751,7.058565628378));
#864 = CARTESIAN_POINT('',(2.071775780959,7.057262108721));
#865 = CARTESIAN_POINT('',(1.480604621848,7.054127006811));
#866 = CARTESIAN_POINT('',(1.184698768198,7.052294578295));
#867 = CARTESIAN_POINT('',(0.888695816402,7.050233505461));
#868 = CARTESIAN_POINT('',(0.592581747884,7.047985892037));
#869 = CARTESIAN_POINT('',(0.296349976011,7.045594051546));
#870 = CARTESIAN_POINT('',(0.,7.043096632196));
#871 = ( GEOMETRIC_REPRESENTATION_CONTEXT(2) 
PARAMETRIC_REPRESENTATION_CONTEXT() REPRESENTATION_CONTEXT('2D SPACE',''
  ) );
#872 = ORIENTED_EDGE('',*,*,#873,.T.);
#873 = EDGE_CURVE('',#769,#874,#876,.T.);
#874 = VERTEX_POINT('',#875);
#875 = CARTESIAN_POINT('',(-116.8600877074,-177.7820113314,190.5));
#876 = SURFACE_CURVE('',#877,(#880,#886),.PCURVE_S1.);
#877 = B_SPLINE_CURVE_WITH_KNOTS('',1,(#878,#879),.UNSPECIFIED.,.F.,.F.,
  (2,2),(0.,1.),.PIECEWISE_BEZIER_KNOTS.);
#878 = CARTESIAN_POINT('',(116.86217337517,-177.7820113314,190.5));
#879 = CARTESIAN_POINT('',(-116.8621733751,-177.7820113314,190.5));
#880 = PCURVE('',#99,#881);
#881 = DEFINITIONAL_REPRESENTATION('',(#882),#885);
#882 = B_SPLINE_CURVE_WITH_KNOTS('',1,(#883,#884),.UNSPECIFIED.,.F.,.F.,
  (2,2),(0.,1.),.PIECEWISE_BEZIER_KNOTS.);
#883 = CARTESIAN_POINT('',(116.86217337517,-177.7820113314));
#884 = CARTESIAN_POINT('',(-116.8621733751,-177.7820113314));
#885 = ( GEOMETRIC_REPRESENTATION_CONTEXT(2) 
PARAMETRIC_REPRESENTATION_CONTEXT() REPRESENTATION_CONTEXT('2D SPACE',''
  ) );
#886 = PCURVE('',#887,#892);
#887 = B_SPLINE_SURFACE_WITH_KNOTS('',1,1,(
    (#888,#889)
    ,(#890,#891
    )),.UNSPECIFIED.,.F.,.F.,.F.,(2,2),(2,2),(0.,10.4),(0.,1.),
  .PIECEWISE_BEZIER_KNOTS.);
#888 = CARTESIAN_POINT('',(-119.38,-165.1,11.43));
#889 = CARTESIAN_POINT('',(-132.08,-177.8,190.754));
#890 = CARTESIAN_POINT('',(119.38,-165.1,11.43));
#891 = CARTESIAN_POINT('',(132.08,-177.8,190.754));
#892 = DEFINITIONAL_REPRESENTATION('',(#893),#896);
#893 = B_SPLINE_CURVE_WITH_KNOTS('',1,(#894,#895),.UNSPECIFIED.,.F.,.F.,
  (2,2),(8.923621926613E-06,0.999991076378),.PIECEWISE_BEZIER_KNOTS.);
#894 = CARTESIAN_POINT('',(9.801417545836,0.998583569405));
#895 = CARTESIAN_POINT('',(0.598582454164,0.998583569405));
#896 = ( GEOMETRIC_REPRESENTATION_CONTEXT(2) 
PARAMETRIC_REPRESENTATION_CONTEXT() REPRESENTATION_CONTEXT('2D SPACE',''
  ) );
#897 = ORIENTED_EDGE('',*,*,#898,.F.);
#898 = EDGE_CURVE('',#899,#874,#901,.T.);
#899 = VERTEX_POINT('',#900);
#900 = CARTESIAN_POINT('',(-132.0620113314,-162.5800877074,190.5));
#901 = SURFACE_CURVE('',#902,(#925,#951),.PCURVE_S1.);
#902 = B_SPLINE_CURVE_WITH_KNOTS('',6,(#903,#904,#905,#906,#907,#908,
    #909,#910,#911,#912,#913,#914,#915,#916,#917,#918,#919,#920,#921,
    #922,#923,#924),.UNSPECIFIED.,.F.,.F.,(7,5,5,5,7),(0.,0.249834779304
    ,0.500000017376,0.749799138512,1.),.UNSPECIFIED.);
#903 = CARTESIAN_POINT('',(-132.0620113314,-162.5800877074,190.5));
#904 = CARTESIAN_POINT('',(-132.0620113314,-163.4789463861,190.5));
#905 = CARTESIAN_POINT('',(-131.9985489229,-164.4033236497,190.5));
#906 = CARTESIAN_POINT('',(-131.8647971375,-165.3461770171,190.5));
#907 = CARTESIAN_POINT('',(-131.6548650806,-166.2982147828,190.5));
#908 = CARTESIAN_POINT('',(-131.3651840877,-167.2478956586,190.5));
#909 = CARTESIAN_POINT('',(-130.6252271758,-169.1192648744,190.5));
#910 = CARTESIAN_POINT('',(-130.1747336899,-170.0409203319,190.5));
#911 = CARTESIAN_POINT('',(-129.6436537541,-170.9356288324,190.5));
#912 = CARTESIAN_POINT('',(-129.0348693339,-171.7903149863,190.5));
#913 = CARTESIAN_POINT('',(-128.3551995827,-172.5929257861,190.5));
#914 = CARTESIAN_POINT('',(-126.8740097671,-174.0741155146,190.5));
#915 = CARTESIAN_POINT('',(-126.0726633831,-174.7528803277,190.5));
#916 = CARTESIAN_POINT('',(-125.2193803294,-175.360980903,190.5));
#917 = CARTESIAN_POINT('',(-124.3261566423,-175.8916241665,190.5));
#918 = CARTESIAN_POINT('',(-123.4060077552,-176.3419293288,190.5));
#919 = CARTESIAN_POINT('',(-121.5348534555,-177.0830600403,190.5));
#920 = CARTESIAN_POINT('',(-120.5837950031,-177.373633601,190.5));
#921 = CARTESIAN_POINT('',(-119.6303218515,-177.584208759,190.5));
#922 = CARTESIAN_POINT('',(-118.686032693,-177.71836279,190.5));
#923 = CARTESIAN_POINT('',(-117.7602634771,-177.7820113314,190.5));
#924 = CARTESIAN_POINT('',(-116.8600877074,-177.7820113314,190.5));
#925 = PCURVE('',#99,#926);
#926 = DEFINITIONAL_REPRESENTATION('',(#927),#950);
#927 = B_SPLINE_CURVE_WITH_KNOTS('',6,(#928,#929,#930,#931,#932,#933,
    #934,#935,#936,#937,#938,#939,#940,#941,#942,#943,#944,#945,#946,
    #947,#948,#949),.UNSPECIFIED.,.F.,.F.,(7,5,5,5,7),(0.,0.249834779304
    ,0.500000017376,0.749799138512,1.),.UNSPECIFIED.);
#928 = CARTESIAN_POINT('',(-132.0620113314,-162.5800877074));
#929 = CARTESIAN_POINT('',(-132.0620113314,-163.4789463861));
#930 = CARTESIAN_POINT('',(-131.9985489229,-164.4033236497));
#931 = CARTESIAN_POINT('',(-131.8647971375,-165.3461770171));
#932 = CARTESIAN_POINT('',(-131.6548650806,-166.2982147828));
#933 = CARTESIAN_POINT('',(-131.3651840877,-167.2478956586));
#934 = CARTESIAN_POINT('',(-130.6252271758,-169.1192648744));
#935 = CARTESIAN_POINT('',(-130.1747336899,-170.0409203319));
#936 = CARTESIAN_POINT('',(-129.6436537541,-170.9356288324));
#937 = CARTESIAN_POINT('',(-129.0348693339,-171.7903149863));
#938 = CARTESIAN_POINT('',(-128.3551995827,-172.5929257861));
#939 = CARTESIAN_POINT('',(-126.8740097671,-174.0741155146));
#940 = CARTESIAN_POINT('',(-126.0726633831,-174.7528803277));
#941 = CARTESIAN_POINT('',(-125.2193803294,-175.360980903));
#942 = CARTESIAN_POINT('',(-124.3261566423,-175.8916241665));
#943 = CARTESIAN_POINT('',(-123.4060077552,-176.3419293288));
#944 = CARTESIAN_POINT('',(-121.5348534555,-177.0830600403));
#945 = CARTESIAN_POINT('',(-120.5837950031,-177.373633601));
#946 = CARTESIAN_POINT('',(-119.6303218515,-177.584208759));
#947 = CARTESIAN_POINT('',(-118.686032693,-177.71836279));
#948 = CARTESIAN_POINT('',(-117.7602634771,-177.7820113314));
#949 = CARTESIAN_POINT('',(-116.8600877074,-177.7820113314));
#950 = ( GEOMETRIC_REPRESENTATION_CONTEXT(2) 
PARAMETRIC_REPRESENTATION_CONTEXT() REPRESENTATION_CONTEXT('2D SPACE',''
  ) );
#951 = PCURVE('',#952,#977);
#952 = ( BOUNDED_SURFACE() B_SPLINE_SURFACE(2,3,(
    (#953,#954,#955,#956,#957,#958,#959,#960)
    ,(#961,#962,#963,#964,#965,#966,#967,#968)
    ,(#969,#970,#971,#972,#973,#974,#975,#976
)),.UNSPECIFIED.,.F.,.F.,.F.) B_SPLINE_SURFACE_WITH_KNOTS((3,3),(4,2,2,4
    ),(0.,7.095322402823),(-0.476409469948,-4.217573889519E-02,
    7.053146663928,7.48738039498),.UNSPECIFIED.) 
GEOMETRIC_REPRESENTATION_ITEM() RATIONAL_B_SPLINE_SURFACE((
    (1.,1.,1.,1.,1.,1.,1.,1.)
    ,(0.708869049081,0.708869049081,0.708869049081,0.708869049081
      ,0.708869049081,0.708869049081,0.708869049081,0.708869049081)
,(1.,1.,1.,1.,1.,1.,1.,1.))) REPRESENTATION_ITEM('') SURFACE() );
#953 = CARTESIAN_POINT('',(-103.400836376,-164.32276,0.4553712));
#954 = CARTESIAN_POINT('',(-103.659916376,-164.58184,4.1135808));
#955 = CARTESIAN_POINT('',(-103.918996376,-164.84092,7.7717904));
#956 = CARTESIAN_POINT('',(-108.4114097093,-169.3333333333,
    71.204666666667));
#957 = CARTESIAN_POINT('',(-112.6447430426,-173.5666666666,
    130.97933333333));
#958 = CARTESIAN_POINT('',(-117.137156376,-178.05908,194.4122096));
#959 = CARTESIAN_POINT('',(-117.396236376,-178.31816,198.0704192));
#960 = CARTESIAN_POINT('',(-117.655316376,-178.57724,201.7286288));
#961 = CARTESIAN_POINT('',(-118.5272691549,-164.2472691549,
    -0.610559531863));
#962 = CARTESIAN_POINT('',(-118.7863491549,-164.5063491549,
    3.047650068137));
#963 = CARTESIAN_POINT('',(-119.0454291549,-164.7654291549,
    6.705859668137));
#964 = CARTESIAN_POINT('',(-123.5378424883,-169.2578424883,
    70.138735934803));
#965 = CARTESIAN_POINT('',(-127.7711758216,-173.4911758216,
    129.91340260147));
#966 = CARTESIAN_POINT('',(-132.2635891549,-177.9835891549,
    193.34627886813));
#967 = CARTESIAN_POINT('',(-132.5226691549,-178.2426691549,
    197.00448846813));
#968 = CARTESIAN_POINT('',(-132.7817491549,-178.5017491549,
    200.66269806813));
#969 = CARTESIAN_POINT('',(-118.60276,-149.120836376,0.4553712));
#970 = CARTESIAN_POINT('',(-118.86184,-149.379916376,4.1135808));
#971 = CARTESIAN_POINT('',(-119.12092,-149.638996376,7.7717904));
#972 = CARTESIAN_POINT('',(-123.6133333333,-154.1314097093,
    71.204666666667));
#973 = CARTESIAN_POINT('',(-127.8466666666,-158.3647430426,
    130.97933333333));
#974 = CARTESIAN_POINT('',(-132.33908,-162.857156376,194.4122096));
#975 = CARTESIAN_POINT('',(-132.59816,-163.116236376,198.0704192));
#976 = CARTESIAN_POINT('',(-132.85724,-163.375316376,201.7286288));
#977 = DEFINITIONAL_REPRESENTATION('',(#978),#1001);
#978 = B_SPLINE_CURVE_WITH_KNOTS('',6,(#979,#980,#981,#982,#983,#984,
    #985,#986,#987,#988,#989,#990,#991,#992,#993,#994,#995,#996,#997,
    #998,#999,#1000),.UNSPECIFIED.,.F.,.F.,(7,5,5,5,7),(0.,
    0.249834779304,0.500000017376,0.749799138512,1.),.UNSPECIFIED.);
#979 = CARTESIAN_POINT('',(7.095322402823,7.043096632196));
#980 = CARTESIAN_POINT('',(6.799406030886,7.04559039745));
#981 = CARTESIAN_POINT('',(6.503607525007,7.047978892554));
#982 = CARTESIAN_POINT('',(6.207926377941,7.050223638541));
#983 = CARTESIAN_POINT('',(5.912356036572,7.052282513286));
#984 = CARTESIAN_POINT('',(5.616882568399,7.054113596208));
#985 = CARTESIAN_POINT('',(5.025710167956,7.057252550927));
#986 = CARTESIAN_POINT('',(4.730008752936,7.058559727886));
#987 = CARTESIAN_POINT('',(4.434376049616,7.059568567542));
#988 = CARTESIAN_POINT('',(4.138790124081,7.06025078958));
#989 = CARTESIAN_POINT('',(3.843224708856,7.06059187336));
#990 = CARTESIAN_POINT('',(3.252530000194,7.060591873118));
#991 = CARTESIAN_POINT('',(2.957397154377,7.060251786662));
#992 = CARTESIAN_POINT('',(2.662243880632,7.059571560104));
#993 = CARTESIAN_POINT('',(2.367044037447,7.058565628377));
#994 = CARTESIAN_POINT('',(2.07177578088,7.057262108721));
#995 = CARTESIAN_POINT('',(1.480604621769,7.05412700681));
#996 = CARTESIAN_POINT('',(1.184698768135,7.052294578295));
#997 = CARTESIAN_POINT('',(0.888695816355,7.050233505461));
#998 = CARTESIAN_POINT('',(0.592581747852,7.047985892037));
#999 = CARTESIAN_POINT('',(0.296349975995,7.045594051546));
#1000 = CARTESIAN_POINT('',(0.,7.043096632196));
#1001 = ( GEOMETRIC_REPRESENTATION_CONTEXT(2) 
PARAMETRIC_REPRESENTATION_CONTEXT() REPRESENTATION_CONTEXT('2D SPACE',''
  ) );
#1002 = ORIENTED_EDGE('',*,*,#1003,.T.);
#1003 = EDGE_CURVE('',#899,#1004,#1006,.T.);
#1004 = VERTEX_POINT('',#1005);
#1005 = CARTESIAN_POINT('',(-132.0620113314,162.58008770747,190.5));
#1006 = SURFACE_CURVE('',#1007,(#1010,#1016),.PCURVE_S1.);
#1007 = B_SPLINE_CURVE_WITH_KNOTS('',1,(#1008,#1009),.UNSPECIFIED.,.F.,
  .F.,(2,2),(0.,1.),.PIECEWISE_BEZIER_KNOTS.);
#1008 = CARTESIAN_POINT('',(-132.0620113314,-162.5816409794,190.5));
#1009 = CARTESIAN_POINT('',(-132.0620113314,162.58164097948,190.5));
#1010 = PCURVE('',#99,#1011);
#1011 = DEFINITIONAL_REPRESENTATION('',(#1012),#1015);
#1012 = B_SPLINE_CURVE_WITH_KNOTS('',1,(#1013,#1014),.UNSPECIFIED.,.F.,
  .F.,(2,2),(0.,1.),.PIECEWISE_BEZIER_KNOTS.);
#1013 = CARTESIAN_POINT('',(-132.0620113314,-162.5816409794));
#1014 = CARTESIAN_POINT('',(-132.0620113314,162.58164097948));
#1015 = ( GEOMETRIC_REPRESENTATION_CONTEXT(2) 
PARAMETRIC_REPRESENTATION_CONTEXT() REPRESENTATION_CONTEXT('2D SPACE',''
  ) );
#1016 = PCURVE('',#1017,#1022);
#1017 = B_SPLINE_SURFACE_WITH_KNOTS('',1,1,(
    (#1018,#1019)
    ,(#1020,#1021
    )),.UNSPECIFIED.,.F.,.F.,.F.,(2,2),(2,2),(0.,14.),(0.,1.),
  .PIECEWISE_BEZIER_KNOTS.);
#1018 = CARTESIAN_POINT('',(-119.38,165.1,11.43));
#1019 = CARTESIAN_POINT('',(-132.08,177.8,190.754));
#1020 = CARTESIAN_POINT('',(-119.38,-165.1,11.43));
#1021 = CARTESIAN_POINT('',(-132.08,-177.8,190.754));
#1022 = DEFINITIONAL_REPRESENTATION('',(#1023),#1026);
#1023 = B_SPLINE_CURVE_WITH_KNOTS('',1,(#1024,#1025),.UNSPECIFIED.,.F.,
  .F.,(2,2),(4.776898548968E-06,0.999995223101),
  .PIECEWISE_BEZIER_KNOTS.);
#1024 = CARTESIAN_POINT('',(13.401438511293,0.998583569405));
#1025 = CARTESIAN_POINT('',(0.598561488707,0.998583569405));
#1026 = ( GEOMETRIC_REPRESENTATION_CONTEXT(2) 
PARAMETRIC_REPRESENTATION_CONTEXT() REPRESENTATION_CONTEXT('2D SPACE',''
  ) );
#1027 = ORIENTED_EDGE('',*,*,#1028,.T.);
#1028 = EDGE_CURVE('',#1004,#1029,#1031,.T.);
#1029 = VERTEX_POINT('',#1030);
#1030 = CARTESIAN_POINT('',(-116.8600877074,177.78201133144,190.5));
#1031 = SURFACE_CURVE('',#1032,(#1055,#1081),.PCURVE_S1.);
#1032 = B_SPLINE_CURVE_WITH_KNOTS('',6,(#1033,#1034,#1035,#1036,#1037,
    #1038,#1039,#1040,#1041,#1042,#1043,#1044,#1045,#1046,#1047,#1048,
    #1049,#1050,#1051,#1052,#1053,#1054),.UNSPECIFIED.,.F.,.F.,(7,5,5,5,
    7),(0.,0.249834779304,0.500000017376,0.749799138498,1.),
  .UNSPECIFIED.);
#1033 = CARTESIAN_POINT('',(-132.0620113314,162.58008770747,190.5));
#1034 = CARTESIAN_POINT('',(-132.0620113314,163.47894638617,190.5));
#1035 = CARTESIAN_POINT('',(-131.9985489229,164.40332364978,190.5));
#1036 = CARTESIAN_POINT('',(-131.8647971375,165.3461770171,190.5));
#1037 = CARTESIAN_POINT('',(-131.6548650806,166.29821478289,190.5));
#1038 = CARTESIAN_POINT('',(-131.3651840877,167.24789565865,190.5));
#1039 = CARTESIAN_POINT('',(-130.6252271758,169.11926487446,190.5));
#1040 = CARTESIAN_POINT('',(-130.1747336899,170.04092033197,190.5));
#1041 = CARTESIAN_POINT('',(-129.6436537541,170.93562883248,190.5));
#1042 = CARTESIAN_POINT('',(-129.0348693339,171.7903149863,190.5));
#1043 = CARTESIAN_POINT('',(-128.3551995827,172.59292578615,190.5));
#1044 = CARTESIAN_POINT('',(-126.8740097672,174.07411551461,190.5));
#1045 = CARTESIAN_POINT('',(-126.0726633832,174.75288032762,190.5));
#1046 = CARTESIAN_POINT('',(-125.2193803295,175.36098090293,190.5));
#1047 = CARTESIAN_POINT('',(-124.3261566425,175.89162416643,190.5));
#1048 = CARTESIAN_POINT('',(-123.4060077555,176.34192932875,190.5));
#1049 = CARTESIAN_POINT('',(-121.5348534558,177.08306004026,190.5));
#1050 = CARTESIAN_POINT('',(-120.5837950033,177.37363360103,190.5));
#1051 = CARTESIAN_POINT('',(-119.6303218517,177.58420875903,190.5));
#1052 = CARTESIAN_POINT('',(-118.6860326931,177.71836279004,190.5));
#1053 = CARTESIAN_POINT('',(-117.7602634771,177.78201133144,190.5));
#1054 = CARTESIAN_POINT('',(-116.8600877074,177.78201133144,190.5));
#1055 = PCURVE('',#99,#1056);
#1056 = DEFINITIONAL_REPRESENTATION('',(#1057),#1080);
#1057 = B_SPLINE_CURVE_WITH_KNOTS('',6,(#1058,#1059,#1060,#1061,#1062,
    #1063,#1064,#1065,#1066,#1067,#1068,#1069,#1070,#1071,#1072,#1073,
    #1074,#1075,#1076,#1077,#1078,#1079),.UNSPECIFIED.,.F.,.F.,(7,5,5,5,
    7),(0.,0.249834779304,0.500000017376,0.749799138498,1.),
  .UNSPECIFIED.);
#1058 = CARTESIAN_POINT('',(-132.0620113314,162.58008770747));
#1059 = CARTESIAN_POINT('',(-132.0620113314,163.47894638617));
#1060 = CARTESIAN_POINT('',(-131.9985489229,164.40332364978));
#1061 = CARTESIAN_POINT('',(-131.8647971375,165.3461770171));
#1062 = CARTESIAN_POINT('',(-131.6548650806,166.29821478289));
#1063 = CARTESIAN_POINT('',(-131.3651840877,167.24789565865));
#1064 = CARTESIAN_POINT('',(-130.6252271758,169.11926487446));
#1065 = CARTESIAN_POINT('',(-130.1747336899,170.04092033197));
#1066 = CARTESIAN_POINT('',(-129.6436537541,170.93562883248));
#1067 = CARTESIAN_POINT('',(-129.0348693339,171.7903149863));
#1068 = CARTESIAN_POINT('',(-128.3551995827,172.59292578615));
#1069 = CARTESIAN_POINT('',(-126.8740097672,174.07411551461));
#1070 = CARTESIAN_POINT('',(-126.0726633832,174.75288032762));
#1071 = CARTESIAN_POINT('',(-125.2193803295,175.36098090293));
#1072 = CARTESIAN_POINT('',(-124.3261566425,175.89162416643));
#1073 = CARTESIAN_POINT('',(-123.4060077555,176.34192932875));
#1074 = CARTESIAN_POINT('',(-121.5348534558,177.08306004026));
#1075 = CARTESIAN_POINT('',(-120.5837950033,177.37363360103));
#1076 = CARTESIAN_POINT('',(-119.6303218517,177.58420875903));
#1077 = CARTESIAN_POINT('',(-118.6860326931,177.71836279004));
#1078 = CARTESIAN_POINT('',(-117.7602634771,177.78201133144));
#1079 = CARTESIAN_POINT('',(-116.8600877074,177.78201133144));
#1080 = ( GEOMETRIC_REPRESENTATION_CONTEXT(2) 
PARAMETRIC_REPRESENTATION_CONTEXT() REPRESENTATION_CONTEXT('2D SPACE',''
  ) );
#1081 = PCURVE('',#1082,#1107);
#1082 = ( BOUNDED_SURFACE() B_SPLINE_SURFACE(2,3,(
    (#1083,#1084,#1085,#1086,#1087,#1088,#1089,#1090)
    ,(#1091,#1092,#1093,#1094,#1095,#1096,#1097,#1098)
    ,(#1099,#1100,#1101,#1102,#1103,#1104,#1105,#1106
)),.UNSPECIFIED.,.F.,.F.,.F.) B_SPLINE_SURFACE_WITH_KNOTS((3,3),(4,2,2,4
    ),(0.,7.095322402823),(-0.476409469948,-4.217573889519E-02,
    7.053146663928,7.48738039498),.UNSPECIFIED.) 
GEOMETRIC_REPRESENTATION_ITEM() RATIONAL_B_SPLINE_SURFACE((
    (1.,1.,1.,1.,1.,1.,1.,1.)
    ,(0.708869049081,0.708869049081,0.708869049081,0.708869049081
      ,0.708869049081,0.708869049081,0.708869049081,0.708869049081)
,(1.,1.,1.,1.,1.,1.,1.,1.))) REPRESENTATION_ITEM('') SURFACE() );
#1083 = CARTESIAN_POINT('',(-103.400836376,164.32276,0.4553712));
#1084 = CARTESIAN_POINT('',(-103.659916376,164.58184,4.1135808));
#1085 = CARTESIAN_POINT('',(-103.918996376,164.84092,7.7717904));
#1086 = CARTESIAN_POINT('',(-108.4114097093,169.33333333333,
    71.204666666667));
#1087 = CARTESIAN_POINT('',(-112.6447430426,173.56666666666,
    130.97933333333));
#1088 = CARTESIAN_POINT('',(-117.137156376,178.05908,194.4122096));
#1089 = CARTESIAN_POINT('',(-117.396236376,178.31816,198.0704192));
#1090 = CARTESIAN_POINT('',(-117.655316376,178.57724,201.7286288));
#1091 = CARTESIAN_POINT('',(-118.5272691549,164.24726915496,
    -0.610559531863));
#1092 = CARTESIAN_POINT('',(-118.7863491549,164.50634915496,
    3.047650068137));
#1093 = CARTESIAN_POINT('',(-119.0454291549,164.76542915496,
    6.705859668137));
#1094 = CARTESIAN_POINT('',(-123.5378424883,169.2578424883,
    70.138735934803));
#1095 = CARTESIAN_POINT('',(-127.7711758216,173.49117582163,
    129.91340260147));
#1096 = CARTESIAN_POINT('',(-132.2635891549,177.98358915496,
    193.34627886813));
#1097 = CARTESIAN_POINT('',(-132.5226691549,178.24266915496,
    197.00448846813));
#1098 = CARTESIAN_POINT('',(-132.7817491549,178.50174915496,
    200.66269806813));
#1099 = CARTESIAN_POINT('',(-118.60276,149.12083637602,0.4553712));
#1100 = CARTESIAN_POINT('',(-118.86184,149.37991637602,4.1135808));
#1101 = CARTESIAN_POINT('',(-119.12092,149.63899637602,7.7717904));
#1102 = CARTESIAN_POINT('',(-123.6133333333,154.13140970935,
    71.204666666667));
#1103 = CARTESIAN_POINT('',(-127.8466666666,158.36474304269,
    130.97933333333));
#1104 = CARTESIAN_POINT('',(-132.33908,162.85715637602,194.4122096));
#1105 = CARTESIAN_POINT('',(-132.59816,163.11623637602,198.0704192));
#1106 = CARTESIAN_POINT('',(-132.85724,163.37531637602,201.7286288));
#1107 = DEFINITIONAL_REPRESENTATION('',(#1108),#1131);
#1108 = B_SPLINE_CURVE_WITH_KNOTS('',6,(#1109,#1110,#1111,#1112,#1113,
    #1114,#1115,#1116,#1117,#1118,#1119,#1120,#1121,#1122,#1123,#1124,
    #1125,#1126,#1127,#1128,#1129,#1130),.UNSPECIFIED.,.F.,.F.,(7,5,5,5,
    7),(0.,0.249834779304,0.500000017376,0.749799138498,1.),
  .UNSPECIFIED.);
#1109 = CARTESIAN_POINT('',(7.095322402823,7.043096632196));
#1110 = CARTESIAN_POINT('',(6.799406030887,7.04559039745));
#1111 = CARTESIAN_POINT('',(6.503607525006,7.047978892554));
#1112 = CARTESIAN_POINT('',(6.207926377941,7.050223638541));
#1113 = CARTESIAN_POINT('',(5.912356036572,7.052282513286));
#1114 = CARTESIAN_POINT('',(5.616882568399,7.054113596208));
#1115 = CARTESIAN_POINT('',(5.025710167955,7.057252550927));
#1116 = CARTESIAN_POINT('',(4.730008752936,7.058559727886));
#1117 = CARTESIAN_POINT('',(4.434376049616,7.059568567542));
#1118 = CARTESIAN_POINT('',(4.138790124081,7.06025078958));
#1119 = CARTESIAN_POINT('',(3.843224708856,7.06059187336));
#1120 = CARTESIAN_POINT('',(3.25253000021,7.060591873118));
#1121 = CARTESIAN_POINT('',(2.957397154409,7.060251786662));
#1122 = CARTESIAN_POINT('',(2.662243880679,7.059571560104));
#1123 = CARTESIAN_POINT('',(2.36704403751,7.058565628378));
#1124 = CARTESIAN_POINT('',(2.071775780959,7.057262108721));
#1125 = CARTESIAN_POINT('',(1.480604621848,7.054127006811));
#1126 = CARTESIAN_POINT('',(1.184698768198,7.052294578295));
#1127 = CARTESIAN_POINT('',(0.888695816402,7.050233505461));
#1128 = CARTESIAN_POINT('',(0.592581747884,7.047985892037));
#1129 = CARTESIAN_POINT('',(0.296349976011,7.045594051546));
#1130 = CARTESIAN_POINT('',(0.,7.043096632196));
#1131 = ( GEOMETRIC_REPRESENTATION_CONTEXT(2) 
PARAMETRIC_REPRESENTATION_CONTEXT() REPRESENTATION_CONTEXT('2D SPACE',''
  ) );
#1132 = ORIENTED_EDGE('',*,*,#1133,.T.);
#1133 = EDGE_CURVE('',#1029,#1134,#1136,.T.);
#1134 = VERTEX_POINT('',#1135);
#1135 = CARTESIAN_POINT('',(116.86008770747,177.78201133144,190.5));
#1136 = SURFACE_CURVE('',#1137,(#1140,#1146),.PCURVE_S1.);
#1137 = B_SPLINE_CURVE_WITH_KNOTS('',1,(#1138,#1139),.UNSPECIFIED.,.F.,
  .F.,(2,2),(0.,1.),.PIECEWISE_BEZIER_KNOTS.);
#1138 = CARTESIAN_POINT('',(-116.8621733751,177.78201133144,190.5));
#1139 = CARTESIAN_POINT('',(116.86217337517,177.78201133144,190.5));
#1140 = PCURVE('',#99,#1141);
#1141 = DEFINITIONAL_REPRESENTATION('',(#1142),#1145);
#1142 = B_SPLINE_CURVE_WITH_KNOTS('',1,(#1143,#1144),.UNSPECIFIED.,.F.,
  .F.,(2,2),(0.,1.),.PIECEWISE_BEZIER_KNOTS.);
#1143 = CARTESIAN_POINT('',(-116.8621733751,177.78201133144));
#1144 = CARTESIAN_POINT('',(116.86217337517,177.78201133144));
#1145 = ( GEOMETRIC_REPRESENTATION_CONTEXT(2) 
PARAMETRIC_REPRESENTATION_CONTEXT() REPRESENTATION_CONTEXT('2D SPACE',''
  ) );
#1146 = PCURVE('',#1147,#1152);
#1147 = B_SPLINE_SURFACE_WITH_KNOTS('',1,1,(
    (#1148,#1149)
    ,(#1150,#1151
    )),.UNSPECIFIED.,.F.,.F.,.F.,(2,2),(2,2),(0.,10.4),(0.,1.),
  .PIECEWISE_BEZIER_KNOTS.);
#1148 = CARTESIAN_POINT('',(119.38,165.1,11.43));
#1149 = CARTESIAN_POINT('',(132.08,177.8,190.754));
#1150 = CARTESIAN_POINT('',(-119.38,165.1,11.43));
#1151 = CARTESIAN_POINT('',(-132.08,177.8,190.754));
#1152 = DEFINITIONAL_REPRESENTATION('',(#1153),#1156);
#1153 = B_SPLINE_CURVE_WITH_KNOTS('',1,(#1154,#1155),.UNSPECIFIED.,.F.,
  .F.,(2,2),(8.923621926613E-06,0.999991076378),
  .PIECEWISE_BEZIER_KNOTS.);
#1154 = CARTESIAN_POINT('',(9.801417545836,0.998583569405));
#1155 = CARTESIAN_POINT('',(0.598582454164,0.998583569405));
#1156 = ( GEOMETRIC_REPRESENTATION_CONTEXT(2) 
PARAMETRIC_REPRESENTATION_CONTEXT() REPRESENTATION_CONTEXT('2D SPACE',''
  ) );
#1157 = ORIENTED_EDGE('',*,*,#1158,.T.);
#1158 = EDGE_CURVE('',#1134,#1159,#1161,.T.);
#1159 = VERTEX_POINT('',#1160);
#1160 = CARTESIAN_POINT('',(132.06201133144,162.58008770747,190.5));
#1161 = SURFACE_CURVE('',#1162,(#1185,#1211),.PCURVE_S1.);
#1162 = B_SPLINE_CURVE_WITH_KNOTS('',6,(#1163,#1164,#1165,#1166,#1167,
    #1168,#1169,#1170,#1171,#1172,#1173,#1174,#1175,#1176,#1177,#1178,
    #1179,#1180,#1181,#1182,#1183,#1184),.UNSPECIFIED.,.F.,.F.,(7,5,5,5,
    7),(0.,0.249834779306,0.500000017378,0.749799138513,1.),
  .UNSPECIFIED.);
#1163 = CARTESIAN_POINT('',(116.86008770747,177.78201133144,190.5));
#1164 = CARTESIAN_POINT('',(117.75894638617,177.78201133144,190.5));
#1165 = CARTESIAN_POINT('',(118.68332364978,177.71854892291,190.5));
#1166 = CARTESIAN_POINT('',(119.62617701709,177.58479713755,190.5));
#1167 = CARTESIAN_POINT('',(120.5782147829,177.37486508067,190.5));
#1168 = CARTESIAN_POINT('',(121.52789565864,177.08518408777,190.5));
#1169 = CARTESIAN_POINT('',(123.39926487446,176.34522717581,190.5));
#1170 = CARTESIAN_POINT('',(124.32092033197,175.8947336899,190.5));
#1171 = CARTESIAN_POINT('',(125.21562883247,175.36365375412,190.5));
#1172 = CARTESIAN_POINT('',(126.0703149863,174.75486933398,190.5));
#1173 = CARTESIAN_POINT('',(126.87292578615,174.07519958271,190.5));
#1174 = CARTESIAN_POINT('',(128.35411551465,172.59400976718,190.5));
#1175 = CARTESIAN_POINT('',(129.0328803277,171.79266338311,190.5));
#1176 = CARTESIAN_POINT('',(129.64098090303,170.93938032946,190.5));
#1177 = CARTESIAN_POINT('',(130.17162416654,170.04615664235,190.5));
#1178 = CARTESIAN_POINT('',(130.62192932887,169.12600775527,190.5));
#1179 = CARTESIAN_POINT('',(131.36306004034,167.25485345557,190.5));
#1180 = CARTESIAN_POINT('',(131.65363360107,166.30379500313,190.5));
#1181 = CARTESIAN_POINT('',(131.86420875905,165.35032185158,190.5));
#1182 = CARTESIAN_POINT('',(131.99836279005,164.40603269308,190.5));
#1183 = CARTESIAN_POINT('',(132.06201133144,163.48026347711,190.5));
#1184 = CARTESIAN_POINT('',(132.06201133144,162.58008770747,190.5));
#1185 = PCURVE('',#99,#1186);
#1186 = DEFINITIONAL_REPRESENTATION('',(#1187),#1210);
#1187 = B_SPLINE_CURVE_WITH_KNOTS('',6,(#1188,#1189,#1190,#1191,#1192,
    #1193,#1194,#1195,#1196,#1197,#1198,#1199,#1200,#1201,#1202,#1203,
    #1204,#1205,#1206,#1207,#1208,#1209),.UNSPECIFIED.,.F.,.F.,(7,5,5,5,
    7),(0.,0.249834779306,0.500000017378,0.749799138513,1.),
  .UNSPECIFIED.);
#1188 = CARTESIAN_POINT('',(116.86008770747,177.78201133144));
#1189 = CARTESIAN_POINT('',(117.75894638617,177.78201133144));
#1190 = CARTESIAN_POINT('',(118.68332364978,177.71854892291));
#1191 = CARTESIAN_POINT('',(119.62617701709,177.58479713755));
#1192 = CARTESIAN_POINT('',(120.5782147829,177.37486508067));
#1193 = CARTESIAN_POINT('',(121.52789565864,177.08518408777));
#1194 = CARTESIAN_POINT('',(123.39926487446,176.34522717581));
#1195 = CARTESIAN_POINT('',(124.32092033197,175.8947336899));
#1196 = CARTESIAN_POINT('',(125.21562883247,175.36365375412));
#1197 = CARTESIAN_POINT('',(126.0703149863,174.75486933398));
#1198 = CARTESIAN_POINT('',(126.87292578615,174.07519958271));
#1199 = CARTESIAN_POINT('',(128.35411551465,172.59400976718));
#1200 = CARTESIAN_POINT('',(129.0328803277,171.79266338311));
#1201 = CARTESIAN_POINT('',(129.64098090303,170.93938032946));
#1202 = CARTESIAN_POINT('',(130.17162416654,170.04615664235));
#1203 = CARTESIAN_POINT('',(130.62192932887,169.12600775527));
#1204 = CARTESIAN_POINT('',(131.36306004034,167.25485345557));
#1205 = CARTESIAN_POINT('',(131.65363360107,166.30379500313));
#1206 = CARTESIAN_POINT('',(131.86420875905,165.35032185158));
#1207 = CARTESIAN_POINT('',(131.99836279005,164.40603269308));
#1208 = CARTESIAN_POINT('',(132.06201133144,163.48026347711));
#1209 = CARTESIAN_POINT('',(132.06201133144,162.58008770747));
#1210 = ( GEOMETRIC_REPRESENTATION_CONTEXT(2) 
PARAMETRIC_REPRESENTATION_CONTEXT() REPRESENTATION_CONTEXT('2D SPACE',''
  ) );
#1211 = PCURVE('',#1212,#1237);
#1212 = ( BOUNDED_SURFACE() B_SPLINE_SURFACE(2,3,(
    (#1213,#1214,#1215,#1216,#1217,#1218,#1219,#1220)
    ,(#1221,#1222,#1223,#1224,#1225,#1226,#1227,#1228)
    ,(#1229,#1230,#1231,#1232,#1233,#1234,#1235,#1236
)),.UNSPECIFIED.,.F.,.F.,.F.) B_SPLINE_SURFACE_WITH_KNOTS((3,3),(4,2,2,4
    ),(0.,7.095322402823),(-0.476409469948,-4.217573889519E-02,
    7.053146663928,7.48738039498),.UNSPECIFIED.) 
GEOMETRIC_REPRESENTATION_ITEM() RATIONAL_B_SPLINE_SURFACE((
    (1.,1.,1.,1.,1.,1.,1.,1.)
    ,(0.708869049081,0.708869049081,0.708869049081,0.708869049081
      ,0.708869049081,0.708869049081,0.708869049081,0.708869049081)
,(1.,1.,1.,1.,1.,1.,1.,1.))) REPRESENTATION_ITEM('') SURFACE() );
#1213 = CARTESIAN_POINT('',(118.60276,149.12083637602,0.4553712));
#1214 = CARTESIAN_POINT('',(118.86184,149.37991637602,4.1135808));
#1215 = CARTESIAN_POINT('',(119.12092,149.63899637602,7.7717904));
#1216 = CARTESIAN_POINT('',(123.61333333333,154.13140970935,
    71.204666666667));
#1217 = CARTESIAN_POINT('',(127.84666666666,158.36474304269,
    130.97933333333));
#1218 = CARTESIAN_POINT('',(132.33908,162.85715637602,194.4122096));
#1219 = CARTESIAN_POINT('',(132.59816,163.11623637602,198.0704192));
#1220 = CARTESIAN_POINT('',(132.85724,163.37531637602,201.7286288));
#1221 = CARTESIAN_POINT('',(118.52726915496,164.24726915496,
    -0.610559531863));
#1222 = CARTESIAN_POINT('',(118.78634915496,164.50634915496,
    3.047650068137));
#1223 = CARTESIAN_POINT('',(119.04542915496,164.76542915496,
    6.705859668137));
#1224 = CARTESIAN_POINT('',(123.5378424883,169.2578424883,
    70.138735934803));
#1225 = CARTESIAN_POINT('',(127.77117582163,173.49117582163,
    129.91340260147));
#1226 = CARTESIAN_POINT('',(132.26358915496,177.98358915496,
    193.34627886813));
#1227 = CARTESIAN_POINT('',(132.52266915496,178.24266915496,
    197.00448846813));
#1228 = CARTESIAN_POINT('',(132.78174915496,178.50174915496,
    200.66269806813));
#1229 = CARTESIAN_POINT('',(103.40083637602,164.32276,0.4553712));
#1230 = CARTESIAN_POINT('',(103.65991637602,164.58184,4.1135808));
#1231 = CARTESIAN_POINT('',(103.91899637602,164.84092,7.7717904));
#1232 = CARTESIAN_POINT('',(108.41140970935,169.33333333333,
    71.204666666667));
#1233 = CARTESIAN_POINT('',(112.64474304269,173.56666666666,
    130.97933333333));
#1234 = CARTESIAN_POINT('',(117.13715637602,178.05908,194.4122096));
#1235 = CARTESIAN_POINT('',(117.39623637602,178.31816,198.0704192));
#1236 = CARTESIAN_POINT('',(117.65531637602,178.57724,201.7286288));
#1237 = DEFINITIONAL_REPRESENTATION('',(#1238),#1261);
#1238 = B_SPLINE_CURVE_WITH_KNOTS('',6,(#1239,#1240,#1241,#1242,#1243,
    #1244,#1245,#1246,#1247,#1248,#1249,#1250,#1251,#1252,#1253,#1254,
    #1255,#1256,#1257,#1258,#1259,#1260),.UNSPECIFIED.,.F.,.F.,(7,5,5,5,
    7),(0.,0.249834779306,0.500000017378,0.749799138513,1.),
  .UNSPECIFIED.);
#1239 = CARTESIAN_POINT('',(7.095322402823,7.043096632196));
#1240 = CARTESIAN_POINT('',(6.799406030887,7.04559039745));
#1241 = CARTESIAN_POINT('',(6.503607525005,7.047978892554));
#1242 = CARTESIAN_POINT('',(6.207926377944,7.050223638541));
#1243 = CARTESIAN_POINT('',(5.91235603657,7.052282513286));
#1244 = CARTESIAN_POINT('',(5.6168825684,7.054113596208));
#1245 = CARTESIAN_POINT('',(5.025710167956,7.057252550927));
#1246 = CARTESIAN_POINT('',(4.730008752933,7.058559727886));
#1247 = CARTESIAN_POINT('',(4.43437604962,7.059568567542));
#1248 = CARTESIAN_POINT('',(4.138790124078,7.06025078958));
#1249 = CARTESIAN_POINT('',(3.843224708857,7.06059187336));
#1250 = CARTESIAN_POINT('',(3.252530000194,7.060591873118));
#1251 = CARTESIAN_POINT('',(2.957397154376,7.060251786662));
#1252 = CARTESIAN_POINT('',(2.662243880633,7.059571560104));
#1253 = CARTESIAN_POINT('',(2.367044037446,7.058565628377));
#1254 = CARTESIAN_POINT('',(2.07177578088,7.057262108721));
#1255 = CARTESIAN_POINT('',(1.480604621769,7.05412700681));
#1256 = CARTESIAN_POINT('',(1.184698768135,7.052294578295));
#1257 = CARTESIAN_POINT('',(0.888695816355,7.050233505461));
#1258 = CARTESIAN_POINT('',(0.592581747852,7.047985892037));
#1259 = CARTESIAN_POINT('',(0.296349975995,7.045594051546));
#1260 = CARTESIAN_POINT('',(0.,7.043096632196));
#1261 = ( GEOMETRIC_REPRESENTATION_CONTEXT(2) 
PARAMETRIC_REPRESENTATION_CONTEXT() REPRESENTATION_CONTEXT('2D SPACE',''
  ) );
#1262 = ORIENTED_EDGE('',*,*,#1263,.T.);
#1263 = EDGE_CURVE('',#1159,#767,#1264,.T.);
#1264 = SURFACE_CURVE('',#1265,(#1268,#1274),.PCURVE_S1.);
#1265 = B_SPLINE_CURVE_WITH_KNOTS('',1,(#1266,#1267),.UNSPECIFIED.,.F.,
  .F.,(2,2),(0.,1.),.PIECEWISE_BEZIER_KNOTS.);
#1266 = CARTESIAN_POINT('',(132.06201133144,162.58164097948,190.5));
#1267 = CARTESIAN_POINT('',(132.06201133144,-162.5816409794,190.5));
#1268 = PCURVE('',#99,#1269);
#1269 = DEFINITIONAL_REPRESENTATION('',(#1270),#1273);
#1270 = B_SPLINE_CURVE_WITH_KNOTS('',1,(#1271,#1272),.UNSPECIFIED.,.F.,
  .F.,(2,2),(0.,1.),.PIECEWISE_BEZIER_KNOTS.);
#1271 = CARTESIAN_POINT('',(132.06201133144,162.58164097948));
#1272 = CARTESIAN_POINT('',(132.06201133144,-162.5816409794));
#1273 = ( GEOMETRIC_REPRESENTATION_CONTEXT(2) 
PARAMETRIC_REPRESENTATION_CONTEXT() REPRESENTATION_CONTEXT('2D SPACE',''
  ) );
#1274 = PCURVE('',#1275,#1280);
#1275 = B_SPLINE_SURFACE_WITH_KNOTS('',1,1,(
    (#1276,#1277)
    ,(#1278,#1279
    )),.UNSPECIFIED.,.F.,.F.,.F.,(2,2),(2,2),(0.,14.),(0.,1.),
  .PIECEWISE_BEZIER_KNOTS.);
#1276 = CARTESIAN_POINT('',(119.38,-165.1,11.43));
#1277 = CARTESIAN_POINT('',(132.08,-177.8,190.754));
#1278 = CARTESIAN_POINT('',(119.38,165.1,11.43));
#1279 = CARTESIAN_POINT('',(132.08,177.8,190.754));
#1280 = DEFINITIONAL_REPRESENTATION('',(#1281),#1284);
#1281 = B_SPLINE_CURVE_WITH_KNOTS('',1,(#1282,#1283),.UNSPECIFIED.,.F.,
  .F.,(2,2),(4.776898548968E-06,0.999995223101),
  .PIECEWISE_BEZIER_KNOTS.);
#1282 = CARTESIAN_POINT('',(13.401438511293,0.998583569405));
#1283 = CARTESIAN_POINT('',(0.598561488707,0.998583569405));
#1284 = ( GEOMETRIC_REPRESENTATION_CONTEXT(2) 
PARAMETRIC_REPRESENTATION_CONTEXT() REPRESENTATION_CONTEXT('2D SPACE',''
  ) );
#1285 = ADVANCED_FACE('',(#1286),#127,.T.);
#1286 = FACE_BOUND('',#1287,.T.);
#1287 = EDGE_LOOP('',(#1288,#1311,#1331,#1332));
#1288 = ORIENTED_EDGE('',*,*,#1289,.T.);
#1289 = EDGE_CURVE('',#112,#1290,#1292,.T.);
#1290 = VERTEX_POINT('',#1291);
#1291 = CARTESIAN_POINT('',(152.4,-177.8,179.07));
#1292 = SURFACE_CURVE('',#1293,(#1298,#1304),.PCURVE_S1.);
#1293 = CIRCLE('',#1294,12.7);
#1294 = AXIS2_PLACEMENT_3D('',#1295,#1296,#1297);
#1295 = CARTESIAN_POINT('',(139.7,-177.8,179.07));
#1296 = DIRECTION('',(0.,0.,1.));
#1297 = DIRECTION('',(0.,-1.,0.));
#1298 = PCURVE('',#127,#1299);
#1299 = DEFINITIONAL_REPRESENTATION('',(#1300),#1303);
#1300 = B_SPLINE_CURVE_WITH_KNOTS('',1,(#1301,#1302),.UNSPECIFIED.,.F.,
  .F.,(2,2),(0.,1.570796326795),.PIECEWISE_BEZIER_KNOTS.);
#1301 = CARTESIAN_POINT('',(0.,0.));
#1302 = CARTESIAN_POINT('',(1.570796326795,0.));
#1303 = ( GEOMETRIC_REPRESENTATION_CONTEXT(2) 
PARAMETRIC_REPRESENTATION_CONTEXT() REPRESENTATION_CONTEXT('2D SPACE',''
  ) );
#1304 = PCURVE('',#154,#1305);
#1305 = DEFINITIONAL_REPRESENTATION('',(#1306),#1310);
#1306 = CIRCLE('',#1307,12.7);
#1307 = AXIS2_PLACEMENT_2D('',#1308,#1309);
#1308 = CARTESIAN_POINT('',(139.7,-177.8));
#1309 = DIRECTION('',(0.,-1.));
#1310 = ( GEOMETRIC_REPRESENTATION_CONTEXT(2) 
PARAMETRIC_REPRESENTATION_CONTEXT() REPRESENTATION_CONTEXT('2D SPACE',''
  ) );
#1311 = ORIENTED_EDGE('',*,*,#1312,.T.);
#1312 = EDGE_CURVE('',#1290,#608,#1313,.T.);
#1313 = SURFACE_CURVE('',#1314,(#1318,#1324),.PCURVE_S1.);
#1314 = LINE('',#1315,#1316);
#1315 = CARTESIAN_POINT('',(152.4,-177.8,179.07));
#1316 = VECTOR('',#1317,1.);
#1317 = DIRECTION('',(0.,0.,1.));
#1318 = PCURVE('',#127,#1319);
#1319 = DEFINITIONAL_REPRESENTATION('',(#1320),#1323);
#1320 = B_SPLINE_CURVE_WITH_KNOTS('',1,(#1321,#1322),.UNSPECIFIED.,.F.,
  .F.,(2,2),(0.,11.43),.PIECEWISE_BEZIER_KNOTS.);
#1321 = CARTESIAN_POINT('',(1.570796326795,0.));
#1322 = CARTESIAN_POINT('',(1.570796326795,11.43));
#1323 = ( GEOMETRIC_REPRESENTATION_CONTEXT(2) 
PARAMETRIC_REPRESENTATION_CONTEXT() REPRESENTATION_CONTEXT('2D SPACE',''
  ) );
#1324 = PCURVE('',#646,#1325);
#1325 = DEFINITIONAL_REPRESENTATION('',(#1326),#1330);
#1326 = LINE('',#1327,#1328);
#1327 = CARTESIAN_POINT('',(12.7,0.));
#1328 = VECTOR('',#1329,1.);
#1329 = DIRECTION('',(0.,-1.));
#1330 = ( GEOMETRIC_REPRESENTATION_CONTEXT(2) 
PARAMETRIC_REPRESENTATION_CONTEXT() REPRESENTATION_CONTEXT('2D SPACE',''
  ) );
#1331 = ORIENTED_EDGE('',*,*,#607,.F.);
#1332 = ORIENTED_EDGE('',*,*,#111,.F.);
#1333 = ADVANCED_FACE('',(#1334),#154,.F.);
#1334 = FACE_BOUND('',#1335,.F.);
#1335 = EDGE_LOOP('',(#1336,#1337,#1360,#1388,#1416,#1444,#1472,#1493));
#1336 = ORIENTED_EDGE('',*,*,#1289,.T.);
#1337 = ORIENTED_EDGE('',*,*,#1338,.T.);
#1338 = EDGE_CURVE('',#1290,#1339,#1341,.T.);
#1339 = VERTEX_POINT('',#1340);
#1340 = CARTESIAN_POINT('',(152.4,-117.475,179.07));
#1341 = SURFACE_CURVE('',#1342,(#1346,#1353),.PCURVE_S1.);
#1342 = LINE('',#1343,#1344);
#1343 = CARTESIAN_POINT('',(152.4,-190.5,179.07));
#1344 = VECTOR('',#1345,1.);
#1345 = DIRECTION('',(0.,1.,0.));
#1346 = PCURVE('',#154,#1347);
#1347 = DEFINITIONAL_REPRESENTATION('',(#1348),#1352);
#1348 = LINE('',#1349,#1350);
#1349 = CARTESIAN_POINT('',(152.4,-190.5));
#1350 = VECTOR('',#1351,1.);
#1351 = DIRECTION('',(0.,1.));
#1352 = ( GEOMETRIC_REPRESENTATION_CONTEXT(2) 
PARAMETRIC_REPRESENTATION_CONTEXT() REPRESENTATION_CONTEXT('2D SPACE',''
  ) );
#1353 = PCURVE('',#646,#1354);
#1354 = DEFINITIONAL_REPRESENTATION('',(#1355),#1359);
#1355 = LINE('',#1356,#1357);
#1356 = CARTESIAN_POINT('',(0.,0.));
#1357 = VECTOR('',#1358,1.);
#1358 = DIRECTION('',(1.,0.));
#1359 = ( GEOMETRIC_REPRESENTATION_CONTEXT(2) 
PARAMETRIC_REPRESENTATION_CONTEXT() REPRESENTATION_CONTEXT('2D SPACE',''
  ) );
#1360 = ORIENTED_EDGE('',*,*,#1361,.F.);
#1361 = EDGE_CURVE('',#1362,#1339,#1364,.T.);
#1362 = VERTEX_POINT('',#1363);
#1363 = CARTESIAN_POINT('',(150.368,-117.475,179.07));
#1364 = SURFACE_CURVE('',#1365,(#1369,#1376),.PCURVE_S1.);
#1365 = LINE('',#1366,#1367);
#1366 = CARTESIAN_POINT('',(149.098,-117.475,179.07));
#1367 = VECTOR('',#1368,1.);
#1368 = DIRECTION('',(1.,0.,0.));
#1369 = PCURVE('',#154,#1370);
#1370 = DEFINITIONAL_REPRESENTATION('',(#1371),#1375);
#1371 = LINE('',#1372,#1373);
#1372 = CARTESIAN_POINT('',(149.098,-117.475));
#1373 = VECTOR('',#1374,1.);
#1374 = DIRECTION('',(1.,0.));
#1375 = ( GEOMETRIC_REPRESENTATION_CONTEXT(2) 
PARAMETRIC_REPRESENTATION_CONTEXT() REPRESENTATION_CONTEXT('2D SPACE',''
  ) );
#1376 = PCURVE('',#1377,#1382);
#1377 = PLANE('',#1378);
#1378 = AXIS2_PLACEMENT_3D('',#1379,#1380,#1381);
#1379 = CARTESIAN_POINT('',(149.098,-117.475,6.35));
#1380 = DIRECTION('',(0.,1.,0.));
#1381 = DIRECTION('',(0.,0.,1.));
#1382 = DEFINITIONAL_REPRESENTATION('',(#1383),#1387);
#1383 = LINE('',#1384,#1385);
#1384 = CARTESIAN_POINT('',(172.72,0.));
#1385 = VECTOR('',#1386,1.);
#1386 = DIRECTION('',(0.,1.));
#1387 = ( GEOMETRIC_REPRESENTATION_CONTEXT(2) 
PARAMETRIC_REPRESENTATION_CONTEXT() REPRESENTATION_CONTEXT('2D SPACE',''
  ) );
#1388 = ORIENTED_EDGE('',*,*,#1389,.F.);
#1389 = EDGE_CURVE('',#1390,#1362,#1392,.T.);
#1390 = VERTEX_POINT('',#1391);
#1391 = CARTESIAN_POINT('',(150.368,-177.8,179.07));
#1392 = SURFACE_CURVE('',#1393,(#1397,#1404),.PCURVE_S1.);
#1393 = LINE('',#1394,#1395);
#1394 = CARTESIAN_POINT('',(150.368,-188.468,179.07));
#1395 = VECTOR('',#1396,1.);
#1396 = DIRECTION('',(0.,1.,0.));
#1397 = PCURVE('',#154,#1398);
#1398 = DEFINITIONAL_REPRESENTATION('',(#1399),#1403);
#1399 = LINE('',#1400,#1401);
#1400 = CARTESIAN_POINT('',(150.368,-188.468));
#1401 = VECTOR('',#1402,1.);
#1402 = DIRECTION('',(0.,1.));
#1403 = ( GEOMETRIC_REPRESENTATION_CONTEXT(2) 
PARAMETRIC_REPRESENTATION_CONTEXT() REPRESENTATION_CONTEXT('2D SPACE',''
  ) );
#1404 = PCURVE('',#1405,#1410);
#1405 = PLANE('',#1406);
#1406 = AXIS2_PLACEMENT_3D('',#1407,#1408,#1409);
#1407 = CARTESIAN_POINT('',(150.368,-188.468,6.35));
#1408 = DIRECTION('',(-1.,0.,0.));
#1409 = DIRECTION('',(0.,1.,0.));
#1410 = DEFINITIONAL_REPRESENTATION('',(#1411),#1415);
#1411 = LINE('',#1412,#1413);
#1412 = CARTESIAN_POINT('',(0.,-172.72));
#1413 = VECTOR('',#1414,1.);
#1414 = DIRECTION('',(1.,0.));
#1415 = ( GEOMETRIC_REPRESENTATION_CONTEXT(2) 
PARAMETRIC_REPRESENTATION_CONTEXT() REPRESENTATION_CONTEXT('2D SPACE',''
  ) );
#1416 = ORIENTED_EDGE('',*,*,#1417,.F.);
#1417 = EDGE_CURVE('',#1418,#1390,#1420,.T.);
#1418 = VERTEX_POINT('',#1419);
#1419 = CARTESIAN_POINT('',(139.7,-188.468,179.07));
#1420 = SURFACE_CURVE('',#1421,(#1426,#1433),.PCURVE_S1.);
#1421 = CIRCLE('',#1422,10.668);
#1422 = AXIS2_PLACEMENT_3D('',#1423,#1424,#1425);
#1423 = CARTESIAN_POINT('',(139.7,-177.8,179.07));
#1424 = DIRECTION('',(0.,0.,1.));
#1425 = DIRECTION('',(0.,-1.,0.));
#1426 = PCURVE('',#154,#1427);
#1427 = DEFINITIONAL_REPRESENTATION('',(#1428),#1432);
#1428 = CIRCLE('',#1429,10.668);
#1429 = AXIS2_PLACEMENT_2D('',#1430,#1431);
#1430 = CARTESIAN_POINT('',(139.7,-177.8));
#1431 = DIRECTION('',(0.,-1.));
#1432 = ( GEOMETRIC_REPRESENTATION_CONTEXT(2) 
PARAMETRIC_REPRESENTATION_CONTEXT() REPRESENTATION_CONTEXT('2D SPACE',''
  ) );
#1433 = PCURVE('',#1434,#1439);
#1434 = CYLINDRICAL_SURFACE('',#1435,10.668);
#1435 = AXIS2_PLACEMENT_3D('',#1436,#1437,#1438);
#1436 = CARTESIAN_POINT('',(139.7,-177.8,6.35));
#1437 = DIRECTION('',(0.,0.,1.));
#1438 = DIRECTION('',(0.,-1.,0.));
#1439 = DEFINITIONAL_REPRESENTATION('',(#1440),#1443);
#1440 = B_SPLINE_CURVE_WITH_KNOTS('',1,(#1441,#1442),.UNSPECIFIED.,.F.,
  .F.,(2,2),(0.,1.570796326795),.PIECEWISE_BEZIER_KNOTS.);
#1441 = CARTESIAN_POINT('',(0.,172.72));
#1442 = CARTESIAN_POINT('',(1.570796326795,172.72));
#1443 = ( GEOMETRIC_REPRESENTATION_CONTEXT(2) 
PARAMETRIC_REPRESENTATION_CONTEXT() REPRESENTATION_CONTEXT('2D SPACE',''
  ) );
#1444 = ORIENTED_EDGE('',*,*,#1445,.F.);
#1445 = EDGE_CURVE('',#1446,#1418,#1448,.T.);
#1446 = VERTEX_POINT('',#1447);
#1447 = CARTESIAN_POINT('',(92.075,-188.468,179.07));
#1448 = SURFACE_CURVE('',#1449,(#1453,#1460),.PCURVE_S1.);
#1449 = LINE('',#1450,#1451);
#1450 = CARTESIAN_POINT('',(-150.368,-188.468,179.07));
#1451 = VECTOR('',#1452,1.);
#1452 = DIRECTION('',(1.,0.,0.));
#1453 = PCURVE('',#154,#1454);
#1454 = DEFINITIONAL_REPRESENTATION('',(#1455),#1459);
#1455 = LINE('',#1456,#1457);
#1456 = CARTESIAN_POINT('',(-150.368,-188.468));
#1457 = VECTOR('',#1458,1.);
#1458 = DIRECTION('',(1.,0.));
#1459 = ( GEOMETRIC_REPRESENTATION_CONTEXT(2) 
PARAMETRIC_REPRESENTATION_CONTEXT() REPRESENTATION_CONTEXT('2D SPACE',''
  ) );
#1460 = PCURVE('',#1461,#1466);
#1461 = PLANE('',#1462);
#1462 = AXIS2_PLACEMENT_3D('',#1463,#1464,#1465);
#1463 = CARTESIAN_POINT('',(-150.368,-188.468,6.35));
#1464 = DIRECTION('',(0.,1.,0.));
#1465 = DIRECTION('',(1.,0.,0.));
#1466 = DEFINITIONAL_REPRESENTATION('',(#1467),#1471);
#1467 = LINE('',#1468,#1469);
#1468 = CARTESIAN_POINT('',(0.,-172.72));
#1469 = VECTOR('',#1470,1.);
#1470 = DIRECTION('',(1.,0.));
#1471 = ( GEOMETRIC_REPRESENTATION_CONTEXT(2) 
PARAMETRIC_REPRESENTATION_CONTEXT() REPRESENTATION_CONTEXT('2D SPACE',''
  ) );
#1472 = ORIENTED_EDGE('',*,*,#1473,.F.);
#1473 = EDGE_CURVE('',#139,#1446,#1474,.T.);
#1474 = SURFACE_CURVE('',#1475,(#1479,#1486),.PCURVE_S1.);
#1475 = LINE('',#1476,#1477);
#1476 = CARTESIAN_POINT('',(92.075,-190.5,179.07));
#1477 = VECTOR('',#1478,1.);
#1478 = DIRECTION('',(0.,1.,0.));
#1479 = PCURVE('',#154,#1480);
#1480 = DEFINITIONAL_REPRESENTATION('',(#1481),#1485);
#1481 = LINE('',#1482,#1483);
#1482 = CARTESIAN_POINT('',(92.075,-190.5));
#1483 = VECTOR('',#1484,1.);
#1484 = DIRECTION('',(0.,1.));
#1485 = ( GEOMETRIC_REPRESENTATION_CONTEXT(2) 
PARAMETRIC_REPRESENTATION_CONTEXT() REPRESENTATION_CONTEXT('2D SPACE',''
  ) );
#1486 = PCURVE('',#182,#1487);
#1487 = DEFINITIONAL_REPRESENTATION('',(#1488),#1492);
#1488 = LINE('',#1489,#1490);
#1489 = CARTESIAN_POINT('',(172.72,0.));
#1490 = VECTOR('',#1491,1.);
#1491 = DIRECTION('',(0.,-1.));
#1492 = ( GEOMETRIC_REPRESENTATION_CONTEXT(2) 
PARAMETRIC_REPRESENTATION_CONTEXT() REPRESENTATION_CONTEXT('2D SPACE',''
  ) );
#1493 = ORIENTED_EDGE('',*,*,#138,.T.);
#1494 = ADVANCED_FACE('',(#1495),#182,.T.);
#1495 = FACE_BOUND('',#1496,.T.);
#1496 = EDGE_LOOP('',(#1497,#1498,#1499,#1522));
#1497 = ORIENTED_EDGE('',*,*,#1473,.F.);
#1498 = ORIENTED_EDGE('',*,*,#166,.F.);
#1499 = ORIENTED_EDGE('',*,*,#1500,.T.);
#1500 = EDGE_CURVE('',#167,#1501,#1503,.T.);
#1501 = VERTEX_POINT('',#1502);
#1502 = CARTESIAN_POINT('',(92.075,-188.468,6.35));
#1503 = SURFACE_CURVE('',#1504,(#1508,#1515),.PCURVE_S1.);
#1504 = LINE('',#1505,#1506);
#1505 = CARTESIAN_POINT('',(92.075,-190.5,6.35));
#1506 = VECTOR('',#1507,1.);
#1507 = DIRECTION('',(0.,1.,0.));
#1508 = PCURVE('',#182,#1509);
#1509 = DEFINITIONAL_REPRESENTATION('',(#1510),#1514);
#1510 = LINE('',#1511,#1512);
#1511 = CARTESIAN_POINT('',(0.,0.));
#1512 = VECTOR('',#1513,1.);
#1513 = DIRECTION('',(0.,-1.));
#1514 = ( GEOMETRIC_REPRESENTATION_CONTEXT(2) 
PARAMETRIC_REPRESENTATION_CONTEXT() REPRESENTATION_CONTEXT('2D SPACE',''
  ) );
#1515 = PCURVE('',#210,#1516);
#1516 = DEFINITIONAL_REPRESENTATION('',(#1517),#1521);
#1517 = LINE('',#1518,#1519);
#1518 = CARTESIAN_POINT('',(184.15,0.));
#1519 = VECTOR('',#1520,1.);
#1520 = DIRECTION('',(0.,1.));
#1521 = ( GEOMETRIC_REPRESENTATION_CONTEXT(2) 
PARAMETRIC_REPRESENTATION_CONTEXT() REPRESENTATION_CONTEXT('2D SPACE',''
  ) );
#1522 = ORIENTED_EDGE('',*,*,#1523,.F.);
#1523 = EDGE_CURVE('',#1446,#1501,#1524,.T.);
#1524 = SURFACE_CURVE('',#1525,(#1529,#1536),.PCURVE_S1.);
#1525 = LINE('',#1526,#1527);
#1526 = CARTESIAN_POINT('',(92.075,-188.468,6.35));
#1527 = VECTOR('',#1528,1.);
#1528 = DIRECTION('',(0.,0.,-1.));
#1529 = PCURVE('',#182,#1530);
#1530 = DEFINITIONAL_REPRESENTATION('',(#1531),#1535);
#1531 = LINE('',#1532,#1533);
#1532 = CARTESIAN_POINT('',(0.,-2.032));
#1533 = VECTOR('',#1534,1.);
#1534 = DIRECTION('',(-1.,0.));
#1535 = ( GEOMETRIC_REPRESENTATION_CONTEXT(2) 
PARAMETRIC_REPRESENTATION_CONTEXT() REPRESENTATION_CONTEXT('2D SPACE',''
  ) );
#1536 = PCURVE('',#1461,#1537);
#1537 = DEFINITIONAL_REPRESENTATION('',(#1538),#1542);
#1538 = LINE('',#1539,#1540);
#1539 = CARTESIAN_POINT('',(242.443,0.));
#1540 = VECTOR('',#1541,1.);
#1541 = DIRECTION('',(0.,1.));
#1542 = ( GEOMETRIC_REPRESENTATION_CONTEXT(2) 
PARAMETRIC_REPRESENTATION_CONTEXT() REPRESENTATION_CONTEXT('2D SPACE',''
  ) );
#1543 = ADVANCED_FACE('',(#1544,#2500),#210,.F.);
#1544 = FACE_BOUND('',#1545,.F.);
#1545 = EDGE_LOOP('',(#1546,#1569,#1570,#1593,#1621,#1642,#1643,#1644,
    #1667,#1690,#1713,#1736,#1759,#1787,#1815,#1843,#1866,#1894,#1922,
    #1950,#1978,#2006,#2029,#2057,#2085,#2113,#2136,#2164,#2192,#2220,
    #2248,#2276,#2299,#2327,#2355,#2383,#2406,#2429,#2452,#2479));
#1546 = ORIENTED_EDGE('',*,*,#1547,.F.);
#1547 = EDGE_CURVE('',#307,#1548,#1550,.T.);
#1548 = VERTEX_POINT('',#1549);
#1549 = CARTESIAN_POINT('',(-92.075,-188.468,6.35));
#1550 = SURFACE_CURVE('',#1551,(#1555,#1562),.PCURVE_S1.);
#1551 = LINE('',#1552,#1553);
#1552 = CARTESIAN_POINT('',(-92.075,-190.5,6.35));
#1553 = VECTOR('',#1554,1.);
#1554 = DIRECTION('',(0.,1.,0.));
#1555 = PCURVE('',#210,#1556);
#1556 = DEFINITIONAL_REPRESENTATION('',(#1557),#1561);
#1557 = LINE('',#1558,#1559);
#1558 = CARTESIAN_POINT('',(0.,0.));
#1559 = VECTOR('',#1560,1.);
#1560 = DIRECTION('',(0.,1.));
#1561 = ( GEOMETRIC_REPRESENTATION_CONTEXT(2) 
PARAMETRIC_REPRESENTATION_CONTEXT() REPRESENTATION_CONTEXT('2D SPACE',''
  ) );
#1562 = PCURVE('',#343,#1563);
#1563 = DEFINITIONAL_REPRESENTATION('',(#1564),#1568);
#1564 = LINE('',#1565,#1566);
#1565 = CARTESIAN_POINT('',(0.,0.));
#1566 = VECTOR('',#1567,1.);
#1567 = DIRECTION('',(0.,-1.));
#1568 = ( GEOMETRIC_REPRESENTATION_CONTEXT(2) 
PARAMETRIC_REPRESENTATION_CONTEXT() REPRESENTATION_CONTEXT('2D SPACE',''
  ) );
#1569 = ORIENTED_EDGE('',*,*,#306,.T.);
#1570 = ORIENTED_EDGE('',*,*,#1571,.T.);
#1571 = EDGE_CURVE('',#279,#1572,#1574,.T.);
#1572 = VERTEX_POINT('',#1573);
#1573 = CARTESIAN_POINT('',(-85.725,-188.468,6.35));
#1574 = SURFACE_CURVE('',#1575,(#1579,#1586),.PCURVE_S1.);
#1575 = LINE('',#1576,#1577);
#1576 = CARTESIAN_POINT('',(-85.725,-190.5,6.35));
#1577 = VECTOR('',#1578,1.);
#1578 = DIRECTION('',(0.,1.,0.));
#1579 = PCURVE('',#210,#1580);
#1580 = DEFINITIONAL_REPRESENTATION('',(#1581),#1585);
#1581 = LINE('',#1582,#1583);
#1582 = CARTESIAN_POINT('',(6.35,0.));
#1583 = VECTOR('',#1584,1.);
#1584 = DIRECTION('',(0.,1.));
#1585 = ( GEOMETRIC_REPRESENTATION_CONTEXT(2) 
PARAMETRIC_REPRESENTATION_CONTEXT() REPRESENTATION_CONTEXT('2D SPACE',''
  ) );
#1586 = PCURVE('',#294,#1587);
#1587 = DEFINITIONAL_REPRESENTATION('',(#1588),#1592);
#1588 = LINE('',#1589,#1590);
#1589 = CARTESIAN_POINT('',(0.,0.));
#1590 = VECTOR('',#1591,1.);
#1591 = DIRECTION('',(0.,-1.));
#1592 = ( GEOMETRIC_REPRESENTATION_CONTEXT(2) 
PARAMETRIC_REPRESENTATION_CONTEXT() REPRESENTATION_CONTEXT('2D SPACE',''
  ) );
#1593 = ORIENTED_EDGE('',*,*,#1594,.T.);
#1594 = EDGE_CURVE('',#1572,#1595,#1597,.T.);
#1595 = VERTEX_POINT('',#1596);
#1596 = CARTESIAN_POINT('',(85.725,-188.468,6.35));
#1597 = SURFACE_CURVE('',#1598,(#1602,#1609),.PCURVE_S1.);
#1598 = LINE('',#1599,#1600);
#1599 = CARTESIAN_POINT('',(-150.368,-188.468,6.35));
#1600 = VECTOR('',#1601,1.);
#1601 = DIRECTION('',(1.,0.,0.));
#1602 = PCURVE('',#210,#1603);
#1603 = DEFINITIONAL_REPRESENTATION('',(#1604),#1608);
#1604 = LINE('',#1605,#1606);
#1605 = CARTESIAN_POINT('',(-58.293,2.032));
#1606 = VECTOR('',#1607,1.);
#1607 = DIRECTION('',(1.,0.));
#1608 = ( GEOMETRIC_REPRESENTATION_CONTEXT(2) 
PARAMETRIC_REPRESENTATION_CONTEXT() REPRESENTATION_CONTEXT('2D SPACE',''
  ) );
#1609 = PCURVE('',#1610,#1615);
#1610 = PLANE('',#1611);
#1611 = AXIS2_PLACEMENT_3D('',#1612,#1613,#1614);
#1612 = CARTESIAN_POINT('',(-150.368,-188.468,6.35));
#1613 = DIRECTION('',(0.,1.,0.));
#1614 = DIRECTION('',(1.,0.,0.));
#1615 = DEFINITIONAL_REPRESENTATION('',(#1616),#1620);
#1616 = LINE('',#1617,#1618);
#1617 = CARTESIAN_POINT('',(0.,0.));
#1618 = VECTOR('',#1619,1.);
#1619 = DIRECTION('',(1.,0.));
#1620 = ( GEOMETRIC_REPRESENTATION_CONTEXT(2) 
PARAMETRIC_REPRESENTATION_CONTEXT() REPRESENTATION_CONTEXT('2D SPACE',''
  ) );
#1621 = ORIENTED_EDGE('',*,*,#1622,.F.);
#1622 = EDGE_CURVE('',#195,#1595,#1623,.T.);
#1623 = SURFACE_CURVE('',#1624,(#1628,#1635),.PCURVE_S1.);
#1624 = LINE('',#1625,#1626);
#1625 = CARTESIAN_POINT('',(85.725,-190.5,6.35));
#1626 = VECTOR('',#1627,1.);
#1627 = DIRECTION('',(0.,1.,0.));
#1628 = PCURVE('',#210,#1629);
#1629 = DEFINITIONAL_REPRESENTATION('',(#1630),#1634);
#1630 = LINE('',#1631,#1632);
#1631 = CARTESIAN_POINT('',(177.8,0.));
#1632 = VECTOR('',#1633,1.);
#1633 = DIRECTION('',(0.,1.));
#1634 = ( GEOMETRIC_REPRESENTATION_CONTEXT(2) 
PARAMETRIC_REPRESENTATION_CONTEXT() REPRESENTATION_CONTEXT('2D SPACE',''
  ) );
#1635 = PCURVE('',#238,#1636);
#1636 = DEFINITIONAL_REPRESENTATION('',(#1637),#1641);
#1637 = LINE('',#1638,#1639);
#1638 = CARTESIAN_POINT('',(0.,0.));
#1639 = VECTOR('',#1640,1.);
#1640 = DIRECTION('',(0.,-1.));
#1641 = ( GEOMETRIC_REPRESENTATION_CONTEXT(2) 
PARAMETRIC_REPRESENTATION_CONTEXT() REPRESENTATION_CONTEXT('2D SPACE',''
  ) );
#1642 = ORIENTED_EDGE('',*,*,#194,.T.);
#1643 = ORIENTED_EDGE('',*,*,#1500,.T.);
#1644 = ORIENTED_EDGE('',*,*,#1645,.T.);
#1645 = EDGE_CURVE('',#1501,#1646,#1648,.T.);
#1646 = VERTEX_POINT('',#1647);
#1647 = CARTESIAN_POINT('',(139.7,-188.468,6.35));
#1648 = SURFACE_CURVE('',#1649,(#1653,#1660),.PCURVE_S1.);
#1649 = LINE('',#1650,#1651);
#1650 = CARTESIAN_POINT('',(-150.368,-188.468,6.35));
#1651 = VECTOR('',#1652,1.);
#1652 = DIRECTION('',(1.,0.,0.));
#1653 = PCURVE('',#210,#1654);
#1654 = DEFINITIONAL_REPRESENTATION('',(#1655),#1659);
#1655 = LINE('',#1656,#1657);
#1656 = CARTESIAN_POINT('',(-58.293,2.032));
#1657 = VECTOR('',#1658,1.);
#1658 = DIRECTION('',(1.,0.));
#1659 = ( GEOMETRIC_REPRESENTATION_CONTEXT(2) 
PARAMETRIC_REPRESENTATION_CONTEXT() REPRESENTATION_CONTEXT('2D SPACE',''
  ) );
#1660 = PCURVE('',#1461,#1661);
#1661 = DEFINITIONAL_REPRESENTATION('',(#1662),#1666);
#1662 = LINE('',#1663,#1664);
#1663 = CARTESIAN_POINT('',(0.,0.));
#1664 = VECTOR('',#1665,1.);
#1665 = DIRECTION('',(1.,0.));
#1666 = ( GEOMETRIC_REPRESENTATION_CONTEXT(2) 
PARAMETRIC_REPRESENTATION_CONTEXT() REPRESENTATION_CONTEXT('2D SPACE',''
  ) );
#1667 = ORIENTED_EDGE('',*,*,#1668,.T.);
#1668 = EDGE_CURVE('',#1646,#1669,#1671,.T.);
#1669 = VERTEX_POINT('',#1670);
#1670 = CARTESIAN_POINT('',(150.368,-177.8,6.35));
#1671 = SURFACE_CURVE('',#1672,(#1677,#1684),.PCURVE_S1.);
#1672 = CIRCLE('',#1673,10.668);
#1673 = AXIS2_PLACEMENT_3D('',#1674,#1675,#1676);
#1674 = CARTESIAN_POINT('',(139.7,-177.8,6.35));
#1675 = DIRECTION('',(0.,0.,1.));
#1676 = DIRECTION('',(0.,-1.,0.));
#1677 = PCURVE('',#210,#1678);
#1678 = DEFINITIONAL_REPRESENTATION('',(#1679),#1683);
#1679 = CIRCLE('',#1680,10.668);
#1680 = AXIS2_PLACEMENT_2D('',#1681,#1682);
#1681 = CARTESIAN_POINT('',(231.775,12.7));
#1682 = DIRECTION('',(0.,-1.));
#1683 = ( GEOMETRIC_REPRESENTATION_CONTEXT(2) 
PARAMETRIC_REPRESENTATION_CONTEXT() REPRESENTATION_CONTEXT('2D SPACE',''
  ) );
#1684 = PCURVE('',#1434,#1685);
#1685 = DEFINITIONAL_REPRESENTATION('',(#1686),#1689);
#1686 = B_SPLINE_CURVE_WITH_KNOTS('',1,(#1687,#1688),.UNSPECIFIED.,.F.,
  .F.,(2,2),(0.,1.570796326795),.PIECEWISE_BEZIER_KNOTS.);
#1687 = CARTESIAN_POINT('',(0.,0.));
#1688 = CARTESIAN_POINT('',(1.570796326795,0.));
#1689 = ( GEOMETRIC_REPRESENTATION_CONTEXT(2) 
PARAMETRIC_REPRESENTATION_CONTEXT() REPRESENTATION_CONTEXT('2D SPACE',''
  ) );
#1690 = ORIENTED_EDGE('',*,*,#1691,.T.);
#1691 = EDGE_CURVE('',#1669,#1692,#1694,.T.);
#1692 = VERTEX_POINT('',#1693);
#1693 = CARTESIAN_POINT('',(150.368,-117.475,6.35));
#1694 = SURFACE_CURVE('',#1695,(#1699,#1706),.PCURVE_S1.);
#1695 = LINE('',#1696,#1697);
#1696 = CARTESIAN_POINT('',(150.368,-188.468,6.35));
#1697 = VECTOR('',#1698,1.);
#1698 = DIRECTION('',(0.,1.,0.));
#1699 = PCURVE('',#210,#1700);
#1700 = DEFINITIONAL_REPRESENTATION('',(#1701),#1705);
#1701 = LINE('',#1702,#1703);
#1702 = CARTESIAN_POINT('',(242.443,2.032));
#1703 = VECTOR('',#1704,1.);
#1704 = DIRECTION('',(0.,1.));
#1705 = ( GEOMETRIC_REPRESENTATION_CONTEXT(2) 
PARAMETRIC_REPRESENTATION_CONTEXT() REPRESENTATION_CONTEXT('2D SPACE',''
  ) );
#1706 = PCURVE('',#1405,#1707);
#1707 = DEFINITIONAL_REPRESENTATION('',(#1708),#1712);
#1708 = LINE('',#1709,#1710);
#1709 = CARTESIAN_POINT('',(0.,0.));
#1710 = VECTOR('',#1711,1.);
#1711 = DIRECTION('',(1.,0.));
#1712 = ( GEOMETRIC_REPRESENTATION_CONTEXT(2) 
PARAMETRIC_REPRESENTATION_CONTEXT() REPRESENTATION_CONTEXT('2D SPACE',''
  ) );
#1713 = ORIENTED_EDGE('',*,*,#1714,.T.);
#1714 = EDGE_CURVE('',#1692,#1715,#1717,.T.);
#1715 = VERTEX_POINT('',#1716);
#1716 = CARTESIAN_POINT('',(152.4,-117.475,6.35));
#1717 = SURFACE_CURVE('',#1718,(#1722,#1729),.PCURVE_S1.);
#1718 = LINE('',#1719,#1720);
#1719 = CARTESIAN_POINT('',(149.098,-117.475,6.35));
#1720 = VECTOR('',#1721,1.);
#1721 = DIRECTION('',(1.,0.,0.));
#1722 = PCURVE('',#210,#1723);
#1723 = DEFINITIONAL_REPRESENTATION('',(#1724),#1728);
#1724 = LINE('',#1725,#1726);
#1725 = CARTESIAN_POINT('',(241.173,73.025));
#1726 = VECTOR('',#1727,1.);
#1727 = DIRECTION('',(1.,0.));
#1728 = ( GEOMETRIC_REPRESENTATION_CONTEXT(2) 
PARAMETRIC_REPRESENTATION_CONTEXT() REPRESENTATION_CONTEXT('2D SPACE',''
  ) );
#1729 = PCURVE('',#1377,#1730);
#1730 = DEFINITIONAL_REPRESENTATION('',(#1731),#1735);
#1731 = LINE('',#1732,#1733);
#1732 = CARTESIAN_POINT('',(0.,0.));
#1733 = VECTOR('',#1734,1.);
#1734 = DIRECTION('',(0.,1.));
#1735 = ( GEOMETRIC_REPRESENTATION_CONTEXT(2) 
PARAMETRIC_REPRESENTATION_CONTEXT() REPRESENTATION_CONTEXT('2D SPACE',''
  ) );
#1736 = ORIENTED_EDGE('',*,*,#1737,.T.);
#1737 = EDGE_CURVE('',#1715,#1738,#1740,.T.);
#1738 = VERTEX_POINT('',#1739);
#1739 = CARTESIAN_POINT('',(152.4,-111.125,6.35));
#1740 = SURFACE_CURVE('',#1741,(#1745,#1752),.PCURVE_S1.);
#1741 = LINE('',#1742,#1743);
#1742 = CARTESIAN_POINT('',(152.4,-117.475,6.35));
#1743 = VECTOR('',#1744,1.);
#1744 = DIRECTION('',(0.,1.,0.));
#1745 = PCURVE('',#210,#1746);
#1746 = DEFINITIONAL_REPRESENTATION('',(#1747),#1751);
#1747 = LINE('',#1748,#1749);
#1748 = CARTESIAN_POINT('',(244.475,73.025));
#1749 = VECTOR('',#1750,1.);
#1750 = DIRECTION('',(0.,1.));
#1751 = ( GEOMETRIC_REPRESENTATION_CONTEXT(2) 
PARAMETRIC_REPRESENTATION_CONTEXT() REPRESENTATION_CONTEXT('2D SPACE',''
  ) );
#1752 = PCURVE('',#646,#1753);
#1753 = DEFINITIONAL_REPRESENTATION('',(#1754),#1758);
#1754 = LINE('',#1755,#1756);
#1755 = CARTESIAN_POINT('',(73.025,172.72));
#1756 = VECTOR('',#1757,1.);
#1757 = DIRECTION('',(1.,0.));
#1758 = ( GEOMETRIC_REPRESENTATION_CONTEXT(2) 
PARAMETRIC_REPRESENTATION_CONTEXT() REPRESENTATION_CONTEXT('2D SPACE',''
  ) );
#1759 = ORIENTED_EDGE('',*,*,#1760,.F.);
#1760 = EDGE_CURVE('',#1761,#1738,#1763,.T.);
#1761 = VERTEX_POINT('',#1762);
#1762 = CARTESIAN_POINT('',(150.368,-111.125,6.35));
#1763 = SURFACE_CURVE('',#1764,(#1768,#1775),.PCURVE_S1.);
#1764 = LINE('',#1765,#1766);
#1765 = CARTESIAN_POINT('',(149.098,-111.125,6.35));
#1766 = VECTOR('',#1767,1.);
#1767 = DIRECTION('',(1.,0.,0.));
#1768 = PCURVE('',#210,#1769);
#1769 = DEFINITIONAL_REPRESENTATION('',(#1770),#1774);
#1770 = LINE('',#1771,#1772);
#1771 = CARTESIAN_POINT('',(241.173,79.375));
#1772 = VECTOR('',#1773,1.);
#1773 = DIRECTION('',(1.,0.));
#1774 = ( GEOMETRIC_REPRESENTATION_CONTEXT(2) 
PARAMETRIC_REPRESENTATION_CONTEXT() REPRESENTATION_CONTEXT('2D SPACE',''
  ) );
#1775 = PCURVE('',#1776,#1781);
#1776 = PLANE('',#1777);
#1777 = AXIS2_PLACEMENT_3D('',#1778,#1779,#1780);
#1778 = CARTESIAN_POINT('',(149.098,-111.125,6.35));
#1779 = DIRECTION('',(0.,1.,0.));
#1780 = DIRECTION('',(0.,0.,1.));
#1781 = DEFINITIONAL_REPRESENTATION('',(#1782),#1786);
#1782 = LINE('',#1783,#1784);
#1783 = CARTESIAN_POINT('',(0.,0.));
#1784 = VECTOR('',#1785,1.);
#1785 = DIRECTION('',(0.,1.));
#1786 = ( GEOMETRIC_REPRESENTATION_CONTEXT(2) 
PARAMETRIC_REPRESENTATION_CONTEXT() REPRESENTATION_CONTEXT('2D SPACE',''
  ) );
#1787 = ORIENTED_EDGE('',*,*,#1788,.T.);
#1788 = EDGE_CURVE('',#1761,#1789,#1791,.T.);
#1789 = VERTEX_POINT('',#1790);
#1790 = CARTESIAN_POINT('',(150.368,111.125,6.35));
#1791 = SURFACE_CURVE('',#1792,(#1796,#1803),.PCURVE_S1.);
#1792 = LINE('',#1793,#1794);
#1793 = CARTESIAN_POINT('',(150.368,-188.468,6.35));
#1794 = VECTOR('',#1795,1.);
#1795 = DIRECTION('',(0.,1.,0.));
#1796 = PCURVE('',#210,#1797);
#1797 = DEFINITIONAL_REPRESENTATION('',(#1798),#1802);
#1798 = LINE('',#1799,#1800);
#1799 = CARTESIAN_POINT('',(242.443,2.032));
#1800 = VECTOR('',#1801,1.);
#1801 = DIRECTION('',(0.,1.));
#1802 = ( GEOMETRIC_REPRESENTATION_CONTEXT(2) 
PARAMETRIC_REPRESENTATION_CONTEXT() REPRESENTATION_CONTEXT('2D SPACE',''
  ) );
#1803 = PCURVE('',#1804,#1809);
#1804 = PLANE('',#1805);
#1805 = AXIS2_PLACEMENT_3D('',#1806,#1807,#1808);
#1806 = CARTESIAN_POINT('',(150.368,-188.468,6.35));
#1807 = DIRECTION('',(-1.,0.,0.));
#1808 = DIRECTION('',(0.,1.,0.));
#1809 = DEFINITIONAL_REPRESENTATION('',(#1810),#1814);
#1810 = LINE('',#1811,#1812);
#1811 = CARTESIAN_POINT('',(0.,0.));
#1812 = VECTOR('',#1813,1.);
#1813 = DIRECTION('',(1.,0.));
#1814 = ( GEOMETRIC_REPRESENTATION_CONTEXT(2) 
PARAMETRIC_REPRESENTATION_CONTEXT() REPRESENTATION_CONTEXT('2D SPACE',''
  ) );
#1815 = ORIENTED_EDGE('',*,*,#1816,.T.);
#1816 = EDGE_CURVE('',#1789,#1817,#1819,.T.);
#1817 = VERTEX_POINT('',#1818);
#1818 = CARTESIAN_POINT('',(152.4,111.125,6.35));
#1819 = SURFACE_CURVE('',#1820,(#1824,#1831),.PCURVE_S1.);
#1820 = LINE('',#1821,#1822);
#1821 = CARTESIAN_POINT('',(149.098,111.125,6.35));
#1822 = VECTOR('',#1823,1.);
#1823 = DIRECTION('',(1.,0.,0.));
#1824 = PCURVE('',#210,#1825);
#1825 = DEFINITIONAL_REPRESENTATION('',(#1826),#1830);
#1826 = LINE('',#1827,#1828);
#1827 = CARTESIAN_POINT('',(241.173,301.625));
#1828 = VECTOR('',#1829,1.);
#1829 = DIRECTION('',(1.,0.));
#1830 = ( GEOMETRIC_REPRESENTATION_CONTEXT(2) 
PARAMETRIC_REPRESENTATION_CONTEXT() REPRESENTATION_CONTEXT('2D SPACE',''
  ) );
#1831 = PCURVE('',#1832,#1837);
#1832 = PLANE('',#1833);
#1833 = AXIS2_PLACEMENT_3D('',#1834,#1835,#1836);
#1834 = CARTESIAN_POINT('',(149.098,111.125,6.35));
#1835 = DIRECTION('',(0.,1.,0.));
#1836 = DIRECTION('',(0.,0.,1.));
#1837 = DEFINITIONAL_REPRESENTATION('',(#1838),#1842);
#1838 = LINE('',#1839,#1840);
#1839 = CARTESIAN_POINT('',(0.,0.));
#1840 = VECTOR('',#1841,1.);
#1841 = DIRECTION('',(0.,1.));
#1842 = ( GEOMETRIC_REPRESENTATION_CONTEXT(2) 
PARAMETRIC_REPRESENTATION_CONTEXT() REPRESENTATION_CONTEXT('2D SPACE',''
  ) );
#1843 = ORIENTED_EDGE('',*,*,#1844,.T.);
#1844 = EDGE_CURVE('',#1817,#1845,#1847,.T.);
#1845 = VERTEX_POINT('',#1846);
#1846 = CARTESIAN_POINT('',(152.4,117.475,6.35));
#1847 = SURFACE_CURVE('',#1848,(#1852,#1859),.PCURVE_S1.);
#1848 = LINE('',#1849,#1850);
#1849 = CARTESIAN_POINT('',(152.4,111.125,6.35));
#1850 = VECTOR('',#1851,1.);
#1851 = DIRECTION('',(0.,1.,0.));
#1852 = PCURVE('',#210,#1853);
#1853 = DEFINITIONAL_REPRESENTATION('',(#1854),#1858);
#1854 = LINE('',#1855,#1856);
#1855 = CARTESIAN_POINT('',(244.475,301.625));
#1856 = VECTOR('',#1857,1.);
#1857 = DIRECTION('',(0.,1.));
#1858 = ( GEOMETRIC_REPRESENTATION_CONTEXT(2) 
PARAMETRIC_REPRESENTATION_CONTEXT() REPRESENTATION_CONTEXT('2D SPACE',''
  ) );
#1859 = PCURVE('',#646,#1860);
#1860 = DEFINITIONAL_REPRESENTATION('',(#1861),#1865);
#1861 = LINE('',#1862,#1863);
#1862 = CARTESIAN_POINT('',(301.625,172.72));
#1863 = VECTOR('',#1864,1.);
#1864 = DIRECTION('',(1.,0.));
#1865 = ( GEOMETRIC_REPRESENTATION_CONTEXT(2) 
PARAMETRIC_REPRESENTATION_CONTEXT() REPRESENTATION_CONTEXT('2D SPACE',''
  ) );
#1866 = ORIENTED_EDGE('',*,*,#1867,.F.);
#1867 = EDGE_CURVE('',#1868,#1845,#1870,.T.);
#1868 = VERTEX_POINT('',#1869);
#1869 = CARTESIAN_POINT('',(150.368,117.475,6.35));
#1870 = SURFACE_CURVE('',#1871,(#1875,#1882),.PCURVE_S1.);
#1871 = LINE('',#1872,#1873);
#1872 = CARTESIAN_POINT('',(149.098,117.475,6.35));
#1873 = VECTOR('',#1874,1.);
#1874 = DIRECTION('',(1.,0.,0.));
#1875 = PCURVE('',#210,#1876);
#1876 = DEFINITIONAL_REPRESENTATION('',(#1877),#1881);
#1877 = LINE('',#1878,#1879);
#1878 = CARTESIAN_POINT('',(241.173,307.975));
#1879 = VECTOR('',#1880,1.);
#1880 = DIRECTION('',(1.,0.));
#1881 = ( GEOMETRIC_REPRESENTATION_CONTEXT(2) 
PARAMETRIC_REPRESENTATION_CONTEXT() REPRESENTATION_CONTEXT('2D SPACE',''
  ) );
#1882 = PCURVE('',#1883,#1888);
#1883 = PLANE('',#1884);
#1884 = AXIS2_PLACEMENT_3D('',#1885,#1886,#1887);
#1885 = CARTESIAN_POINT('',(149.098,117.475,6.35));
#1886 = DIRECTION('',(0.,1.,0.));
#1887 = DIRECTION('',(0.,0.,1.));
#1888 = DEFINITIONAL_REPRESENTATION('',(#1889),#1893);
#1889 = LINE('',#1890,#1891);
#1890 = CARTESIAN_POINT('',(0.,0.));
#1891 = VECTOR('',#1892,1.);
#1892 = DIRECTION('',(0.,1.));
#1893 = ( GEOMETRIC_REPRESENTATION_CONTEXT(2) 
PARAMETRIC_REPRESENTATION_CONTEXT() REPRESENTATION_CONTEXT('2D SPACE',''
  ) );
#1894 = ORIENTED_EDGE('',*,*,#1895,.T.);
#1895 = EDGE_CURVE('',#1868,#1896,#1898,.T.);
#1896 = VERTEX_POINT('',#1897);
#1897 = CARTESIAN_POINT('',(150.368,177.8,6.35));
#1898 = SURFACE_CURVE('',#1899,(#1903,#1910),.PCURVE_S1.);
#1899 = LINE('',#1900,#1901);
#1900 = CARTESIAN_POINT('',(150.368,-188.468,6.35));
#1901 = VECTOR('',#1902,1.);
#1902 = DIRECTION('',(0.,1.,0.));
#1903 = PCURVE('',#210,#1904);
#1904 = DEFINITIONAL_REPRESENTATION('',(#1905),#1909);
#1905 = LINE('',#1906,#1907);
#1906 = CARTESIAN_POINT('',(242.443,2.032));
#1907 = VECTOR('',#1908,1.);
#1908 = DIRECTION('',(0.,1.));
#1909 = ( GEOMETRIC_REPRESENTATION_CONTEXT(2) 
PARAMETRIC_REPRESENTATION_CONTEXT() REPRESENTATION_CONTEXT('2D SPACE',''
  ) );
#1910 = PCURVE('',#1911,#1916);
#1911 = PLANE('',#1912);
#1912 = AXIS2_PLACEMENT_3D('',#1913,#1914,#1915);
#1913 = CARTESIAN_POINT('',(150.368,-188.468,6.35));
#1914 = DIRECTION('',(-1.,0.,0.));
#1915 = DIRECTION('',(0.,1.,0.));
#1916 = DEFINITIONAL_REPRESENTATION('',(#1917),#1921);
#1917 = LINE('',#1918,#1919);
#1918 = CARTESIAN_POINT('',(0.,0.));
#1919 = VECTOR('',#1920,1.);
#1920 = DIRECTION('',(1.,0.));
#1921 = ( GEOMETRIC_REPRESENTATION_CONTEXT(2) 
PARAMETRIC_REPRESENTATION_CONTEXT() REPRESENTATION_CONTEXT('2D SPACE',''
  ) );
#1922 = ORIENTED_EDGE('',*,*,#1923,.T.);
#1923 = EDGE_CURVE('',#1896,#1924,#1926,.T.);
#1924 = VERTEX_POINT('',#1925);
#1925 = CARTESIAN_POINT('',(139.7,188.468,6.35));
#1926 = SURFACE_CURVE('',#1927,(#1932,#1939),.PCURVE_S1.);
#1927 = CIRCLE('',#1928,10.668);
#1928 = AXIS2_PLACEMENT_3D('',#1929,#1930,#1931);
#1929 = CARTESIAN_POINT('',(139.7,177.8,6.35));
#1930 = DIRECTION('',(0.,0.,1.));
#1931 = DIRECTION('',(0.,-1.,0.));
#1932 = PCURVE('',#210,#1933);
#1933 = DEFINITIONAL_REPRESENTATION('',(#1934),#1938);
#1934 = CIRCLE('',#1935,10.668);
#1935 = AXIS2_PLACEMENT_2D('',#1936,#1937);
#1936 = CARTESIAN_POINT('',(231.775,368.3));
#1937 = DIRECTION('',(0.,-1.));
#1938 = ( GEOMETRIC_REPRESENTATION_CONTEXT(2) 
PARAMETRIC_REPRESENTATION_CONTEXT() REPRESENTATION_CONTEXT('2D SPACE',''
  ) );
#1939 = PCURVE('',#1940,#1945);
#1940 = CYLINDRICAL_SURFACE('',#1941,10.668);
#1941 = AXIS2_PLACEMENT_3D('',#1942,#1943,#1944);
#1942 = CARTESIAN_POINT('',(139.7,177.8,6.35));
#1943 = DIRECTION('',(0.,0.,1.));
#1944 = DIRECTION('',(1.,0.,-0.));
#1945 = DEFINITIONAL_REPRESENTATION('',(#1946),#1949);
#1946 = B_SPLINE_CURVE_WITH_KNOTS('',1,(#1947,#1948),.UNSPECIFIED.,.F.,
  .F.,(2,2),(1.570796326795,3.14159265359),.PIECEWISE_BEZIER_KNOTS.);
#1947 = CARTESIAN_POINT('',(0.,0.));
#1948 = CARTESIAN_POINT('',(1.570796326795,0.));
#1949 = ( GEOMETRIC_REPRESENTATION_CONTEXT(2) 
PARAMETRIC_REPRESENTATION_CONTEXT() REPRESENTATION_CONTEXT('2D SPACE',''
  ) );
#1950 = ORIENTED_EDGE('',*,*,#1951,.T.);
#1951 = EDGE_CURVE('',#1924,#1952,#1954,.T.);
#1952 = VERTEX_POINT('',#1953);
#1953 = CARTESIAN_POINT('',(92.075,188.468,6.35));
#1954 = SURFACE_CURVE('',#1955,(#1959,#1966),.PCURVE_S1.);
#1955 = LINE('',#1956,#1957);
#1956 = CARTESIAN_POINT('',(150.368,188.468,6.35));
#1957 = VECTOR('',#1958,1.);
#1958 = DIRECTION('',(-1.,0.,0.));
#1959 = PCURVE('',#210,#1960);
#1960 = DEFINITIONAL_REPRESENTATION('',(#1961),#1965);
#1961 = LINE('',#1962,#1963);
#1962 = CARTESIAN_POINT('',(242.443,378.968));
#1963 = VECTOR('',#1964,1.);
#1964 = DIRECTION('',(-1.,0.));
#1965 = ( GEOMETRIC_REPRESENTATION_CONTEXT(2) 
PARAMETRIC_REPRESENTATION_CONTEXT() REPRESENTATION_CONTEXT('2D SPACE',''
  ) );
#1966 = PCURVE('',#1967,#1972);
#1967 = PLANE('',#1968);
#1968 = AXIS2_PLACEMENT_3D('',#1969,#1970,#1971);
#1969 = CARTESIAN_POINT('',(150.368,188.468,6.35));
#1970 = DIRECTION('',(0.,-1.,0.));
#1971 = DIRECTION('',(-1.,0.,0.));
#1972 = DEFINITIONAL_REPRESENTATION('',(#1973),#1977);
#1973 = LINE('',#1974,#1975);
#1974 = CARTESIAN_POINT('',(0.,-0.));
#1975 = VECTOR('',#1976,1.);
#1976 = DIRECTION('',(1.,0.));
#1977 = ( GEOMETRIC_REPRESENTATION_CONTEXT(2) 
PARAMETRIC_REPRESENTATION_CONTEXT() REPRESENTATION_CONTEXT('2D SPACE',''
  ) );
#1978 = ORIENTED_EDGE('',*,*,#1979,.T.);
#1979 = EDGE_CURVE('',#1952,#1980,#1982,.T.);
#1980 = VERTEX_POINT('',#1981);
#1981 = CARTESIAN_POINT('',(92.075,190.5,6.35));
#1982 = SURFACE_CURVE('',#1983,(#1987,#1994),.PCURVE_S1.);
#1983 = LINE('',#1984,#1985);
#1984 = CARTESIAN_POINT('',(92.075,187.198,6.35));
#1985 = VECTOR('',#1986,1.);
#1986 = DIRECTION('',(0.,1.,0.));
#1987 = PCURVE('',#210,#1988);
#1988 = DEFINITIONAL_REPRESENTATION('',(#1989),#1993);
#1989 = LINE('',#1990,#1991);
#1990 = CARTESIAN_POINT('',(184.15,377.698));
#1991 = VECTOR('',#1992,1.);
#1992 = DIRECTION('',(0.,1.));
#1993 = ( GEOMETRIC_REPRESENTATION_CONTEXT(2) 
PARAMETRIC_REPRESENTATION_CONTEXT() REPRESENTATION_CONTEXT('2D SPACE',''
  ) );
#1994 = PCURVE('',#1995,#2000);
#1995 = PLANE('',#1996);
#1996 = AXIS2_PLACEMENT_3D('',#1997,#1998,#1999);
#1997 = CARTESIAN_POINT('',(92.075,187.198,6.35));
#1998 = DIRECTION('',(1.,0.,0.));
#1999 = DIRECTION('',(0.,0.,1.));
#2000 = DEFINITIONAL_REPRESENTATION('',(#2001),#2005);
#2001 = LINE('',#2002,#2003);
#2002 = CARTESIAN_POINT('',(0.,0.));
#2003 = VECTOR('',#2004,1.);
#2004 = DIRECTION('',(0.,-1.));
#2005 = ( GEOMETRIC_REPRESENTATION_CONTEXT(2) 
PARAMETRIC_REPRESENTATION_CONTEXT() REPRESENTATION_CONTEXT('2D SPACE',''
  ) );
#2006 = ORIENTED_EDGE('',*,*,#2007,.F.);
#2007 = EDGE_CURVE('',#2008,#1980,#2010,.T.);
#2008 = VERTEX_POINT('',#2009);
#2009 = CARTESIAN_POINT('',(85.725,190.5,6.35));
#2010 = SURFACE_CURVE('',#2011,(#2015,#2022),.PCURVE_S1.);
#2011 = LINE('',#2012,#2013);
#2012 = CARTESIAN_POINT('',(85.725,190.5,6.35));
#2013 = VECTOR('',#2014,1.);
#2014 = DIRECTION('',(1.,0.,0.));
#2015 = PCURVE('',#210,#2016);
#2016 = DEFINITIONAL_REPRESENTATION('',(#2017),#2021);
#2017 = LINE('',#2018,#2019);
#2018 = CARTESIAN_POINT('',(177.8,381.));
#2019 = VECTOR('',#2020,1.);
#2020 = DIRECTION('',(1.,0.));
#2021 = ( GEOMETRIC_REPRESENTATION_CONTEXT(2) 
PARAMETRIC_REPRESENTATION_CONTEXT() REPRESENTATION_CONTEXT('2D SPACE',''
  ) );
#2022 = PCURVE('',#702,#2023);
#2023 = DEFINITIONAL_REPRESENTATION('',(#2024),#2028);
#2024 = LINE('',#2025,#2026);
#2025 = CARTESIAN_POINT('',(66.675,172.72));
#2026 = VECTOR('',#2027,1.);
#2027 = DIRECTION('',(-1.,-0.));
#2028 = ( GEOMETRIC_REPRESENTATION_CONTEXT(2) 
PARAMETRIC_REPRESENTATION_CONTEXT() REPRESENTATION_CONTEXT('2D SPACE',''
  ) );
#2029 = ORIENTED_EDGE('',*,*,#2030,.F.);
#2030 = EDGE_CURVE('',#2031,#2008,#2033,.T.);
#2031 = VERTEX_POINT('',#2032);
#2032 = CARTESIAN_POINT('',(85.725,188.468,6.35));
#2033 = SURFACE_CURVE('',#2034,(#2038,#2045),.PCURVE_S1.);
#2034 = LINE('',#2035,#2036);
#2035 = CARTESIAN_POINT('',(85.725,187.198,6.35));
#2036 = VECTOR('',#2037,1.);
#2037 = DIRECTION('',(0.,1.,0.));
#2038 = PCURVE('',#210,#2039);
#2039 = DEFINITIONAL_REPRESENTATION('',(#2040),#2044);
#2040 = LINE('',#2041,#2042);
#2041 = CARTESIAN_POINT('',(177.8,377.698));
#2042 = VECTOR('',#2043,1.);
#2043 = DIRECTION('',(0.,1.));
#2044 = ( GEOMETRIC_REPRESENTATION_CONTEXT(2) 
PARAMETRIC_REPRESENTATION_CONTEXT() REPRESENTATION_CONTEXT('2D SPACE',''
  ) );
#2045 = PCURVE('',#2046,#2051);
#2046 = PLANE('',#2047);
#2047 = AXIS2_PLACEMENT_3D('',#2048,#2049,#2050);
#2048 = CARTESIAN_POINT('',(85.725,187.198,6.35));
#2049 = DIRECTION('',(1.,0.,0.));
#2050 = DIRECTION('',(0.,0.,1.));
#2051 = DEFINITIONAL_REPRESENTATION('',(#2052),#2056);
#2052 = LINE('',#2053,#2054);
#2053 = CARTESIAN_POINT('',(0.,0.));
#2054 = VECTOR('',#2055,1.);
#2055 = DIRECTION('',(0.,-1.));
#2056 = ( GEOMETRIC_REPRESENTATION_CONTEXT(2) 
PARAMETRIC_REPRESENTATION_CONTEXT() REPRESENTATION_CONTEXT('2D SPACE',''
  ) );
#2057 = ORIENTED_EDGE('',*,*,#2058,.T.);
#2058 = EDGE_CURVE('',#2031,#2059,#2061,.T.);
#2059 = VERTEX_POINT('',#2060);
#2060 = CARTESIAN_POINT('',(-85.725,188.468,6.35));
#2061 = SURFACE_CURVE('',#2062,(#2066,#2073),.PCURVE_S1.);
#2062 = LINE('',#2063,#2064);
#2063 = CARTESIAN_POINT('',(150.368,188.468,6.35));
#2064 = VECTOR('',#2065,1.);
#2065 = DIRECTION('',(-1.,0.,0.));
#2066 = PCURVE('',#210,#2067);
#2067 = DEFINITIONAL_REPRESENTATION('',(#2068),#2072);
#2068 = LINE('',#2069,#2070);
#2069 = CARTESIAN_POINT('',(242.443,378.968));
#2070 = VECTOR('',#2071,1.);
#2071 = DIRECTION('',(-1.,0.));
#2072 = ( GEOMETRIC_REPRESENTATION_CONTEXT(2) 
PARAMETRIC_REPRESENTATION_CONTEXT() REPRESENTATION_CONTEXT('2D SPACE',''
  ) );
#2073 = PCURVE('',#2074,#2079);
#2074 = PLANE('',#2075);
#2075 = AXIS2_PLACEMENT_3D('',#2076,#2077,#2078);
#2076 = CARTESIAN_POINT('',(150.368,188.468,6.35));
#2077 = DIRECTION('',(0.,-1.,0.));
#2078 = DIRECTION('',(-1.,0.,0.));
#2079 = DEFINITIONAL_REPRESENTATION('',(#2080),#2084);
#2080 = LINE('',#2081,#2082);
#2081 = CARTESIAN_POINT('',(0.,-0.));
#2082 = VECTOR('',#2083,1.);
#2083 = DIRECTION('',(1.,0.));
#2084 = ( GEOMETRIC_REPRESENTATION_CONTEXT(2) 
PARAMETRIC_REPRESENTATION_CONTEXT() REPRESENTATION_CONTEXT('2D SPACE',''
  ) );
#2085 = ORIENTED_EDGE('',*,*,#2086,.T.);
#2086 = EDGE_CURVE('',#2059,#2087,#2089,.T.);
#2087 = VERTEX_POINT('',#2088);
#2088 = CARTESIAN_POINT('',(-85.725,190.5,6.35));
#2089 = SURFACE_CURVE('',#2090,(#2094,#2101),.PCURVE_S1.);
#2090 = LINE('',#2091,#2092);
#2091 = CARTESIAN_POINT('',(-85.725,187.198,6.35));
#2092 = VECTOR('',#2093,1.);
#2093 = DIRECTION('',(0.,1.,0.));
#2094 = PCURVE('',#210,#2095);
#2095 = DEFINITIONAL_REPRESENTATION('',(#2096),#2100);
#2096 = LINE('',#2097,#2098);
#2097 = CARTESIAN_POINT('',(6.35,377.698));
#2098 = VECTOR('',#2099,1.);
#2099 = DIRECTION('',(0.,1.));
#2100 = ( GEOMETRIC_REPRESENTATION_CONTEXT(2) 
PARAMETRIC_REPRESENTATION_CONTEXT() REPRESENTATION_CONTEXT('2D SPACE',''
  ) );
#2101 = PCURVE('',#2102,#2107);
#2102 = PLANE('',#2103);
#2103 = AXIS2_PLACEMENT_3D('',#2104,#2105,#2106);
#2104 = CARTESIAN_POINT('',(-85.725,187.198,6.35));
#2105 = DIRECTION('',(1.,0.,0.));
#2106 = DIRECTION('',(0.,0.,1.));
#2107 = DEFINITIONAL_REPRESENTATION('',(#2108),#2112);
#2108 = LINE('',#2109,#2110);
#2109 = CARTESIAN_POINT('',(0.,0.));
#2110 = VECTOR('',#2111,1.);
#2111 = DIRECTION('',(0.,-1.));
#2112 = ( GEOMETRIC_REPRESENTATION_CONTEXT(2) 
PARAMETRIC_REPRESENTATION_CONTEXT() REPRESENTATION_CONTEXT('2D SPACE',''
  ) );
#2113 = ORIENTED_EDGE('',*,*,#2114,.F.);
#2114 = EDGE_CURVE('',#2115,#2087,#2117,.T.);
#2115 = VERTEX_POINT('',#2116);
#2116 = CARTESIAN_POINT('',(-92.075,190.5,6.35));
#2117 = SURFACE_CURVE('',#2118,(#2122,#2129),.PCURVE_S1.);
#2118 = LINE('',#2119,#2120);
#2119 = CARTESIAN_POINT('',(-92.075,190.5,6.35));
#2120 = VECTOR('',#2121,1.);
#2121 = DIRECTION('',(1.,0.,0.));
#2122 = PCURVE('',#210,#2123);
#2123 = DEFINITIONAL_REPRESENTATION('',(#2124),#2128);
#2124 = LINE('',#2125,#2126);
#2125 = CARTESIAN_POINT('',(0.,381.));
#2126 = VECTOR('',#2127,1.);
#2127 = DIRECTION('',(1.,0.));
#2128 = ( GEOMETRIC_REPRESENTATION_CONTEXT(2) 
PARAMETRIC_REPRESENTATION_CONTEXT() REPRESENTATION_CONTEXT('2D SPACE',''
  ) );
#2129 = PCURVE('',#702,#2130);
#2130 = DEFINITIONAL_REPRESENTATION('',(#2131),#2135);
#2131 = LINE('',#2132,#2133);
#2132 = CARTESIAN_POINT('',(244.475,172.72));
#2133 = VECTOR('',#2134,1.);
#2134 = DIRECTION('',(-1.,-0.));
#2135 = ( GEOMETRIC_REPRESENTATION_CONTEXT(2) 
PARAMETRIC_REPRESENTATION_CONTEXT() REPRESENTATION_CONTEXT('2D SPACE',''
  ) );
#2136 = ORIENTED_EDGE('',*,*,#2137,.F.);
#2137 = EDGE_CURVE('',#2138,#2115,#2140,.T.);
#2138 = VERTEX_POINT('',#2139);
#2139 = CARTESIAN_POINT('',(-92.075,188.468,6.35));
#2140 = SURFACE_CURVE('',#2141,(#2145,#2152),.PCURVE_S1.);
#2141 = LINE('',#2142,#2143);
#2142 = CARTESIAN_POINT('',(-92.075,187.198,6.35));
#2143 = VECTOR('',#2144,1.);
#2144 = DIRECTION('',(0.,1.,0.));
#2145 = PCURVE('',#210,#2146);
#2146 = DEFINITIONAL_REPRESENTATION('',(#2147),#2151);
#2147 = LINE('',#2148,#2149);
#2148 = CARTESIAN_POINT('',(0.,377.698));
#2149 = VECTOR('',#2150,1.);
#2150 = DIRECTION('',(0.,1.));
#2151 = ( GEOMETRIC_REPRESENTATION_CONTEXT(2) 
PARAMETRIC_REPRESENTATION_CONTEXT() REPRESENTATION_CONTEXT('2D SPACE',''
  ) );
#2152 = PCURVE('',#2153,#2158);
#2153 = PLANE('',#2154);
#2154 = AXIS2_PLACEMENT_3D('',#2155,#2156,#2157);
#2155 = CARTESIAN_POINT('',(-92.075,187.198,6.35));
#2156 = DIRECTION('',(1.,0.,0.));
#2157 = DIRECTION('',(0.,0.,1.));
#2158 = DEFINITIONAL_REPRESENTATION('',(#2159),#2163);
#2159 = LINE('',#2160,#2161);
#2160 = CARTESIAN_POINT('',(0.,0.));
#2161 = VECTOR('',#2162,1.);
#2162 = DIRECTION('',(0.,-1.));
#2163 = ( GEOMETRIC_REPRESENTATION_CONTEXT(2) 
PARAMETRIC_REPRESENTATION_CONTEXT() REPRESENTATION_CONTEXT('2D SPACE',''
  ) );
#2164 = ORIENTED_EDGE('',*,*,#2165,.T.);
#2165 = EDGE_CURVE('',#2138,#2166,#2168,.T.);
#2166 = VERTEX_POINT('',#2167);
#2167 = CARTESIAN_POINT('',(-139.7,188.468,6.35));
#2168 = SURFACE_CURVE('',#2169,(#2173,#2180),.PCURVE_S1.);
#2169 = LINE('',#2170,#2171);
#2170 = CARTESIAN_POINT('',(150.368,188.468,6.35));
#2171 = VECTOR('',#2172,1.);
#2172 = DIRECTION('',(-1.,0.,0.));
#2173 = PCURVE('',#210,#2174);
#2174 = DEFINITIONAL_REPRESENTATION('',(#2175),#2179);
#2175 = LINE('',#2176,#2177);
#2176 = CARTESIAN_POINT('',(242.443,378.968));
#2177 = VECTOR('',#2178,1.);
#2178 = DIRECTION('',(-1.,0.));
#2179 = ( GEOMETRIC_REPRESENTATION_CONTEXT(2) 
PARAMETRIC_REPRESENTATION_CONTEXT() REPRESENTATION_CONTEXT('2D SPACE',''
  ) );
#2180 = PCURVE('',#2181,#2186);
#2181 = PLANE('',#2182);
#2182 = AXIS2_PLACEMENT_3D('',#2183,#2184,#2185);
#2183 = CARTESIAN_POINT('',(150.368,188.468,6.35));
#2184 = DIRECTION('',(0.,-1.,0.));
#2185 = DIRECTION('',(-1.,0.,0.));
#2186 = DEFINITIONAL_REPRESENTATION('',(#2187),#2191);
#2187 = LINE('',#2188,#2189);
#2188 = CARTESIAN_POINT('',(0.,-0.));
#2189 = VECTOR('',#2190,1.);
#2190 = DIRECTION('',(1.,0.));
#2191 = ( GEOMETRIC_REPRESENTATION_CONTEXT(2) 
PARAMETRIC_REPRESENTATION_CONTEXT() REPRESENTATION_CONTEXT('2D SPACE',''
  ) );
#2192 = ORIENTED_EDGE('',*,*,#2193,.T.);
#2193 = EDGE_CURVE('',#2166,#2194,#2196,.T.);
#2194 = VERTEX_POINT('',#2195);
#2195 = CARTESIAN_POINT('',(-150.368,177.8,6.35));
#2196 = SURFACE_CURVE('',#2197,(#2202,#2209),.PCURVE_S1.);
#2197 = CIRCLE('',#2198,10.668);
#2198 = AXIS2_PLACEMENT_3D('',#2199,#2200,#2201);
#2199 = CARTESIAN_POINT('',(-139.7,177.8,6.35));
#2200 = DIRECTION('',(0.,0.,1.));
#2201 = DIRECTION('',(0.,-1.,0.));
#2202 = PCURVE('',#210,#2203);
#2203 = DEFINITIONAL_REPRESENTATION('',(#2204),#2208);
#2204 = CIRCLE('',#2205,10.668);
#2205 = AXIS2_PLACEMENT_2D('',#2206,#2207);
#2206 = CARTESIAN_POINT('',(-47.625,368.3));
#2207 = DIRECTION('',(0.,-1.));
#2208 = ( GEOMETRIC_REPRESENTATION_CONTEXT(2) 
PARAMETRIC_REPRESENTATION_CONTEXT() REPRESENTATION_CONTEXT('2D SPACE',''
  ) );
#2209 = PCURVE('',#2210,#2215);
#2210 = CYLINDRICAL_SURFACE('',#2211,10.668);
#2211 = AXIS2_PLACEMENT_3D('',#2212,#2213,#2214);
#2212 = CARTESIAN_POINT('',(-139.7,177.8,6.35));
#2213 = DIRECTION('',(0.,0.,1.));
#2214 = DIRECTION('',(-0.,1.,0.));
#2215 = DEFINITIONAL_REPRESENTATION('',(#2216),#2219);
#2216 = B_SPLINE_CURVE_WITH_KNOTS('',1,(#2217,#2218),.UNSPECIFIED.,.F.,
  .F.,(2,2),(3.14159265359,4.712388980385),.PIECEWISE_BEZIER_KNOTS.);
#2217 = CARTESIAN_POINT('',(0.,0.));
#2218 = CARTESIAN_POINT('',(1.570796326795,0.));
#2219 = ( GEOMETRIC_REPRESENTATION_CONTEXT(2) 
PARAMETRIC_REPRESENTATION_CONTEXT() REPRESENTATION_CONTEXT('2D SPACE',''
  ) );
#2220 = ORIENTED_EDGE('',*,*,#2221,.T.);
#2221 = EDGE_CURVE('',#2194,#2222,#2224,.T.);
#2222 = VERTEX_POINT('',#2223);
#2223 = CARTESIAN_POINT('',(-150.368,117.475,6.35));
#2224 = SURFACE_CURVE('',#2225,(#2229,#2236),.PCURVE_S1.);
#2225 = LINE('',#2226,#2227);
#2226 = CARTESIAN_POINT('',(-150.368,188.468,6.35));
#2227 = VECTOR('',#2228,1.);
#2228 = DIRECTION('',(0.,-1.,0.));
#2229 = PCURVE('',#210,#2230);
#2230 = DEFINITIONAL_REPRESENTATION('',(#2231),#2235);
#2231 = LINE('',#2232,#2233);
#2232 = CARTESIAN_POINT('',(-58.293,378.968));
#2233 = VECTOR('',#2234,1.);
#2234 = DIRECTION('',(0.,-1.));
#2235 = ( GEOMETRIC_REPRESENTATION_CONTEXT(2) 
PARAMETRIC_REPRESENTATION_CONTEXT() REPRESENTATION_CONTEXT('2D SPACE',''
  ) );
#2236 = PCURVE('',#2237,#2242);
#2237 = PLANE('',#2238);
#2238 = AXIS2_PLACEMENT_3D('',#2239,#2240,#2241);
#2239 = CARTESIAN_POINT('',(-150.368,188.468,6.35));
#2240 = DIRECTION('',(1.,0.,-0.));
#2241 = DIRECTION('',(0.,-1.,0.));
#2242 = DEFINITIONAL_REPRESENTATION('',(#2243),#2247);
#2243 = LINE('',#2244,#2245);
#2244 = CARTESIAN_POINT('',(0.,0.));
#2245 = VECTOR('',#2246,1.);
#2246 = DIRECTION('',(1.,0.));
#2247 = ( GEOMETRIC_REPRESENTATION_CONTEXT(2) 
PARAMETRIC_REPRESENTATION_CONTEXT() REPRESENTATION_CONTEXT('2D SPACE',''
  ) );
#2248 = ORIENTED_EDGE('',*,*,#2249,.F.);
#2249 = EDGE_CURVE('',#2250,#2222,#2252,.T.);
#2250 = VERTEX_POINT('',#2251);
#2251 = CARTESIAN_POINT('',(-152.4,117.475,6.35));
#2252 = SURFACE_CURVE('',#2253,(#2257,#2264),.PCURVE_S1.);
#2253 = LINE('',#2254,#2255);
#2254 = CARTESIAN_POINT('',(-152.4,117.475,6.35));
#2255 = VECTOR('',#2256,1.);
#2256 = DIRECTION('',(1.,0.,0.));
#2257 = PCURVE('',#210,#2258);
#2258 = DEFINITIONAL_REPRESENTATION('',(#2259),#2263);
#2259 = LINE('',#2260,#2261);
#2260 = CARTESIAN_POINT('',(-60.325,307.975));
#2261 = VECTOR('',#2262,1.);
#2262 = DIRECTION('',(1.,0.));
#2263 = ( GEOMETRIC_REPRESENTATION_CONTEXT(2) 
PARAMETRIC_REPRESENTATION_CONTEXT() REPRESENTATION_CONTEXT('2D SPACE',''
  ) );
#2264 = PCURVE('',#2265,#2270);
#2265 = PLANE('',#2266);
#2266 = AXIS2_PLACEMENT_3D('',#2267,#2268,#2269);
#2267 = CARTESIAN_POINT('',(-152.4,117.475,6.35));
#2268 = DIRECTION('',(0.,1.,0.));
#2269 = DIRECTION('',(0.,0.,1.));
#2270 = DEFINITIONAL_REPRESENTATION('',(#2271),#2275);
#2271 = LINE('',#2272,#2273);
#2272 = CARTESIAN_POINT('',(0.,0.));
#2273 = VECTOR('',#2274,1.);
#2274 = DIRECTION('',(0.,1.));
#2275 = ( GEOMETRIC_REPRESENTATION_CONTEXT(2) 
PARAMETRIC_REPRESENTATION_CONTEXT() REPRESENTATION_CONTEXT('2D SPACE',''
  ) );
#2276 = ORIENTED_EDGE('',*,*,#2277,.F.);
#2277 = EDGE_CURVE('',#2278,#2250,#2280,.T.);
#2278 = VERTEX_POINT('',#2279);
#2279 = CARTESIAN_POINT('',(-152.4,111.125,6.35));
#2280 = SURFACE_CURVE('',#2281,(#2285,#2292),.PCURVE_S1.);
#2281 = LINE('',#2282,#2283);
#2282 = CARTESIAN_POINT('',(-152.4,111.125,6.35));
#2283 = VECTOR('',#2284,1.);
#2284 = DIRECTION('',(0.,1.,0.));
#2285 = PCURVE('',#210,#2286);
#2286 = DEFINITIONAL_REPRESENTATION('',(#2287),#2291);
#2287 = LINE('',#2288,#2289);
#2288 = CARTESIAN_POINT('',(-60.325,301.625));
#2289 = VECTOR('',#2290,1.);
#2290 = DIRECTION('',(0.,1.));
#2291 = ( GEOMETRIC_REPRESENTATION_CONTEXT(2) 
PARAMETRIC_REPRESENTATION_CONTEXT() REPRESENTATION_CONTEXT('2D SPACE',''
  ) );
#2292 = PCURVE('',#539,#2293);
#2293 = DEFINITIONAL_REPRESENTATION('',(#2294),#2298);
#2294 = LINE('',#2295,#2296);
#2295 = CARTESIAN_POINT('',(79.375,172.72));
#2296 = VECTOR('',#2297,1.);
#2297 = DIRECTION('',(-1.,0.));
#2298 = ( GEOMETRIC_REPRESENTATION_CONTEXT(2) 
PARAMETRIC_REPRESENTATION_CONTEXT() REPRESENTATION_CONTEXT('2D SPACE',''
  ) );
#2299 = ORIENTED_EDGE('',*,*,#2300,.T.);
#2300 = EDGE_CURVE('',#2278,#2301,#2303,.T.);
#2301 = VERTEX_POINT('',#2302);
#2302 = CARTESIAN_POINT('',(-150.368,111.125,6.35));
#2303 = SURFACE_CURVE('',#2304,(#2308,#2315),.PCURVE_S1.);
#2304 = LINE('',#2305,#2306);
#2305 = CARTESIAN_POINT('',(-152.4,111.125,6.35));
#2306 = VECTOR('',#2307,1.);
#2307 = DIRECTION('',(1.,0.,0.));
#2308 = PCURVE('',#210,#2309);
#2309 = DEFINITIONAL_REPRESENTATION('',(#2310),#2314);
#2310 = LINE('',#2311,#2312);
#2311 = CARTESIAN_POINT('',(-60.325,301.625));
#2312 = VECTOR('',#2313,1.);
#2313 = DIRECTION('',(1.,0.));
#2314 = ( GEOMETRIC_REPRESENTATION_CONTEXT(2) 
PARAMETRIC_REPRESENTATION_CONTEXT() REPRESENTATION_CONTEXT('2D SPACE',''
  ) );
#2315 = PCURVE('',#2316,#2321);
#2316 = PLANE('',#2317);
#2317 = AXIS2_PLACEMENT_3D('',#2318,#2319,#2320);
#2318 = CARTESIAN_POINT('',(-152.4,111.125,6.35));
#2319 = DIRECTION('',(0.,1.,0.));
#2320 = DIRECTION('',(0.,0.,1.));
#2321 = DEFINITIONAL_REPRESENTATION('',(#2322),#2326);
#2322 = LINE('',#2323,#2324);
#2323 = CARTESIAN_POINT('',(0.,0.));
#2324 = VECTOR('',#2325,1.);
#2325 = DIRECTION('',(0.,1.));
#2326 = ( GEOMETRIC_REPRESENTATION_CONTEXT(2) 
PARAMETRIC_REPRESENTATION_CONTEXT() REPRESENTATION_CONTEXT('2D SPACE',''
  ) );
#2327 = ORIENTED_EDGE('',*,*,#2328,.T.);
#2328 = EDGE_CURVE('',#2301,#2329,#2331,.T.);
#2329 = VERTEX_POINT('',#2330);
#2330 = CARTESIAN_POINT('',(-150.368,-111.125,6.35));
#2331 = SURFACE_CURVE('',#2332,(#2336,#2343),.PCURVE_S1.);
#2332 = LINE('',#2333,#2334);
#2333 = CARTESIAN_POINT('',(-150.368,188.468,6.35));
#2334 = VECTOR('',#2335,1.);
#2335 = DIRECTION('',(0.,-1.,0.));
#2336 = PCURVE('',#210,#2337);
#2337 = DEFINITIONAL_REPRESENTATION('',(#2338),#2342);
#2338 = LINE('',#2339,#2340);
#2339 = CARTESIAN_POINT('',(-58.293,378.968));
#2340 = VECTOR('',#2341,1.);
#2341 = DIRECTION('',(0.,-1.));
#2342 = ( GEOMETRIC_REPRESENTATION_CONTEXT(2) 
PARAMETRIC_REPRESENTATION_CONTEXT() REPRESENTATION_CONTEXT('2D SPACE',''
  ) );
#2343 = PCURVE('',#2344,#2349);
#2344 = PLANE('',#2345);
#2345 = AXIS2_PLACEMENT_3D('',#2346,#2347,#2348);
#2346 = CARTESIAN_POINT('',(-150.368,188.468,6.35));
#2347 = DIRECTION('',(1.,0.,-0.));
#2348 = DIRECTION('',(0.,-1.,0.));
#2349 = DEFINITIONAL_REPRESENTATION('',(#2350),#2354);
#2350 = LINE('',#2351,#2352);
#2351 = CARTESIAN_POINT('',(0.,0.));
#2352 = VECTOR('',#2353,1.);
#2353 = DIRECTION('',(1.,0.));
#2354 = ( GEOMETRIC_REPRESENTATION_CONTEXT(2) 
PARAMETRIC_REPRESENTATION_CONTEXT() REPRESENTATION_CONTEXT('2D SPACE',''
  ) );
#2355 = ORIENTED_EDGE('',*,*,#2356,.F.);
#2356 = EDGE_CURVE('',#2357,#2329,#2359,.T.);
#2357 = VERTEX_POINT('',#2358);
#2358 = CARTESIAN_POINT('',(-152.4,-111.125,6.35));
#2359 = SURFACE_CURVE('',#2360,(#2364,#2371),.PCURVE_S1.);
#2360 = LINE('',#2361,#2362);
#2361 = CARTESIAN_POINT('',(-152.4,-111.125,6.35));
#2362 = VECTOR('',#2363,1.);
#2363 = DIRECTION('',(1.,0.,0.));
#2364 = PCURVE('',#210,#2365);
#2365 = DEFINITIONAL_REPRESENTATION('',(#2366),#2370);
#2366 = LINE('',#2367,#2368);
#2367 = CARTESIAN_POINT('',(-60.325,79.375));
#2368 = VECTOR('',#2369,1.);
#2369 = DIRECTION('',(1.,0.));
#2370 = ( GEOMETRIC_REPRESENTATION_CONTEXT(2) 
PARAMETRIC_REPRESENTATION_CONTEXT() REPRESENTATION_CONTEXT('2D SPACE',''
  ) );
#2371 = PCURVE('',#2372,#2377);
#2372 = PLANE('',#2373);
#2373 = AXIS2_PLACEMENT_3D('',#2374,#2375,#2376);
#2374 = CARTESIAN_POINT('',(-152.4,-111.125,6.35));
#2375 = DIRECTION('',(0.,1.,0.));
#2376 = DIRECTION('',(0.,0.,1.));
#2377 = DEFINITIONAL_REPRESENTATION('',(#2378),#2382);
#2378 = LINE('',#2379,#2380);
#2379 = CARTESIAN_POINT('',(0.,0.));
#2380 = VECTOR('',#2381,1.);
#2381 = DIRECTION('',(0.,1.));
#2382 = ( GEOMETRIC_REPRESENTATION_CONTEXT(2) 
PARAMETRIC_REPRESENTATION_CONTEXT() REPRESENTATION_CONTEXT('2D SPACE',''
  ) );
#2383 = ORIENTED_EDGE('',*,*,#2384,.F.);
#2384 = EDGE_CURVE('',#2385,#2357,#2387,.T.);
#2385 = VERTEX_POINT('',#2386);
#2386 = CARTESIAN_POINT('',(-152.4,-117.475,6.35));
#2387 = SURFACE_CURVE('',#2388,(#2392,#2399),.PCURVE_S1.);
#2388 = LINE('',#2389,#2390);
#2389 = CARTESIAN_POINT('',(-152.4,-117.475,6.35));
#2390 = VECTOR('',#2391,1.);
#2391 = DIRECTION('',(0.,1.,0.));
#2392 = PCURVE('',#210,#2393);
#2393 = DEFINITIONAL_REPRESENTATION('',(#2394),#2398);
#2394 = LINE('',#2395,#2396);
#2395 = CARTESIAN_POINT('',(-60.325,73.025));
#2396 = VECTOR('',#2397,1.);
#2397 = DIRECTION('',(0.,1.));
#2398 = ( GEOMETRIC_REPRESENTATION_CONTEXT(2) 
PARAMETRIC_REPRESENTATION_CONTEXT() REPRESENTATION_CONTEXT('2D SPACE',''
  ) );
#2399 = PCURVE('',#539,#2400);
#2400 = DEFINITIONAL_REPRESENTATION('',(#2401),#2405);
#2401 = LINE('',#2402,#2403);
#2402 = CARTESIAN_POINT('',(307.975,172.72));
#2403 = VECTOR('',#2404,1.);
#2404 = DIRECTION('',(-1.,0.));
#2405 = ( GEOMETRIC_REPRESENTATION_CONTEXT(2) 
PARAMETRIC_REPRESENTATION_CONTEXT() REPRESENTATION_CONTEXT('2D SPACE',''
  ) );
#2406 = ORIENTED_EDGE('',*,*,#2407,.T.);
#2407 = EDGE_CURVE('',#2385,#2408,#2410,.T.);
#2408 = VERTEX_POINT('',#2409);
#2409 = CARTESIAN_POINT('',(-150.368,-117.475,6.35));
#2410 = SURFACE_CURVE('',#2411,(#2415,#2422),.PCURVE_S1.);
#2411 = LINE('',#2412,#2413);
#2412 = CARTESIAN_POINT('',(-152.4,-117.475,6.35));
#2413 = VECTOR('',#2414,1.);
#2414 = DIRECTION('',(1.,0.,0.));
#2415 = PCURVE('',#210,#2416);
#2416 = DEFINITIONAL_REPRESENTATION('',(#2417),#2421);
#2417 = LINE('',#2418,#2419);
#2418 = CARTESIAN_POINT('',(-60.325,73.025));
#2419 = VECTOR('',#2420,1.);
#2420 = DIRECTION('',(1.,0.));
#2421 = ( GEOMETRIC_REPRESENTATION_CONTEXT(2) 
PARAMETRIC_REPRESENTATION_CONTEXT() REPRESENTATION_CONTEXT('2D SPACE',''
  ) );
#2422 = PCURVE('',#513,#2423);
#2423 = DEFINITIONAL_REPRESENTATION('',(#2424),#2428);
#2424 = LINE('',#2425,#2426);
#2425 = CARTESIAN_POINT('',(0.,0.));
#2426 = VECTOR('',#2427,1.);
#2427 = DIRECTION('',(0.,1.));
#2428 = ( GEOMETRIC_REPRESENTATION_CONTEXT(2) 
PARAMETRIC_REPRESENTATION_CONTEXT() REPRESENTATION_CONTEXT('2D SPACE',''
  ) );
#2429 = ORIENTED_EDGE('',*,*,#2430,.T.);
#2430 = EDGE_CURVE('',#2408,#2431,#2433,.T.);
#2431 = VERTEX_POINT('',#2432);
#2432 = CARTESIAN_POINT('',(-150.368,-177.8,6.35));
#2433 = SURFACE_CURVE('',#2434,(#2438,#2445),.PCURVE_S1.);
#2434 = LINE('',#2435,#2436);
#2435 = CARTESIAN_POINT('',(-150.368,188.468,6.35));
#2436 = VECTOR('',#2437,1.);
#2437 = DIRECTION('',(0.,-1.,0.));
#2438 = PCURVE('',#210,#2439);
#2439 = DEFINITIONAL_REPRESENTATION('',(#2440),#2444);
#2440 = LINE('',#2441,#2442);
#2441 = CARTESIAN_POINT('',(-58.293,378.968));
#2442 = VECTOR('',#2443,1.);
#2443 = DIRECTION('',(0.,-1.));
#2444 = ( GEOMETRIC_REPRESENTATION_CONTEXT(2) 
PARAMETRIC_REPRESENTATION_CONTEXT() REPRESENTATION_CONTEXT('2D SPACE',''
  ) );
#2445 = PCURVE('',#485,#2446);
#2446 = DEFINITIONAL_REPRESENTATION('',(#2447),#2451);
#2447 = LINE('',#2448,#2449);
#2448 = CARTESIAN_POINT('',(0.,0.));
#2449 = VECTOR('',#2450,1.);
#2450 = DIRECTION('',(1.,0.));
#2451 = ( GEOMETRIC_REPRESENTATION_CONTEXT(2) 
PARAMETRIC_REPRESENTATION_CONTEXT() REPRESENTATION_CONTEXT('2D SPACE',''
  ) );
#2452 = ORIENTED_EDGE('',*,*,#2453,.F.);
#2453 = EDGE_CURVE('',#2454,#2431,#2456,.T.);
#2454 = VERTEX_POINT('',#2455);
#2455 = CARTESIAN_POINT('',(-139.7,-188.468,6.35));
#2456 = SURFACE_CURVE('',#2457,(#2462,#2473),.PCURVE_S1.);
#2457 = CIRCLE('',#2458,10.668);
#2458 = AXIS2_PLACEMENT_3D('',#2459,#2460,#2461);
#2459 = CARTESIAN_POINT('',(-139.7,-177.8,6.35));
#2460 = DIRECTION('',(-0.,-0.,-1.));
#2461 = DIRECTION('',(0.,-1.,0.));
#2462 = PCURVE('',#210,#2463);
#2463 = DEFINITIONAL_REPRESENTATION('',(#2464),#2472);
#2464 = ( BOUNDED_CURVE() B_SPLINE_CURVE(2,(#2465,#2466,#2467,#2468,
#2469,#2470,#2471),.UNSPECIFIED.,.T.,.F.) B_SPLINE_CURVE_WITH_KNOTS((1,2
    ,2,2,2,1),(-2.094395102393,0.,2.094395102393,4.188790204786,
6.28318530718,8.377580409573),.UNSPECIFIED.) CURVE() 
GEOMETRIC_REPRESENTATION_ITEM() RATIONAL_B_SPLINE_CURVE((1.,0.5,1.,0.5,
1.,0.5,1.)) REPRESENTATION_ITEM('') );
#2465 = CARTESIAN_POINT('',(-47.625,2.032));
#2466 = CARTESIAN_POINT('',(-66.10251801514,2.032));
#2467 = CARTESIAN_POINT('',(-56.86375900757,18.034));
#2468 = CARTESIAN_POINT('',(-47.625,34.036));
#2469 = CARTESIAN_POINT('',(-38.38624099242,18.034));
#2470 = CARTESIAN_POINT('',(-29.14748198485,2.032));
#2471 = CARTESIAN_POINT('',(-47.625,2.032));
#2472 = ( GEOMETRIC_REPRESENTATION_CONTEXT(2) 
PARAMETRIC_REPRESENTATION_CONTEXT() REPRESENTATION_CONTEXT('2D SPACE',''
  ) );
#2473 = PCURVE('',#458,#2474);
#2474 = DEFINITIONAL_REPRESENTATION('',(#2475),#2478);
#2475 = B_SPLINE_CURVE_WITH_KNOTS('',1,(#2476,#2477),.UNSPECIFIED.,.F.,
  .F.,(2,2),(0.,1.570796326795),.PIECEWISE_BEZIER_KNOTS.);
#2476 = CARTESIAN_POINT('',(0.,0.));
#2477 = CARTESIAN_POINT('',(-1.570796326795,0.));
#2478 = ( GEOMETRIC_REPRESENTATION_CONTEXT(2) 
PARAMETRIC_REPRESENTATION_CONTEXT() REPRESENTATION_CONTEXT('2D SPACE',''
  ) );
#2479 = ORIENTED_EDGE('',*,*,#2480,.T.);
#2480 = EDGE_CURVE('',#2454,#1548,#2481,.T.);
#2481 = SURFACE_CURVE('',#2482,(#2486,#2493),.PCURVE_S1.);
#2482 = LINE('',#2483,#2484);
#2483 = CARTESIAN_POINT('',(-150.368,-188.468,6.35));
#2484 = VECTOR('',#2485,1.);
#2485 = DIRECTION('',(1.,0.,0.));
#2486 = PCURVE('',#210,#2487);
#2487 = DEFINITIONAL_REPRESENTATION('',(#2488),#2492);
#2488 = LINE('',#2489,#2490);
#2489 = CARTESIAN_POINT('',(-58.293,2.032));
#2490 = VECTOR('',#2491,1.);
#2491 = DIRECTION('',(1.,0.));
#2492 = ( GEOMETRIC_REPRESENTATION_CONTEXT(2) 
PARAMETRIC_REPRESENTATION_CONTEXT() REPRESENTATION_CONTEXT('2D SPACE',''
  ) );
#2493 = PCURVE('',#425,#2494);
#2494 = DEFINITIONAL_REPRESENTATION('',(#2495),#2499);
#2495 = LINE('',#2496,#2497);
#2496 = CARTESIAN_POINT('',(0.,0.));
#2497 = VECTOR('',#2498,1.);
#2498 = DIRECTION('',(1.,0.));
#2499 = ( GEOMETRIC_REPRESENTATION_CONTEXT(2) 
PARAMETRIC_REPRESENTATION_CONTEXT() REPRESENTATION_CONTEXT('2D SPACE',''
  ) );
#2500 = FACE_BOUND('',#2501,.F.);
#2501 = EDGE_LOOP('',(#2502,#2532,#2560,#2588,#2616,#2644,#2672,#2704));
#2502 = ORIENTED_EDGE('',*,*,#2503,.F.);
#2503 = EDGE_CURVE('',#2504,#2506,#2508,.T.);
#2504 = VERTEX_POINT('',#2505);
#2505 = CARTESIAN_POINT('',(-117.856,176.276,6.35));
#2506 = VERTEX_POINT('',#2507);
#2507 = CARTESIAN_POINT('',(-130.556,163.576,6.35));
#2508 = SURFACE_CURVE('',#2509,(#2514,#2521),.PCURVE_S1.);
#2509 = CIRCLE('',#2510,12.7);
#2510 = AXIS2_PLACEMENT_3D('',#2511,#2512,#2513);
#2511 = CARTESIAN_POINT('',(-117.856,163.576,6.35));
#2512 = DIRECTION('',(0.,0.,1.));
#2513 = DIRECTION('',(0.,-1.,0.));
#2514 = PCURVE('',#210,#2515);
#2515 = DEFINITIONAL_REPRESENTATION('',(#2516),#2520);
#2516 = CIRCLE('',#2517,12.7);
#2517 = AXIS2_PLACEMENT_2D('',#2518,#2519);
#2518 = CARTESIAN_POINT('',(-25.781,354.076));
#2519 = DIRECTION('',(0.,-1.));
#2520 = ( GEOMETRIC_REPRESENTATION_CONTEXT(2) 
PARAMETRIC_REPRESENTATION_CONTEXT() REPRESENTATION_CONTEXT('2D SPACE',''
  ) );
#2521 = PCURVE('',#2522,#2527);
#2522 = CYLINDRICAL_SURFACE('',#2523,12.7);
#2523 = AXIS2_PLACEMENT_3D('',#2524,#2525,#2526);
#2524 = CARTESIAN_POINT('',(-117.856,163.576,0.));
#2525 = DIRECTION('',(0.,0.,1.));
#2526 = DIRECTION('',(-0.,1.,0.));
#2527 = DEFINITIONAL_REPRESENTATION('',(#2528),#2531);
#2528 = B_SPLINE_CURVE_WITH_KNOTS('',1,(#2529,#2530),.UNSPECIFIED.,.F.,
  .F.,(2,2),(3.14159265359,4.712388980385),.PIECEWISE_BEZIER_KNOTS.);
#2529 = CARTESIAN_POINT('',(0.,6.35));
#2530 = CARTESIAN_POINT('',(1.570796326795,6.35));
#2531 = ( GEOMETRIC_REPRESENTATION_CONTEXT(2) 
PARAMETRIC_REPRESENTATION_CONTEXT() REPRESENTATION_CONTEXT('2D SPACE',''
  ) );
#2532 = ORIENTED_EDGE('',*,*,#2533,.F.);
#2533 = EDGE_CURVE('',#2534,#2504,#2536,.T.);
#2534 = VERTEX_POINT('',#2535);
#2535 = CARTESIAN_POINT('',(117.856,176.276,6.35));
#2536 = SURFACE_CURVE('',#2537,(#2541,#2548),.PCURVE_S1.);
#2537 = LINE('',#2538,#2539);
#2538 = CARTESIAN_POINT('',(130.556,176.276,6.35));
#2539 = VECTOR('',#2540,1.);
#2540 = DIRECTION('',(-1.,0.,0.));
#2541 = PCURVE('',#210,#2542);
#2542 = DEFINITIONAL_REPRESENTATION('',(#2543),#2547);
#2543 = LINE('',#2544,#2545);
#2544 = CARTESIAN_POINT('',(222.631,366.776));
#2545 = VECTOR('',#2546,1.);
#2546 = DIRECTION('',(-1.,0.));
#2547 = ( GEOMETRIC_REPRESENTATION_CONTEXT(2) 
PARAMETRIC_REPRESENTATION_CONTEXT() REPRESENTATION_CONTEXT('2D SPACE',''
  ) );
#2548 = PCURVE('',#2549,#2554);
#2549 = PLANE('',#2550);
#2550 = AXIS2_PLACEMENT_3D('',#2551,#2552,#2553);
#2551 = CARTESIAN_POINT('',(130.556,176.276,0.));
#2552 = DIRECTION('',(0.,-1.,0.));
#2553 = DIRECTION('',(-1.,0.,0.));
#2554 = DEFINITIONAL_REPRESENTATION('',(#2555),#2559);
#2555 = LINE('',#2556,#2557);
#2556 = CARTESIAN_POINT('',(0.,-6.35));
#2557 = VECTOR('',#2558,1.);
#2558 = DIRECTION('',(1.,0.));
#2559 = ( GEOMETRIC_REPRESENTATION_CONTEXT(2) 
PARAMETRIC_REPRESENTATION_CONTEXT() REPRESENTATION_CONTEXT('2D SPACE',''
  ) );
#2560 = ORIENTED_EDGE('',*,*,#2561,.F.);
#2561 = EDGE_CURVE('',#2562,#2534,#2564,.T.);
#2562 = VERTEX_POINT('',#2563);
#2563 = CARTESIAN_POINT('',(130.556,163.576,6.35));
#2564 = SURFACE_CURVE('',#2565,(#2570,#2577),.PCURVE_S1.);
#2565 = CIRCLE('',#2566,12.7);
#2566 = AXIS2_PLACEMENT_3D('',#2567,#2568,#2569);
#2567 = CARTESIAN_POINT('',(117.856,163.576,6.35));
#2568 = DIRECTION('',(0.,0.,1.));
#2569 = DIRECTION('',(0.,-1.,0.));
#2570 = PCURVE('',#210,#2571);
#2571 = DEFINITIONAL_REPRESENTATION('',(#2572),#2576);
#2572 = CIRCLE('',#2573,12.7);
#2573 = AXIS2_PLACEMENT_2D('',#2574,#2575);
#2574 = CARTESIAN_POINT('',(209.931,354.076));
#2575 = DIRECTION('',(0.,-1.));
#2576 = ( GEOMETRIC_REPRESENTATION_CONTEXT(2) 
PARAMETRIC_REPRESENTATION_CONTEXT() REPRESENTATION_CONTEXT('2D SPACE',''
  ) );
#2577 = PCURVE('',#2578,#2583);
#2578 = CYLINDRICAL_SURFACE('',#2579,12.7);
#2579 = AXIS2_PLACEMENT_3D('',#2580,#2581,#2582);
#2580 = CARTESIAN_POINT('',(117.856,163.576,0.));
#2581 = DIRECTION('',(0.,0.,1.));
#2582 = DIRECTION('',(1.,0.,-0.));
#2583 = DEFINITIONAL_REPRESENTATION('',(#2584),#2587);
#2584 = B_SPLINE_CURVE_WITH_KNOTS('',1,(#2585,#2586),.UNSPECIFIED.,.F.,
  .F.,(2,2),(1.570796326795,3.14159265359),.PIECEWISE_BEZIER_KNOTS.);
#2585 = CARTESIAN_POINT('',(0.,6.35));
#2586 = CARTESIAN_POINT('',(1.570796326795,6.35));
#2587 = ( GEOMETRIC_REPRESENTATION_CONTEXT(2) 
PARAMETRIC_REPRESENTATION_CONTEXT() REPRESENTATION_CONTEXT('2D SPACE',''
  ) );
#2588 = ORIENTED_EDGE('',*,*,#2589,.F.);
#2589 = EDGE_CURVE('',#2590,#2562,#2592,.T.);
#2590 = VERTEX_POINT('',#2591);
#2591 = CARTESIAN_POINT('',(130.556,-163.576,6.35));
#2592 = SURFACE_CURVE('',#2593,(#2597,#2604),.PCURVE_S1.);
#2593 = LINE('',#2594,#2595);
#2594 = CARTESIAN_POINT('',(130.556,-176.276,6.35));
#2595 = VECTOR('',#2596,1.);
#2596 = DIRECTION('',(0.,1.,0.));
#2597 = PCURVE('',#210,#2598);
#2598 = DEFINITIONAL_REPRESENTATION('',(#2599),#2603);
#2599 = LINE('',#2600,#2601);
#2600 = CARTESIAN_POINT('',(222.631,14.224));
#2601 = VECTOR('',#2602,1.);
#2602 = DIRECTION('',(0.,1.));
#2603 = ( GEOMETRIC_REPRESENTATION_CONTEXT(2) 
PARAMETRIC_REPRESENTATION_CONTEXT() REPRESENTATION_CONTEXT('2D SPACE',''
  ) );
#2604 = PCURVE('',#2605,#2610);
#2605 = PLANE('',#2606);
#2606 = AXIS2_PLACEMENT_3D('',#2607,#2608,#2609);
#2607 = CARTESIAN_POINT('',(130.556,-176.276,0.));
#2608 = DIRECTION('',(-1.,0.,0.));
#2609 = DIRECTION('',(0.,1.,0.));
#2610 = DEFINITIONAL_REPRESENTATION('',(#2611),#2615);
#2611 = LINE('',#2612,#2613);
#2612 = CARTESIAN_POINT('',(0.,-6.35));
#2613 = VECTOR('',#2614,1.);
#2614 = DIRECTION('',(1.,0.));
#2615 = ( GEOMETRIC_REPRESENTATION_CONTEXT(2) 
PARAMETRIC_REPRESENTATION_CONTEXT() REPRESENTATION_CONTEXT('2D SPACE',''
  ) );
#2616 = ORIENTED_EDGE('',*,*,#2617,.F.);
#2617 = EDGE_CURVE('',#2618,#2590,#2620,.T.);
#2618 = VERTEX_POINT('',#2619);
#2619 = CARTESIAN_POINT('',(117.856,-176.276,6.35));
#2620 = SURFACE_CURVE('',#2621,(#2626,#2633),.PCURVE_S1.);
#2621 = CIRCLE('',#2622,12.7);
#2622 = AXIS2_PLACEMENT_3D('',#2623,#2624,#2625);
#2623 = CARTESIAN_POINT('',(117.856,-163.576,6.35));
#2624 = DIRECTION('',(0.,0.,1.));
#2625 = DIRECTION('',(0.,-1.,0.));
#2626 = PCURVE('',#210,#2627);
#2627 = DEFINITIONAL_REPRESENTATION('',(#2628),#2632);
#2628 = CIRCLE('',#2629,12.7);
#2629 = AXIS2_PLACEMENT_2D('',#2630,#2631);
#2630 = CARTESIAN_POINT('',(209.931,26.924));
#2631 = DIRECTION('',(0.,-1.));
#2632 = ( GEOMETRIC_REPRESENTATION_CONTEXT(2) 
PARAMETRIC_REPRESENTATION_CONTEXT() REPRESENTATION_CONTEXT('2D SPACE',''
  ) );
#2633 = PCURVE('',#2634,#2639);
#2634 = CYLINDRICAL_SURFACE('',#2635,12.7);
#2635 = AXIS2_PLACEMENT_3D('',#2636,#2637,#2638);
#2636 = CARTESIAN_POINT('',(117.856,-163.576,0.));
#2637 = DIRECTION('',(0.,0.,1.));
#2638 = DIRECTION('',(0.,-1.,0.));
#2639 = DEFINITIONAL_REPRESENTATION('',(#2640),#2643);
#2640 = B_SPLINE_CURVE_WITH_KNOTS('',1,(#2641,#2642),.UNSPECIFIED.,.F.,
  .F.,(2,2),(0.,1.570796326795),.PIECEWISE_BEZIER_KNOTS.);
#2641 = CARTESIAN_POINT('',(0.,6.35));
#2642 = CARTESIAN_POINT('',(1.570796326795,6.35));
#2643 = ( GEOMETRIC_REPRESENTATION_CONTEXT(2) 
PARAMETRIC_REPRESENTATION_CONTEXT() REPRESENTATION_CONTEXT('2D SPACE',''
  ) );
#2644 = ORIENTED_EDGE('',*,*,#2645,.F.);
#2645 = EDGE_CURVE('',#2646,#2618,#2648,.T.);
#2646 = VERTEX_POINT('',#2647);
#2647 = CARTESIAN_POINT('',(-117.856,-176.276,6.35));
#2648 = SURFACE_CURVE('',#2649,(#2653,#2660),.PCURVE_S1.);
#2649 = LINE('',#2650,#2651);
#2650 = CARTESIAN_POINT('',(-130.556,-176.276,6.35));
#2651 = VECTOR('',#2652,1.);
#2652 = DIRECTION('',(1.,0.,0.));
#2653 = PCURVE('',#210,#2654);
#2654 = DEFINITIONAL_REPRESENTATION('',(#2655),#2659);
#2655 = LINE('',#2656,#2657);
#2656 = CARTESIAN_POINT('',(-38.481,14.224));
#2657 = VECTOR('',#2658,1.);
#2658 = DIRECTION('',(1.,0.));
#2659 = ( GEOMETRIC_REPRESENTATION_CONTEXT(2) 
PARAMETRIC_REPRESENTATION_CONTEXT() REPRESENTATION_CONTEXT('2D SPACE',''
  ) );
#2660 = PCURVE('',#2661,#2666);
#2661 = PLANE('',#2662);
#2662 = AXIS2_PLACEMENT_3D('',#2663,#2664,#2665);
#2663 = CARTESIAN_POINT('',(-130.556,-176.276,0.));
#2664 = DIRECTION('',(0.,1.,0.));
#2665 = DIRECTION('',(1.,0.,0.));
#2666 = DEFINITIONAL_REPRESENTATION('',(#2667),#2671);
#2667 = LINE('',#2668,#2669);
#2668 = CARTESIAN_POINT('',(0.,-6.35));
#2669 = VECTOR('',#2670,1.);
#2670 = DIRECTION('',(1.,0.));
#2671 = ( GEOMETRIC_REPRESENTATION_CONTEXT(2) 
PARAMETRIC_REPRESENTATION_CONTEXT() REPRESENTATION_CONTEXT('2D SPACE',''
  ) );
#2672 = ORIENTED_EDGE('',*,*,#2673,.T.);
#2673 = EDGE_CURVE('',#2646,#2674,#2676,.T.);
#2674 = VERTEX_POINT('',#2675);
#2675 = CARTESIAN_POINT('',(-130.556,-163.576,6.35));
#2676 = SURFACE_CURVE('',#2677,(#2682,#2693),.PCURVE_S1.);
#2677 = CIRCLE('',#2678,12.7);
#2678 = AXIS2_PLACEMENT_3D('',#2679,#2680,#2681);
#2679 = CARTESIAN_POINT('',(-117.856,-163.576,6.35));
#2680 = DIRECTION('',(-0.,-0.,-1.));
#2681 = DIRECTION('',(0.,-1.,0.));
#2682 = PCURVE('',#210,#2683);
#2683 = DEFINITIONAL_REPRESENTATION('',(#2684),#2692);
#2684 = ( BOUNDED_CURVE() B_SPLINE_CURVE(2,(#2685,#2686,#2687,#2688,
#2689,#2690,#2691),.UNSPECIFIED.,.T.,.F.) B_SPLINE_CURVE_WITH_KNOTS((1,2
    ,2,2,2,1),(-2.094395102393,0.,2.094395102393,4.188790204786,
6.28318530718,8.377580409573),.UNSPECIFIED.) CURVE() 
GEOMETRIC_REPRESENTATION_ITEM() RATIONAL_B_SPLINE_CURVE((1.,0.5,1.,0.5,
1.,0.5,1.)) REPRESENTATION_ITEM('') );
#2685 = CARTESIAN_POINT('',(-25.781,14.224));
#2686 = CARTESIAN_POINT('',(-47.77804525612,14.224));
#2687 = CARTESIAN_POINT('',(-36.77952262806,33.274));
#2688 = CARTESIAN_POINT('',(-25.781,52.324));
#2689 = CARTESIAN_POINT('',(-14.78247737193,33.274));
#2690 = CARTESIAN_POINT('',(-3.783954743875,14.224));
#2691 = CARTESIAN_POINT('',(-25.781,14.224));
#2692 = ( GEOMETRIC_REPRESENTATION_CONTEXT(2) 
PARAMETRIC_REPRESENTATION_CONTEXT() REPRESENTATION_CONTEXT('2D SPACE',''
  ) );
#2693 = PCURVE('',#2694,#2699);
#2694 = CYLINDRICAL_SURFACE('',#2695,12.7);
#2695 = AXIS2_PLACEMENT_3D('',#2696,#2697,#2698);
#2696 = CARTESIAN_POINT('',(-117.856,-163.576,0.));
#2697 = DIRECTION('',(0.,0.,1.));
#2698 = DIRECTION('',(0.,-1.,0.));
#2699 = DEFINITIONAL_REPRESENTATION('',(#2700),#2703);
#2700 = B_SPLINE_CURVE_WITH_KNOTS('',1,(#2701,#2702),.UNSPECIFIED.,.F.,
  .F.,(2,2),(0.,1.570796326795),.PIECEWISE_BEZIER_KNOTS.);
#2701 = CARTESIAN_POINT('',(0.,6.35));
#2702 = CARTESIAN_POINT('',(-1.570796326795,6.35));
#2703 = ( GEOMETRIC_REPRESENTATION_CONTEXT(2) 
PARAMETRIC_REPRESENTATION_CONTEXT() REPRESENTATION_CONTEXT('2D SPACE',''
  ) );
#2704 = ORIENTED_EDGE('',*,*,#2705,.F.);
#2705 = EDGE_CURVE('',#2506,#2674,#2706,.T.);
#2706 = SURFACE_CURVE('',#2707,(#2711,#2718),.PCURVE_S1.);
#2707 = LINE('',#2708,#2709);
#2708 = CARTESIAN_POINT('',(-130.556,176.276,6.35));
#2709 = VECTOR('',#2710,1.);
#2710 = DIRECTION('',(0.,-1.,0.));
#2711 = PCURVE('',#210,#2712);
#2712 = DEFINITIONAL_REPRESENTATION('',(#2713),#2717);
#2713 = LINE('',#2714,#2715);
#2714 = CARTESIAN_POINT('',(-38.481,366.776));
#2715 = VECTOR('',#2716,1.);
#2716 = DIRECTION('',(0.,-1.));
#2717 = ( GEOMETRIC_REPRESENTATION_CONTEXT(2) 
PARAMETRIC_REPRESENTATION_CONTEXT() REPRESENTATION_CONTEXT('2D SPACE',''
  ) );
#2718 = PCURVE('',#2719,#2724);
#2719 = PLANE('',#2720);
#2720 = AXIS2_PLACEMENT_3D('',#2721,#2722,#2723);
#2721 = CARTESIAN_POINT('',(-130.556,176.276,0.));
#2722 = DIRECTION('',(1.,0.,-0.));
#2723 = DIRECTION('',(0.,-1.,0.));
#2724 = DEFINITIONAL_REPRESENTATION('',(#2725),#2729);
#2725 = LINE('',#2726,#2727);
#2726 = CARTESIAN_POINT('',(0.,-6.35));
#2727 = VECTOR('',#2728,1.);
#2728 = DIRECTION('',(1.,0.));
#2729 = ( GEOMETRIC_REPRESENTATION_CONTEXT(2) 
PARAMETRIC_REPRESENTATION_CONTEXT() REPRESENTATION_CONTEXT('2D SPACE',''
  ) );
#2730 = ADVANCED_FACE('',(#2731),#238,.F.);
#2731 = FACE_BOUND('',#2732,.F.);
#2732 = EDGE_LOOP('',(#2733,#2756,#2757,#2758));
#2733 = ORIENTED_EDGE('',*,*,#2734,.F.);
#2734 = EDGE_CURVE('',#223,#2735,#2737,.T.);
#2735 = VERTEX_POINT('',#2736);
#2736 = CARTESIAN_POINT('',(85.725,-188.468,179.07));
#2737 = SURFACE_CURVE('',#2738,(#2742,#2749),.PCURVE_S1.);
#2738 = LINE('',#2739,#2740);
#2739 = CARTESIAN_POINT('',(85.725,-190.5,179.07));
#2740 = VECTOR('',#2741,1.);
#2741 = DIRECTION('',(0.,1.,0.));
#2742 = PCURVE('',#238,#2743);
#2743 = DEFINITIONAL_REPRESENTATION('',(#2744),#2748);
#2744 = LINE('',#2745,#2746);
#2745 = CARTESIAN_POINT('',(172.72,0.));
#2746 = VECTOR('',#2747,1.);
#2747 = DIRECTION('',(0.,-1.));
#2748 = ( GEOMETRIC_REPRESENTATION_CONTEXT(2) 
PARAMETRIC_REPRESENTATION_CONTEXT() REPRESENTATION_CONTEXT('2D SPACE',''
  ) );
#2749 = PCURVE('',#266,#2750);
#2750 = DEFINITIONAL_REPRESENTATION('',(#2751),#2755);
#2751 = LINE('',#2752,#2753);
#2752 = CARTESIAN_POINT('',(85.725,-190.5));
#2753 = VECTOR('',#2754,1.);
#2754 = DIRECTION('',(0.,1.));
#2755 = ( GEOMETRIC_REPRESENTATION_CONTEXT(2) 
PARAMETRIC_REPRESENTATION_CONTEXT() REPRESENTATION_CONTEXT('2D SPACE',''
  ) );
#2756 = ORIENTED_EDGE('',*,*,#222,.F.);
#2757 = ORIENTED_EDGE('',*,*,#1622,.T.);
#2758 = ORIENTED_EDGE('',*,*,#2759,.F.);
#2759 = EDGE_CURVE('',#2735,#1595,#2760,.T.);
#2760 = SURFACE_CURVE('',#2761,(#2765,#2772),.PCURVE_S1.);
#2761 = LINE('',#2762,#2763);
#2762 = CARTESIAN_POINT('',(85.725,-188.468,6.35));
#2763 = VECTOR('',#2764,1.);
#2764 = DIRECTION('',(0.,0.,-1.));
#2765 = PCURVE('',#238,#2766);
#2766 = DEFINITIONAL_REPRESENTATION('',(#2767),#2771);
#2767 = LINE('',#2768,#2769);
#2768 = CARTESIAN_POINT('',(0.,-2.032));
#2769 = VECTOR('',#2770,1.);
#2770 = DIRECTION('',(-1.,0.));
#2771 = ( GEOMETRIC_REPRESENTATION_CONTEXT(2) 
PARAMETRIC_REPRESENTATION_CONTEXT() REPRESENTATION_CONTEXT('2D SPACE',''
  ) );
#2772 = PCURVE('',#1610,#2773);
#2773 = DEFINITIONAL_REPRESENTATION('',(#2774),#2778);
#2774 = LINE('',#2775,#2776);
#2775 = CARTESIAN_POINT('',(236.093,0.));
#2776 = VECTOR('',#2777,1.);
#2777 = DIRECTION('',(0.,1.));
#2778 = ( GEOMETRIC_REPRESENTATION_CONTEXT(2) 
PARAMETRIC_REPRESENTATION_CONTEXT() REPRESENTATION_CONTEXT('2D SPACE',''
  ) );
#2779 = ADVANCED_FACE('',(#2780),#266,.F.);
#2780 = FACE_BOUND('',#2781,.F.);
#2781 = EDGE_LOOP('',(#2782,#2783,#2784,#2807));
#2782 = ORIENTED_EDGE('',*,*,#250,.T.);
#2783 = ORIENTED_EDGE('',*,*,#2734,.T.);
#2784 = ORIENTED_EDGE('',*,*,#2785,.F.);
#2785 = EDGE_CURVE('',#2786,#2735,#2788,.T.);
#2786 = VERTEX_POINT('',#2787);
#2787 = CARTESIAN_POINT('',(-85.725,-188.468,179.07));
#2788 = SURFACE_CURVE('',#2789,(#2793,#2800),.PCURVE_S1.);
#2789 = LINE('',#2790,#2791);
#2790 = CARTESIAN_POINT('',(-150.368,-188.468,179.07));
#2791 = VECTOR('',#2792,1.);
#2792 = DIRECTION('',(1.,0.,0.));
#2793 = PCURVE('',#266,#2794);
#2794 = DEFINITIONAL_REPRESENTATION('',(#2795),#2799);
#2795 = LINE('',#2796,#2797);
#2796 = CARTESIAN_POINT('',(-150.368,-188.468));
#2797 = VECTOR('',#2798,1.);
#2798 = DIRECTION('',(1.,0.));
#2799 = ( GEOMETRIC_REPRESENTATION_CONTEXT(2) 
PARAMETRIC_REPRESENTATION_CONTEXT() REPRESENTATION_CONTEXT('2D SPACE',''
  ) );
#2800 = PCURVE('',#1610,#2801);
#2801 = DEFINITIONAL_REPRESENTATION('',(#2802),#2806);
#2802 = LINE('',#2803,#2804);
#2803 = CARTESIAN_POINT('',(0.,-172.72));
#2804 = VECTOR('',#2805,1.);
#2805 = DIRECTION('',(1.,0.));
#2806 = ( GEOMETRIC_REPRESENTATION_CONTEXT(2) 
PARAMETRIC_REPRESENTATION_CONTEXT() REPRESENTATION_CONTEXT('2D SPACE',''
  ) );
#2807 = ORIENTED_EDGE('',*,*,#2808,.F.);
#2808 = EDGE_CURVE('',#251,#2786,#2809,.T.);
#2809 = SURFACE_CURVE('',#2810,(#2814,#2821),.PCURVE_S1.);
#2810 = LINE('',#2811,#2812);
#2811 = CARTESIAN_POINT('',(-85.725,-190.5,179.07));
#2812 = VECTOR('',#2813,1.);
#2813 = DIRECTION('',(0.,1.,0.));
#2814 = PCURVE('',#266,#2815);
#2815 = DEFINITIONAL_REPRESENTATION('',(#2816),#2820);
#2816 = LINE('',#2817,#2818);
#2817 = CARTESIAN_POINT('',(-85.725,-190.5));
#2818 = VECTOR('',#2819,1.);
#2819 = DIRECTION('',(0.,1.));
#2820 = ( GEOMETRIC_REPRESENTATION_CONTEXT(2) 
PARAMETRIC_REPRESENTATION_CONTEXT() REPRESENTATION_CONTEXT('2D SPACE',''
  ) );
#2821 = PCURVE('',#294,#2822);
#2822 = DEFINITIONAL_REPRESENTATION('',(#2823),#2827);
#2823 = LINE('',#2824,#2825);
#2824 = CARTESIAN_POINT('',(172.72,0.));
#2825 = VECTOR('',#2826,1.);
#2826 = DIRECTION('',(0.,-1.));
#2827 = ( GEOMETRIC_REPRESENTATION_CONTEXT(2) 
PARAMETRIC_REPRESENTATION_CONTEXT() REPRESENTATION_CONTEXT('2D SPACE',''
  ) );
#2828 = ADVANCED_FACE('',(#2829),#294,.T.);
#2829 = FACE_BOUND('',#2830,.T.);
#2830 = EDGE_LOOP('',(#2831,#2832,#2833,#2834));
#2831 = ORIENTED_EDGE('',*,*,#2808,.F.);
#2832 = ORIENTED_EDGE('',*,*,#278,.F.);
#2833 = ORIENTED_EDGE('',*,*,#1571,.T.);
#2834 = ORIENTED_EDGE('',*,*,#2835,.F.);
#2835 = EDGE_CURVE('',#2786,#1572,#2836,.T.);
#2836 = SURFACE_CURVE('',#2837,(#2841,#2848),.PCURVE_S1.);
#2837 = LINE('',#2838,#2839);
#2838 = CARTESIAN_POINT('',(-85.725,-188.468,6.35));
#2839 = VECTOR('',#2840,1.);
#2840 = DIRECTION('',(0.,0.,-1.));
#2841 = PCURVE('',#294,#2842);
#2842 = DEFINITIONAL_REPRESENTATION('',(#2843),#2847);
#2843 = LINE('',#2844,#2845);
#2844 = CARTESIAN_POINT('',(0.,-2.032));
#2845 = VECTOR('',#2846,1.);
#2846 = DIRECTION('',(-1.,0.));
#2847 = ( GEOMETRIC_REPRESENTATION_CONTEXT(2) 
PARAMETRIC_REPRESENTATION_CONTEXT() REPRESENTATION_CONTEXT('2D SPACE',''
  ) );
#2848 = PCURVE('',#1610,#2849);
#2849 = DEFINITIONAL_REPRESENTATION('',(#2850),#2854);
#2850 = LINE('',#2851,#2852);
#2851 = CARTESIAN_POINT('',(64.643,0.));
#2852 = VECTOR('',#2853,1.);
#2853 = DIRECTION('',(0.,1.));
#2854 = ( GEOMETRIC_REPRESENTATION_CONTEXT(2) 
PARAMETRIC_REPRESENTATION_CONTEXT() REPRESENTATION_CONTEXT('2D SPACE',''
  ) );
#2855 = ADVANCED_FACE('',(#2856),#343,.F.);
#2856 = FACE_BOUND('',#2857,.F.);
#2857 = EDGE_LOOP('',(#2858,#2859,#2860,#2861));
#2858 = ORIENTED_EDGE('',*,*,#386,.F.);
#2859 = ORIENTED_EDGE('',*,*,#329,.F.);
#2860 = ORIENTED_EDGE('',*,*,#1547,.T.);
#2861 = ORIENTED_EDGE('',*,*,#2862,.F.);
#2862 = EDGE_CURVE('',#387,#1548,#2863,.T.);
#2863 = SURFACE_CURVE('',#2864,(#2868,#2875),.PCURVE_S1.);
#2864 = LINE('',#2865,#2866);
#2865 = CARTESIAN_POINT('',(-92.075,-188.468,6.35));
#2866 = VECTOR('',#2867,1.);
#2867 = DIRECTION('',(0.,0.,-1.));
#2868 = PCURVE('',#343,#2869);
#2869 = DEFINITIONAL_REPRESENTATION('',(#2870),#2874);
#2870 = LINE('',#2871,#2872);
#2871 = CARTESIAN_POINT('',(0.,-2.032));
#2872 = VECTOR('',#2873,1.);
#2873 = DIRECTION('',(-1.,0.));
#2874 = ( GEOMETRIC_REPRESENTATION_CONTEXT(2) 
PARAMETRIC_REPRESENTATION_CONTEXT() REPRESENTATION_CONTEXT('2D SPACE',''
  ) );
#2875 = PCURVE('',#425,#2876);
#2876 = DEFINITIONAL_REPRESENTATION('',(#2877),#2881);
#2877 = LINE('',#2878,#2879);
#2878 = CARTESIAN_POINT('',(58.293,0.));
#2879 = VECTOR('',#2880,1.);
#2880 = DIRECTION('',(0.,1.));
#2881 = ( GEOMETRIC_REPRESENTATION_CONTEXT(2) 
PARAMETRIC_REPRESENTATION_CONTEXT() REPRESENTATION_CONTEXT('2D SPACE',''
  ) );
#2882 = ADVANCED_FACE('',(#2883),#539,.F.);
#2883 = FACE_BOUND('',#2884,.F.);
#2884 = EDGE_LOOP('',(#2885,#2915,#2935,#2936,#2937,#2938,#2959,#2960,
    #2983,#3011,#3032,#3033));
#2885 = ORIENTED_EDGE('',*,*,#2886,.F.);
#2886 = EDGE_CURVE('',#2887,#2889,#2891,.T.);
#2887 = VERTEX_POINT('',#2888);
#2888 = CARTESIAN_POINT('',(-152.4,177.8,179.07));
#2889 = VERTEX_POINT('',#2890);
#2890 = CARTESIAN_POINT('',(-152.4,117.475,179.07));
#2891 = SURFACE_CURVE('',#2892,(#2896,#2903),.PCURVE_S1.);
#2892 = LINE('',#2893,#2894);
#2893 = CARTESIAN_POINT('',(-152.4,190.5,179.07));
#2894 = VECTOR('',#2895,1.);
#2895 = DIRECTION('',(0.,-1.,0.));
#2896 = PCURVE('',#539,#2897);
#2897 = DEFINITIONAL_REPRESENTATION('',(#2898),#2902);
#2898 = LINE('',#2899,#2900);
#2899 = CARTESIAN_POINT('',(0.,0.));
#2900 = VECTOR('',#2901,1.);
#2901 = DIRECTION('',(1.,0.));
#2902 = ( GEOMETRIC_REPRESENTATION_CONTEXT(2) 
PARAMETRIC_REPRESENTATION_CONTEXT() REPRESENTATION_CONTEXT('2D SPACE',''
  ) );
#2903 = PCURVE('',#2904,#2909);
#2904 = PLANE('',#2905);
#2905 = AXIS2_PLACEMENT_3D('',#2906,#2907,#2908);
#2906 = CARTESIAN_POINT('',(0.,0.,179.07));
#2907 = DIRECTION('',(0.,0.,1.));
#2908 = DIRECTION('',(1.,0.,-0.));
#2909 = DEFINITIONAL_REPRESENTATION('',(#2910),#2914);
#2910 = LINE('',#2911,#2912);
#2911 = CARTESIAN_POINT('',(-152.4,190.5));
#2912 = VECTOR('',#2913,1.);
#2913 = DIRECTION('',(0.,-1.));
#2914 = ( GEOMETRIC_REPRESENTATION_CONTEXT(2) 
PARAMETRIC_REPRESENTATION_CONTEXT() REPRESENTATION_CONTEXT('2D SPACE',''
  ) );
#2915 = ORIENTED_EDGE('',*,*,#2916,.T.);
#2916 = EDGE_CURVE('',#2887,#715,#2917,.T.);
#2917 = SURFACE_CURVE('',#2918,(#2922,#2929),.PCURVE_S1.);
#2918 = LINE('',#2919,#2920);
#2919 = CARTESIAN_POINT('',(-152.4,177.8,179.07));
#2920 = VECTOR('',#2921,1.);
#2921 = DIRECTION('',(0.,0.,1.));
#2922 = PCURVE('',#539,#2923);
#2923 = DEFINITIONAL_REPRESENTATION('',(#2924),#2928);
#2924 = LINE('',#2925,#2926);
#2925 = CARTESIAN_POINT('',(12.7,0.));
#2926 = VECTOR('',#2927,1.);
#2927 = DIRECTION('',(0.,-1.));
#2928 = ( GEOMETRIC_REPRESENTATION_CONTEXT(2) 
PARAMETRIC_REPRESENTATION_CONTEXT() REPRESENTATION_CONTEXT('2D SPACE',''
  ) );
#2929 = PCURVE('',#731,#2930);
#2930 = DEFINITIONAL_REPRESENTATION('',(#2931),#2934);
#2931 = B_SPLINE_CURVE_WITH_KNOTS('',1,(#2932,#2933),.UNSPECIFIED.,.F.,
  .F.,(2,2),(0.,11.43),.PIECEWISE_BEZIER_KNOTS.);
#2932 = CARTESIAN_POINT('',(1.570796326795,0.));
#2933 = CARTESIAN_POINT('',(1.570796326795,11.43));
#2934 = ( GEOMETRIC_REPRESENTATION_CONTEXT(2) 
PARAMETRIC_REPRESENTATION_CONTEXT() REPRESENTATION_CONTEXT('2D SPACE',''
  ) );
#2935 = ORIENTED_EDGE('',*,*,#742,.T.);
#2936 = ORIENTED_EDGE('',*,*,#555,.F.);
#2937 = ORIENTED_EDGE('',*,*,#525,.F.);
#2938 = ORIENTED_EDGE('',*,*,#2939,.F.);
#2939 = EDGE_CURVE('',#2385,#498,#2940,.T.);
#2940 = SURFACE_CURVE('',#2941,(#2945,#2952),.PCURVE_S1.);
#2941 = LINE('',#2942,#2943);
#2942 = CARTESIAN_POINT('',(-152.4,-117.475,6.35));
#2943 = VECTOR('',#2944,1.);
#2944 = DIRECTION('',(0.,0.,1.));
#2945 = PCURVE('',#539,#2946);
#2946 = DEFINITIONAL_REPRESENTATION('',(#2947),#2951);
#2947 = LINE('',#2948,#2949);
#2948 = CARTESIAN_POINT('',(307.975,172.72));
#2949 = VECTOR('',#2950,1.);
#2950 = DIRECTION('',(0.,-1.));
#2951 = ( GEOMETRIC_REPRESENTATION_CONTEXT(2) 
PARAMETRIC_REPRESENTATION_CONTEXT() REPRESENTATION_CONTEXT('2D SPACE',''
  ) );
#2952 = PCURVE('',#513,#2953);
#2953 = DEFINITIONAL_REPRESENTATION('',(#2954),#2958);
#2954 = LINE('',#2955,#2956);
#2955 = CARTESIAN_POINT('',(0.,0.));
#2956 = VECTOR('',#2957,1.);
#2957 = DIRECTION('',(1.,0.));
#2958 = ( GEOMETRIC_REPRESENTATION_CONTEXT(2) 
PARAMETRIC_REPRESENTATION_CONTEXT() REPRESENTATION_CONTEXT('2D SPACE',''
  ) );
#2959 = ORIENTED_EDGE('',*,*,#2384,.T.);
#2960 = ORIENTED_EDGE('',*,*,#2961,.T.);
#2961 = EDGE_CURVE('',#2357,#2962,#2964,.T.);
#2962 = VERTEX_POINT('',#2963);
#2963 = CARTESIAN_POINT('',(-152.4,-111.125,179.07));
#2964 = SURFACE_CURVE('',#2965,(#2969,#2976),.PCURVE_S1.);
#2965 = LINE('',#2966,#2967);
#2966 = CARTESIAN_POINT('',(-152.4,-111.125,6.35));
#2967 = VECTOR('',#2968,1.);
#2968 = DIRECTION('',(0.,0.,1.));
#2969 = PCURVE('',#539,#2970);
#2970 = DEFINITIONAL_REPRESENTATION('',(#2971),#2975);
#2971 = LINE('',#2972,#2973);
#2972 = CARTESIAN_POINT('',(301.625,172.72));
#2973 = VECTOR('',#2974,1.);
#2974 = DIRECTION('',(0.,-1.));
#2975 = ( GEOMETRIC_REPRESENTATION_CONTEXT(2) 
PARAMETRIC_REPRESENTATION_CONTEXT() REPRESENTATION_CONTEXT('2D SPACE',''
  ) );
#2976 = PCURVE('',#2372,#2977);
#2977 = DEFINITIONAL_REPRESENTATION('',(#2978),#2982);
#2978 = LINE('',#2979,#2980);
#2979 = CARTESIAN_POINT('',(0.,0.));
#2980 = VECTOR('',#2981,1.);
#2981 = DIRECTION('',(1.,0.));
#2982 = ( GEOMETRIC_REPRESENTATION_CONTEXT(2) 
PARAMETRIC_REPRESENTATION_CONTEXT() REPRESENTATION_CONTEXT('2D SPACE',''
  ) );
#2983 = ORIENTED_EDGE('',*,*,#2984,.F.);
#2984 = EDGE_CURVE('',#2985,#2962,#2987,.T.);
#2985 = VERTEX_POINT('',#2986);
#2986 = CARTESIAN_POINT('',(-152.4,111.125,179.07));
#2987 = SURFACE_CURVE('',#2988,(#2992,#2999),.PCURVE_S1.);
#2988 = LINE('',#2989,#2990);
#2989 = CARTESIAN_POINT('',(-152.4,111.125,179.07));
#2990 = VECTOR('',#2991,1.);
#2991 = DIRECTION('',(0.,-1.,0.));
#2992 = PCURVE('',#539,#2993);
#2993 = DEFINITIONAL_REPRESENTATION('',(#2994),#2998);
#2994 = LINE('',#2995,#2996);
#2995 = CARTESIAN_POINT('',(79.375,0.));
#2996 = VECTOR('',#2997,1.);
#2997 = DIRECTION('',(1.,0.));
#2998 = ( GEOMETRIC_REPRESENTATION_CONTEXT(2) 
PARAMETRIC_REPRESENTATION_CONTEXT() REPRESENTATION_CONTEXT('2D SPACE',''
  ) );
#2999 = PCURVE('',#3000,#3005);
#3000 = PLANE('',#3001);
#3001 = AXIS2_PLACEMENT_3D('',#3002,#3003,#3004);
#3002 = CARTESIAN_POINT('',(0.,0.,179.07));
#3003 = DIRECTION('',(0.,0.,1.));
#3004 = DIRECTION('',(1.,0.,-0.));
#3005 = DEFINITIONAL_REPRESENTATION('',(#3006),#3010);
#3006 = LINE('',#3007,#3008);
#3007 = CARTESIAN_POINT('',(-152.4,111.125));
#3008 = VECTOR('',#3009,1.);
#3009 = DIRECTION('',(0.,-1.));
#3010 = ( GEOMETRIC_REPRESENTATION_CONTEXT(2) 
PARAMETRIC_REPRESENTATION_CONTEXT() REPRESENTATION_CONTEXT('2D SPACE',''
  ) );
#3011 = ORIENTED_EDGE('',*,*,#3012,.F.);
#3012 = EDGE_CURVE('',#2278,#2985,#3013,.T.);
#3013 = SURFACE_CURVE('',#3014,(#3018,#3025),.PCURVE_S1.);
#3014 = LINE('',#3015,#3016);
#3015 = CARTESIAN_POINT('',(-152.4,111.125,6.35));
#3016 = VECTOR('',#3017,1.);
#3017 = DIRECTION('',(0.,0.,1.));
#3018 = PCURVE('',#539,#3019);
#3019 = DEFINITIONAL_REPRESENTATION('',(#3020),#3024);
#3020 = LINE('',#3021,#3022);
#3021 = CARTESIAN_POINT('',(79.375,172.72));
#3022 = VECTOR('',#3023,1.);
#3023 = DIRECTION('',(0.,-1.));
#3024 = ( GEOMETRIC_REPRESENTATION_CONTEXT(2) 
PARAMETRIC_REPRESENTATION_CONTEXT() REPRESENTATION_CONTEXT('2D SPACE',''
  ) );
#3025 = PCURVE('',#2316,#3026);
#3026 = DEFINITIONAL_REPRESENTATION('',(#3027),#3031);
#3027 = LINE('',#3028,#3029);
#3028 = CARTESIAN_POINT('',(0.,0.));
#3029 = VECTOR('',#3030,1.);
#3030 = DIRECTION('',(1.,0.));
#3031 = ( GEOMETRIC_REPRESENTATION_CONTEXT(2) 
PARAMETRIC_REPRESENTATION_CONTEXT() REPRESENTATION_CONTEXT('2D SPACE',''
  ) );
#3032 = ORIENTED_EDGE('',*,*,#2277,.T.);
#3033 = ORIENTED_EDGE('',*,*,#3034,.T.);
#3034 = EDGE_CURVE('',#2250,#2889,#3035,.T.);
#3035 = SURFACE_CURVE('',#3036,(#3040,#3047),.PCURVE_S1.);
#3036 = LINE('',#3037,#3038);
#3037 = CARTESIAN_POINT('',(-152.4,117.475,6.35));
#3038 = VECTOR('',#3039,1.);
#3039 = DIRECTION('',(0.,0.,1.));
#3040 = PCURVE('',#539,#3041);
#3041 = DEFINITIONAL_REPRESENTATION('',(#3042),#3046);
#3042 = LINE('',#3043,#3044);
#3043 = CARTESIAN_POINT('',(73.025,172.72));
#3044 = VECTOR('',#3045,1.);
#3045 = DIRECTION('',(0.,-1.));
#3046 = ( GEOMETRIC_REPRESENTATION_CONTEXT(2) 
PARAMETRIC_REPRESENTATION_CONTEXT() REPRESENTATION_CONTEXT('2D SPACE',''
  ) );
#3047 = PCURVE('',#2265,#3048);
#3048 = DEFINITIONAL_REPRESENTATION('',(#3049),#3053);
#3049 = LINE('',#3050,#3051);
#3050 = CARTESIAN_POINT('',(0.,0.));
#3051 = VECTOR('',#3052,1.);
#3052 = DIRECTION('',(1.,0.));
#3053 = ( GEOMETRIC_REPRESENTATION_CONTEXT(2) 
PARAMETRIC_REPRESENTATION_CONTEXT() REPRESENTATION_CONTEXT('2D SPACE',''
  ) );
#3054 = ADVANCED_FACE('',(#3055),#513,.F.);
#3055 = FACE_BOUND('',#3056,.F.);
#3056 = EDGE_LOOP('',(#3057,#3058,#3059,#3060));
#3057 = ORIENTED_EDGE('',*,*,#2407,.F.);
#3058 = ORIENTED_EDGE('',*,*,#2939,.T.);
#3059 = ORIENTED_EDGE('',*,*,#497,.T.);
#3060 = ORIENTED_EDGE('',*,*,#3061,.F.);
#3061 = EDGE_CURVE('',#2408,#470,#3062,.T.);
#3062 = SURFACE_CURVE('',#3063,(#3067,#3074),.PCURVE_S1.);
#3063 = LINE('',#3064,#3065);
#3064 = CARTESIAN_POINT('',(-150.368,-117.475,6.35));
#3065 = VECTOR('',#3066,1.);
#3066 = DIRECTION('',(0.,-0.,1.));
#3067 = PCURVE('',#513,#3068);
#3068 = DEFINITIONAL_REPRESENTATION('',(#3069),#3073);
#3069 = LINE('',#3070,#3071);
#3070 = CARTESIAN_POINT('',(0.,2.032));
#3071 = VECTOR('',#3072,1.);
#3072 = DIRECTION('',(1.,0.));
#3073 = ( GEOMETRIC_REPRESENTATION_CONTEXT(2) 
PARAMETRIC_REPRESENTATION_CONTEXT() REPRESENTATION_CONTEXT('2D SPACE',''
  ) );
#3074 = PCURVE('',#485,#3075);
#3075 = DEFINITIONAL_REPRESENTATION('',(#3076),#3080);
#3076 = LINE('',#3077,#3078);
#3077 = CARTESIAN_POINT('',(305.943,0.));
#3078 = VECTOR('',#3079,1.);
#3079 = DIRECTION('',(0.,-1.));
#3080 = ( GEOMETRIC_REPRESENTATION_CONTEXT(2) 
PARAMETRIC_REPRESENTATION_CONTEXT() REPRESENTATION_CONTEXT('2D SPACE',''
  ) );
#3081 = ADVANCED_FACE('',(#3082),#485,.F.);
#3082 = FACE_BOUND('',#3083,.F.);
#3083 = EDGE_LOOP('',(#3084,#3085,#3086,#3087));
#3084 = ORIENTED_EDGE('',*,*,#2430,.F.);
#3085 = ORIENTED_EDGE('',*,*,#3061,.T.);
#3086 = ORIENTED_EDGE('',*,*,#469,.T.);
#3087 = ORIENTED_EDGE('',*,*,#3088,.F.);
#3088 = EDGE_CURVE('',#2431,#438,#3089,.T.);
#3089 = SURFACE_CURVE('',#3090,(#3094,#3101),.PCURVE_S1.);
#3090 = LINE('',#3091,#3092);
#3091 = CARTESIAN_POINT('',(-150.368,-177.8,6.35));
#3092 = VECTOR('',#3093,1.);
#3093 = DIRECTION('',(0.,0.,1.));
#3094 = PCURVE('',#485,#3095);
#3095 = DEFINITIONAL_REPRESENTATION('',(#3096),#3100);
#3096 = LINE('',#3097,#3098);
#3097 = CARTESIAN_POINT('',(366.268,0.));
#3098 = VECTOR('',#3099,1.);
#3099 = DIRECTION('',(0.,-1.));
#3100 = ( GEOMETRIC_REPRESENTATION_CONTEXT(2) 
PARAMETRIC_REPRESENTATION_CONTEXT() REPRESENTATION_CONTEXT('2D SPACE',''
  ) );
#3101 = PCURVE('',#458,#3102);
#3102 = DEFINITIONAL_REPRESENTATION('',(#3103),#3106);
#3103 = B_SPLINE_CURVE_WITH_KNOTS('',1,(#3104,#3105),.UNSPECIFIED.,.F.,
  .F.,(2,2),(0.,172.72),.PIECEWISE_BEZIER_KNOTS.);
#3104 = CARTESIAN_POINT('',(-1.570796326795,0.));
#3105 = CARTESIAN_POINT('',(-1.570796326795,172.72));
#3106 = ( GEOMETRIC_REPRESENTATION_CONTEXT(2) 
PARAMETRIC_REPRESENTATION_CONTEXT() REPRESENTATION_CONTEXT('2D SPACE',''
  ) );
#3107 = ADVANCED_FACE('',(#3108),#458,.T.);
#3108 = FACE_BOUND('',#3109,.F.);
#3109 = EDGE_LOOP('',(#3110,#3111,#3112,#3113));
#3110 = ORIENTED_EDGE('',*,*,#2453,.T.);
#3111 = ORIENTED_EDGE('',*,*,#3088,.T.);
#3112 = ORIENTED_EDGE('',*,*,#437,.F.);
#3113 = ORIENTED_EDGE('',*,*,#3114,.F.);
#3114 = EDGE_CURVE('',#2454,#410,#3115,.T.);
#3115 = SURFACE_CURVE('',#3116,(#3120,#3126),.PCURVE_S1.);
#3116 = LINE('',#3117,#3118);
#3117 = CARTESIAN_POINT('',(-139.7,-188.468,6.35));
#3118 = VECTOR('',#3119,1.);
#3119 = DIRECTION('',(0.,0.,1.));
#3120 = PCURVE('',#458,#3121);
#3121 = DEFINITIONAL_REPRESENTATION('',(#3122),#3125);
#3122 = B_SPLINE_CURVE_WITH_KNOTS('',1,(#3123,#3124),.UNSPECIFIED.,.F.,
  .F.,(2,2),(0.,172.72),.PIECEWISE_BEZIER_KNOTS.);
#3123 = CARTESIAN_POINT('',(0.,0.));
#3124 = CARTESIAN_POINT('',(0.,172.72));
#3125 = ( GEOMETRIC_REPRESENTATION_CONTEXT(2) 
PARAMETRIC_REPRESENTATION_CONTEXT() REPRESENTATION_CONTEXT('2D SPACE',''
  ) );
#3126 = PCURVE('',#425,#3127);
#3127 = DEFINITIONAL_REPRESENTATION('',(#3128),#3132);
#3128 = LINE('',#3129,#3130);
#3129 = CARTESIAN_POINT('',(10.668,0.));
#3130 = VECTOR('',#3131,1.);
#3131 = DIRECTION('',(0.,-1.));
#3132 = ( GEOMETRIC_REPRESENTATION_CONTEXT(2) 
PARAMETRIC_REPRESENTATION_CONTEXT() REPRESENTATION_CONTEXT('2D SPACE',''
  ) );
#3133 = ADVANCED_FACE('',(#3134),#425,.F.);
#3134 = FACE_BOUND('',#3135,.F.);
#3135 = EDGE_LOOP('',(#3136,#3137,#3138,#3139));
#3136 = ORIENTED_EDGE('',*,*,#2480,.F.);
#3137 = ORIENTED_EDGE('',*,*,#3114,.T.);
#3138 = ORIENTED_EDGE('',*,*,#409,.T.);
#3139 = ORIENTED_EDGE('',*,*,#2862,.T.);
#3140 = ADVANCED_FACE('',(#3141),#646,.F.);
#3141 = FACE_BOUND('',#3142,.F.);
#3142 = EDGE_LOOP('',(#3143,#3144,#3145,#3146,#3168,#3196,#3217,#3218,
    #3241,#3269,#3290,#3291));
#3143 = ORIENTED_EDGE('',*,*,#1338,.F.);
#3144 = ORIENTED_EDGE('',*,*,#1312,.T.);
#3145 = ORIENTED_EDGE('',*,*,#630,.T.);
#3146 = ORIENTED_EDGE('',*,*,#3147,.F.);
#3147 = EDGE_CURVE('',#3148,#631,#3150,.T.);
#3148 = VERTEX_POINT('',#3149);
#3149 = CARTESIAN_POINT('',(152.4,177.8,179.07));
#3150 = SURFACE_CURVE('',#3151,(#3155,#3162),.PCURVE_S1.);
#3151 = LINE('',#3152,#3153);
#3152 = CARTESIAN_POINT('',(152.4,177.8,179.07));
#3153 = VECTOR('',#3154,1.);
#3154 = DIRECTION('',(0.,0.,1.));
#3155 = PCURVE('',#646,#3156);
#3156 = DEFINITIONAL_REPRESENTATION('',(#3157),#3161);
#3157 = LINE('',#3158,#3159);
#3158 = CARTESIAN_POINT('',(368.3,0.));
#3159 = VECTOR('',#3160,1.);
#3160 = DIRECTION('',(0.,-1.));
#3161 = ( GEOMETRIC_REPRESENTATION_CONTEXT(2) 
PARAMETRIC_REPRESENTATION_CONTEXT() REPRESENTATION_CONTEXT('2D SPACE',''
  ) );
#3162 = PCURVE('',#675,#3163);
#3163 = DEFINITIONAL_REPRESENTATION('',(#3164),#3167);
#3164 = B_SPLINE_CURVE_WITH_KNOTS('',1,(#3165,#3166),.UNSPECIFIED.,.F.,
  .F.,(2,2),(0.,11.43),.PIECEWISE_BEZIER_KNOTS.);
#3165 = CARTESIAN_POINT('',(0.,0.));
#3166 = CARTESIAN_POINT('',(0.,11.43));
#3167 = ( GEOMETRIC_REPRESENTATION_CONTEXT(2) 
PARAMETRIC_REPRESENTATION_CONTEXT() REPRESENTATION_CONTEXT('2D SPACE',''
  ) );
#3168 = ORIENTED_EDGE('',*,*,#3169,.F.);
#3169 = EDGE_CURVE('',#3170,#3148,#3172,.T.);
#3170 = VERTEX_POINT('',#3171);
#3171 = CARTESIAN_POINT('',(152.4,117.475,179.07));
#3172 = SURFACE_CURVE('',#3173,(#3177,#3184),.PCURVE_S1.);
#3173 = LINE('',#3174,#3175);
#3174 = CARTESIAN_POINT('',(152.4,-190.5,179.07));
#3175 = VECTOR('',#3176,1.);
#3176 = DIRECTION('',(0.,1.,0.));
#3177 = PCURVE('',#646,#3178);
#3178 = DEFINITIONAL_REPRESENTATION('',(#3179),#3183);
#3179 = LINE('',#3180,#3181);
#3180 = CARTESIAN_POINT('',(0.,0.));
#3181 = VECTOR('',#3182,1.);
#3182 = DIRECTION('',(1.,0.));
#3183 = ( GEOMETRIC_REPRESENTATION_CONTEXT(2) 
PARAMETRIC_REPRESENTATION_CONTEXT() REPRESENTATION_CONTEXT('2D SPACE',''
  ) );
#3184 = PCURVE('',#3185,#3190);
#3185 = PLANE('',#3186);
#3186 = AXIS2_PLACEMENT_3D('',#3187,#3188,#3189);
#3187 = CARTESIAN_POINT('',(0.,0.,179.07));
#3188 = DIRECTION('',(0.,0.,1.));
#3189 = DIRECTION('',(1.,0.,-0.));
#3190 = DEFINITIONAL_REPRESENTATION('',(#3191),#3195);
#3191 = LINE('',#3192,#3193);
#3192 = CARTESIAN_POINT('',(152.4,-190.5));
#3193 = VECTOR('',#3194,1.);
#3194 = DIRECTION('',(0.,1.));
#3195 = ( GEOMETRIC_REPRESENTATION_CONTEXT(2) 
PARAMETRIC_REPRESENTATION_CONTEXT() REPRESENTATION_CONTEXT('2D SPACE',''
  ) );
#3196 = ORIENTED_EDGE('',*,*,#3197,.F.);
#3197 = EDGE_CURVE('',#1845,#3170,#3198,.T.);
#3198 = SURFACE_CURVE('',#3199,(#3203,#3210),.PCURVE_S1.);
#3199 = LINE('',#3200,#3201);
#3200 = CARTESIAN_POINT('',(152.4,117.475,6.35));
#3201 = VECTOR('',#3202,1.);
#3202 = DIRECTION('',(0.,0.,1.));
#3203 = PCURVE('',#646,#3204);
#3204 = DEFINITIONAL_REPRESENTATION('',(#3205),#3209);
#3205 = LINE('',#3206,#3207);
#3206 = CARTESIAN_POINT('',(307.975,172.72));
#3207 = VECTOR('',#3208,1.);
#3208 = DIRECTION('',(0.,-1.));
#3209 = ( GEOMETRIC_REPRESENTATION_CONTEXT(2) 
PARAMETRIC_REPRESENTATION_CONTEXT() REPRESENTATION_CONTEXT('2D SPACE',''
  ) );
#3210 = PCURVE('',#1883,#3211);
#3211 = DEFINITIONAL_REPRESENTATION('',(#3212),#3216);
#3212 = LINE('',#3213,#3214);
#3213 = CARTESIAN_POINT('',(0.,3.302));
#3214 = VECTOR('',#3215,1.);
#3215 = DIRECTION('',(1.,0.));
#3216 = ( GEOMETRIC_REPRESENTATION_CONTEXT(2) 
PARAMETRIC_REPRESENTATION_CONTEXT() REPRESENTATION_CONTEXT('2D SPACE',''
  ) );
#3217 = ORIENTED_EDGE('',*,*,#1844,.F.);
#3218 = ORIENTED_EDGE('',*,*,#3219,.T.);
#3219 = EDGE_CURVE('',#1817,#3220,#3222,.T.);
#3220 = VERTEX_POINT('',#3221);
#3221 = CARTESIAN_POINT('',(152.4,111.125,179.07));
#3222 = SURFACE_CURVE('',#3223,(#3227,#3234),.PCURVE_S1.);
#3223 = LINE('',#3224,#3225);
#3224 = CARTESIAN_POINT('',(152.4,111.125,6.35));
#3225 = VECTOR('',#3226,1.);
#3226 = DIRECTION('',(0.,0.,1.));
#3227 = PCURVE('',#646,#3228);
#3228 = DEFINITIONAL_REPRESENTATION('',(#3229),#3233);
#3229 = LINE('',#3230,#3231);
#3230 = CARTESIAN_POINT('',(301.625,172.72));
#3231 = VECTOR('',#3232,1.);
#3232 = DIRECTION('',(0.,-1.));
#3233 = ( GEOMETRIC_REPRESENTATION_CONTEXT(2) 
PARAMETRIC_REPRESENTATION_CONTEXT() REPRESENTATION_CONTEXT('2D SPACE',''
  ) );
#3234 = PCURVE('',#1832,#3235);
#3235 = DEFINITIONAL_REPRESENTATION('',(#3236),#3240);
#3236 = LINE('',#3237,#3238);
#3237 = CARTESIAN_POINT('',(0.,3.302));
#3238 = VECTOR('',#3239,1.);
#3239 = DIRECTION('',(1.,0.));
#3240 = ( GEOMETRIC_REPRESENTATION_CONTEXT(2) 
PARAMETRIC_REPRESENTATION_CONTEXT() REPRESENTATION_CONTEXT('2D SPACE',''
  ) );
#3241 = ORIENTED_EDGE('',*,*,#3242,.F.);
#3242 = EDGE_CURVE('',#3243,#3220,#3245,.T.);
#3243 = VERTEX_POINT('',#3244);
#3244 = CARTESIAN_POINT('',(152.4,-111.125,179.07));
#3245 = SURFACE_CURVE('',#3246,(#3250,#3257),.PCURVE_S1.);
#3246 = LINE('',#3247,#3248);
#3247 = CARTESIAN_POINT('',(152.4,-111.125,179.07));
#3248 = VECTOR('',#3249,1.);
#3249 = DIRECTION('',(0.,1.,0.));
#3250 = PCURVE('',#646,#3251);
#3251 = DEFINITIONAL_REPRESENTATION('',(#3252),#3256);
#3252 = LINE('',#3253,#3254);
#3253 = CARTESIAN_POINT('',(79.375,0.));
#3254 = VECTOR('',#3255,1.);
#3255 = DIRECTION('',(1.,0.));
#3256 = ( GEOMETRIC_REPRESENTATION_CONTEXT(2) 
PARAMETRIC_REPRESENTATION_CONTEXT() REPRESENTATION_CONTEXT('2D SPACE',''
  ) );
#3257 = PCURVE('',#3258,#3263);
#3258 = PLANE('',#3259);
#3259 = AXIS2_PLACEMENT_3D('',#3260,#3261,#3262);
#3260 = CARTESIAN_POINT('',(0.,0.,179.07));
#3261 = DIRECTION('',(0.,0.,1.));
#3262 = DIRECTION('',(1.,0.,-0.));
#3263 = DEFINITIONAL_REPRESENTATION('',(#3264),#3268);
#3264 = LINE('',#3265,#3266);
#3265 = CARTESIAN_POINT('',(152.4,-111.125));
#3266 = VECTOR('',#3267,1.);
#3267 = DIRECTION('',(0.,1.));
#3268 = ( GEOMETRIC_REPRESENTATION_CONTEXT(2) 
PARAMETRIC_REPRESENTATION_CONTEXT() REPRESENTATION_CONTEXT('2D SPACE',''
  ) );
#3269 = ORIENTED_EDGE('',*,*,#3270,.F.);
#3270 = EDGE_CURVE('',#1738,#3243,#3271,.T.);
#3271 = SURFACE_CURVE('',#3272,(#3276,#3283),.PCURVE_S1.);
#3272 = LINE('',#3273,#3274);
#3273 = CARTESIAN_POINT('',(152.4,-111.125,6.35));
#3274 = VECTOR('',#3275,1.);
#3275 = DIRECTION('',(0.,0.,1.));
#3276 = PCURVE('',#646,#3277);
#3277 = DEFINITIONAL_REPRESENTATION('',(#3278),#3282);
#3278 = LINE('',#3279,#3280);
#3279 = CARTESIAN_POINT('',(79.375,172.72));
#3280 = VECTOR('',#3281,1.);
#3281 = DIRECTION('',(0.,-1.));
#3282 = ( GEOMETRIC_REPRESENTATION_CONTEXT(2) 
PARAMETRIC_REPRESENTATION_CONTEXT() REPRESENTATION_CONTEXT('2D SPACE',''
  ) );
#3283 = PCURVE('',#1776,#3284);
#3284 = DEFINITIONAL_REPRESENTATION('',(#3285),#3289);
#3285 = LINE('',#3286,#3287);
#3286 = CARTESIAN_POINT('',(0.,3.302));
#3287 = VECTOR('',#3288,1.);
#3288 = DIRECTION('',(1.,0.));
#3289 = ( GEOMETRIC_REPRESENTATION_CONTEXT(2) 
PARAMETRIC_REPRESENTATION_CONTEXT() REPRESENTATION_CONTEXT('2D SPACE',''
  ) );
#3290 = ORIENTED_EDGE('',*,*,#1737,.F.);
#3291 = ORIENTED_EDGE('',*,*,#3292,.T.);
#3292 = EDGE_CURVE('',#1715,#1339,#3293,.T.);
#3293 = SURFACE_CURVE('',#3294,(#3298,#3305),.PCURVE_S1.);
#3294 = LINE('',#3295,#3296);
#3295 = CARTESIAN_POINT('',(152.4,-117.475,6.35));
#3296 = VECTOR('',#3297,1.);
#3297 = DIRECTION('',(0.,0.,1.));
#3298 = PCURVE('',#646,#3299);
#3299 = DEFINITIONAL_REPRESENTATION('',(#3300),#3304);
#3300 = LINE('',#3301,#3302);
#3301 = CARTESIAN_POINT('',(73.025,172.72));
#3302 = VECTOR('',#3303,1.);
#3303 = DIRECTION('',(0.,-1.));
#3304 = ( GEOMETRIC_REPRESENTATION_CONTEXT(2) 
PARAMETRIC_REPRESENTATION_CONTEXT() REPRESENTATION_CONTEXT('2D SPACE',''
  ) );
#3305 = PCURVE('',#1377,#3306);
#3306 = DEFINITIONAL_REPRESENTATION('',(#3307),#3311);
#3307 = LINE('',#3308,#3309);
#3308 = CARTESIAN_POINT('',(0.,3.302));
#3309 = VECTOR('',#3310,1.);
#3310 = DIRECTION('',(1.,0.));
#3311 = ( GEOMETRIC_REPRESENTATION_CONTEXT(2) 
PARAMETRIC_REPRESENTATION_CONTEXT() REPRESENTATION_CONTEXT('2D SPACE',''
  ) );
#3312 = ADVANCED_FACE('',(#3313),#731,.T.);
#3313 = FACE_BOUND('',#3314,.T.);
#3314 = EDGE_LOOP('',(#3315,#3338,#3339,#3340));
#3315 = ORIENTED_EDGE('',*,*,#3316,.T.);
#3316 = EDGE_CURVE('',#3317,#2887,#3319,.T.);
#3317 = VERTEX_POINT('',#3318);
#3318 = CARTESIAN_POINT('',(-139.7,190.5,179.07));
#3319 = SURFACE_CURVE('',#3320,(#3325,#3331),.PCURVE_S1.);
#3320 = CIRCLE('',#3321,12.7);
#3321 = AXIS2_PLACEMENT_3D('',#3322,#3323,#3324);
#3322 = CARTESIAN_POINT('',(-139.7,177.8,179.07));
#3323 = DIRECTION('',(0.,0.,1.));
#3324 = DIRECTION('',(0.,-1.,0.));
#3325 = PCURVE('',#731,#3326);
#3326 = DEFINITIONAL_REPRESENTATION('',(#3327),#3330);
#3327 = B_SPLINE_CURVE_WITH_KNOTS('',1,(#3328,#3329),.UNSPECIFIED.,.F.,
  .F.,(2,2),(3.14159265359,4.712388980385),.PIECEWISE_BEZIER_KNOTS.);
#3328 = CARTESIAN_POINT('',(0.,0.));
#3329 = CARTESIAN_POINT('',(1.570796326795,0.));
#3330 = ( GEOMETRIC_REPRESENTATION_CONTEXT(2) 
PARAMETRIC_REPRESENTATION_CONTEXT() REPRESENTATION_CONTEXT('2D SPACE',''
  ) );
#3331 = PCURVE('',#2904,#3332);
#3332 = DEFINITIONAL_REPRESENTATION('',(#3333),#3337);
#3333 = CIRCLE('',#3334,12.7);
#3334 = AXIS2_PLACEMENT_2D('',#3335,#3336);
#3335 = CARTESIAN_POINT('',(-139.7,177.8));
#3336 = DIRECTION('',(0.,-1.));
#3337 = ( GEOMETRIC_REPRESENTATION_CONTEXT(2) 
PARAMETRIC_REPRESENTATION_CONTEXT() REPRESENTATION_CONTEXT('2D SPACE',''
  ) );
#3338 = ORIENTED_EDGE('',*,*,#2916,.T.);
#3339 = ORIENTED_EDGE('',*,*,#714,.F.);
#3340 = ORIENTED_EDGE('',*,*,#3341,.F.);
#3341 = EDGE_CURVE('',#3317,#687,#3342,.T.);
#3342 = SURFACE_CURVE('',#3343,(#3347,#3353),.PCURVE_S1.);
#3343 = LINE('',#3344,#3345);
#3344 = CARTESIAN_POINT('',(-139.7,190.5,179.07));
#3345 = VECTOR('',#3346,1.);
#3346 = DIRECTION('',(0.,0.,1.));
#3347 = PCURVE('',#731,#3348);
#3348 = DEFINITIONAL_REPRESENTATION('',(#3349),#3352);
#3349 = B_SPLINE_CURVE_WITH_KNOTS('',1,(#3350,#3351),.UNSPECIFIED.,.F.,
  .F.,(2,2),(0.,11.43),.PIECEWISE_BEZIER_KNOTS.);
#3350 = CARTESIAN_POINT('',(0.,0.));
#3351 = CARTESIAN_POINT('',(0.,11.43));
#3352 = ( GEOMETRIC_REPRESENTATION_CONTEXT(2) 
PARAMETRIC_REPRESENTATION_CONTEXT() REPRESENTATION_CONTEXT('2D SPACE',''
  ) );
#3353 = PCURVE('',#702,#3354);
#3354 = DEFINITIONAL_REPRESENTATION('',(#3355),#3359);
#3355 = LINE('',#3356,#3357);
#3356 = CARTESIAN_POINT('',(292.1,0.));
#3357 = VECTOR('',#3358,1.);
#3358 = DIRECTION('',(0.,-1.));
#3359 = ( GEOMETRIC_REPRESENTATION_CONTEXT(2) 
PARAMETRIC_REPRESENTATION_CONTEXT() REPRESENTATION_CONTEXT('2D SPACE',''
  ) );
#3360 = ADVANCED_FACE('',(#3361),#675,.T.);
#3361 = FACE_BOUND('',#3362,.T.);
#3362 = EDGE_LOOP('',(#3363,#3386,#3406,#3407));
#3363 = ORIENTED_EDGE('',*,*,#3364,.T.);
#3364 = EDGE_CURVE('',#3148,#3365,#3367,.T.);
#3365 = VERTEX_POINT('',#3366);
#3366 = CARTESIAN_POINT('',(139.7,190.5,179.07));
#3367 = SURFACE_CURVE('',#3368,(#3373,#3379),.PCURVE_S1.);
#3368 = CIRCLE('',#3369,12.7);
#3369 = AXIS2_PLACEMENT_3D('',#3370,#3371,#3372);
#3370 = CARTESIAN_POINT('',(139.7,177.8,179.07));
#3371 = DIRECTION('',(0.,0.,1.));
#3372 = DIRECTION('',(0.,-1.,0.));
#3373 = PCURVE('',#675,#3374);
#3374 = DEFINITIONAL_REPRESENTATION('',(#3375),#3378);
#3375 = B_SPLINE_CURVE_WITH_KNOTS('',1,(#3376,#3377),.UNSPECIFIED.,.F.,
  .F.,(2,2),(1.570796326795,3.14159265359),.PIECEWISE_BEZIER_KNOTS.);
#3376 = CARTESIAN_POINT('',(0.,0.));
#3377 = CARTESIAN_POINT('',(1.570796326795,0.));
#3378 = ( GEOMETRIC_REPRESENTATION_CONTEXT(2) 
PARAMETRIC_REPRESENTATION_CONTEXT() REPRESENTATION_CONTEXT('2D SPACE',''
  ) );
#3379 = PCURVE('',#3185,#3380);
#3380 = DEFINITIONAL_REPRESENTATION('',(#3381),#3385);
#3381 = CIRCLE('',#3382,12.7);
#3382 = AXIS2_PLACEMENT_2D('',#3383,#3384);
#3383 = CARTESIAN_POINT('',(139.7,177.8));
#3384 = DIRECTION('',(0.,-1.));
#3385 = ( GEOMETRIC_REPRESENTATION_CONTEXT(2) 
PARAMETRIC_REPRESENTATION_CONTEXT() REPRESENTATION_CONTEXT('2D SPACE',''
  ) );
#3386 = ORIENTED_EDGE('',*,*,#3387,.T.);
#3387 = EDGE_CURVE('',#3365,#659,#3388,.T.);
#3388 = SURFACE_CURVE('',#3389,(#3393,#3399),.PCURVE_S1.);
#3389 = LINE('',#3390,#3391);
#3390 = CARTESIAN_POINT('',(139.7,190.5,179.07));
#3391 = VECTOR('',#3392,1.);
#3392 = DIRECTION('',(0.,0.,1.));
#3393 = PCURVE('',#675,#3394);
#3394 = DEFINITIONAL_REPRESENTATION('',(#3395),#3398);
#3395 = B_SPLINE_CURVE_WITH_KNOTS('',1,(#3396,#3397),.UNSPECIFIED.,.F.,
  .F.,(2,2),(0.,11.43),.PIECEWISE_BEZIER_KNOTS.);
#3396 = CARTESIAN_POINT('',(1.570796326795,0.));
#3397 = CARTESIAN_POINT('',(1.570796326795,11.43));
#3398 = ( GEOMETRIC_REPRESENTATION_CONTEXT(2) 
PARAMETRIC_REPRESENTATION_CONTEXT() REPRESENTATION_CONTEXT('2D SPACE',''
  ) );
#3399 = PCURVE('',#702,#3400);
#3400 = DEFINITIONAL_REPRESENTATION('',(#3401),#3405);
#3401 = LINE('',#3402,#3403);
#3402 = CARTESIAN_POINT('',(12.7,0.));
#3403 = VECTOR('',#3404,1.);
#3404 = DIRECTION('',(0.,-1.));
#3405 = ( GEOMETRIC_REPRESENTATION_CONTEXT(2) 
PARAMETRIC_REPRESENTATION_CONTEXT() REPRESENTATION_CONTEXT('2D SPACE',''
  ) );
#3406 = ORIENTED_EDGE('',*,*,#658,.F.);
#3407 = ORIENTED_EDGE('',*,*,#3147,.F.);
#3408 = ADVANCED_FACE('',(#3409),#702,.F.);
#3409 = FACE_BOUND('',#3410,.F.);
#3410 = EDGE_LOOP('',(#3411,#3434,#3435,#3436,#3437,#3460,#3481,#3482,
    #3505,#3533,#3554,#3555));
#3411 = ORIENTED_EDGE('',*,*,#3412,.F.);
#3412 = EDGE_CURVE('',#3365,#3413,#3415,.T.);
#3413 = VERTEX_POINT('',#3414);
#3414 = CARTESIAN_POINT('',(92.075,190.5,179.07));
#3415 = SURFACE_CURVE('',#3416,(#3420,#3427),.PCURVE_S1.);
#3416 = LINE('',#3417,#3418);
#3417 = CARTESIAN_POINT('',(152.4,190.5,179.07));
#3418 = VECTOR('',#3419,1.);
#3419 = DIRECTION('',(-1.,0.,0.));
#3420 = PCURVE('',#702,#3421);
#3421 = DEFINITIONAL_REPRESENTATION('',(#3422),#3426);
#3422 = LINE('',#3423,#3424);
#3423 = CARTESIAN_POINT('',(0.,-0.));
#3424 = VECTOR('',#3425,1.);
#3425 = DIRECTION('',(1.,0.));
#3426 = ( GEOMETRIC_REPRESENTATION_CONTEXT(2) 
PARAMETRIC_REPRESENTATION_CONTEXT() REPRESENTATION_CONTEXT('2D SPACE',''
  ) );
#3427 = PCURVE('',#3185,#3428);
#3428 = DEFINITIONAL_REPRESENTATION('',(#3429),#3433);
#3429 = LINE('',#3430,#3431);
#3430 = CARTESIAN_POINT('',(152.4,190.5));
#3431 = VECTOR('',#3432,1.);
#3432 = DIRECTION('',(-1.,0.));
#3433 = ( GEOMETRIC_REPRESENTATION_CONTEXT(2) 
PARAMETRIC_REPRESENTATION_CONTEXT() REPRESENTATION_CONTEXT('2D SPACE',''
  ) );
#3434 = ORIENTED_EDGE('',*,*,#3387,.T.);
#3435 = ORIENTED_EDGE('',*,*,#686,.T.);
#3436 = ORIENTED_EDGE('',*,*,#3341,.F.);
#3437 = ORIENTED_EDGE('',*,*,#3438,.F.);
#3438 = EDGE_CURVE('',#3439,#3317,#3441,.T.);
#3439 = VERTEX_POINT('',#3440);
#3440 = CARTESIAN_POINT('',(-92.075,190.5,179.07));
#3441 = SURFACE_CURVE('',#3442,(#3446,#3453),.PCURVE_S1.);
#3442 = LINE('',#3443,#3444);
#3443 = CARTESIAN_POINT('',(152.4,190.5,179.07));
#3444 = VECTOR('',#3445,1.);
#3445 = DIRECTION('',(-1.,0.,0.));
#3446 = PCURVE('',#702,#3447);
#3447 = DEFINITIONAL_REPRESENTATION('',(#3448),#3452);
#3448 = LINE('',#3449,#3450);
#3449 = CARTESIAN_POINT('',(0.,-0.));
#3450 = VECTOR('',#3451,1.);
#3451 = DIRECTION('',(1.,0.));
#3452 = ( GEOMETRIC_REPRESENTATION_CONTEXT(2) 
PARAMETRIC_REPRESENTATION_CONTEXT() REPRESENTATION_CONTEXT('2D SPACE',''
  ) );
#3453 = PCURVE('',#2904,#3454);
#3454 = DEFINITIONAL_REPRESENTATION('',(#3455),#3459);
#3455 = LINE('',#3456,#3457);
#3456 = CARTESIAN_POINT('',(152.4,190.5));
#3457 = VECTOR('',#3458,1.);
#3458 = DIRECTION('',(-1.,0.));
#3459 = ( GEOMETRIC_REPRESENTATION_CONTEXT(2) 
PARAMETRIC_REPRESENTATION_CONTEXT() REPRESENTATION_CONTEXT('2D SPACE',''
  ) );
#3460 = ORIENTED_EDGE('',*,*,#3461,.F.);
#3461 = EDGE_CURVE('',#2115,#3439,#3462,.T.);
#3462 = SURFACE_CURVE('',#3463,(#3467,#3474),.PCURVE_S1.);
#3463 = LINE('',#3464,#3465);
#3464 = CARTESIAN_POINT('',(-92.075,190.5,6.35));
#3465 = VECTOR('',#3466,1.);
#3466 = DIRECTION('',(0.,0.,1.));
#3467 = PCURVE('',#702,#3468);
#3468 = DEFINITIONAL_REPRESENTATION('',(#3469),#3473);
#3469 = LINE('',#3470,#3471);
#3470 = CARTESIAN_POINT('',(244.475,172.72));
#3471 = VECTOR('',#3472,1.);
#3472 = DIRECTION('',(0.,-1.));
#3473 = ( GEOMETRIC_REPRESENTATION_CONTEXT(2) 
PARAMETRIC_REPRESENTATION_CONTEXT() REPRESENTATION_CONTEXT('2D SPACE',''
  ) );
#3474 = PCURVE('',#2153,#3475);
#3475 = DEFINITIONAL_REPRESENTATION('',(#3476),#3480);
#3476 = LINE('',#3477,#3478);
#3477 = CARTESIAN_POINT('',(0.,-3.302));
#3478 = VECTOR('',#3479,1.);
#3479 = DIRECTION('',(1.,0.));
#3480 = ( GEOMETRIC_REPRESENTATION_CONTEXT(2) 
PARAMETRIC_REPRESENTATION_CONTEXT() REPRESENTATION_CONTEXT('2D SPACE',''
  ) );
#3481 = ORIENTED_EDGE('',*,*,#2114,.T.);
#3482 = ORIENTED_EDGE('',*,*,#3483,.T.);
#3483 = EDGE_CURVE('',#2087,#3484,#3486,.T.);
#3484 = VERTEX_POINT('',#3485);
#3485 = CARTESIAN_POINT('',(-85.725,190.5,179.07));
#3486 = SURFACE_CURVE('',#3487,(#3491,#3498),.PCURVE_S1.);
#3487 = LINE('',#3488,#3489);
#3488 = CARTESIAN_POINT('',(-85.725,190.5,6.35));
#3489 = VECTOR('',#3490,1.);
#3490 = DIRECTION('',(0.,0.,1.));
#3491 = PCURVE('',#702,#3492);
#3492 = DEFINITIONAL_REPRESENTATION('',(#3493),#3497);
#3493 = LINE('',#3494,#3495);
#3494 = CARTESIAN_POINT('',(238.125,172.72));
#3495 = VECTOR('',#3496,1.);
#3496 = DIRECTION('',(0.,-1.));
#3497 = ( GEOMETRIC_REPRESENTATION_CONTEXT(2) 
PARAMETRIC_REPRESENTATION_CONTEXT() REPRESENTATION_CONTEXT('2D SPACE',''
  ) );
#3498 = PCURVE('',#2102,#3499);
#3499 = DEFINITIONAL_REPRESENTATION('',(#3500),#3504);
#3500 = LINE('',#3501,#3502);
#3501 = CARTESIAN_POINT('',(0.,-3.302));
#3502 = VECTOR('',#3503,1.);
#3503 = DIRECTION('',(1.,0.));
#3504 = ( GEOMETRIC_REPRESENTATION_CONTEXT(2) 
PARAMETRIC_REPRESENTATION_CONTEXT() REPRESENTATION_CONTEXT('2D SPACE',''
  ) );
#3505 = ORIENTED_EDGE('',*,*,#3506,.F.);
#3506 = EDGE_CURVE('',#3507,#3484,#3509,.T.);
#3507 = VERTEX_POINT('',#3508);
#3508 = CARTESIAN_POINT('',(85.725,190.5,179.07));
#3509 = SURFACE_CURVE('',#3510,(#3514,#3521),.PCURVE_S1.);
#3510 = LINE('',#3511,#3512);
#3511 = CARTESIAN_POINT('',(152.4,190.5,179.07));
#3512 = VECTOR('',#3513,1.);
#3513 = DIRECTION('',(-1.,0.,0.));
#3514 = PCURVE('',#702,#3515);
#3515 = DEFINITIONAL_REPRESENTATION('',(#3516),#3520);
#3516 = LINE('',#3517,#3518);
#3517 = CARTESIAN_POINT('',(0.,-0.));
#3518 = VECTOR('',#3519,1.);
#3519 = DIRECTION('',(1.,0.));
#3520 = ( GEOMETRIC_REPRESENTATION_CONTEXT(2) 
PARAMETRIC_REPRESENTATION_CONTEXT() REPRESENTATION_CONTEXT('2D SPACE',''
  ) );
#3521 = PCURVE('',#3522,#3527);
#3522 = PLANE('',#3523);
#3523 = AXIS2_PLACEMENT_3D('',#3524,#3525,#3526);
#3524 = CARTESIAN_POINT('',(0.,0.,179.07));
#3525 = DIRECTION('',(0.,0.,1.));
#3526 = DIRECTION('',(1.,0.,-0.));
#3527 = DEFINITIONAL_REPRESENTATION('',(#3528),#3532);
#3528 = LINE('',#3529,#3530);
#3529 = CARTESIAN_POINT('',(152.4,190.5));
#3530 = VECTOR('',#3531,1.);
#3531 = DIRECTION('',(-1.,0.));
#3532 = ( GEOMETRIC_REPRESENTATION_CONTEXT(2) 
PARAMETRIC_REPRESENTATION_CONTEXT() REPRESENTATION_CONTEXT('2D SPACE',''
  ) );
#3533 = ORIENTED_EDGE('',*,*,#3534,.F.);
#3534 = EDGE_CURVE('',#2008,#3507,#3535,.T.);
#3535 = SURFACE_CURVE('',#3536,(#3540,#3547),.PCURVE_S1.);
#3536 = LINE('',#3537,#3538);
#3537 = CARTESIAN_POINT('',(85.725,190.5,6.35));
#3538 = VECTOR('',#3539,1.);
#3539 = DIRECTION('',(0.,0.,1.));
#3540 = PCURVE('',#702,#3541);
#3541 = DEFINITIONAL_REPRESENTATION('',(#3542),#3546);
#3542 = LINE('',#3543,#3544);
#3543 = CARTESIAN_POINT('',(66.675,172.72));
#3544 = VECTOR('',#3545,1.);
#3545 = DIRECTION('',(0.,-1.));
#3546 = ( GEOMETRIC_REPRESENTATION_CONTEXT(2) 
PARAMETRIC_REPRESENTATION_CONTEXT() REPRESENTATION_CONTEXT('2D SPACE',''
  ) );
#3547 = PCURVE('',#2046,#3548);
#3548 = DEFINITIONAL_REPRESENTATION('',(#3549),#3553);
#3549 = LINE('',#3550,#3551);
#3550 = CARTESIAN_POINT('',(0.,-3.302));
#3551 = VECTOR('',#3552,1.);
#3552 = DIRECTION('',(1.,0.));
#3553 = ( GEOMETRIC_REPRESENTATION_CONTEXT(2) 
PARAMETRIC_REPRESENTATION_CONTEXT() REPRESENTATION_CONTEXT('2D SPACE',''
  ) );
#3554 = ORIENTED_EDGE('',*,*,#2007,.T.);
#3555 = ORIENTED_EDGE('',*,*,#3556,.T.);
#3556 = EDGE_CURVE('',#1980,#3413,#3557,.T.);
#3557 = SURFACE_CURVE('',#3558,(#3562,#3569),.PCURVE_S1.);
#3558 = LINE('',#3559,#3560);
#3559 = CARTESIAN_POINT('',(92.075,190.5,6.35));
#3560 = VECTOR('',#3561,1.);
#3561 = DIRECTION('',(0.,0.,1.));
#3562 = PCURVE('',#702,#3563);
#3563 = DEFINITIONAL_REPRESENTATION('',(#3564),#3568);
#3564 = LINE('',#3565,#3566);
#3565 = CARTESIAN_POINT('',(60.325,172.72));
#3566 = VECTOR('',#3567,1.);
#3567 = DIRECTION('',(0.,-1.));
#3568 = ( GEOMETRIC_REPRESENTATION_CONTEXT(2) 
PARAMETRIC_REPRESENTATION_CONTEXT() REPRESENTATION_CONTEXT('2D SPACE',''
  ) );
#3569 = PCURVE('',#1995,#3570);
#3570 = DEFINITIONAL_REPRESENTATION('',(#3571),#3575);
#3571 = LINE('',#3572,#3573);
#3572 = CARTESIAN_POINT('',(0.,-3.302));
#3573 = VECTOR('',#3574,1.);
#3574 = DIRECTION('',(1.,0.));
#3575 = ( GEOMETRIC_REPRESENTATION_CONTEXT(2) 
PARAMETRIC_REPRESENTATION_CONTEXT() REPRESENTATION_CONTEXT('2D SPACE',''
  ) );
#3576 = ADVANCED_FACE('',(#3577),#822,.F.);
#3577 = FACE_BOUND('',#3578,.F.);
#3578 = EDGE_LOOP('',(#3579,#3607,#3751,#3777));
#3579 = ORIENTED_EDGE('',*,*,#3580,.F.);
#3580 = EDGE_CURVE('',#3581,#769,#3583,.T.);
#3581 = VERTEX_POINT('',#3582);
#3582 = CARTESIAN_POINT('',(104.42883243546,-165.3507554635,
    14.970667145659));
#3583 = SURFACE_CURVE('',#3584,(#3593,#3599),.PCURVE_S1.);
#3584 = B_SPLINE_CURVE_WITH_KNOTS('',3,(#3585,#3586,#3587,#3588,#3589,
    #3590,#3591,#3592),.UNSPECIFIED.,.F.,.F.,(4,2,2,4),(-0.476409469948,
    -4.217573889519E-02,7.053146663928,7.48738039498),.UNSPECIFIED.);
#3585 = CARTESIAN_POINT('',(103.40083637602,-164.32276,0.4553712));
#3586 = CARTESIAN_POINT('',(103.65991637602,-164.58184,4.1135808));
#3587 = CARTESIAN_POINT('',(103.91899637602,-164.84092,7.7717904));
#3588 = CARTESIAN_POINT('',(108.41140970935,-169.3333333333,
    71.204666666667));
#3589 = CARTESIAN_POINT('',(112.64474304269,-173.5666666666,
    130.97933333333));
#3590 = CARTESIAN_POINT('',(117.13715637602,-178.05908,194.4122096));
#3591 = CARTESIAN_POINT('',(117.39623637602,-178.31816,198.0704192));
#3592 = CARTESIAN_POINT('',(117.65531637602,-178.57724,201.7286288));
#3593 = PCURVE('',#822,#3594);
#3594 = DEFINITIONAL_REPRESENTATION('',(#3595),#3598);
#3595 = B_SPLINE_CURVE_WITH_KNOTS('',1,(#3596,#3597),.UNSPECIFIED.,.F.,
  .F.,(2,2),(9.791802947679E-02,7.043096632196),
  .PIECEWISE_BEZIER_KNOTS.);
#3596 = CARTESIAN_POINT('',(0.,9.791802947679E-02));
#3597 = CARTESIAN_POINT('',(0.,7.043096632196));
#3598 = ( GEOMETRIC_REPRESENTATION_CONTEXT(2) 
PARAMETRIC_REPRESENTATION_CONTEXT() REPRESENTATION_CONTEXT('2D SPACE',''
  ) );
#3599 = PCURVE('',#887,#3600);
#3600 = DEFINITIONAL_REPRESENTATION('',(#3601),#3606);
#3601 = B_SPLINE_CURVE_WITH_KNOTS('',3,(#3602,#3603,#3604,#3605),
  .UNSPECIFIED.,.F.,.F.,(4,4),(9.791802947679E-02,7.043096632196),
  .PIECEWISE_BEZIER_KNOTS.);
#3602 = CARTESIAN_POINT('',(9.739216747066,1.974452469084E-02));
#3603 = CARTESIAN_POINT('',(9.762105695893,0.346024206262));
#3604 = CARTESIAN_POINT('',(9.782635690552,0.672303887834));
#3605 = CARTESIAN_POINT('',(9.801417545961,0.998583569405));
#3606 = ( GEOMETRIC_REPRESENTATION_CONTEXT(2) 
PARAMETRIC_REPRESENTATION_CONTEXT() REPRESENTATION_CONTEXT('2D SPACE',''
  ) );
#3607 = ORIENTED_EDGE('',*,*,#3608,.T.);
#3608 = EDGE_CURVE('',#3581,#3609,#3611,.T.);
#3609 = VERTEX_POINT('',#3610);
#3610 = CARTESIAN_POINT('',(119.63075530951,-150.1488316855,
    14.970664970362));
#3611 = SURFACE_CURVE('',#3612,(#3633,#3684),.PCURVE_S1.);
#3612 = ( BOUNDED_CURVE() B_SPLINE_CURVE(10,(#3613,#3614,#3615,#3616,
    #3617,#3618,#3619,#3620,#3621,#3622,#3623,#3624,#3625,#3626,#3627,
    #3628,#3629,#3630,#3631,#3632),.UNSPECIFIED.,.F.,.F.) 
B_SPLINE_CURVE_WITH_KNOTS((11,9,11),(8.280815869365,8.699849284045,
9.119397385881),.UNSPECIFIED.) CURVE() GEOMETRIC_REPRESENTATION_ITEM() 
RATIONAL_B_SPLINE_CURVE((1.,1.,1.,1.,0.999999999999,1.000000000001,
    0.999999999999,1.,1.,1.,1.,1.,1.,1.,0.999999999999,1.,1.,1.,1.,1.)) 
REPRESENTATION_ITEM('') );
#3613 = CARTESIAN_POINT('',(104.4288318396,-165.3507554635,
    14.970667145761));
#3614 = CARTESIAN_POINT('',(105.50606529386,-165.3494513499,
    14.952253060813));
#3615 = CARTESIAN_POINT('',(106.61068994433,-165.2634206552,
    14.933450291888));
#3616 = CARTESIAN_POINT('',(107.75080614941,-165.0863639304,
    14.917999675785));
#3617 = CARTESIAN_POINT('',(108.90692961551,-164.8017276505,
    14.900650899591));
#3618 = CARTESIAN_POINT('',(110.05023902204,-164.4138563109,
    14.889491343343));
#3619 = CARTESIAN_POINT('',(111.1825927445,-163.9136809871,
    14.876827963361));
#3620 = CARTESIAN_POINT('',(112.27597910132,-163.303982849,
    14.869121650322));
#3621 = CARTESIAN_POINT('',(113.31547577245,-162.5911312866,
    14.86313332209));
#3622 = CARTESIAN_POINT('',(114.28609949077,-161.7838799347,
    14.860302438844));
#3623 = CARTESIAN_POINT('',(116.06495214397,-160.0050308133,
    14.860302375566));
#3624 = CARTESIAN_POINT('',(116.87306848173,-159.0328535679,
    14.863166136568));
#3625 = CARTESIAN_POINT('',(117.58667726433,-157.9938073077,
    14.869005477103));
#3626 = CARTESIAN_POINT('',(118.19676815116,-156.8921317307,
    14.87722122344));
#3627 = CARTESIAN_POINT('',(118.69621624406,-155.7728766597,
    14.889030668751));
#3628 = CARTESIAN_POINT('',(119.08641563141,-154.6068240152,
    14.901216387504));
#3629 = CARTESIAN_POINT('',(119.36535404869,-153.4690577969,
    14.917986998748));
#3630 = CARTESIAN_POINT('',(119.54347307833,-152.3298265012,
    14.933453032928));
#3631 = CARTESIAN_POINT('',(119.62945264539,-151.2270936587,
    14.952271352952));
#3632 = CARTESIAN_POINT('',(119.63075530951,-150.1488316855,
    14.970664970362));
#3633 = PCURVE('',#822,#3634);
#3634 = DEFINITIONAL_REPRESENTATION('',(#3635),#3683);
#3635 = B_SPLINE_CURVE_WITH_KNOTS('',10,(#3636,#3637,#3638,#3639,#3640,
    #3641,#3642,#3643,#3644,#3645,#3646,#3647,#3648,#3649,#3650,#3651,
    #3652,#3653,#3654,#3655,#3656,#3657,#3658,#3659,#3660,#3661,#3662,
    #3663,#3664,#3665,#3666,#3667,#3668,#3669,#3670,#3671,#3672,#3673,
    #3674,#3675,#3676,#3677,#3678,#3679,#3680,#3681,#3682),
  .UNSPECIFIED.,.F.,.F.,(11,9,9,9,9,11),(8.280815869365,8.490461248494,
    8.700106627623,8.909752006752,9.014574696316,9.119397385881),
  .UNSPECIFIED.);
#3636 = CARTESIAN_POINT('',(-1.110223024625E-16,9.79180294808E-02));
#3637 = CARTESIAN_POINT('',(0.177643570383,9.905055939172E-02));
#3638 = CARTESIAN_POINT('',(0.35470540422,0.100139477316));
#3639 = CARTESIAN_POINT('',(0.53191316318,0.101203660537));
#3640 = CARTESIAN_POINT('',(0.709477169419,0.102233748725));
#3641 = CARTESIAN_POINT('',(0.887163023509,0.103222544298));
#3642 = CARTESIAN_POINT('',(1.064979189937,0.104165547637));
#3643 = CARTESIAN_POINT('',(1.242695490917,0.105056625338));
#3644 = CARTESIAN_POINT('',(1.420392373736,0.105891115064));
#3645 = CARTESIAN_POINT('',(1.598015723141,0.106663866717));
#3646 = CARTESIAN_POINT('',(1.95316191532,0.10807724827));
#3647 = CARTESIAN_POINT('',(2.130684667824,0.108717873389));
#3648 = CARTESIAN_POINT('',(2.308150905872,0.109287992129));
#3649 = CARTESIAN_POINT('',(2.485616333618,0.109783780661));
#3650 = CARTESIAN_POINT('',(2.663013294449,0.110201725114));
#3651 = CARTESIAN_POINT('',(2.840428712996,0.110539335389));
#3652 = CARTESIAN_POINT('',(3.017773496185,0.11079381493));
#3653 = CARTESIAN_POINT('',(3.19512680032,0.110962641226));
#3654 = CARTESIAN_POINT('',(3.372484234956,0.11104740138));
#3655 = CARTESIAN_POINT('',(3.727183675452,0.111045512946));
#3656 = CARTESIAN_POINT('',(3.90455525214,0.110958941864));
#3657 = CARTESIAN_POINT('',(4.08186435531,0.110788212348));
#3658 = CARTESIAN_POINT('',(4.259261891795,0.110531709896));
#3659 = CARTESIAN_POINT('',(4.436651074235,0.1101924928));
#3660 = CARTESIAN_POINT('',(4.614082847086,0.109772773107));
#3661 = CARTESIAN_POINT('',(4.791512071048,0.109275332813));
#3662 = CARTESIAN_POINT('',(4.9689766958,0.108703547426));
#3663 = CARTESIAN_POINT('',(5.1464437537,0.108061615406));
#3664 = CARTESIAN_POINT('',(5.412602406696,0.107000460704));
#3665 = CARTESIAN_POINT('',(5.501315726985,0.106630362592));
#3666 = CARTESIAN_POINT('',(5.590014341288,0.106244485295));
#3667 = CARTESIAN_POINT('',(5.678699373716,0.105843410884));
#3668 = CARTESIAN_POINT('',(5.767363409216,0.105427780853));
#3669 = CARTESIAN_POINT('',(5.855997829651,0.104998252183));
#3670 = CARTESIAN_POINT('',(5.944600242257,0.104555457993));
#3671 = CARTESIAN_POINT('',(6.033172016225,0.104100021362));
#3672 = CARTESIAN_POINT('',(6.121711341904,0.103632593042));
#3673 = CARTESIAN_POINT('',(6.298733908382,0.102675018616));
#3674 = CARTESIAN_POINT('',(6.387217197949,0.102184874297));
#3675 = CARTESIAN_POINT('',(6.475676462585,0.10168399585));
#3676 = CARTESIAN_POINT('',(6.564116849129,0.101173038063));
#3677 = CARTESIAN_POINT('',(6.652548092586,0.100652608821));
#3678 = CARTESIAN_POINT('',(6.740983074423,0.1001232713));
#3679 = CARTESIAN_POINT('',(6.829437217199,9.958549781327E-02));
#3680 = CARTESIAN_POINT('',(6.917934402698,9.903944597972E-02));
#3681 = CARTESIAN_POINT('',(7.006525101718,9.848442795397E-02));
#3682 = CARTESIAN_POINT('',(7.095322402823,9.791794340666E-02));
#3683 = ( GEOMETRIC_REPRESENTATION_CONTEXT(2) 
PARAMETRIC_REPRESENTATION_CONTEXT() REPRESENTATION_CONTEXT('2D SPACE',''
  ) );
#3684 = PCURVE('',#3685,#3746);
#3685 = ( BOUNDED_SURFACE() B_SPLINE_SURFACE(2,10,(
    (#3686,#3687,#3688,#3689,#3690,#3691,#3692,#3693,#3694,#3695,#3696
      ,#3697,#3698,#3699,#3700,#3701,#3702,#3703,#3704,#3705)
    ,(#3706,#3707,#3708,#3709,#3710,#3711,#3712,#3713,#3714,#3715,#3716
      ,#3717,#3718,#3719,#3720,#3721,#3722,#3723,#3724,#3725)
    ,(#3726,#3727,#3728,#3729,#3730,#3731,#3732,#3733,#3734,#3735,#3736
      ,#3737,#3738,#3739,#3740,#3741,#3742,#3743,#3744,#3745
)),.UNSPECIFIED.,.F.,.F.,.F.) B_SPLINE_SURFACE_WITH_KNOTS((3,3),(11,9,11
    ),(0.,0.838581516515),(8.280815869365,8.699849284045,9.119397385881)
,.UNSPECIFIED.) GEOMETRIC_REPRESENTATION_ITEM() 
RATIONAL_B_SPLINE_SURFACE((
    (1.,1.,1.,1.,0.999999999999,1.000000000001,0.999999999999,1.,1.,1.
      ,1.,1.,1.,1.,0.999999999999,1.,1.,1.,1.,1.)
    ,(0.731673095671,0.733324479736,0.735006527329,0.736384005874
      ,0.737929421904,0.738918252526,0.740042578508,0.740723896576
      ,0.741254145675,0.741504602998,0.741504608598,0.741251222106
      ,0.740734277055,0.740007537165,0.738959329495,0.737879137918
      ,0.736385029277,0.735006304351,0.733322838848,0.731673290762)
    ,(1.,1.,1.,1.,0.999999999999,1.000000000001,0.999999999999,1.,1.,1.
,1.,1.,1.,1.,0.999999999999,1.,1.,1.,1.,1.
))) REPRESENTATION_ITEM('') SURFACE() );
#3686 = CARTESIAN_POINT('',(104.4288318396,-165.3507554635,
    14.970667145761));
#3687 = CARTESIAN_POINT('',(105.50606529386,-165.3494513499,
    14.952253060813));
#3688 = CARTESIAN_POINT('',(106.61068994433,-165.2634206552,
    14.933450291888));
#3689 = CARTESIAN_POINT('',(107.75080614941,-165.0863639304,
    14.917999675785));
#3690 = CARTESIAN_POINT('',(108.90692961551,-164.8017276505,
    14.900650899591));
#3691 = CARTESIAN_POINT('',(110.05023902204,-164.4138563109,
    14.889491343343));
#3692 = CARTESIAN_POINT('',(111.1825927445,-163.9136809871,
    14.876827963361));
#3693 = CARTESIAN_POINT('',(112.27597910132,-163.303982849,
    14.869121650322));
#3694 = CARTESIAN_POINT('',(113.31547577245,-162.5911312866,
    14.86313332209));
#3695 = CARTESIAN_POINT('',(114.28609949077,-161.7838799347,
    14.860302438844));
#3696 = CARTESIAN_POINT('',(116.06495214397,-160.0050308133,
    14.860302375566));
#3697 = CARTESIAN_POINT('',(116.87306848173,-159.0328535679,
    14.863166136568));
#3698 = CARTESIAN_POINT('',(117.58667726433,-157.9938073077,
    14.869005477103));
#3699 = CARTESIAN_POINT('',(118.19676815116,-156.8921317307,
    14.87722122344));
#3700 = CARTESIAN_POINT('',(118.69621624406,-155.7728766597,
    14.889030668751));
#3701 = CARTESIAN_POINT('',(119.08641563141,-154.6068240152,
    14.901216387504));
#3702 = CARTESIAN_POINT('',(119.36535404869,-153.4690577969,
    14.917986998748));
#3703 = CARTESIAN_POINT('',(119.54347307833,-152.3298265012,
    14.933453032928));
#3704 = CARTESIAN_POINT('',(119.62945264539,-151.2270936587,
    14.952271352952));
#3705 = CARTESIAN_POINT('',(119.63075530951,-150.1488316855,
    14.970664970362));
#3706 = CARTESIAN_POINT('',(104.41971408021,-165.1,11.43));
#3707 = CARTESIAN_POINT('',(105.48923463229,-165.0829799704,11.43));
#3708 = CARTESIAN_POINT('',(106.56677958864,-164.9822090795,11.43));
#3709 = CARTESIAN_POINT('',(107.67530858775,-164.795699222,
    11.430000000001));
#3710 = CARTESIAN_POINT('',(108.81011659049,-164.5075539484,
    11.429999999999));
#3711 = CARTESIAN_POINT('',(109.92983395446,-164.1124131667,
    11.430000000001));
#3712 = CARTESIAN_POINT('',(111.02943691219,-163.6190149681,
    11.429999999999));
#3713 = CARTESIAN_POINT('',(112.1011371925,-163.0136557059,
    11.430000000001));
#3714 = CARTESIAN_POINT('',(113.11445011451,-162.3129320066,11.43));
#3715 = CARTESIAN_POINT('',(114.06285376756,-161.5212472402,11.43));
#3716 = CARTESIAN_POINT('',(115.80229605397,-159.7818082651,11.43));
#3717 = CARTESIAN_POINT('',(116.59471542863,-158.8320668672,11.43));
#3718 = CARTESIAN_POINT('',(117.29679932216,-157.8183292145,11.43));
#3719 = CARTESIAN_POINT('',(117.90075057727,-156.7405660349,11.43));
#3720 = CARTESIAN_POINT('',(118.3964226492,-155.6521990648,11.43));
#3721 = CARTESIAN_POINT('',(118.79122095085,-154.5079235179,11.43));
#3722 = CARTESIAN_POINT('',(119.07357606674,-153.3988830396,11.43));
#3723 = CARTESIAN_POINT('',(119.26218496352,-152.2897105425,11.43));
#3724 = CARTESIAN_POINT('',(119.36296767038,-151.2110946875,11.43));
#3725 = CARTESIAN_POINT('',(119.38,-150.1396580481,11.43));
#3726 = CARTESIAN_POINT('',(104.29073366533,-161.5527969714,11.43));
#3727 = CARTESIAN_POINT('',(105.29652645619,-161.555396361,11.43));
#3728 = CARTESIAN_POINT('',(106.03895528586,-161.4840189015,11.43));
#3729 = CARTESIAN_POINT('',(106.81011466701,-161.3545442811,11.43));
#3730 = CARTESIAN_POINT('',(107.78171462527,-161.1946932248,11.43));
#3731 = CARTESIAN_POINT('',(108.63066744359,-160.8219170813,11.43));
#3732 = CARTESIAN_POINT('',(109.45363884421,-160.5193272627,11.43));
#3733 = CARTESIAN_POINT('',(110.31283598443,-160.0219395264,11.43));
#3734 = CARTESIAN_POINT('',(111.08645601763,-159.4972636867,11.43));
#3735 = CARTESIAN_POINT('',(111.82273877881,-158.885911446,11.43));
#3736 = CARTESIAN_POINT('',(113.16672598201,-157.541926155,11.43));
#3737 = CARTESIAN_POINT('',(113.77720008188,-156.8059403548,11.43));
#3738 = CARTESIAN_POINT('',(114.31063590112,-156.0264037042,11.43));
#3739 = CARTESIAN_POINT('',(114.78414258078,-155.173029782,11.43));
#3740 = CARTESIAN_POINT('',(115.12508634926,-154.363336822,11.43));
#3741 = CARTESIAN_POINT('',(115.46667029596,-153.4454050846,11.43));
#3742 = CARTESIAN_POINT('',(115.6164911088,-152.5905446623,11.43));
#3743 = CARTESIAN_POINT('',(115.76294474165,-151.8148022432,11.43));
#3744 = CARTESIAN_POINT('',(115.83494879067,-151.0302220175,11.43));
#3745 = CARTESIAN_POINT('',(115.83282780135,-150.0098882274,11.43));
#3746 = DEFINITIONAL_REPRESENTATION('',(#3747),#3750);
#3747 = B_SPLINE_CURVE_WITH_KNOTS('',1,(#3748,#3749),.UNSPECIFIED.,.F.,
  .F.,(2,2),(8.280815869365,9.119397385881),.PIECEWISE_BEZIER_KNOTS.);
#3748 = CARTESIAN_POINT('',(0.,8.280815869365));
#3749 = CARTESIAN_POINT('',(0.,9.119397385881));
#3750 = ( GEOMETRIC_REPRESENTATION_CONTEXT(2) 
PARAMETRIC_REPRESENTATION_CONTEXT() REPRESENTATION_CONTEXT('2D SPACE',''
  ) );
#3751 = ORIENTED_EDGE('',*,*,#3752,.T.);
#3752 = EDGE_CURVE('',#3609,#767,#3753,.T.);
#3753 = SURFACE_CURVE('',#3754,(#3763,#3769),.PCURVE_S1.);
#3754 = B_SPLINE_CURVE_WITH_KNOTS('',3,(#3755,#3756,#3757,#3758,#3759,
    #3760,#3761,#3762),.UNSPECIFIED.,.F.,.F.,(4,2,2,4),(-0.476409469948,
    -4.217573889519E-02,7.053146663928,7.48738039498),.UNSPECIFIED.);
#3755 = CARTESIAN_POINT('',(118.60276,-149.120836376,0.4553712));
#3756 = CARTESIAN_POINT('',(118.86184,-149.379916376,4.1135808));
#3757 = CARTESIAN_POINT('',(119.12092,-149.638996376,7.7717904));
#3758 = CARTESIAN_POINT('',(123.61333333333,-154.1314097093,
    71.204666666667));
#3759 = CARTESIAN_POINT('',(127.84666666666,-158.3647430426,
    130.97933333333));
#3760 = CARTESIAN_POINT('',(132.33908,-162.857156376,194.4122096));
#3761 = CARTESIAN_POINT('',(132.59816,-163.116236376,198.0704192));
#3762 = CARTESIAN_POINT('',(132.85724,-163.375316376,201.7286288));
#3763 = PCURVE('',#822,#3764);
#3764 = DEFINITIONAL_REPRESENTATION('',(#3765),#3768);
#3765 = B_SPLINE_CURVE_WITH_KNOTS('',1,(#3766,#3767),.UNSPECIFIED.,.F.,
  .F.,(2,2),(9.791794340666E-02,7.043096632196),
  .PIECEWISE_BEZIER_KNOTS.);
#3766 = CARTESIAN_POINT('',(7.095322402823,9.791794340666E-02));
#3767 = CARTESIAN_POINT('',(7.095322402823,7.043096632196));
#3768 = ( GEOMETRIC_REPRESENTATION_CONTEXT(2) 
PARAMETRIC_REPRESENTATION_CONTEXT() REPRESENTATION_CONTEXT('2D SPACE',''
  ) );
#3769 = PCURVE('',#1275,#3770);
#3770 = DEFINITIONAL_REPRESENTATION('',(#3771),#3776);
#3771 = B_SPLINE_CURVE_WITH_KNOTS('',3,(#3772,#3773,#3774,#3775),
  .UNSPECIFIED.,.F.,.F.,(4,4),(9.791794340666E-02,7.043096632196),
  .PIECEWISE_BEZIER_KNOTS.);
#3772 = CARTESIAN_POINT('',(0.643562008321,1.974451256029E-02));
#3773 = CARTESIAN_POINT('',(0.627433867076,0.346024198175));
#3774 = CARTESIAN_POINT('',(0.612512773139,0.67230388379));
#3775 = CARTESIAN_POINT('',(0.598561488671,0.998583569405));
#3776 = ( GEOMETRIC_REPRESENTATION_CONTEXT(2) 
PARAMETRIC_REPRESENTATION_CONTEXT() REPRESENTATION_CONTEXT('2D SPACE',''
  ) );
#3777 = ORIENTED_EDGE('',*,*,#766,.T.);
#3778 = ADVANCED_FACE('',(#3779),#1275,.F.);
#3779 = FACE_BOUND('',#3780,.F.);
#3780 = EDGE_LOOP('',(#3781,#3782,#3929,#3955));
#3781 = ORIENTED_EDGE('',*,*,#3752,.F.);
#3782 = ORIENTED_EDGE('',*,*,#3783,.T.);
#3783 = EDGE_CURVE('',#3609,#3784,#3786,.T.);
#3784 = VERTEX_POINT('',#3785);
#3785 = CARTESIAN_POINT('',(119.63075535405,150.148831902,
    14.970665599244));
#3786 = SURFACE_CURVE('',#3787,(#3814,#3844),.PCURVE_S1.);
#3787 = ( BOUNDED_CURVE() B_SPLINE_CURVE(9,(#3788,#3789,#3790,#3791,
    #3792,#3793,#3794,#3795,#3796,#3797,#3798,#3799,#3800,#3801,#3802,
    #3803,#3804,#3805,#3806,#3807,#3808,#3809,#3810,#3811,#3812,#3813),
.UNSPECIFIED.,.F.,.F.) B_SPLINE_CURVE_WITH_KNOTS((10,8,8,10),(
    9.119397379192,9.128329579646,21.029704056069,21.039148432728),
.UNSPECIFIED.) CURVE() GEOMETRIC_REPRESENTATION_ITEM() 
RATIONAL_B_SPLINE_CURVE((1.,1.,1.,1.,1.,1.,1.,1.,1.,1.,1.,1.,1.,1.,1.,1.
,1.,1.,1.,1.,1.,1.,1.,1.,1.,1.)) REPRESENTATION_ITEM('') );
#3788 = CARTESIAN_POINT('',(119.63075530951,-150.1488318574,
    14.970664970338));
#3789 = CARTESIAN_POINT('',(119.63075556024,-150.1233237921,
    14.970668510665));
#3790 = CARTESIAN_POINT('',(119.63075578173,-150.0978310717,
    14.970671638147));
#3791 = CARTESIAN_POINT('',(119.63075597406,-150.0723533501,
    14.970674353736));
#3792 = CARTESIAN_POINT('',(119.63075613727,-150.0468902812,
    14.970676658382));
#3793 = CARTESIAN_POINT('',(119.63075627146,-150.0214415189,
    14.970678553037));
#3794 = CARTESIAN_POINT('',(119.63075637667,-149.9960067171,
    14.970680038651));
#3795 = CARTESIAN_POINT('',(119.63075645298,-149.9705855297,
    14.970681116177));
#3796 = CARTESIAN_POINT('',(119.63075650046,-149.9451776107,
    14.970681786564));
#3797 = CARTESIAN_POINT('',(119.63078145013,-116.0831743775,
    14.971034075942));
#3798 = CARTESIAN_POINT('',(119.63075807903,-82.99278957891,
    14.970704075979));
#3799 = CARTESIAN_POINT('',(119.63077008044,-49.76489326385,
    14.970873535892));
#3800 = CARTESIAN_POINT('',(119.63076858887,-16.65536955857,
    14.970852474947));
#3801 = CARTESIAN_POINT('',(119.63076854457,16.655422622861,
    14.970851849397));
#3802 = CARTESIAN_POINT('',(119.63077012281,49.765335534605,
    14.970874134141));
#3803 = CARTESIAN_POINT('',(119.63075807912,82.992244082001,
    14.970704077174));
#3804 = CARTESIAN_POINT('',(119.63078124254,116.08179275301,
    14.971031144686));
#3805 = CARTESIAN_POINT('',(119.63075685739,149.93350651262,
    14.970686826467));
#3806 = CARTESIAN_POINT('',(119.63075680082,149.96036363592,
    14.97068602763));
#3807 = CARTESIAN_POINT('',(119.63075670691,149.98723652199,
    14.970684701623));
#3808 = CARTESIAN_POINT('',(119.63075657557,150.0141256538,
    14.970682847092));
#3809 = CARTESIAN_POINT('',(119.6307564067,150.04103151426,
    14.970680462685));
#3810 = CARTESIAN_POINT('',(119.63075620021,150.06795458638,
    14.970677547049));
#3811 = CARTESIAN_POINT('',(119.630755956,150.09489535306,
    14.970674098832));
#3812 = CARTESIAN_POINT('',(119.63075567398,150.12185429729,
    14.970670116681));
#3813 = CARTESIAN_POINT('',(119.63075535405,150.148831902,
    14.970665599244));
#3814 = PCURVE('',#1275,#3815);
#3815 = DEFINITIONAL_REPRESENTATION('',(#3816),#3843);
#3816 = B_SPLINE_CURVE_WITH_KNOTS('',9,(#3817,#3818,#3819,#3820,#3821,
    #3822,#3823,#3824,#3825,#3826,#3827,#3828,#3829,#3830,#3831,#3832,
    #3833,#3834,#3835,#3836,#3837,#3838,#3839,#3840,#3841,#3842),
  .UNSPECIFIED.,.F.,.F.,(10,8,8,10),(9.119397379192,9.128329579646,
    21.029704056069,21.039148432728),.UNSPECIFIED.);
#3817 = CARTESIAN_POINT('',(0.643562008321,1.974451256016E-02));
#3818 = CARTESIAN_POINT('',(0.64464188274,1.974453230279E-02));
#3819 = CARTESIAN_POINT('',(0.645721106416,1.974454974319E-02));
#3820 = CARTESIAN_POINT('',(0.646799694006,1.974456488667E-02));
#3821 = CARTESIAN_POINT('',(0.647877660163,1.974457773851E-02));
#3822 = CARTESIAN_POINT('',(0.648955019544,1.974458830406E-02));
#3823 = CARTESIAN_POINT('',(0.650031786803,1.974459658858E-02));
#3824 = CARTESIAN_POINT('',(0.651107976595,1.97446025974E-02));
#3825 = CARTESIAN_POINT('',(0.652183603575,1.974460633582E-02));
#3826 = CARTESIAN_POINT('',(2.085707017504,1.974657087697E-02));
#3827 = CARTESIAN_POINT('',(3.486562206036,1.97447306327E-02));
#3828 = CARTESIAN_POINT('',(4.893241329764,1.974567562564E-02));
#3829 = CARTESIAN_POINT('',(6.294907101851,1.974555817932E-02));
#3830 = CARTESIAN_POINT('',(7.705095144334,1.974555469093E-02));
#3831 = CARTESIAN_POINT('',(9.106777394994,1.974567896177E-02));
#3832 = CARTESIAN_POINT('',(10.513414695617,1.974473063937E-02));
#3833 = CARTESIAN_POINT('',(11.914234503607,1.974655453083E-02));
#3834 = CARTESIAN_POINT('',(13.347322295558,1.974463444083E-02));
#3835 = CARTESIAN_POINT('',(13.348459273857,1.974462998612E-02));
#3836 = CARTESIAN_POINT('',(13.349596920892,1.974462259164E-02));
#3837 = CARTESIAN_POINT('',(13.350735257124,1.974461224985E-02));
#3838 = CARTESIAN_POINT('',(13.351874302985,1.974459895321E-02));
#3839 = CARTESIAN_POINT('',(13.353014078946,1.974458269417E-02));
#3840 = CARTESIAN_POINT('',(13.35415460544,1.974456346519E-02));
#3841 = CARTESIAN_POINT('',(13.355295902927,1.974454125873E-02));
#3842 = CARTESIAN_POINT('',(13.356437991852,1.974451606725E-02));
#3843 = ( GEOMETRIC_REPRESENTATION_CONTEXT(2) 
PARAMETRIC_REPRESENTATION_CONTEXT() REPRESENTATION_CONTEXT('2D SPACE',''
  ) );
#3844 = PCURVE('',#3845,#3924);
#3845 = ( BOUNDED_SURFACE() B_SPLINE_SURFACE(2,9,(
    (#3846,#3847,#3848,#3849,#3850,#3851,#3852,#3853,#3854,#3855,#3856
      ,#3857,#3858,#3859,#3860,#3861,#3862,#3863,#3864,#3865,#3866,#3867
      ,#3868,#3869,#3870,#3871)
    ,(#3872,#3873,#3874,#3875,#3876,#3877,#3878,#3879,#3880,#3881,#3882
      ,#3883,#3884,#3885,#3886,#3887,#3888,#3889,#3890,#3891,#3892,#3893
      ,#3894,#3895,#3896,#3897)
    ,(#3898,#3899,#3900,#3901,#3902,#3903,#3904,#3905,#3906,#3907,#3908
      ,#3909,#3910,#3911,#3912,#3913,#3914,#3915,#3916,#3917,#3918,#3919
      ,#3920,#3921,#3922,#3923
)),.UNSPECIFIED.,.F.,.F.,.F.) B_SPLINE_SURFACE_WITH_KNOTS((3,3),(10,8,8,
    10),(0.,11.919751053536),(9.119397379192,9.128329579646,
    21.029704056069,21.039148432728),.UNSPECIFIED.) 
GEOMETRIC_REPRESENTATION_ITEM() RATIONAL_B_SPLINE_SURFACE((
    (1.,1.,1.,1.,1.,1.,1.,1.,1.,1.,1.,1.,1.,1.,1.,1.,1.,1.,1.,1.,1.,1.
      ,1.,1.,1.,1.)
    ,(0.731673290764,0.731672973266,0.731672692792,0.731672449256
      ,0.731672242574,0.731672072661,0.73167193943,0.731671842797
      ,0.731671782676,0.731640189136,0.731669782841,0.731654587501
      ,0.731656474455,0.731656530689,0.731654533749,0.73166978279
      ,0.731640451994,0.731671330694,0.731671402334,0.731671521251
      ,0.731671687567,0.731671901402,0.731672162878,0.731672472116
      ,0.731672829238,0.731673234364)
    ,(1.,1.,1.,1.,1.,1.,1.,1.,1.,1.,1.,1.,1.,1.,1.,1.,1.,1.,1.,1.,1.,1.
,1.,1.,1.,1.))) REPRESENTATION_ITEM('') SURFACE() );
#3846 = CARTESIAN_POINT('',(119.63075530951,-150.1488318574,
    14.970664970338));
#3847 = CARTESIAN_POINT('',(119.63075556024,-150.1233237921,
    14.970668510665));
#3848 = CARTESIAN_POINT('',(119.63075578173,-150.0978310717,
    14.970671638147));
#3849 = CARTESIAN_POINT('',(119.63075597406,-150.0723533501,
    14.970674353736));
#3850 = CARTESIAN_POINT('',(119.63075613727,-150.0468902812,
    14.970676658382));
#3851 = CARTESIAN_POINT('',(119.63075627146,-150.0214415189,
    14.970678553037));
#3852 = CARTESIAN_POINT('',(119.63075637667,-149.9960067171,
    14.970680038651));
#3853 = CARTESIAN_POINT('',(119.63075645298,-149.9705855297,
    14.970681116177));
#3854 = CARTESIAN_POINT('',(119.63075650046,-149.9451776107,
    14.970681786564));
#3855 = CARTESIAN_POINT('',(119.63078145013,-116.0831743775,
    14.971034075942));
#3856 = CARTESIAN_POINT('',(119.63075807903,-82.99278957891,
    14.970704075979));
#3857 = CARTESIAN_POINT('',(119.63077008044,-49.76489326385,
    14.970873535892));
#3858 = CARTESIAN_POINT('',(119.63076858887,-16.65536955857,
    14.970852474947));
#3859 = CARTESIAN_POINT('',(119.63076854457,16.655422622861,
    14.970851849397));
#3860 = CARTESIAN_POINT('',(119.63077012281,49.765335534605,
    14.970874134141));
#3861 = CARTESIAN_POINT('',(119.63075807912,82.992244082001,
    14.970704077174));
#3862 = CARTESIAN_POINT('',(119.63078124254,116.08179275301,
    14.971031144686));
#3863 = CARTESIAN_POINT('',(119.63075685739,149.93350651262,
    14.970686826467));
#3864 = CARTESIAN_POINT('',(119.63075680082,149.96036363592,
    14.97068602763));
#3865 = CARTESIAN_POINT('',(119.63075670691,149.98723652199,
    14.970684701623));
#3866 = CARTESIAN_POINT('',(119.63075657557,150.0141256538,
    14.970682847092));
#3867 = CARTESIAN_POINT('',(119.6307564067,150.04103151426,
    14.970680462685));
#3868 = CARTESIAN_POINT('',(119.63075620021,150.06795458638,
    14.970677547049));
#3869 = CARTESIAN_POINT('',(119.630755956,150.09489535306,
    14.970674098832));
#3870 = CARTESIAN_POINT('',(119.63075567398,150.12185429729,
    14.970670116681));
#3871 = CARTESIAN_POINT('',(119.63075535405,150.148831902,
    14.970665599244));
#3872 = CARTESIAN_POINT('',(119.38,-150.1396582194,11.43));
#3873 = CARTESIAN_POINT('',(119.38,-150.1142408044,11.43));
#3874 = CARTESIAN_POINT('',(119.38,-150.0888289926,11.43));
#3875 = CARTESIAN_POINT('',(119.38,-150.063422238,11.43));
#3876 = CARTESIAN_POINT('',(119.38,-150.0380199942,11.43));
#3877 = CARTESIAN_POINT('',(119.38,-150.0126217151,11.43));
#3878 = CARTESIAN_POINT('',(119.38,-149.9872268545,11.43));
#3879 = CARTESIAN_POINT('',(119.38,-149.9618348659,11.43));
#3880 = CARTESIAN_POINT('',(119.38,-149.9364452033,11.43));
#3881 = CARTESIAN_POINT('',(119.38,-116.0824669692,11.43));
#3882 = CARTESIAN_POINT('',(119.38,-82.99935640862,11.43));
#3883 = CARTESIAN_POINT('',(119.37999999999,-49.76409023896,11.43));
#3884 = CARTESIAN_POINT('',(119.38,-16.65904198297,11.43));
#3885 = CARTESIAN_POINT('',(119.37999999999,16.65909467209,11.43));
#3886 = CARTESIAN_POINT('',(119.38,49.764556122425,11.43));
#3887 = CARTESIAN_POINT('',(119.37999999999,82.998803043048,11.43));
#3888 = CARTESIAN_POINT('',(119.38,116.08118871277,11.43));
#3889 = CARTESIAN_POINT('',(119.38,149.92491075103,11.43));
#3890 = CARTESIAN_POINT('',(119.38,149.95174567251,11.43));
#3891 = CARTESIAN_POINT('',(119.38,149.97858196146,11.43));
#3892 = CARTESIAN_POINT('',(119.38,150.00542043878,11.43));
#3893 = CARTESIAN_POINT('',(119.38,150.03226192547,11.43));
#3894 = CARTESIAN_POINT('',(119.38,150.05910724235,11.43));
#3895 = CARTESIAN_POINT('',(119.38,150.08595721039,11.43));
#3896 = CARTESIAN_POINT('',(119.38,150.1128126504,11.43));
#3897 = CARTESIAN_POINT('',(119.38,150.13967438326,11.43));
#3898 = CARTESIAN_POINT('',(115.83282780169,-150.00988839,11.43));
#3899 = CARTESIAN_POINT('',(115.83277762835,-149.9857517704,11.43));
#3900 = CARTESIAN_POINT('',(115.83273330467,-149.9614830995,11.43));
#3901 = CARTESIAN_POINT('',(115.83269481748,-149.9370790076,11.43));
#3902 = CARTESIAN_POINT('',(115.83266215362,-149.9125361253,11.43));
#3903 = CARTESIAN_POINT('',(115.83263529992,-149.8878510829,11.43));
#3904 = CARTESIAN_POINT('',(115.83261424321,-149.8630205111,11.43));
#3905 = CARTESIAN_POINT('',(115.83259897033,-149.8380410401,11.43));
#3906 = CARTESIAN_POINT('',(115.83258946811,-149.8129093005,11.43));
#3907 = CARTESIAN_POINT('',(115.82759620783,-116.0944066838,11.43));
#3908 = CARTESIAN_POINT('',(115.83226486947,-83.04578950786,11.43));
#3909 = CARTESIAN_POINT('',(115.82988152173,-49.80443011,11.43));
#3910 = CARTESIAN_POINT('',(115.83016274601,-16.67101151297,11.43));
#3911 = CARTESIAN_POINT('',(115.83017289786,16.671100952426,11.43));
#3912 = CARTESIAN_POINT('',(115.82987207733,49.805022520214,11.43));
#3913 = CARTESIAN_POINT('',(115.83226539067,83.045643692364,11.43));
#3914 = CARTESIAN_POINT('',(115.82763757053,116.094088482,11.43));
#3915 = CARTESIAN_POINT('',(115.83251803261,149.80330567829,11.43));
#3916 = CARTESIAN_POINT('',(115.83252935607,149.82982691996,11.43));
#3917 = CARTESIAN_POINT('',(115.83254815181,149.85614614191,11.43));
#3918 = CARTESIAN_POINT('',(115.83257443849,149.88226893727,11.43));
#3919 = CARTESIAN_POINT('',(115.83260823475,149.90820089912,11.43));
#3920 = CARTESIAN_POINT('',(115.83264955927,149.93394762063,11.43));
#3921 = CARTESIAN_POINT('',(115.83269843068,149.95951469485,11.43));
#3922 = CARTESIAN_POINT('',(115.83275486765,149.98490771494,11.43));
#3923 = CARTESIAN_POINT('',(115.83281888884,150.010132274,11.43));
#3924 = DEFINITIONAL_REPRESENTATION('',(#3925),#3928);
#3925 = B_SPLINE_CURVE_WITH_KNOTS('',1,(#3926,#3927),.UNSPECIFIED.,.F.,
  .F.,(2,2),(9.119397379192,21.039148432728),.PIECEWISE_BEZIER_KNOTS.);
#3926 = CARTESIAN_POINT('',(0.,9.119397379192));
#3927 = CARTESIAN_POINT('',(0.,21.039148432728));
#3928 = ( GEOMETRIC_REPRESENTATION_CONTEXT(2) 
PARAMETRIC_REPRESENTATION_CONTEXT() REPRESENTATION_CONTEXT('2D SPACE',''
  ) );
#3929 = ORIENTED_EDGE('',*,*,#3930,.T.);
#3930 = EDGE_CURVE('',#3784,#1159,#3931,.T.);
#3931 = SURFACE_CURVE('',#3932,(#3941,#3949),.PCURVE_S1.);
#3932 = B_SPLINE_CURVE_WITH_KNOTS('',3,(#3933,#3934,#3935,#3936,#3937,
    #3938,#3939,#3940),.UNSPECIFIED.,.F.,.F.,(4,2,2,4),(-0.476409469948,
    -4.217573889519E-02,7.053146663928,7.48738039498),.UNSPECIFIED.);
#3933 = CARTESIAN_POINT('',(118.60276,149.12083637602,0.4553712));
#3934 = CARTESIAN_POINT('',(118.86184,149.37991637602,4.1135808));
#3935 = CARTESIAN_POINT('',(119.12092,149.63899637602,7.7717904));
#3936 = CARTESIAN_POINT('',(123.61333333333,154.13140970935,
    71.204666666667));
#3937 = CARTESIAN_POINT('',(127.84666666666,158.36474304269,
    130.97933333333));
#3938 = CARTESIAN_POINT('',(132.33908,162.85715637602,194.4122096));
#3939 = CARTESIAN_POINT('',(132.59816,163.11623637602,198.0704192));
#3940 = CARTESIAN_POINT('',(132.85724,163.37531637602,201.7286288));
#3941 = PCURVE('',#1275,#3942);
#3942 = DEFINITIONAL_REPRESENTATION('',(#3943),#3948);
#3943 = B_SPLINE_CURVE_WITH_KNOTS('',3,(#3944,#3945,#3946,#3947),
  .UNSPECIFIED.,.F.,.F.,(4,4),(9.791796828968E-02,7.043096632196),
  .PIECEWISE_BEZIER_KNOTS.);
#3944 = CARTESIAN_POINT('',(13.356437991852,1.974451606725E-02));
#3945 = CARTESIAN_POINT('',(13.372566133031,0.346024200513));
#3946 = CARTESIAN_POINT('',(13.387487226911,0.672303884959));
#3947 = CARTESIAN_POINT('',(13.401438511329,0.998583569405));
#3948 = ( GEOMETRIC_REPRESENTATION_CONTEXT(2) 
PARAMETRIC_REPRESENTATION_CONTEXT() REPRESENTATION_CONTEXT('2D SPACE',''
  ) );
#3949 = PCURVE('',#1212,#3950);
#3950 = DEFINITIONAL_REPRESENTATION('',(#3951),#3954);
#3951 = B_SPLINE_CURVE_WITH_KNOTS('',1,(#3952,#3953),.UNSPECIFIED.,.F.,
  .F.,(2,2),(9.791796828968E-02,7.043096632196),
  .PIECEWISE_BEZIER_KNOTS.);
#3952 = CARTESIAN_POINT('',(0.,9.791796828968E-02));
#3953 = CARTESIAN_POINT('',(0.,7.043096632196));
#3954 = ( GEOMETRIC_REPRESENTATION_CONTEXT(2) 
PARAMETRIC_REPRESENTATION_CONTEXT() REPRESENTATION_CONTEXT('2D SPACE',''
  ) );
#3955 = ORIENTED_EDGE('',*,*,#1263,.T.);
#3956 = ADVANCED_FACE('',(#3957),#1212,.F.);
#3957 = FACE_BOUND('',#3958,.F.);
#3958 = EDGE_LOOP('',(#3959,#3960,#4077,#4103));
#3959 = ORIENTED_EDGE('',*,*,#3930,.F.);
#3960 = ORIENTED_EDGE('',*,*,#3961,.T.);
#3961 = EDGE_CURVE('',#3784,#3962,#3964,.T.);
#3962 = VERTEX_POINT('',#3963);
#3963 = CARTESIAN_POINT('',(104.42883163613,165.35075526011,
    14.970664272761));
#3964 = SURFACE_CURVE('',#3965,(#3986,#4010),.PCURVE_S1.);
#3965 = ( BOUNDED_CURVE() B_SPLINE_CURVE(10,(#3966,#3967,#3968,#3969,
    #3970,#3971,#3972,#3973,#3974,#3975,#3976,#3977,#3978,#3979,#3980,
    #3981,#3982,#3983,#3984,#3985),.UNSPECIFIED.,.F.,.F.) 
B_SPLINE_CURVE_WITH_KNOTS((11,9,11),(21.039148426041,21.458184319936,
21.877717958949),.UNSPECIFIED.) CURVE() GEOMETRIC_REPRESENTATION_ITEM() 
RATIONAL_B_SPLINE_CURVE((1.,1.,1.,1.,1.,1.,1.,1.,1.,1.,1.,1.,1.,1.,
1.000000000001,1.,1.,1.,1.,1.)) REPRESENTATION_ITEM('') );
#3966 = CARTESIAN_POINT('',(119.63075535405,150.14883173008,
    14.970665599273));
#3967 = CARTESIAN_POINT('',(119.62945167516,151.22605273906,
    14.952257653389));
#3968 = CARTESIAN_POINT('',(119.54342223969,152.3305875231,
    14.93344325744));
#3969 = CARTESIAN_POINT('',(119.3663894746,153.4707880179,
    14.918014196724));
#3970 = CARTESIAN_POINT('',(119.08173133073,154.62685733444,
    14.900634415617));
#3971 = CARTESIAN_POINT('',(118.69387393907,155.77024368993,
    14.889505972774));
#3972 = CARTESIAN_POINT('',(118.19369640628,156.90253697287,
    14.876819979074));
#3973 = CARTESIAN_POINT('',(117.58399445489,157.99597405359,
    14.869124702125));
#3974 = CARTESIAN_POINT('',(116.87114112986,159.0354614705,
    14.863132827417));
#3975 = CARTESIAN_POINT('',(116.0638851979,160.00609422765,
    14.860302438844));
#3976 = CARTESIAN_POINT('',(114.28506148869,161.78492146855,
    14.860302375567));
#3977 = CARTESIAN_POINT('',(113.31357387901,162.59296714483,
    14.863219257081));
#3978 = CARTESIAN_POINT('',(112.27096909139,163.30680909185,
    14.868764547102));
#3979 = CARTESIAN_POINT('',(111.17861384732,163.91624226809,
    14.877736550369));
#3980 = CARTESIAN_POINT('',(110.04499651476,164.41669376229,
    14.888369166148));
#3981 = CARTESIAN_POINT('',(108.89346425352,164.80588884923,
    14.901739677905));
#3982 = CARTESIAN_POINT('',(107.74628595695,165.08552109997,
    14.917729097759));
#3983 = CARTESIAN_POINT('',(106.61069521728,165.26340882096,
    14.933513493956));
#3984 = CARTESIAN_POINT('',(105.50720010048,165.34945224791,
    14.952265740541));
#3985 = CARTESIAN_POINT('',(104.42883163613,165.35075526011,
    14.970664272761));
#3986 = PCURVE('',#1212,#3987);
#3987 = DEFINITIONAL_REPRESENTATION('',(#3988),#4009);
#3988 = B_SPLINE_CURVE_WITH_KNOTS('',10,(#3989,#3990,#3991,#3992,#3993,
    #3994,#3995,#3996,#3997,#3998,#3999,#4000,#4001,#4002,#4003,#4004,
    #4005,#4006,#4007,#4008),.UNSPECIFIED.,.F.,.F.,(11,9,11),(
    21.039148426041,21.458433192495,21.877717958949),.UNSPECIFIED.);
#3989 = CARTESIAN_POINT('',(-1.287858708565E-14,9.791796829082E-02));
#3990 = CARTESIAN_POINT('',(0.355275718773,0.100183189637));
#3991 = CARTESIAN_POINT('',(0.708191793394,0.102273020198));
#3992 = CARTESIAN_POINT('',(1.064770751193,0.104341857089));
#3993 = CARTESIAN_POINT('',(1.421522050229,0.106079443097));
#3994 = CARTESIAN_POINT('',(1.775252765606,0.107739777925));
#3995 = CARTESIAN_POINT('',(2.130856442116,0.10899683312));
#3996 = CARTESIAN_POINT('',(2.485685998524,0.110036679527));
#3997 = CARTESIAN_POINT('',(2.840350009421,0.110707354005));
#3998 = CARTESIAN_POINT('',(3.195066081093,0.11104826396));
#3999 = CARTESIAN_POINT('',(3.904458500757,0.111044651236));
#4000 = CARTESIAN_POINT('',(4.259061995913,0.110703973592));
#4001 = CARTESIAN_POINT('',(4.614230137486,0.110008345064));
#4002 = CARTESIAN_POINT('',(4.968286776973,0.109019235939));
#4003 = CARTESIAN_POINT('',(5.323914046998,0.107679254408));
#4004 = CARTESIAN_POINT('',(5.679439589127,0.106088573256));
#4005 = CARTESIAN_POINT('',(6.033361011692,0.10430851308));
#4006 = CARTESIAN_POINT('',(6.387941336429,0.102271077792));
#4007 = CARTESIAN_POINT('',(6.740090877674,0.100184001613));
#4008 = CARTESIAN_POINT('',(7.095322402823,9.791791580464E-02));
#4009 = ( GEOMETRIC_REPRESENTATION_CONTEXT(2) 
PARAMETRIC_REPRESENTATION_CONTEXT() REPRESENTATION_CONTEXT('2D SPACE',''
  ) );
#4010 = PCURVE('',#4011,#4072);
#4011 = ( BOUNDED_SURFACE() B_SPLINE_SURFACE(2,10,(
    (#4012,#4013,#4014,#4015,#4016,#4017,#4018,#4019,#4020,#4021,#4022
      ,#4023,#4024,#4025,#4026,#4027,#4028,#4029,#4030,#4031)
    ,(#4032,#4033,#4034,#4035,#4036,#4037,#4038,#4039,#4040,#4041,#4042
      ,#4043,#4044,#4045,#4046,#4047,#4048,#4049,#4050,#4051)
    ,(#4052,#4053,#4054,#4055,#4056,#4057,#4058,#4059,#4060,#4061,#4062
      ,#4063,#4064,#4065,#4066,#4067,#4068,#4069,#4070,#4071
)),.UNSPECIFIED.,.F.,.F.,.F.) B_SPLINE_SURFACE_WITH_KNOTS((3,3),(11,9,11
    ),(0.,0.838569532909),(21.039148426041,21.458184319936,
21.877717958949),.UNSPECIFIED.) GEOMETRIC_REPRESENTATION_ITEM() 
RATIONAL_B_SPLINE_SURFACE((
    (1.,1.,1.,1.,1.,1.,1.,1.,1.,1.,1.,1.,1.,1.,1.000000000001,1.,1.,1.
      ,1.,1.)
    ,(0.731673234361,0.733324067558,0.735007159557,0.736382702543
      ,0.737930902788,0.738916938631,0.740043296316,0.740723622372
      ,0.741254190205,0.741504602998,0.741504608597,0.741246424015
      ,0.74075603628,0.739960991881,0.73901907093,0.737831874461
      ,0.736408311196,0.735000846798,0.73332334203,0.731673353323)
    ,(1.,1.,1.,1.,1.,1.,1.,1.,1.,1.,1.,1.,1.,1.,1.000000000001,1.,1.,1.
,1.,1.))) REPRESENTATION_ITEM('') SURFACE() );
#4012 = CARTESIAN_POINT('',(119.63075535405,150.14883173008,
    14.970665599273));
#4013 = CARTESIAN_POINT('',(119.62945167516,151.22605273906,
    14.952257653389));
#4014 = CARTESIAN_POINT('',(119.54342223969,152.3305875231,
    14.93344325744));
#4015 = CARTESIAN_POINT('',(119.3663894746,153.4707880179,
    14.918014196724));
#4016 = CARTESIAN_POINT('',(119.08173133073,154.62685733444,
    14.900634415617));
#4017 = CARTESIAN_POINT('',(118.69387393907,155.77024368993,
    14.889505972774));
#4018 = CARTESIAN_POINT('',(118.19369640628,156.90253697287,
    14.876819979074));
#4019 = CARTESIAN_POINT('',(117.58399445489,157.99597405359,
    14.869124702125));
#4020 = CARTESIAN_POINT('',(116.87114112986,159.0354614705,
    14.863132827417));
#4021 = CARTESIAN_POINT('',(116.0638851979,160.00609422765,
    14.860302438844));
#4022 = CARTESIAN_POINT('',(114.28506148869,161.78492146855,
    14.860302375567));
#4023 = CARTESIAN_POINT('',(113.31357387901,162.59296714483,
    14.863219257081));
#4024 = CARTESIAN_POINT('',(112.27096909139,163.30680909185,
    14.868764547102));
#4025 = CARTESIAN_POINT('',(111.17861384732,163.91624226809,
    14.877736550369));
#4026 = CARTESIAN_POINT('',(110.04499651476,164.41669376229,
    14.888369166148));
#4027 = CARTESIAN_POINT('',(108.89346425352,164.80588884923,
    14.901739677905));
#4028 = CARTESIAN_POINT('',(107.74628595695,165.08552109997,
    14.917729097759));
#4029 = CARTESIAN_POINT('',(106.61069521728,165.26340882096,
    14.933513493956));
#4030 = CARTESIAN_POINT('',(105.50720010048,165.34945224791,
    14.952265740541));
#4031 = CARTESIAN_POINT('',(104.42883163613,165.35075526011,
    14.970664272761));
#4032 = CARTESIAN_POINT('',(119.38,150.13967421208,11.43));
#4033 = CARTESIAN_POINT('',(119.36298296901,151.20927863745,11.43));
#4034 = CARTESIAN_POINT('',(119.26220340162,152.28670133695,11.43));
#4035 = CARTESIAN_POINT('',(119.07571977593,153.39525505054,11.43));
#4036 = CARTESIAN_POINT('',(118.78757858737,154.53004697978,11.43));
#4037 = CARTESIAN_POINT('',(118.39240692322,155.64986417231,11.43));
#4038 = CARTESIAN_POINT('',(117.89904575605,156.74935792615,11.43));
#4039 = CARTESIAN_POINT('',(117.29366111454,157.82114337408,11.43));
#4040 = CARTESIAN_POINT('',(116.59294279781,158.83443387295,11.43));
#4041 = CARTESIAN_POINT('',(115.80125238671,159.78284862104,11.43));
#4042 = CARTESIAN_POINT('',(114.06183826087,161.52226605817,11.43));
#4043 = CARTESIAN_POINT('',(113.11297820466,162.314506287,11.43));
#4044 = CARTESIAN_POINT('',(112.09464771159,163.01740277469,11.43));
#4045 = CARTESIAN_POINT('',(111.02879174845,163.61925138808,11.43));
#4046 = CARTESIAN_POINT('',(109.9221629105,164.11810560496,11.43));
#4047 = CARTESIAN_POINT('',(108.79619296452,164.50976240629,11.43));
#4048 = CARTESIAN_POINT('',(107.67536664581,164.79418373497,11.43));
#4049 = CARTESIAN_POINT('',(106.57064399443,164.98204330996,11.43));
#4050 = CARTESIAN_POINT('',(105.49107620837,165.08296725689,11.43));
#4051 = CARTESIAN_POINT('',(104.41964015179,165.1,11.43));
#4052 = CARTESIAN_POINT('',(115.83281888843,150.01013211325,11.43));
#4053 = CARTESIAN_POINT('',(115.83537537702,151.01739779014,11.43));
#4054 = CARTESIAN_POINT('',(115.7639994765,151.75911146748,11.43));
#4055 = CARTESIAN_POINT('',(115.6343562111,152.52948945398,11.43));
#4056 = CARTESIAN_POINT('',(115.47514234795,153.50197549041,11.43));
#4057 = CARTESIAN_POINT('',(115.10146921334,154.35069823974,11.43));
#4058 = CARTESIAN_POINT('',(114.79962707368,155.1734726531,11.43));
#4059 = CARTESIAN_POINT('',(114.30184003864,156.03290125151,11.43));
#4060 = CARTESIAN_POINT('',(113.77729089879,156.80643005758,11.43));
#4061 = CARTESIAN_POINT('',(113.16591542251,157.54273480233,11.43));
#4062 = CARTESIAN_POINT('',(111.82194933139,158.88670280562,11.43));
#4063 = CARTESIAN_POINT('',(111.08758772759,159.49507319071,11.43));
#4064 = CARTESIAN_POINT('',(110.29928536664,160.03997687807,11.43));
#4065 = CARTESIAN_POINT('',(109.46861221213,160.48389130787,11.43));
#4066 = CARTESIAN_POINT('',(108.62378824086,160.87078032101,11.43));
#4067 = CARTESIAN_POINT('',(107.74102632338,161.16617470761,11.43));
#4068 = CARTESIAN_POINT('',(106.8635983357,161.34626872474,11.43));
#4069 = CARTESIAN_POINT('',(106.09545215492,161.48097863448,11.43));
#4070 = CARTESIAN_POINT('',(105.3084662328,161.55502117199,11.43));
#4071 = CARTESIAN_POINT('',(104.2896182059,161.55283768769,11.43));
#4072 = DEFINITIONAL_REPRESENTATION('',(#4073),#4076);
#4073 = B_SPLINE_CURVE_WITH_KNOTS('',1,(#4074,#4075),.UNSPECIFIED.,.F.,
  .F.,(2,2),(21.039148426041,21.877717958949),.PIECEWISE_BEZIER_KNOTS.);
#4074 = CARTESIAN_POINT('',(0.,21.039148426041));
#4075 = CARTESIAN_POINT('',(0.,21.877717958949));
#4076 = ( GEOMETRIC_REPRESENTATION_CONTEXT(2) 
PARAMETRIC_REPRESENTATION_CONTEXT() REPRESENTATION_CONTEXT('2D SPACE',''
  ) );
#4077 = ORIENTED_EDGE('',*,*,#4078,.T.);
#4078 = EDGE_CURVE('',#3962,#1134,#4079,.T.);
#4079 = SURFACE_CURVE('',#4080,(#4089,#4095),.PCURVE_S1.);
#4080 = B_SPLINE_CURVE_WITH_KNOTS('',3,(#4081,#4082,#4083,#4084,#4085,
    #4086,#4087,#4088),.UNSPECIFIED.,.F.,.F.,(4,2,2,4),(-0.476409469948,
    -4.217573889519E-02,7.053146663928,7.48738039498),.UNSPECIFIED.);
#4081 = CARTESIAN_POINT('',(103.40083637602,164.32276,0.4553712));
#4082 = CARTESIAN_POINT('',(103.65991637602,164.58184,4.1135808));
#4083 = CARTESIAN_POINT('',(103.91899637602,164.84092,7.7717904));
#4084 = CARTESIAN_POINT('',(108.41140970935,169.33333333333,
    71.204666666667));
#4085 = CARTESIAN_POINT('',(112.64474304269,173.56666666666,
    130.97933333333));
#4086 = CARTESIAN_POINT('',(117.13715637602,178.05908,194.4122096));
#4087 = CARTESIAN_POINT('',(117.39623637602,178.31816,198.0704192));
#4088 = CARTESIAN_POINT('',(117.65531637602,178.57724,201.7286288));
#4089 = PCURVE('',#1212,#4090);
#4090 = DEFINITIONAL_REPRESENTATION('',(#4091),#4094);
#4091 = B_SPLINE_CURVE_WITH_KNOTS('',1,(#4092,#4093),.UNSPECIFIED.,.F.,
  .F.,(2,2),(9.791791580464E-02,7.043096632196),
  .PIECEWISE_BEZIER_KNOTS.);
#4092 = CARTESIAN_POINT('',(7.095322402823,9.791791580464E-02));
#4093 = CARTESIAN_POINT('',(7.095322402823,7.043096632196));
#4094 = ( GEOMETRIC_REPRESENTATION_CONTEXT(2) 
PARAMETRIC_REPRESENTATION_CONTEXT() REPRESENTATION_CONTEXT('2D SPACE',''
  ) );
#4095 = PCURVE('',#1147,#4096);
#4096 = DEFINITIONAL_REPRESENTATION('',(#4097),#4102);
#4097 = B_SPLINE_CURVE_WITH_KNOTS('',3,(#4098,#4099,#4100,#4101),
  .UNSPECIFIED.,.F.,.F.,(4,4),(9.791791580464E-02,7.043096632196),
  .PIECEWISE_BEZIER_KNOTS.);
#4098 = CARTESIAN_POINT('',(0.660783254058,1.974450867012E-02));
#4099 = CARTESIAN_POINT('',(0.637894304779,0.346024195582));
#4100 = CARTESIAN_POINT('',(0.617364309756,0.672303882493));
#4101 = CARTESIAN_POINT('',(0.598582454039,0.998583569405));
#4102 = ( GEOMETRIC_REPRESENTATION_CONTEXT(2) 
PARAMETRIC_REPRESENTATION_CONTEXT() REPRESENTATION_CONTEXT('2D SPACE',''
  ) );
#4103 = ORIENTED_EDGE('',*,*,#1158,.T.);
#4104 = ADVANCED_FACE('',(#4105),#1147,.F.);
#4105 = FACE_BOUND('',#4106,.F.);
#4106 = EDGE_LOOP('',(#4107,#4108,#4255,#4281));
#4107 = ORIENTED_EDGE('',*,*,#4078,.F.);
#4108 = ORIENTED_EDGE('',*,*,#4109,.T.);
#4109 = EDGE_CURVE('',#3962,#4110,#4112,.T.);
#4110 = VERTEX_POINT('',#4111);
#4111 = CARTESIAN_POINT('',(-104.4288324354,165.35075546357,
    14.970667145659));
#4112 = SURFACE_CURVE('',#4113,(#4140,#4170),.PCURVE_S1.);
#4113 = ( BOUNDED_CURVE() B_SPLINE_CURVE(9,(#4114,#4115,#4116,#4117,
    #4118,#4119,#4120,#4121,#4122,#4123,#4124,#4125,#4126,#4127,#4128,
    #4129,#4130,#4131,#4132,#4133,#4134,#4135,#4136,#4137,#4138,#4139),
.UNSPECIFIED.,.F.,.F.) B_SPLINE_CURVE_WITH_KNOTS((10,8,8,10),(
    21.877717935769,21.886664613586,30.158033556472,30.167480430701),
.UNSPECIFIED.) CURVE() GEOMETRIC_REPRESENTATION_ITEM() 
RATIONAL_B_SPLINE_CURVE((1.,1.,1.,1.,1.,1.,1.,1.,1.,1.,1.,1.,1.,1.,1.,1.
,1.,1.,1.,1.,1.,1.,1.,1.,1.,1.)) REPRESENTATION_ITEM('') );
#4114 = CARTESIAN_POINT('',(104.42883223199,165.3507552601,
    14.970664272675));
#4115 = CARTESIAN_POINT('',(104.40327941658,165.35075551865,
    14.970667923377));
#4116 = CARTESIAN_POINT('',(104.37774201123,165.35075574788,
    14.970671160138));
#4117 = CARTESIAN_POINT('',(104.35221967141,165.3507559479,
    14.970673984374));
#4118 = CARTESIAN_POINT('',(104.32671205256,165.3507561188,14.9706763975
    ));
#4119 = CARTESIAN_POINT('',(104.30121881015,165.35075626068,
    14.97067840093));
#4120 = CARTESIAN_POINT('',(104.27573959962,165.35075637366,
    14.970679996081));
#4121 = CARTESIAN_POINT('',(104.25027407645,165.35075645781,
    14.970681184367));
#4122 = CARTESIAN_POINT('',(104.22482189608,165.35075651325,
    14.970681967202));
#4123 = CARTESIAN_POINT('',(80.68038882954,165.35078134235,
    14.971032554008));
#4124 = CARTESIAN_POINT('',(57.679961861674,165.35075821257,
    14.970705961525));
#4125 = CARTESIAN_POINT('',(34.586720994018,165.35077004919,
    14.970873094659));
#4126 = CARTESIAN_POINT('',(11.574941870038,165.35076858312,
    14.97085239371));
#4127 = CARTESIAN_POINT('',(-11.57495977151,165.35076852556,
    14.970851580983));
#4128 = CARTESIAN_POINT('',(-34.58705137451,165.35077010326,
    14.970873858106));
#4129 = CARTESIAN_POINT('',(-57.67912242902,165.35075822138,
    14.970706085941));
#4130 = CARTESIAN_POINT('',(-80.67867027473,165.35078104466,
    14.971028350657));
#4131 = CARTESIAN_POINT('',(-104.2134482065,165.3507570177,
    14.97068908995));
#4132 = CARTESIAN_POINT('',(-104.2403123992,165.35075695354,
    14.9706881841));
#4133 = CARTESIAN_POINT('',(-104.2671924475,165.3507568525,
    14.970686757402));
#4134 = CARTESIAN_POINT('',(-104.2940888286,165.35075671443,
    14.970684807826));
#4135 = CARTESIAN_POINT('',(-104.3210020201,165.35075653918,
    14.970682333338));
#4136 = CARTESIAN_POINT('',(-104.3479324992,165.35075632662,
    14.97067933191));
#4137 = CARTESIAN_POINT('',(-104.3748807432,165.35075607659,
    14.970675801508));
#4138 = CARTESIAN_POINT('',(-104.4018472295,165.35075578895,
    14.970671740101));
#4139 = CARTESIAN_POINT('',(-104.4288324354,165.35075546357,
    14.970667145659));
#4140 = PCURVE('',#1147,#4141);
#4141 = DEFINITIONAL_REPRESENTATION('',(#4142),#4169);
#4142 = B_SPLINE_CURVE_WITH_KNOTS('',9,(#4143,#4144,#4145,#4146,#4147,
    #4148,#4149,#4150,#4151,#4152,#4153,#4154,#4155,#4156,#4157,#4158,
    #4159,#4160,#4161,#4162,#4163,#4164,#4165,#4166,#4167,#4168),
  .UNSPECIFIED.,.F.,.F.,(10,8,8,10),(21.877717935769,21.886664613586,
    30.158033556472,30.167480430701),.UNSPECIFIED.);
#4143 = CARTESIAN_POINT('',(0.660783254058,1.974450866965E-02));
#4144 = CARTESIAN_POINT('',(0.661893970223,1.974452902777E-02));
#4145 = CARTESIAN_POINT('',(0.66300401544,1.974454707757E-02));
#4146 = CARTESIAN_POINT('',(0.66411340469,1.974456282692E-02));
#4147 = CARTESIAN_POINT('',(0.665222152954,1.974457628371E-02));
#4148 = CARTESIAN_POINT('',(0.666330275213,1.974458745584E-02));
#4149 = CARTESIAN_POINT('',(0.667437786448,1.974459635119E-02));
#4150 = CARTESIAN_POINT('',(0.668544701641,1.974460297766E-02));
#4151 = CARTESIAN_POINT('',(0.669651035772,1.974460734315E-02));
#4152 = CARTESIAN_POINT('',(1.693059797398,1.974656238991E-02));
#4153 = CARTESIAN_POINT('',(2.692819909961,1.974474114745E-02));
#4154 = CARTESIAN_POINT('',(3.696616801787,1.97456731651E-02));
#4155 = CARTESIAN_POINT('',(4.696870706502,1.97455577263E-02));
#4156 = CARTESIAN_POINT('',(5.703130071138,1.974555319412E-02));
#4157 = CARTESIAN_POINT('',(6.703397561403,1.974567742247E-02));
#4158 = CARTESIAN_POINT('',(7.707143594811,1.974474184125E-02));
#4159 = CARTESIAN_POINT('',(8.706865517736,1.974653894993E-02));
#4160 = CARTESIAN_POINT('',(9.729854564023,1.974464706314E-02));
#4161 = CARTESIAN_POINT('',(9.731022274533,1.974464201167E-02));
#4162 = CARTESIAN_POINT('',(9.732190675642,1.97446340557E-02));
#4163 = CARTESIAN_POINT('',(9.733359788093,1.974462318387E-02));
#4164 = CARTESIAN_POINT('',(9.73452963266,1.974460938491E-02));
#4165 = CARTESIAN_POINT('',(9.735700230078,1.974459264744E-02));
#4166 = CARTESIAN_POINT('',(9.736871601119,1.974457296016E-02));
#4167 = CARTESIAN_POINT('',(9.738043766528,1.974455031173E-02));
#4168 = CARTESIAN_POINT('',(9.739216747066,1.974452469084E-02));
#4169 = ( GEOMETRIC_REPRESENTATION_CONTEXT(2) 
PARAMETRIC_REPRESENTATION_CONTEXT() REPRESENTATION_CONTEXT('2D SPACE',''
  ) );
#4170 = PCURVE('',#4171,#4250);
#4171 = ( BOUNDED_SURFACE() B_SPLINE_SURFACE(2,9,(
    (#4172,#4173,#4174,#4175,#4176,#4177,#4178,#4179,#4180,#4181,#4182
      ,#4183,#4184,#4185,#4186,#4187,#4188,#4189,#4190,#4191,#4192,#4193
      ,#4194,#4195,#4196,#4197)
    ,(#4198,#4199,#4200,#4201,#4202,#4203,#4204,#4205,#4206,#4207,#4208
      ,#4209,#4210,#4211,#4212,#4213,#4214,#4215,#4216,#4217,#4218,#4219
      ,#4220,#4221,#4222,#4223)
    ,(#4224,#4225,#4226,#4227,#4228,#4229,#4230,#4231,#4232,#4233,#4234
      ,#4235,#4236,#4237,#4238,#4239,#4240,#4241,#4242,#4243,#4244,#4245
      ,#4246,#4247,#4248,#4249
)),.UNSPECIFIED.,.F.,.F.,.F.) B_SPLINE_SURFACE_WITH_KNOTS((3,3),(10,8,8,
    10),(0.,8.289762494932),(21.877717935769,21.886664613586,
    30.158033556472,30.167480430701),.UNSPECIFIED.) 
GEOMETRIC_REPRESENTATION_ITEM() RATIONAL_B_SPLINE_SURFACE((
    (1.,1.,1.,1.,1.,1.,1.,1.,1.,1.,1.,1.,1.,1.,1.,1.,1.,1.,1.,1.,1.,1.
      ,1.,1.,1.,1.)
    ,(0.731673353331,0.731673025934,0.73167273566,0.731672482381
      ,0.73167226597,0.731672086302,0.731671943247,0.731671836681
      ,0.731671766476,0.731640325623,0.731669613749,0.731654627068
      ,0.731656481725,0.731656554799,0.73165455846,0.73166960267
      ,0.731640702555,0.731671127703,0.73167120894,0.731671336888
      ,0.731671511727,0.731671733641,0.731672002811,0.731672319419
      ,0.731672683648,0.73167309568)
    ,(1.,1.,1.,1.,1.,1.,1.,1.,1.,1.,1.,1.,1.,1.,1.,1.,1.,1.,1.,1.,1.,1.
,1.,1.,1.,1.))) REPRESENTATION_ITEM('') SURFACE() );
#4172 = CARTESIAN_POINT('',(104.42883223199,165.3507552601,
    14.970664272675));
#4173 = CARTESIAN_POINT('',(104.40327941658,165.35075551865,
    14.970667923377));
#4174 = CARTESIAN_POINT('',(104.37774201123,165.35075574788,
    14.970671160138));
#4175 = CARTESIAN_POINT('',(104.35221967141,165.3507559479,
    14.970673984374));
#4176 = CARTESIAN_POINT('',(104.32671205256,165.3507561188,14.9706763975
    ));
#4177 = CARTESIAN_POINT('',(104.30121881015,165.35075626068,
    14.97067840093));
#4178 = CARTESIAN_POINT('',(104.27573959962,165.35075637366,
    14.970679996081));
#4179 = CARTESIAN_POINT('',(104.25027407645,165.35075645781,
    14.970681184367));
#4180 = CARTESIAN_POINT('',(104.22482189608,165.35075651325,
    14.970681967202));
#4181 = CARTESIAN_POINT('',(80.68038882954,165.35078134235,
    14.971032554008));
#4182 = CARTESIAN_POINT('',(57.679961861674,165.35075821257,
    14.970705961525));
#4183 = CARTESIAN_POINT('',(34.586720994018,165.35077004919,
    14.970873094659));
#4184 = CARTESIAN_POINT('',(11.574941870038,165.35076858312,
    14.97085239371));
#4185 = CARTESIAN_POINT('',(-11.57495977151,165.35076852556,
    14.970851580983));
#4186 = CARTESIAN_POINT('',(-34.58705137451,165.35077010326,
    14.970873858106));
#4187 = CARTESIAN_POINT('',(-57.67912242902,165.35075822138,
    14.970706085941));
#4188 = CARTESIAN_POINT('',(-80.67867027473,165.35078104466,
    14.971028350657));
#4189 = CARTESIAN_POINT('',(-104.2134482065,165.3507570177,
    14.97068908995));
#4190 = CARTESIAN_POINT('',(-104.2403123992,165.35075695354,
    14.9706881841));
#4191 = CARTESIAN_POINT('',(-104.2671924475,165.3507568525,
    14.970686757402));
#4192 = CARTESIAN_POINT('',(-104.2940888286,165.35075671443,
    14.970684807826));
#4193 = CARTESIAN_POINT('',(-104.3210020201,165.35075653918,
    14.970682333338));
#4194 = CARTESIAN_POINT('',(-104.3479324992,165.35075632662,
    14.97067933191));
#4195 = CARTESIAN_POINT('',(-104.3748807432,165.35075607659,
    14.970675801508));
#4196 = CARTESIAN_POINT('',(-104.4018472295,165.35075578895,
    14.970671740101));
#4197 = CARTESIAN_POINT('',(-104.4288324354,165.35075546357,
    14.970667145659));
#4198 = CARTESIAN_POINT('',(104.41964074547,165.1,11.43));
#4199 = CARTESIAN_POINT('',(104.39418122507,165.1,11.43));
#4200 = CARTESIAN_POINT('',(104.36872742705,165.1,11.43));
#4201 = CARTESIAN_POINT('',(104.34327880747,165.1,11.43));
#4202 = CARTESIAN_POINT('',(104.31783482233,165.1,11.43));
#4203 = CARTESIAN_POINT('',(104.29239492764,165.1,11.43));
#4204 = CARTESIAN_POINT('',(104.26695857938,165.1,11.43));
#4205 = CARTESIAN_POINT('',(104.24152523351,165.1,11.43));
#4206 = CARTESIAN_POINT('',(104.21609434599,165.1,11.43));
#4207 = CARTESIAN_POINT('',(80.680099477642,165.1,11.43));
#4208 = CARTESIAN_POINT('',(57.685527781114,165.1,11.43));
#4209 = CARTESIAN_POINT('',(34.586974654002,165.1,11.43));
#4210 = CARTESIAN_POINT('',(11.577765018119,165.1,11.43));
#4211 = CARTESIAN_POINT('',(-11.57778249509,165.1,11.43));
#4212 = CARTESIAN_POINT('',(-34.58733245499,165.09999999999,11.43));
#4213 = CARTESIAN_POINT('',(-57.68468975629,165.1,11.43));
#4214 = CARTESIAN_POINT('',(-80.67851096204,165.1,11.43));
#4215 = CARTESIAN_POINT('',(-104.204914522,165.1,11.43));
#4216 = CARTESIAN_POINT('',(-104.2317534083,165.1,11.43));
#4217 = CARTESIAN_POINT('',(-104.2585938485,165.1,11.43));
#4218 = CARTESIAN_POINT('',(-104.285436656,165.1,11.43));
#4219 = CARTESIAN_POINT('',(-104.3122826442,165.1,11.43));
#4220 = CARTESIAN_POINT('',(-104.3391326267,165.1,11.43));
#4221 = CARTESIAN_POINT('',(-104.3659874168,165.1,11.43));
#4222 = CARTESIAN_POINT('',(-104.3928478279,165.1,11.43));
#4223 = CARTESIAN_POINT('',(-104.4197146734,165.1,11.43));
#4224 = CARTESIAN_POINT('',(104.28961876884,161.5528376889,11.43));
#4225 = CARTESIAN_POINT('',(104.26547740178,161.55278595161,11.43));
#4226 = CARTESIAN_POINT('',(104.24120486779,161.55274007939,11.43));
#4227 = CARTESIAN_POINT('',(104.21679780833,161.55270005249,11.43));
#4228 = CARTESIAN_POINT('',(104.19225286486,161.55266585121,11.43));
#4229 = CARTESIAN_POINT('',(104.16756667888,161.55263745583,11.43));
#4230 = CARTESIAN_POINT('',(104.1427358918,161.55261484661,11.43));
#4231 = CARTESIAN_POINT('',(104.11775714516,161.55259800384,11.43));
#4232 = CARTESIAN_POINT('',(104.09262708037,161.5525869078,11.43));
#4233 = CARTESIAN_POINT('',(80.691131709308,161.54761776844,11.43));
#4234 = CARTESIAN_POINT('',(57.732391669754,161.5522381866,11.43));
#4235 = CARTESIAN_POINT('',(34.625917389527,161.54988775355,11.43));
#4236 = CARTESIAN_POINT('',(11.590448505006,161.55016374446,11.43));
#4237 = CARTESIAN_POINT('',(-11.59050809581,161.5501770718,11.43));
#4238 = CARTESIAN_POINT('',(-34.6264432242,161.54987557651,11.43));
#4239 = CARTESIAN_POINT('',(-57.73209322762,161.55223717739,11.43));
#4240 = CARTESIAN_POINT('',(-80.69089016732,161.54767708876,11.43));
#4241 = CARTESIAN_POINT('',(-104.0841866508,161.55248594917,11.43));
#4242 = CARTESIAN_POINT('',(-104.1106679839,161.55249878968,11.43));
#4243 = CARTESIAN_POINT('',(-104.1369488001,161.55251901294,11.43));
#4244 = CARTESIAN_POINT('',(-104.1630346597,161.55254664721,11.43));
#4245 = CARTESIAN_POINT('',(-104.1889311232,161.55258172076,11.43));
#4246 = CARTESIAN_POINT('',(-104.2146437507,161.55262426184,11.43));
#4247 = CARTESIAN_POINT('',(-104.2401781027,161.55267429871,11.43));
#4248 = CARTESIAN_POINT('',(-104.2655397396,161.55273185964,11.43));
#4249 = CARTESIAN_POINT('',(-104.2907342216,161.55279697289,11.43));
#4250 = DEFINITIONAL_REPRESENTATION('',(#4251),#4254);
#4251 = B_SPLINE_CURVE_WITH_KNOTS('',1,(#4252,#4253),.UNSPECIFIED.,.F.,
  .F.,(2,2),(21.877717935769,30.167480430701),.PIECEWISE_BEZIER_KNOTS.);
#4252 = CARTESIAN_POINT('',(0.,21.877717935769));
#4253 = CARTESIAN_POINT('',(0.,30.167480430701));
#4254 = ( GEOMETRIC_REPRESENTATION_CONTEXT(2) 
PARAMETRIC_REPRESENTATION_CONTEXT() REPRESENTATION_CONTEXT('2D SPACE',''
  ) );
#4255 = ORIENTED_EDGE('',*,*,#4256,.T.);
#4256 = EDGE_CURVE('',#4110,#1029,#4257,.T.);
#4257 = SURFACE_CURVE('',#4258,(#4267,#4275),.PCURVE_S1.);
#4258 = B_SPLINE_CURVE_WITH_KNOTS('',3,(#4259,#4260,#4261,#4262,#4263,
    #4264,#4265,#4266),.UNSPECIFIED.,.F.,.F.,(4,2,2,4),(-0.476409469948,
    -4.217573889519E-02,7.053146663928,7.48738039498),.UNSPECIFIED.);
#4259 = CARTESIAN_POINT('',(-103.400836376,164.32276,0.4553712));
#4260 = CARTESIAN_POINT('',(-103.659916376,164.58184,4.1135808));
#4261 = CARTESIAN_POINT('',(-103.918996376,164.84092,7.7717904));
#4262 = CARTESIAN_POINT('',(-108.4114097093,169.33333333333,
    71.204666666667));
#4263 = CARTESIAN_POINT('',(-112.6447430426,173.56666666666,
    130.97933333333));
#4264 = CARTESIAN_POINT('',(-117.137156376,178.05908,194.4122096));
#4265 = CARTESIAN_POINT('',(-117.396236376,178.31816,198.0704192));
#4266 = CARTESIAN_POINT('',(-117.655316376,178.57724,201.7286288));
#4267 = PCURVE('',#1147,#4268);
#4268 = DEFINITIONAL_REPRESENTATION('',(#4269),#4274);
#4269 = B_SPLINE_CURVE_WITH_KNOTS('',3,(#4270,#4271,#4272,#4273),
  .UNSPECIFIED.,.F.,.F.,(4,4),(9.791802947678E-02,7.043096632196),
  .PIECEWISE_BEZIER_KNOTS.);
#4270 = CARTESIAN_POINT('',(9.739216747066,1.974452469084E-02));
#4271 = CARTESIAN_POINT('',(9.762105695893,0.346024206262));
#4272 = CARTESIAN_POINT('',(9.782635690552,0.672303887834));
#4273 = CARTESIAN_POINT('',(9.801417545961,0.998583569405));
#4274 = ( GEOMETRIC_REPRESENTATION_CONTEXT(2) 
PARAMETRIC_REPRESENTATION_CONTEXT() REPRESENTATION_CONTEXT('2D SPACE',''
  ) );
#4275 = PCURVE('',#1082,#4276);
#4276 = DEFINITIONAL_REPRESENTATION('',(#4277),#4280);
#4277 = B_SPLINE_CURVE_WITH_KNOTS('',1,(#4278,#4279),.UNSPECIFIED.,.F.,
  .F.,(2,2),(9.791802947678E-02,7.043096632196),
  .PIECEWISE_BEZIER_KNOTS.);
#4278 = CARTESIAN_POINT('',(0.,9.791802947678E-02));
#4279 = CARTESIAN_POINT('',(0.,7.043096632196));
#4280 = ( GEOMETRIC_REPRESENTATION_CONTEXT(2) 
PARAMETRIC_REPRESENTATION_CONTEXT() REPRESENTATION_CONTEXT('2D SPACE',''
  ) );
#4281 = ORIENTED_EDGE('',*,*,#1133,.T.);
#4282 = ADVANCED_FACE('',(#4283),#1082,.F.);
#4283 = FACE_BOUND('',#4284,.F.);
#4284 = EDGE_LOOP('',(#4285,#4286,#4430,#4456));
#4285 = ORIENTED_EDGE('',*,*,#4256,.F.);
#4286 = ORIENTED_EDGE('',*,*,#4287,.T.);
#4287 = EDGE_CURVE('',#4110,#4288,#4290,.T.);
#4288 = VERTEX_POINT('',#4289);
#4289 = CARTESIAN_POINT('',(-119.6307553095,150.14883168554,
    14.970664970362));
#4290 = SURFACE_CURVE('',#4291,(#4312,#4363),.PCURVE_S1.);
#4291 = ( BOUNDED_CURVE() B_SPLINE_CURVE(10,(#4292,#4293,#4294,#4295,
    #4296,#4297,#4298,#4299,#4300,#4301,#4302,#4303,#4304,#4305,#4306,
    #4307,#4308,#4309,#4310,#4311),.UNSPECIFIED.,.F.,.F.) 
B_SPLINE_CURVE_WITH_KNOTS((11,9,11),(30.167480407524,30.586513818386,
31.006061916402),.UNSPECIFIED.) CURVE() GEOMETRIC_REPRESENTATION_ITEM() 
RATIONAL_B_SPLINE_CURVE((1.,1.,1.,1.,1.,0.999999999999,1.,1.,1.,1.,1.,1.
,1.,1.,1.,1.,1.,1.,1.,1.)) REPRESENTATION_ITEM('') );
#4292 = CARTESIAN_POINT('',(-104.4288318396,165.35075546358,
    14.970667145761));
#4293 = CARTESIAN_POINT('',(-105.5060652938,165.34945134991,
    14.952253060813));
#4294 = CARTESIAN_POINT('',(-106.6106899443,165.26342065529,
    14.933450291888));
#4295 = CARTESIAN_POINT('',(-107.7508061494,165.08636393049,
    14.917999675786));
#4296 = CARTESIAN_POINT('',(-108.9069296155,164.80172765057,
    14.90065089959));
#4297 = CARTESIAN_POINT('',(-110.050239022,164.41385631098,
    14.889491343345));
#4298 = CARTESIAN_POINT('',(-111.1825927445,163.91368098719,
    14.87682796336));
#4299 = CARTESIAN_POINT('',(-112.2759791013,163.303982849,
    14.869121650322));
#4300 = CARTESIAN_POINT('',(-113.3154757724,162.59113128669,
    14.86313332209));
#4301 = CARTESIAN_POINT('',(-114.2860994907,161.78387993479,
    14.860302438844));
#4302 = CARTESIAN_POINT('',(-116.0649521439,160.00503081333,
    14.860302375566));
#4303 = CARTESIAN_POINT('',(-116.8730684817,159.0328535679,
    14.863166136568));
#4304 = CARTESIAN_POINT('',(-117.5866772643,157.99380730778,
    14.869005477103));
#4305 = CARTESIAN_POINT('',(-118.1967681511,156.89213173071,
    14.877221223441));
#4306 = CARTESIAN_POINT('',(-118.696216244,155.77287665971,
    14.88903066875));
#4307 = CARTESIAN_POINT('',(-119.0864156314,154.60682401525,
    14.901216387505));
#4308 = CARTESIAN_POINT('',(-119.3653540486,153.46905779698,
    14.917986998748));
#4309 = CARTESIAN_POINT('',(-119.5434730783,152.32982650128,
    14.933453032927));
#4310 = CARTESIAN_POINT('',(-119.6294526453,151.22709365878,
    14.952271352952));
#4311 = CARTESIAN_POINT('',(-119.6307553095,150.14883168554,
    14.970664970362));
#4312 = PCURVE('',#1082,#4313);
#4313 = DEFINITIONAL_REPRESENTATION('',(#4314),#4362);
#4314 = B_SPLINE_CURVE_WITH_KNOTS('',10,(#4315,#4316,#4317,#4318,#4319,
    #4320,#4321,#4322,#4323,#4324,#4325,#4326,#4327,#4328,#4329,#4330,
    #4331,#4332,#4333,#4334,#4335,#4336,#4337,#4338,#4339,#4340,#4341,
    #4342,#4343,#4344,#4345,#4346,#4347,#4348,#4349,#4350,#4351,#4352,
    #4353,#4354,#4355,#4356,#4357,#4358,#4359,#4360,#4361),
  .UNSPECIFIED.,.F.,.F.,(11,9,9,9,9,11),(30.167480407524,30.377125784743
    ,30.586771161963,30.796416539182,30.901239227792,31.006061916402),
  .UNSPECIFIED.);
#4315 = CARTESIAN_POINT('',(4.101486325542E-16,9.79180294808E-02));
#4316 = CARTESIAN_POINT('',(0.177643570383,9.905055939171E-02));
#4317 = CARTESIAN_POINT('',(0.35470540422,0.100139477316));
#4318 = CARTESIAN_POINT('',(0.53191316318,0.101203660537));
#4319 = CARTESIAN_POINT('',(0.70947716942,0.102233748725));
#4320 = CARTESIAN_POINT('',(0.887163023507,0.103222544298));
#4321 = CARTESIAN_POINT('',(1.064979189941,0.104165547637));
#4322 = CARTESIAN_POINT('',(1.242695490917,0.105056625338));
#4323 = CARTESIAN_POINT('',(1.420392373737,0.105891115064));
#4324 = CARTESIAN_POINT('',(1.598015723142,0.106663866717));
#4325 = CARTESIAN_POINT('',(1.953161915321,0.10807724827));
#4326 = CARTESIAN_POINT('',(2.130684667826,0.108717873389));
#4327 = CARTESIAN_POINT('',(2.308150905872,0.109287992129));
#4328 = CARTESIAN_POINT('',(2.485616333621,0.109783780661));
#4329 = CARTESIAN_POINT('',(2.663013294452,0.110201725114));
#4330 = CARTESIAN_POINT('',(2.840428712996,0.110539335389));
#4331 = CARTESIAN_POINT('',(3.01777349619,0.11079381493));
#4332 = CARTESIAN_POINT('',(3.195126800322,0.110962641226));
#4333 = CARTESIAN_POINT('',(3.372484234958,0.11104740138));
#4334 = CARTESIAN_POINT('',(3.727183675455,0.111045512946));
#4335 = CARTESIAN_POINT('',(3.904555252142,0.110958941864));
#4336 = CARTESIAN_POINT('',(4.081864355309,0.110788212348));
#4337 = CARTESIAN_POINT('',(4.259261891805,0.110531709896));
#4338 = CARTESIAN_POINT('',(4.436651074224,0.1101924928));
#4339 = CARTESIAN_POINT('',(4.614082847099,0.109772773107));
#4340 = CARTESIAN_POINT('',(4.791512071042,0.109275332813));
#4341 = CARTESIAN_POINT('',(4.968976695801,0.108703547426));
#4342 = CARTESIAN_POINT('',(5.146443753699,0.108061615406));
#4343 = CARTESIAN_POINT('',(5.412602406694,0.107000460704));
#4344 = CARTESIAN_POINT('',(5.501315726983,0.106630362592));
#4345 = CARTESIAN_POINT('',(5.590014341285,0.106244485295));
#4346 = CARTESIAN_POINT('',(5.678699373712,0.105843410884));
#4347 = CARTESIAN_POINT('',(5.767363409214,0.105427780853));
#4348 = CARTESIAN_POINT('',(5.855997829647,0.104998252183));
#4349 = CARTESIAN_POINT('',(5.944600242254,0.104555457993));
#4350 = CARTESIAN_POINT('',(6.033172016221,0.104100021362));
#4351 = CARTESIAN_POINT('',(6.121711341901,0.103632593042));
#4352 = CARTESIAN_POINT('',(6.298733908378,0.102675018616));
#4353 = CARTESIAN_POINT('',(6.387217197946,0.102184874297));
#4354 = CARTESIAN_POINT('',(6.475676462579,0.10168399585));
#4355 = CARTESIAN_POINT('',(6.56411684913,0.101173038063));
#4356 = CARTESIAN_POINT('',(6.65254809258,0.100652608821));
#4357 = CARTESIAN_POINT('',(6.740983074423,0.1001232713));
#4358 = CARTESIAN_POINT('',(6.829437217196,9.958549781325E-02));
#4359 = CARTESIAN_POINT('',(6.917934402697,9.903944597974E-02));
#4360 = CARTESIAN_POINT('',(7.006525101717,9.848442795397E-02));
#4361 = CARTESIAN_POINT('',(7.095322402823,9.791794340666E-02));
#4362 = ( GEOMETRIC_REPRESENTATION_CONTEXT(2) 
PARAMETRIC_REPRESENTATION_CONTEXT() REPRESENTATION_CONTEXT('2D SPACE',''
  ) );
#4363 = PCURVE('',#4364,#4425);
#4364 = ( BOUNDED_SURFACE() B_SPLINE_SURFACE(2,10,(
    (#4365,#4366,#4367,#4368,#4369,#4370,#4371,#4372,#4373,#4374,#4375
      ,#4376,#4377,#4378,#4379,#4380,#4381,#4382,#4383,#4384)
    ,(#4385,#4386,#4387,#4388,#4389,#4390,#4391,#4392,#4393,#4394,#4395
      ,#4396,#4397,#4398,#4399,#4400,#4401,#4402,#4403,#4404)
    ,(#4405,#4406,#4407,#4408,#4409,#4410,#4411,#4412,#4413,#4414,#4415
      ,#4416,#4417,#4418,#4419,#4420,#4421,#4422,#4423,#4424
)),.UNSPECIFIED.,.F.,.F.,.F.) B_SPLINE_SURFACE_WITH_KNOTS((3,3),(11,9,11
    ),(0.,0.838581508878),(30.167480407524,30.586513818386,
31.006061916402),.UNSPECIFIED.) GEOMETRIC_REPRESENTATION_ITEM() 
RATIONAL_B_SPLINE_SURFACE((
    (1.,1.,1.,1.,1.,0.999999999999,1.,1.,1.,1.,1.,1.,1.,1.,1.,1.,1.,1.
      ,1.,1.)
    ,(0.731673095671,0.733324479736,0.73500652733,0.736384005873
      ,0.737929421905,0.738918252525,0.740042578508,0.740723896575
      ,0.741254145675,0.741504602998,0.741504608598,0.741251222106
      ,0.740734277056,0.740007537165,0.738959329496,0.737879137918
      ,0.736385029278,0.735006304351,0.733322838848,0.731673290762)
    ,(1.,1.,1.,1.,1.,0.999999999999,1.,1.,1.,1.,1.,1.,1.,1.,1.,1.,1.,1.
,1.,1.))) REPRESENTATION_ITEM('') SURFACE() );
#4365 = CARTESIAN_POINT('',(-104.4288318396,165.35075546358,
    14.970667145761));
#4366 = CARTESIAN_POINT('',(-105.5060652938,165.34945134991,
    14.952253060813));
#4367 = CARTESIAN_POINT('',(-106.6106899443,165.26342065529,
    14.933450291888));
#4368 = CARTESIAN_POINT('',(-107.7508061494,165.08636393049,
    14.917999675786));
#4369 = CARTESIAN_POINT('',(-108.9069296155,164.80172765057,
    14.90065089959));
#4370 = CARTESIAN_POINT('',(-110.050239022,164.41385631098,
    14.889491343345));
#4371 = CARTESIAN_POINT('',(-111.1825927445,163.91368098719,
    14.87682796336));
#4372 = CARTESIAN_POINT('',(-112.2759791013,163.303982849,
    14.869121650322));
#4373 = CARTESIAN_POINT('',(-113.3154757724,162.59113128669,
    14.86313332209));
#4374 = CARTESIAN_POINT('',(-114.2860994907,161.78387993479,
    14.860302438844));
#4375 = CARTESIAN_POINT('',(-116.0649521439,160.00503081333,
    14.860302375566));
#4376 = CARTESIAN_POINT('',(-116.8730684817,159.0328535679,
    14.863166136568));
#4377 = CARTESIAN_POINT('',(-117.5866772643,157.99380730778,
    14.869005477103));
#4378 = CARTESIAN_POINT('',(-118.1967681511,156.89213173071,
    14.877221223441));
#4379 = CARTESIAN_POINT('',(-118.696216244,155.77287665971,
    14.88903066875));
#4380 = CARTESIAN_POINT('',(-119.0864156314,154.60682401525,
    14.901216387505));
#4381 = CARTESIAN_POINT('',(-119.3653540486,153.46905779698,
    14.917986998748));
#4382 = CARTESIAN_POINT('',(-119.5434730783,152.32982650128,
    14.933453032927));
#4383 = CARTESIAN_POINT('',(-119.6294526453,151.22709365878,
    14.952271352952));
#4384 = CARTESIAN_POINT('',(-119.6307553095,150.14883168554,
    14.970664970362));
#4385 = CARTESIAN_POINT('',(-104.4197140802,165.1,11.43));
#4386 = CARTESIAN_POINT('',(-105.4892346322,165.08297997042,11.43));
#4387 = CARTESIAN_POINT('',(-106.5667795886,164.98220907953,11.43));
#4388 = CARTESIAN_POINT('',(-107.6753085877,164.79569922204,11.43));
#4389 = CARTESIAN_POINT('',(-108.8101165905,164.50755394841,11.43));
#4390 = CARTESIAN_POINT('',(-109.9298339544,164.1124131667,11.43));
#4391 = CARTESIAN_POINT('',(-111.0294369121,163.61901496814,11.43));
#4392 = CARTESIAN_POINT('',(-112.1011371925,163.01365570591,11.43));
#4393 = CARTESIAN_POINT('',(-113.1144501145,162.31293200663,11.43));
#4394 = CARTESIAN_POINT('',(-114.0628537675,161.5212472402,11.43));
#4395 = CARTESIAN_POINT('',(-115.8022960539,159.78180826512,11.43));
#4396 = CARTESIAN_POINT('',(-116.5947154286,158.83206686723,11.43));
#4397 = CARTESIAN_POINT('',(-117.2967993221,157.81832921458,11.43));
#4398 = CARTESIAN_POINT('',(-117.9007505772,156.74056603497,11.43));
#4399 = CARTESIAN_POINT('',(-118.3964226491,155.65219906488,11.43));
#4400 = CARTESIAN_POINT('',(-118.7912209508,154.50792351796,11.43));
#4401 = CARTESIAN_POINT('',(-119.0735760667,153.39888303972,11.43));
#4402 = CARTESIAN_POINT('',(-119.2621849635,152.28971054261,11.43));
#4403 = CARTESIAN_POINT('',(-119.3629676703,151.2110946876,11.43));
#4404 = CARTESIAN_POINT('',(-119.38,150.13965804813,11.43));
#4405 = CARTESIAN_POINT('',(-104.2907336653,161.55279697145,11.43));
#4406 = CARTESIAN_POINT('',(-105.2965264561,161.55539636102,11.43));
#4407 = CARTESIAN_POINT('',(-106.0389552858,161.48401890158,11.43));
#4408 = CARTESIAN_POINT('',(-106.810114667,161.35454428114,11.43));
#4409 = CARTESIAN_POINT('',(-107.7817146252,161.19469322484,11.43));
#4410 = CARTESIAN_POINT('',(-108.6306674435,160.82191708138,11.43));
#4411 = CARTESIAN_POINT('',(-109.4536388442,160.51932726278,11.43));
#4412 = CARTESIAN_POINT('',(-110.3128359844,160.02193952647,11.43));
#4413 = CARTESIAN_POINT('',(-111.0864560176,159.49726368679,11.43));
#4414 = CARTESIAN_POINT('',(-111.8227387788,158.88591144604,11.43));
#4415 = CARTESIAN_POINT('',(-113.166725982,157.54192615504,11.43));
#4416 = CARTESIAN_POINT('',(-113.7772000818,156.80594035486,11.43));
#4417 = CARTESIAN_POINT('',(-114.3106359011,156.0264037043,11.43));
#4418 = CARTESIAN_POINT('',(-114.7841425807,155.17302978202,11.43));
#4419 = CARTESIAN_POINT('',(-115.1250863492,154.36333682211,11.43));
#4420 = CARTESIAN_POINT('',(-115.4666702959,153.44540508469,11.43));
#4421 = CARTESIAN_POINT('',(-115.6164911087,152.59054466243,11.43));
#4422 = CARTESIAN_POINT('',(-115.7629447416,151.81480224323,11.43));
#4423 = CARTESIAN_POINT('',(-115.8349487906,151.03022201753,11.43));
#4424 = CARTESIAN_POINT('',(-115.8328278013,150.00988822739,11.43));
#4425 = DEFINITIONAL_REPRESENTATION('',(#4426),#4429);
#4426 = B_SPLINE_CURVE_WITH_KNOTS('',1,(#4427,#4428),.UNSPECIFIED.,.F.,
  .F.,(2,2),(30.167480407524,31.006061916402),.PIECEWISE_BEZIER_KNOTS.);
#4427 = CARTESIAN_POINT('',(0.,30.167480407524));
#4428 = CARTESIAN_POINT('',(0.,31.006061916402));
#4429 = ( GEOMETRIC_REPRESENTATION_CONTEXT(2) 
PARAMETRIC_REPRESENTATION_CONTEXT() REPRESENTATION_CONTEXT('2D SPACE',''
  ) );
#4430 = ORIENTED_EDGE('',*,*,#4431,.T.);
#4431 = EDGE_CURVE('',#4288,#1004,#4432,.T.);
#4432 = SURFACE_CURVE('',#4433,(#4442,#4448),.PCURVE_S1.);
#4433 = B_SPLINE_CURVE_WITH_KNOTS('',3,(#4434,#4435,#4436,#4437,#4438,
    #4439,#4440,#4441),.UNSPECIFIED.,.F.,.F.,(4,2,2,4),(-0.476409469948,
    -4.217573889519E-02,7.053146663928,7.48738039498),.UNSPECIFIED.);
#4434 = CARTESIAN_POINT('',(-118.60276,149.12083637602,0.4553712));
#4435 = CARTESIAN_POINT('',(-118.86184,149.37991637602,4.1135808));
#4436 = CARTESIAN_POINT('',(-119.12092,149.63899637602,7.7717904));
#4437 = CARTESIAN_POINT('',(-123.6133333333,154.13140970935,
    71.204666666667));
#4438 = CARTESIAN_POINT('',(-127.8466666666,158.36474304269,
    130.97933333333));
#4439 = CARTESIAN_POINT('',(-132.33908,162.85715637602,194.4122096));
#4440 = CARTESIAN_POINT('',(-132.59816,163.11623637602,198.0704192));
#4441 = CARTESIAN_POINT('',(-132.85724,163.37531637602,201.7286288));
#4442 = PCURVE('',#1082,#4443);
#4443 = DEFINITIONAL_REPRESENTATION('',(#4444),#4447);
#4444 = B_SPLINE_CURVE_WITH_KNOTS('',1,(#4445,#4446),.UNSPECIFIED.,.F.,
  .F.,(2,2),(9.791794340666E-02,7.043096632196),
  .PIECEWISE_BEZIER_KNOTS.);
#4445 = CARTESIAN_POINT('',(7.095322402823,9.791794340666E-02));
#4446 = CARTESIAN_POINT('',(7.095322402823,7.043096632196));
#4447 = ( GEOMETRIC_REPRESENTATION_CONTEXT(2) 
PARAMETRIC_REPRESENTATION_CONTEXT() REPRESENTATION_CONTEXT('2D SPACE',''
  ) );
#4448 = PCURVE('',#1017,#4449);
#4449 = DEFINITIONAL_REPRESENTATION('',(#4450),#4455);
#4450 = B_SPLINE_CURVE_WITH_KNOTS('',3,(#4451,#4452,#4453,#4454),
  .UNSPECIFIED.,.F.,.F.,(4,4),(9.791794340666E-02,7.043096632196),
  .PIECEWISE_BEZIER_KNOTS.);
#4451 = CARTESIAN_POINT('',(0.643562008321,1.974451256029E-02));
#4452 = CARTESIAN_POINT('',(0.627433867076,0.346024198175));
#4453 = CARTESIAN_POINT('',(0.612512773139,0.67230388379));
#4454 = CARTESIAN_POINT('',(0.598561488671,0.998583569405));
#4455 = ( GEOMETRIC_REPRESENTATION_CONTEXT(2) 
PARAMETRIC_REPRESENTATION_CONTEXT() REPRESENTATION_CONTEXT('2D SPACE',''
  ) );
#4456 = ORIENTED_EDGE('',*,*,#1028,.T.);
#4457 = ADVANCED_FACE('',(#4458),#1017,.F.);
#4458 = FACE_BOUND('',#4459,.F.);
#4459 = EDGE_LOOP('',(#4460,#4461,#4608,#4634));
#4460 = ORIENTED_EDGE('',*,*,#4431,.F.);
#4461 = ORIENTED_EDGE('',*,*,#4462,.T.);
#4462 = EDGE_CURVE('',#4288,#4463,#4465,.T.);
#4463 = VERTEX_POINT('',#4464);
#4464 = CARTESIAN_POINT('',(-119.6307553858,-150.1488319337,
    14.970666048235));
#4465 = SURFACE_CURVE('',#4466,(#4493,#4523),.PCURVE_S1.);
#4466 = ( BOUNDED_CURVE() B_SPLINE_CURVE(9,(#4467,#4468,#4469,#4470,
    #4471,#4472,#4473,#4474,#4475,#4476,#4477,#4478,#4479,#4480,#4481,
    #4482,#4483,#4484,#4485,#4486,#4487,#4488,#4489,#4490,#4491,#4492),
.UNSPECIFIED.,.F.,.F.) B_SPLINE_CURVE_WITH_KNOTS((10,8,8,10),(
    31.006061909713,31.014994110085,42.916368478195,42.925813522189),
.UNSPECIFIED.) CURVE() GEOMETRIC_REPRESENTATION_ITEM() 
RATIONAL_B_SPLINE_CURVE((1.,1.,1.,1.,1.,1.,1.,1.,1.,1.,1.,1.,1.,1.,1.,1.
,1.,1.,1.,1.,1.,1.,1.,1.,1.,1.)) REPRESENTATION_ITEM('') );
#4467 = CARTESIAN_POINT('',(-119.6307553095,150.14883185746,
    14.970664970338));
#4468 = CARTESIAN_POINT('',(-119.6307555602,150.12332379217,
    14.970668510665));
#4469 = CARTESIAN_POINT('',(-119.6307557817,150.09783107177,
    14.970671638147));
#4470 = CARTESIAN_POINT('',(-119.630755974,150.07235335017,
    14.970674353736));
#4471 = CARTESIAN_POINT('',(-119.6307561372,150.04689028127,
    14.970676658382));
#4472 = CARTESIAN_POINT('',(-119.6307562714,150.02144151897,
    14.970678553036));
#4473 = CARTESIAN_POINT('',(-119.6307563766,149.99600671718,
    14.970680038651));
#4474 = CARTESIAN_POINT('',(-119.6307564529,149.97058552979,
    14.970681116176));
#4475 = CARTESIAN_POINT('',(-119.6307565004,149.94517761072,
    14.970681786564));
#4476 = CARTESIAN_POINT('',(-119.6307814501,116.08317437709,
    14.971034075942));
#4477 = CARTESIAN_POINT('',(-119.6307580791,82.992787665211,
    14.970704077001));
#4478 = CARTESIAN_POINT('',(-119.6307700803,49.764903293994,
    14.97087353401));
#4479 = CARTESIAN_POINT('',(-119.6307685894,16.655342954714,
    14.970852483156));
#4480 = CARTESIAN_POINT('',(-119.6307685414,-16.65540774062,
    14.970851805763));
#4481 = CARTESIAN_POINT('',(-119.6307701188,-49.76567807272,
    14.970874078068));
#4482 = CARTESIAN_POINT('',(-119.6307581057,-82.99256055741,
    14.970704453164));
#4483 = CARTESIAN_POINT('',(-119.6307812055,-116.0825757466,
    14.971030622021));
#4484 = CARTESIAN_POINT('',(-119.6307568889,-149.9334956035,
    14.970687272022));
#4485 = CARTESIAN_POINT('',(-119.6307568324,-149.9603540151,
    14.970686473895));
#4486 = CARTESIAN_POINT('',(-119.6307567385,-149.987228212,
    14.970685148545));
#4487 = CARTESIAN_POINT('',(-119.6307566072,-150.0141186772,
    14.970683294605));
#4488 = CARTESIAN_POINT('',(-119.6307564384,-150.0410258938,
    14.970680910708));
#4489 = CARTESIAN_POINT('',(-119.6307562319,-150.0679503447,
    14.97067799549));
#4490 = CARTESIAN_POINT('',(-119.6307559877,-150.094892513,
    14.970674547582));
#4491 = CARTESIAN_POINT('',(-119.6307557057,-150.1218528817,
    14.97067056562));
#4492 = CARTESIAN_POINT('',(-119.6307553858,-150.1488319337,
    14.970666048235));
#4493 = PCURVE('',#1017,#4494);
#4494 = DEFINITIONAL_REPRESENTATION('',(#4495),#4522);
#4495 = B_SPLINE_CURVE_WITH_KNOTS('',9,(#4496,#4497,#4498,#4499,#4500,
    #4501,#4502,#4503,#4504,#4505,#4506,#4507,#4508,#4509,#4510,#4511,
    #4512,#4513,#4514,#4515,#4516,#4517,#4518,#4519,#4520,#4521),
  .UNSPECIFIED.,.F.,.F.,(10,8,8,10),(31.006061909713,31.014994110085,
    42.916368478195,42.925813522189),.UNSPECIFIED.);
#4496 = CARTESIAN_POINT('',(0.643562008321,1.974451256016E-02));
#4497 = CARTESIAN_POINT('',(0.64464188274,1.974453230279E-02));
#4498 = CARTESIAN_POINT('',(0.645721106416,1.974454974319E-02));
#4499 = CARTESIAN_POINT('',(0.646799694006,1.974456488666E-02));
#4500 = CARTESIAN_POINT('',(0.647877660163,1.974457773852E-02));
#4501 = CARTESIAN_POINT('',(0.648955019544,1.974458830405E-02));
#4502 = CARTESIAN_POINT('',(0.650031786802,1.974459658858E-02));
#4503 = CARTESIAN_POINT('',(0.651107976594,1.97446025974E-02));
#4504 = CARTESIAN_POINT('',(0.652183603574,1.974460633582E-02));
#4505 = CARTESIAN_POINT('',(2.085707017524,1.974657087697E-02));
#4506 = CARTESIAN_POINT('',(3.486562287067,1.974473063841E-02));
#4507 = CARTESIAN_POINT('',(4.893240905062,1.974567561514E-02));
#4508 = CARTESIAN_POINT('',(6.294908228369,1.974555822509E-02));
#4509 = CARTESIAN_POINT('',(7.705094513623,1.974555444761E-02));
#4510 = CARTESIAN_POINT('',(9.106791897396,1.974567864908E-02));
#4511 = CARTESIAN_POINT('',(10.513428091561,1.974473273607E-02));
#4512 = CARTESIAN_POINT('',(11.914267652748,1.974655161618E-02));
#4513 = CARTESIAN_POINT('',(13.347321832518,1.974463692546E-02));
#4514 = CARTESIAN_POINT('',(13.348458865354,1.974463247471E-02));
#4515 = CARTESIAN_POINT('',(13.349596567882,1.974462508389E-02));
#4516 = CARTESIAN_POINT('',(13.350734960558,1.97446147454E-02));
#4517 = CARTESIAN_POINT('',(13.351874063832,1.974460145161E-02));
#4518 = CARTESIAN_POINT('',(13.353013898158,1.97445851949E-02));
#4519 = CARTESIAN_POINT('',(13.354154483989,1.974456596765E-02));
#4520 = CARTESIAN_POINT('',(13.355295841778,1.974454376224E-02));
#4521 = CARTESIAN_POINT('',(13.356437991976,1.974451857105E-02));
#4522 = ( GEOMETRIC_REPRESENTATION_CONTEXT(2) 
PARAMETRIC_REPRESENTATION_CONTEXT() REPRESENTATION_CONTEXT('2D SPACE',''
  ) );
#4523 = PCURVE('',#4524,#4603);
#4524 = ( BOUNDED_SURFACE() B_SPLINE_SURFACE(2,9,(
    (#4525,#4526,#4527,#4528,#4529,#4530,#4531,#4532,#4533,#4534,#4535
      ,#4536,#4537,#4538,#4539,#4540,#4541,#4542,#4543,#4544,#4545,#4546
      ,#4547,#4548,#4549,#4550)
    ,(#4551,#4552,#4553,#4554,#4555,#4556,#4557,#4558,#4559,#4560,#4561
      ,#4562,#4563,#4564,#4565,#4566,#4567,#4568,#4569,#4570,#4571,#4572
      ,#4573,#4574,#4575,#4576)
    ,(#4577,#4578,#4579,#4580,#4581,#4582,#4583,#4584,#4585,#4586,#4587
      ,#4588,#4589,#4590,#4591,#4592,#4593,#4594,#4595,#4596,#4597,#4598
      ,#4599,#4600,#4601,#4602
)),.UNSPECIFIED.,.F.,.F.,.F.) B_SPLINE_SURFACE_WITH_KNOTS((3,3),(10,8,8,
    10),(0.,11.919751612477),(31.006061909713,31.014994110085,
    42.916368478195,42.925813522189),.UNSPECIFIED.) 
GEOMETRIC_REPRESENTATION_ITEM() RATIONAL_B_SPLINE_SURFACE((
    (1.,1.,1.,1.,1.,1.,1.,1.,1.,1.,1.,1.,1.,1.,1.,1.,1.,1.,1.,1.,1.,1.
      ,1.,1.,1.,1.)
    ,(0.731673290764,0.731672973266,0.731672692792,0.731672449256
      ,0.731672242574,0.731672072661,0.73167193943,0.731671842796
      ,0.731671782676,0.731640189136,0.731669782749,0.731654587673
      ,0.731656473712,0.731656534613,0.731654538768,0.731669749076
      ,0.731640498865,0.731671290736,0.731671362313,0.731671481171
      ,0.731671647434,0.731671861223,0.731672122662,0.731672431872
      ,0.731672788977,0.731673194098)
    ,(1.,1.,1.,1.,1.,1.,1.,1.,1.,1.,1.,1.,1.,1.,1.,1.,1.,1.,1.,1.,1.,1.
,1.,1.,1.,1.))) REPRESENTATION_ITEM('') SURFACE() );
#4525 = CARTESIAN_POINT('',(-119.6307553095,150.14883185746,
    14.970664970338));
#4526 = CARTESIAN_POINT('',(-119.6307555602,150.12332379217,
    14.970668510665));
#4527 = CARTESIAN_POINT('',(-119.6307557817,150.09783107177,
    14.970671638147));
#4528 = CARTESIAN_POINT('',(-119.630755974,150.07235335017,
    14.970674353736));
#4529 = CARTESIAN_POINT('',(-119.6307561372,150.04689028127,
    14.970676658382));
#4530 = CARTESIAN_POINT('',(-119.6307562714,150.02144151897,
    14.970678553036));
#4531 = CARTESIAN_POINT('',(-119.6307563766,149.99600671718,
    14.970680038651));
#4532 = CARTESIAN_POINT('',(-119.6307564529,149.97058552979,
    14.970681116176));
#4533 = CARTESIAN_POINT('',(-119.6307565004,149.94517761072,
    14.970681786564));
#4534 = CARTESIAN_POINT('',(-119.6307814501,116.08317437709,
    14.971034075942));
#4535 = CARTESIAN_POINT('',(-119.6307580791,82.992787665211,
    14.970704077001));
#4536 = CARTESIAN_POINT('',(-119.6307700803,49.764903293994,
    14.97087353401));
#4537 = CARTESIAN_POINT('',(-119.6307685894,16.655342954714,
    14.970852483156));
#4538 = CARTESIAN_POINT('',(-119.6307685414,-16.65540774062,
    14.970851805763));
#4539 = CARTESIAN_POINT('',(-119.6307701188,-49.76567807272,
    14.970874078068));
#4540 = CARTESIAN_POINT('',(-119.6307581057,-82.99256055741,
    14.970704453164));
#4541 = CARTESIAN_POINT('',(-119.6307812055,-116.0825757466,
    14.971030622021));
#4542 = CARTESIAN_POINT('',(-119.6307568889,-149.9334956035,
    14.970687272022));
#4543 = CARTESIAN_POINT('',(-119.6307568324,-149.9603540151,
    14.970686473895));
#4544 = CARTESIAN_POINT('',(-119.6307567385,-149.987228212,
    14.970685148545));
#4545 = CARTESIAN_POINT('',(-119.6307566072,-150.0141186772,
    14.970683294605));
#4546 = CARTESIAN_POINT('',(-119.6307564384,-150.0410258938,
    14.970680910708));
#4547 = CARTESIAN_POINT('',(-119.6307562319,-150.0679503447,
    14.97067799549));
#4548 = CARTESIAN_POINT('',(-119.6307559877,-150.094892513,
    14.970674547582));
#4549 = CARTESIAN_POINT('',(-119.6307557057,-150.1218528817,
    14.97067056562));
#4550 = CARTESIAN_POINT('',(-119.6307553858,-150.1488319337,
    14.970666048235));
#4551 = CARTESIAN_POINT('',(-119.38,150.13965821944,11.43));
#4552 = CARTESIAN_POINT('',(-119.38,150.11424080441,11.43));
#4553 = CARTESIAN_POINT('',(-119.38,150.08882899268,11.43));
#4554 = CARTESIAN_POINT('',(-119.38,150.06342223804,11.43));
#4555 = CARTESIAN_POINT('',(-119.38,150.03801999429,11.43));
#4556 = CARTESIAN_POINT('',(-119.38,150.01262171519,11.43));
#4557 = CARTESIAN_POINT('',(-119.38,149.98722685451,11.43));
#4558 = CARTESIAN_POINT('',(-119.38,149.96183486599,11.43));
#4559 = CARTESIAN_POINT('',(-119.38,149.93644520338,11.43));
#4560 = CARTESIAN_POINT('',(-119.38,116.08246696871,11.43));
#4561 = CARTESIAN_POINT('',(-119.38,82.999354398892,11.43));
#4562 = CARTESIAN_POINT('',(-119.38,49.764100821549,11.43));
#4563 = CARTESIAN_POINT('',(-119.3799999999,16.659014107233,11.43));
#4564 = CARTESIAN_POINT('',(-119.38,-16.65907316686,11.43));
#4565 = CARTESIAN_POINT('',(-119.38,-49.76490339652,11.43));
#4566 = CARTESIAN_POINT('',(-119.38,-82.99910596144,11.43));
#4567 = CARTESIAN_POINT('',(-119.38,-116.0819747725,11.43));
#4568 = CARTESIAN_POINT('',(-119.38,-149.9249120267,11.43));
#4569 = CARTESIAN_POINT('',(-119.38,-149.9517482235,11.43));
#4570 = CARTESIAN_POINT('',(-119.38,-149.9785857883,11.43));
#4571 = CARTESIAN_POINT('',(-119.38,-150.0054255432,11.43));
#4572 = CARTESIAN_POINT('',(-119.38,-150.0322683103,11.43));
#4573 = CARTESIAN_POINT('',(-119.38,-150.0591149116,11.43));
#4574 = CARTESIAN_POINT('',(-119.38,-150.0859661691,11.43));
#4575 = CARTESIAN_POINT('',(-119.38,-150.1128229046,11.43));
#4576 = CARTESIAN_POINT('',(-119.38,-150.1396859403,11.43));
#4577 = CARTESIAN_POINT('',(-115.8328278016,150.00988839005,11.43));
#4578 = CARTESIAN_POINT('',(-115.8327776283,149.98575177045,11.43));
#4579 = CARTESIAN_POINT('',(-115.8327333046,149.96148309948,11.43));
#4580 = CARTESIAN_POINT('',(-115.8326948174,149.93707900762,11.43));
#4581 = CARTESIAN_POINT('',(-115.8326621536,149.91253612528,11.43));
#4582 = CARTESIAN_POINT('',(-115.8326352999,149.88785108297,11.43));
#4583 = CARTESIAN_POINT('',(-115.8326142432,149.86302051108,11.43));
#4584 = CARTESIAN_POINT('',(-115.8325989703,149.83804104013,11.43));
#4585 = CARTESIAN_POINT('',(-115.8325894681,149.81290930053,11.43));
#4586 = CARTESIAN_POINT('',(-115.8275962078,116.09440668338,11.43));
#4587 = CARTESIAN_POINT('',(-115.8322648488,83.045787501946,11.43));
#4588 = CARTESIAN_POINT('',(-115.8298815776,49.804440617171,11.43));
#4589 = CARTESIAN_POINT('',(-115.8301625617,16.670991183908,11.43));
#4590 = CARTESIAN_POINT('',(-115.8301736137,-16.67105523725,11.43));
#4591 = CARTESIAN_POINT('',(-115.8298727821,-49.80530966207,11.43));
#4592 = CARTESIAN_POINT('',(-115.8322601127,-83.04588022876,11.43));
#4593 = CARTESIAN_POINT('',(-115.8276449628,-116.0948573544,11.43));
#4594 = CARTESIAN_POINT('',(-115.8325117172,-149.8034791331,11.43));
#4595 = CARTESIAN_POINT('',(-115.8325230306,-149.8300014641,11.43));
#4596 = CARTESIAN_POINT('',(-115.8325418171,-149.8563214653,11.43));
#4597 = CARTESIAN_POINT('',(-115.8325680955,-149.8824447459,11.43));
#4598 = CARTESIAN_POINT('',(-115.8326018846,-149.9083769146,11.43));
#4599 = CARTESIAN_POINT('',(-115.8326432033,-149.9341235807,11.43));
#4600 = CARTESIAN_POINT('',(-115.8326920705,-149.959690353,11.43));
#4601 = CARTESIAN_POINT('',(-115.832748505,-149.9850828405,11.43));
#4602 = CARTESIAN_POINT('',(-115.8328125257,-150.0103066523,11.43));
#4603 = DEFINITIONAL_REPRESENTATION('',(#4604),#4607);
#4604 = B_SPLINE_CURVE_WITH_KNOTS('',1,(#4605,#4606),.UNSPECIFIED.,.F.,
  .F.,(2,2),(31.006061909713,42.925813522189),.PIECEWISE_BEZIER_KNOTS.);
#4605 = CARTESIAN_POINT('',(0.,31.006061909713));
#4606 = CARTESIAN_POINT('',(0.,42.925813522189));
#4607 = ( GEOMETRIC_REPRESENTATION_CONTEXT(2) 
PARAMETRIC_REPRESENTATION_CONTEXT() REPRESENTATION_CONTEXT('2D SPACE',''
  ) );
#4608 = ORIENTED_EDGE('',*,*,#4609,.T.);
#4609 = EDGE_CURVE('',#4463,#899,#4610,.T.);
#4610 = SURFACE_CURVE('',#4611,(#4620,#4628),.PCURVE_S1.);
#4611 = B_SPLINE_CURVE_WITH_KNOTS('',3,(#4612,#4613,#4614,#4615,#4616,
    #4617,#4618,#4619),.UNSPECIFIED.,.F.,.F.,(4,2,2,4),(-0.476409469948,
    -4.217573889519E-02,7.053146663928,7.48738039498),.UNSPECIFIED.);
#4612 = CARTESIAN_POINT('',(-118.60276,-149.120836376,0.4553712));
#4613 = CARTESIAN_POINT('',(-118.86184,-149.379916376,4.1135808));
#4614 = CARTESIAN_POINT('',(-119.12092,-149.638996376,7.7717904));
#4615 = CARTESIAN_POINT('',(-123.6133333333,-154.1314097093,
    71.204666666667));
#4616 = CARTESIAN_POINT('',(-127.8466666666,-158.3647430426,
    130.97933333333));
#4617 = CARTESIAN_POINT('',(-132.33908,-162.857156376,194.4122096));
#4618 = CARTESIAN_POINT('',(-132.59816,-163.116236376,198.0704192));
#4619 = CARTESIAN_POINT('',(-132.85724,-163.375316376,201.7286288));
#4620 = PCURVE('',#1017,#4621);
#4621 = DEFINITIONAL_REPRESENTATION('',(#4622),#4627);
#4622 = B_SPLINE_CURVE_WITH_KNOTS('',3,(#4623,#4624,#4625,#4626),
  .UNSPECIFIED.,.F.,.F.,(4,4),(9.791798605494E-02,7.043096632196),
  .PIECEWISE_BEZIER_KNOTS.);
#4623 = CARTESIAN_POINT('',(13.356437991976,1.974451857105E-02));
#4624 = CARTESIAN_POINT('',(13.372566133107,0.346024202182));
#4625 = CARTESIAN_POINT('',(13.387487226947,0.672303885794));
#4626 = CARTESIAN_POINT('',(13.401438511329,0.998583569405));
#4627 = ( GEOMETRIC_REPRESENTATION_CONTEXT(2) 
PARAMETRIC_REPRESENTATION_CONTEXT() REPRESENTATION_CONTEXT('2D SPACE',''
  ) );
#4628 = PCURVE('',#952,#4629);
#4629 = DEFINITIONAL_REPRESENTATION('',(#4630),#4633);
#4630 = B_SPLINE_CURVE_WITH_KNOTS('',1,(#4631,#4632),.UNSPECIFIED.,.F.,
  .F.,(2,2),(9.791798605494E-02,7.043096632196),
  .PIECEWISE_BEZIER_KNOTS.);
#4631 = CARTESIAN_POINT('',(7.095322402823,9.791798605494E-02));
#4632 = CARTESIAN_POINT('',(7.095322402823,7.043096632196));
#4633 = ( GEOMETRIC_REPRESENTATION_CONTEXT(2) 
PARAMETRIC_REPRESENTATION_CONTEXT() REPRESENTATION_CONTEXT('2D SPACE',''
  ) );
#4634 = ORIENTED_EDGE('',*,*,#1003,.T.);
#4635 = ADVANCED_FACE('',(#4636),#952,.T.);
#4636 = FACE_BOUND('',#4637,.T.);
#4637 = EDGE_LOOP('',(#4638,#4666,#4793,#4794));
#4638 = ORIENTED_EDGE('',*,*,#4639,.F.);
#4639 = EDGE_CURVE('',#4640,#874,#4642,.T.);
#4640 = VERTEX_POINT('',#4641);
#4641 = CARTESIAN_POINT('',(-104.4288424924,-165.3507655204,
    14.970809149121));
#4642 = SURFACE_CURVE('',#4643,(#4652,#4658),.PCURVE_S1.);
#4643 = B_SPLINE_CURVE_WITH_KNOTS('',3,(#4644,#4645,#4646,#4647,#4648,
    #4649,#4650,#4651),.UNSPECIFIED.,.F.,.F.,(4,2,2,4),(-0.476409469948,
    -4.217573889519E-02,7.053146663928,7.48738039498),.UNSPECIFIED.);
#4644 = CARTESIAN_POINT('',(-103.400836376,-164.32276,0.4553712));
#4645 = CARTESIAN_POINT('',(-103.659916376,-164.58184,4.1135808));
#4646 = CARTESIAN_POINT('',(-103.918996376,-164.84092,7.7717904));
#4647 = CARTESIAN_POINT('',(-108.4114097093,-169.3333333333,
    71.204666666667));
#4648 = CARTESIAN_POINT('',(-112.6447430426,-173.5666666666,
    130.97933333333));
#4649 = CARTESIAN_POINT('',(-117.137156376,-178.05908,194.4122096));
#4650 = CARTESIAN_POINT('',(-117.396236376,-178.31816,198.0704192));
#4651 = CARTESIAN_POINT('',(-117.655316376,-178.57724,201.7286288));
#4652 = PCURVE('',#952,#4653);
#4653 = DEFINITIONAL_REPRESENTATION('',(#4654),#4657);
#4654 = B_SPLINE_CURVE_WITH_KNOTS('',1,(#4655,#4656),.UNSPECIFIED.,.F.,
  .F.,(2,2),(9.792364813542E-02,7.043096632196),
  .PIECEWISE_BEZIER_KNOTS.);
#4655 = CARTESIAN_POINT('',(0.,9.792364813542E-02));
#4656 = CARTESIAN_POINT('',(0.,7.043096632196));
#4657 = ( GEOMETRIC_REPRESENTATION_CONTEXT(2) 
PARAMETRIC_REPRESENTATION_CONTEXT() REPRESENTATION_CONTEXT('2D SPACE',''
  ) );
#4658 = PCURVE('',#887,#4659);
#4659 = DEFINITIONAL_REPRESENTATION('',(#4660),#4665);
#4660 = B_SPLINE_CURVE_WITH_KNOTS('',3,(#4661,#4662,#4663,#4664),
  .UNSPECIFIED.,.F.,.F.,(4,4),(9.792364813542E-02,7.043096632196),
  .PIECEWISE_BEZIER_KNOTS.);
#4661 = CARTESIAN_POINT('',(0.660783197382,1.974531657291E-02));
#4662 = CARTESIAN_POINT('',(0.637894270889,0.346024734184));
#4663 = CARTESIAN_POINT('',(0.617364294254,0.672304151794));
#4664 = CARTESIAN_POINT('',(0.598582454039,0.998583569405));
#4665 = ( GEOMETRIC_REPRESENTATION_CONTEXT(2) 
PARAMETRIC_REPRESENTATION_CONTEXT() REPRESENTATION_CONTEXT('2D SPACE',''
  ) );
#4666 = ORIENTED_EDGE('',*,*,#4667,.F.);
#4667 = EDGE_CURVE('',#4463,#4640,#4668,.T.);
#4668 = SURFACE_CURVE('',#4669,(#4690,#4726),.PCURVE_S1.);
#4669 = ( BOUNDED_CURVE() B_SPLINE_CURVE(10,(#4670,#4671,#4672,#4673,
    #4674,#4675,#4676,#4677,#4678,#4679,#4680,#4681,#4682,#4683,#4684,
    #4685,#4686,#4687,#4688,#4689),.UNSPECIFIED.,.F.,.F.) 
B_SPLINE_CURVE_WITH_KNOTS((11,9,11),(42.925813515502,43.344848769895,
43.763567394963),.UNSPECIFIED.) CURVE() GEOMETRIC_REPRESENTATION_ITEM() 
RATIONAL_B_SPLINE_CURVE((1.,1.,1.,1.,1.,1.,1.,1.,1.,1.,1.,1.,1.,
    1.000000000001,0.999999999999,1.000000000001,1.,1.,1.,1.)) 
REPRESENTATION_ITEM('') );
#4670 = CARTESIAN_POINT('',(-119.6307553858,-150.1488317618,
    14.970666048264));
#4671 = CARTESIAN_POINT('',(-119.6294516723,-151.2260328627,
    14.952257613861));
#4672 = CARTESIAN_POINT('',(-119.5434245303,-152.3305826385,
    14.933443331023));
#4673 = CARTESIAN_POINT('',(-119.3663961722,-153.4708091857,
    14.918013951982));
#4674 = CARTESIAN_POINT('',(-119.08169815,-154.6269236594,
    14.900632888343));
#4675 = CARTESIAN_POINT('',(-118.6939030239,-155.7701655859,
    14.889508258686));
#4676 = CARTESIAN_POINT('',(-118.1936706099,-156.9026102237,
    14.87681799757));
#4677 = CARTESIAN_POINT('',(-117.5839991778,-157.9959518039,
    14.869125525121));
#4678 = CARTESIAN_POINT('',(-116.8711369741,-159.0354700265,
    14.863132642924));
#4679 = CARTESIAN_POINT('',(-116.063883589,-160.0060958895,
    14.860302437895));
#4680 = CARTESIAN_POINT('',(-114.286789956,-161.7831929447,
    14.860302376577));
#4681 = CARTESIAN_POINT('',(-113.3171858847,-162.5898845669,
    14.863163682301));
#4682 = CARTESIAN_POINT('',(-112.27815095,-163.3025224981,
    14.868897091536));
#4683 = CARTESIAN_POINT('',(-111.1853608836,-163.9116615578,
    14.877392812268));
#4684 = CARTESIAN_POINT('',(-110.0562642554,-164.4117355681,
    14.888441765504));
#4685 = CARTESIAN_POINT('',(-108.908486494,-164.8013640854,
    14.90175881783));
#4686 = CARTESIAN_POINT('',(-107.7585786056,-165.083174293,
    14.917007974323));
#4687 = CARTESIAN_POINT('',(-106.6211105883,-165.2631380533,
    14.933829531857));
#4688 = CARTESIAN_POINT('',(-105.508109545,-165.3494241215,
    14.951869192754));
#4689 = CARTESIAN_POINT('',(-104.4288418988,-165.3507655228,
    14.970809182201));
#4690 = PCURVE('',#952,#4691);
#4691 = DEFINITIONAL_REPRESENTATION('',(#4692),#4725);
#4692 = B_SPLINE_CURVE_WITH_KNOTS('',11,(#4693,#4694,#4695,#4696,#4697,
    #4698,#4699,#4700,#4701,#4702,#4703,#4704,#4705,#4706,#4707,#4708,
    #4709,#4710,#4711,#4712,#4713,#4714,#4715,#4716,#4717,#4718,#4719,
    #4720,#4721,#4722,#4723,#4724),.UNSPECIFIED.,.F.,.F.,(12,10,10,12),(
    42.925813515502,43.344690455233,43.554128925098,43.763567394963),
  .UNSPECIFIED.);
#4693 = CARTESIAN_POINT('',(7.095322402823,9.791798605609E-02));
#4694 = CARTESIAN_POINT('',(6.772664081552,9.99752106414E-02));
#4695 = CARTESIAN_POINT('',(6.451923483576,0.101889305337));
#4696 = CARTESIAN_POINT('',(6.128735758449,0.10377223206));
#4697 = CARTESIAN_POINT('',(5.804777406533,0.105441064259));
#4698 = CARTESIAN_POINT('',(5.482422983958,0.106977673756));
#4699 = CARTESIAN_POINT('',(5.160311905129,0.108303455303));
#4700 = CARTESIAN_POINT('',(4.837627013869,0.109367640278));
#4701 = CARTESIAN_POINT('',(4.515412898491,0.110213133962));
#4702 = CARTESIAN_POINT('',(4.193298128509,0.11076445818));
#4703 = CARTESIAN_POINT('',(3.8711412103,0.111045399621));
#4704 = CARTESIAN_POINT('',(3.387936292447,0.111046991292));
#4705 = CARTESIAN_POINT('',(3.226873773237,0.110977929214));
#4706 = CARTESIAN_POINT('',(3.065795629415,0.110839221851));
#4707 = CARTESIAN_POINT('',(2.904754028394,0.110631263214));
#4708 = CARTESIAN_POINT('',(2.743557634541,0.110354949482));
#4709 = CARTESIAN_POINT('',(2.582575916518,0.110012147074));
#4710 = CARTESIAN_POINT('',(2.421298125407,0.109604020778));
#4711 = CARTESIAN_POINT('',(2.260197399618,0.109133634039));
#4712 = CARTESIAN_POINT('',(2.098969141509,0.108603087666));
#4713 = CARTESIAN_POINT('',(1.937736495424,0.108015522421));
#4714 = CARTESIAN_POINT('',(1.615192704447,0.106732535471));
#4715 = CARTESIAN_POINT('',(1.453884981445,0.106037118338));
#4716 = CARTESIAN_POINT('',(1.292539126374,0.105290932948));
#4717 = CARTESIAN_POINT('',(1.131151294686,0.104497359198));
#4718 = CARTESIAN_POINT('',(0.969717475577,0.103659958785));
#4719 = CARTESIAN_POINT('',(0.808234326181,0.102782425692));
#4720 = CARTESIAN_POINT('',(0.646699466316,0.101868529864));
#4721 = CARTESIAN_POINT('',(0.485111233642,0.100922054057));
#4722 = CARTESIAN_POINT('',(0.323467899392,9.994672386473E-02));
#4723 = CARTESIAN_POINT('',(0.161766344524,9.894613094015E-02));
#4724 = CARTESIAN_POINT('',(1.964183433689E-07,9.79236493835E-02));
#4725 = ( GEOMETRIC_REPRESENTATION_CONTEXT(2) 
PARAMETRIC_REPRESENTATION_CONTEXT() REPRESENTATION_CONTEXT('2D SPACE',''
  ) );
#4726 = PCURVE('',#4727,#4788);
#4727 = ( BOUNDED_SURFACE() B_SPLINE_SURFACE(2,10,(
    (#4728,#4729,#4730,#4731,#4732,#4733,#4734,#4735,#4736,#4737,#4738
      ,#4739,#4740,#4741,#4742,#4743,#4744,#4745,#4746,#4747)
    ,(#4748,#4749,#4750,#4751,#4752,#4753,#4754,#4755,#4756,#4757,#4758
      ,#4759,#4760,#4761,#4762,#4763,#4764,#4765,#4766,#4767)
    ,(#4768,#4769,#4770,#4771,#4772,#4773,#4774,#4775,#4776,#4777,#4778
      ,#4779,#4780,#4781,#4782,#4783,#4784,#4785,#4786,#4787
)),.UNSPECIFIED.,.F.,.F.,.F.) B_SPLINE_SURFACE_WITH_KNOTS((3,3),(11,9,11
    ),(0.,0.837753879461),(42.925813515502,43.344848769895,
43.763567394963),.UNSPECIFIED.) GEOMETRIC_REPRESENTATION_ITEM() 
RATIONAL_B_SPLINE_SURFACE((
    (1.,1.,1.,1.,1.,1.,1.,1.,1.,1.,1.,1.,1.,1.000000000001
      ,0.999999999999,1.000000000001,1.,1.,1.,1.)
    ,(0.731673194095,0.733324071194,0.735007152927,0.736382724703
      ,0.737931038335,0.738916735275,0.74004347268,0.740723549063
      ,0.741254206634,0.741504603082,0.741504608508,0.741251385495
      ,0.740744060637,0.739991860665,0.739012420578,0.737829905534
      ,0.736472949172,0.734972408407,0.733358934661,0.731660361553)
    ,(1.,1.,1.,1.,1.,1.,1.,1.,1.,1.,1.,1.,1.,1.000000000001
,0.999999999999,1.000000000001,1.,1.,1.,1.
))) REPRESENTATION_ITEM('') SURFACE() );
#4728 = CARTESIAN_POINT('',(-119.6307553858,-150.1488317618,
    14.970666048264));
#4729 = CARTESIAN_POINT('',(-119.6294516723,-151.2260328627,
    14.952257613861));
#4730 = CARTESIAN_POINT('',(-119.5434245303,-152.3305826385,
    14.933443331023));
#4731 = CARTESIAN_POINT('',(-119.3663961722,-153.4708091857,
    14.918013951982));
#4732 = CARTESIAN_POINT('',(-119.08169815,-154.6269236594,
    14.900632888343));
#4733 = CARTESIAN_POINT('',(-118.6939030239,-155.7701655859,
    14.889508258686));
#4734 = CARTESIAN_POINT('',(-118.1936706099,-156.9026102237,
    14.87681799757));
#4735 = CARTESIAN_POINT('',(-117.5839991778,-157.9959518039,
    14.869125525121));
#4736 = CARTESIAN_POINT('',(-116.8711369741,-159.0354700265,
    14.863132642924));
#4737 = CARTESIAN_POINT('',(-116.063883589,-160.0060958895,
    14.860302437895));
#4738 = CARTESIAN_POINT('',(-114.286789956,-161.7831929447,
    14.860302376577));
#4739 = CARTESIAN_POINT('',(-113.3171858847,-162.5898845669,
    14.863163682301));
#4740 = CARTESIAN_POINT('',(-112.27815095,-163.3025224981,
    14.868897091536));
#4741 = CARTESIAN_POINT('',(-111.1853608836,-163.9116615578,
    14.877392812268));
#4742 = CARTESIAN_POINT('',(-110.0562642554,-164.4117355681,
    14.888441765504));
#4743 = CARTESIAN_POINT('',(-108.908486494,-164.8013640854,
    14.90175881783));
#4744 = CARTESIAN_POINT('',(-107.7585786056,-165.083174293,
    14.917007974323));
#4745 = CARTESIAN_POINT('',(-106.6211105883,-165.2631380533,
    14.933829531857));
#4746 = CARTESIAN_POINT('',(-105.508109545,-165.3494241215,
    14.951869192754));
#4747 = CARTESIAN_POINT('',(-104.4288418988,-165.3507655228,
    14.970809182201));
#4748 = CARTESIAN_POINT('',(-119.38,-150.1396857692,11.43));
#4749 = CARTESIAN_POINT('',(-119.3629824695,-151.2092655482,11.43));
#4750 = CARTESIAN_POINT('',(-119.2622032835,-152.2866794545,11.43));
#4751 = CARTESIAN_POINT('',(-119.0757397092,-153.395234467,11.43));
#4752 = CARTESIAN_POINT('',(-118.7875326671,-154.5301869456,11.43));
#4753 = CARTESIAN_POINT('',(-118.3924398923,-155.649729152,11.43));
#4754 = CARTESIAN_POINT('',(-117.8990217616,-156.7494559226,11.43));
#4755 = CARTESIAN_POINT('',(-117.2936640644,-157.8211148117,11.43));
#4756 = CARTESIAN_POINT('',(-116.5929391963,-158.8344430237,11.43));
#4757 = CARTESIAN_POINT('',(-115.8012508009,-159.7828502565,11.43));
#4758 = CARTESIAN_POINT('',(-114.0635284593,-161.5205758067,11.43));
#4759 = CARTESIAN_POINT('',(-113.1164110333,-162.311565922,11.43));
#4760 = CARTESIAN_POINT('',(-112.1019787332,-163.0128573854,11.43));
#4761 = CARTESIAN_POINT('',(-111.0351675184,-163.6151998222,11.43));
#4762 = CARTESIAN_POINT('',(-109.9326776177,-164.1130381336,11.43));
#4763 = CARTESIAN_POINT('',(-108.811420605,-164.5048394372,11.43));
#4764 = CARTESIAN_POINT('',(-107.6872969963,-164.7929492127,11.43));
#4765 = CARTESIAN_POINT('',(-106.5742925697,-164.9829624441,11.43));
#4766 = CARTESIAN_POINT('',(-105.4838888014,-165.0825902316,11.43));
#4767 = CARTESIAN_POINT('',(-104.4247893899,-165.0999999903,11.43));
#4768 = CARTESIAN_POINT('',(-115.8328125253,-150.0103064916,11.43));
#4769 = CARTESIAN_POINT('',(-115.8353688079,-151.0174696261,11.43));
#4770 = CARTESIAN_POINT('',(-115.7639698557,-151.75882091,11.43));
#4771 = CARTESIAN_POINT('',(-115.6345496364,-152.5290569473,11.43));
#4772 = CARTESIAN_POINT('',(-115.4749273848,-153.5029664032,11.43));
#4773 = CARTESIAN_POINT('',(-115.1015644286,-154.3498481144,11.43));
#4774 = CARTESIAN_POINT('',(-114.799616323,-155.1739162539,11.43));
#4775 = CARTESIAN_POINT('',(-114.3018254095,-156.0327713178,11.43));
#4776 = CARTESIAN_POINT('',(-113.7772931881,-156.8064524043,11.43));
#4777 = CARTESIAN_POINT('',(-113.1659140759,-157.5427361778,11.43));
#4778 = CARTESIAN_POINT('',(-111.8232555237,-158.8853965824,11.43));
#4779 = CARTESIAN_POINT('',(-111.0901149086,-159.4941095548,11.43));
#4780 = CARTESIAN_POINT('',(-110.3044371129,-160.0310876532,11.43));
#4781 = CARTESIAN_POINT('',(-109.477764423,-160.4892293385,11.43));
#4782 = CARTESIAN_POINT('',(-108.6230085504,-160.8643119323,11.43));
#4783 = CARTESIAN_POINT('',(-107.7536767978,-161.1552505526,11.43));
#4784 = CARTESIAN_POINT('',(-106.8829693637,-161.36400696,11.43));
#4785 = CARTESIAN_POINT('',(-106.0227477863,-161.4951483146,11.43));
#4786 = CARTESIAN_POINT('',(-105.1823745276,-161.5550558424,11.43));
#4787 = CARTESIAN_POINT('',(-104.3674233399,-161.5507834114,11.43));
#4788 = DEFINITIONAL_REPRESENTATION('',(#4789),#4792);
#4789 = B_SPLINE_CURVE_WITH_KNOTS('',1,(#4790,#4791),.UNSPECIFIED.,.F.,
  .F.,(2,2),(42.925813515502,43.763567394963),.PIECEWISE_BEZIER_KNOTS.);
#4790 = CARTESIAN_POINT('',(0.,42.925813515502));
#4791 = CARTESIAN_POINT('',(0.,43.763567394963));
#4792 = ( GEOMETRIC_REPRESENTATION_CONTEXT(2) 
PARAMETRIC_REPRESENTATION_CONTEXT() REPRESENTATION_CONTEXT('2D SPACE',''
  ) );
#4793 = ORIENTED_EDGE('',*,*,#4609,.T.);
#4794 = ORIENTED_EDGE('',*,*,#898,.T.);
#4795 = ADVANCED_FACE('',(#4796),#887,.F.);
#4796 = FACE_BOUND('',#4797,.F.);
#4797 = EDGE_LOOP('',(#4798,#4799,#4934,#4935));
#4798 = ORIENTED_EDGE('',*,*,#4639,.F.);
#4799 = ORIENTED_EDGE('',*,*,#4800,.T.);
#4800 = EDGE_CURVE('',#4640,#3581,#4801,.T.);
#4801 = SURFACE_CURVE('',#4802,(#4827,#4855),.PCURVE_S1.);
#4802 = ( BOUNDED_CURVE() B_SPLINE_CURVE(8,(#4803,#4804,#4805,#4806,
    #4807,#4808,#4809,#4810,#4811,#4812,#4813,#4814,#4815,#4816,#4817,
    #4818,#4819,#4820,#4821,#4822,#4823,#4824,#4825,#4826),
.UNSPECIFIED.,.F.,.F.) B_SPLINE_CURVE_WITH_KNOTS((9,8,7,9),(
    -9.76163684929E-03,0.,8.271369018227,8.280815892543),.UNSPECIFIED.) 
CURVE() GEOMETRIC_REPRESENTATION_ITEM() RATIONAL_B_SPLINE_CURVE((1.,1.,
    1.,1.,1.,1.,1.,1.,1.,1.,1.,1.,1.,1.,1.,1.,1.,1.,1.,1.,1.,1.,1.,1.)) 
REPRESENTATION_ITEM('') );
#4803 = CARTESIAN_POINT('',(-104.4288424924,-165.3507655204,
    14.970809149121));
#4804 = CARTESIAN_POINT('',(-104.39739052,-165.350766142,14.970817925086
    ));
#4805 = CARTESIAN_POINT('',(-104.3659695472,-165.3507666737,
    14.970825434002));
#4806 = CARTESIAN_POINT('',(-104.3345792468,-165.3507671161,
    14.970831680314));
#4807 = CARTESIAN_POINT('',(-104.3032192915,-165.3507674694,
    14.970836668471));
#4808 = CARTESIAN_POINT('',(-104.2718893541,-165.3507677339,
    14.970840402917));
#4809 = CARTESIAN_POINT('',(-104.2405891072,-165.3507679099,
    14.970842888102));
#4810 = CARTESIAN_POINT('',(-104.2093182236,-165.3507679977,
    14.970844128471));
#4811 = CARTESIAN_POINT('',(-104.178076376,-165.3507679977,
    14.970844128471));
#4812 = CARTESIAN_POINT('',(-78.13355728201,-165.3507679977,
    14.970844128471));
#4813 = CARTESIAN_POINT('',(-52.08540552063,-165.3507675709,
    14.970838101987));
#4814 = CARTESIAN_POINT('',(-26.0612050006,-165.3507701341,
    14.97087429486));
#4815 = CARTESIAN_POINT('',(3.794296021818E-02,-165.3507623468,
    14.970764337078));
#4816 = CARTESIAN_POINT('',(25.932420624117,-165.3507786826,
    14.970994999597));
#4817 = CARTESIAN_POINT('',(51.942408908515,-165.3507511151,
    14.97060574601));
#4818 = CARTESIAN_POINT('',(77.740179135053,-165.3507840446,
    14.971070709866));
#4819 = CARTESIAN_POINT('',(104.21680430837,-165.3507570142,
    14.970689041571));
#4820 = CARTESIAN_POINT('',(104.24702899663,-165.3507569361,
    14.970687939109));
#4821 = CARTESIAN_POINT('',(104.27727417293,-165.3507568106,
    14.97068616655));
#4822 = CARTESIAN_POINT('',(104.30754055329,-165.3507566374,
    14.970683720847));
#4823 = CARTESIAN_POINT('',(104.33782885371,-165.3507564163,
    14.970680598953));
#4824 = CARTESIAN_POINT('',(104.36813979021,-165.3507561471,
    14.970676797822));
#4825 = CARTESIAN_POINT('',(104.39847407879,-165.3507558296,
    14.970672314407));
#4826 = CARTESIAN_POINT('',(104.42883243546,-165.3507554635,
    14.970667145659));
#4827 = PCURVE('',#887,#4828);
#4828 = DEFINITIONAL_REPRESENTATION('',(#4829),#4854);
#4829 = B_SPLINE_CURVE_WITH_KNOTS('',8,(#4830,#4831,#4832,#4833,#4834,
    #4835,#4836,#4837,#4838,#4839,#4840,#4841,#4842,#4843,#4844,#4845,
    #4846,#4847,#4848,#4849,#4850,#4851,#4852,#4853),.UNSPECIFIED.,.F.,
  .F.,(9,8,7,9),(-9.76163684929E-03,0.,8.271369018227,8.280815892543),
  .UNSPECIFIED.);
#4830 = CARTESIAN_POINT('',(0.660783197382,1.974531657291E-02));
#4831 = CARTESIAN_POINT('',(0.662150346351,1.974536551207E-02));
#4832 = CARTESIAN_POINT('',(0.663516144435,1.974540738552E-02));
#4833 = CARTESIAN_POINT('',(0.664880605876,1.974544221808E-02));
#4834 = CARTESIAN_POINT('',(0.666243744915,1.974547003452E-02));
#4835 = CARTESIAN_POINT('',(0.667605575794,1.974549085966E-02));
#4836 = CARTESIAN_POINT('',(0.668966112753,1.974550471829E-02));
#4837 = CARTESIAN_POINT('',(0.670325370035,1.97455116352E-02));
#4838 = CARTESIAN_POINT('',(0.67168336188,1.97455116352E-02));
#4839 = CARTESIAN_POINT('',(1.80376252141,1.97455116352E-02));
#4840 = CARTESIAN_POINT('',(2.935999639916,1.974547802852E-02));
#4841 = CARTESIAN_POINT('',(4.06719528896,1.974567985802E-02));
#4842 = CARTESIAN_POINT('',(5.201649876471,1.974506667863E-02));
#4843 = CARTESIAN_POINT('',(6.327205660728,1.97463529678E-02));
#4844 = CARTESIAN_POINT('',(7.45778572784,1.974418229579E-02));
#4845 = CARTESIAN_POINT('',(8.579137767034,1.974677516599E-02));
#4846 = CARTESIAN_POINT('',(9.730000444107,1.974464679335E-02));
#4847 = CARTESIAN_POINT('',(9.731314226085,1.974464064547E-02));
#4848 = CARTESIAN_POINT('',(9.732628900418,1.97446307608E-02));
#4849 = CARTESIAN_POINT('',(9.733944498238,1.974461712234E-02));
#4850 = CARTESIAN_POINT('',(9.735261050681,1.974459971311E-02));
#4851 = CARTESIAN_POINT('',(9.736578588877,1.974457851611E-02));
#4852 = CARTESIAN_POINT('',(9.737897143961,1.974455351435E-02));
#4853 = CARTESIAN_POINT('',(9.739216747066,1.974452469084E-02));
#4854 = ( GEOMETRIC_REPRESENTATION_CONTEXT(2) 
PARAMETRIC_REPRESENTATION_CONTEXT() REPRESENTATION_CONTEXT('2D SPACE',''
  ) );
#4855 = PCURVE('',#4856,#4929);
#4856 = ( BOUNDED_SURFACE() B_SPLINE_SURFACE(2,8,(
    (#4857,#4858,#4859,#4860,#4861,#4862,#4863,#4864,#4865,#4866,#4867
      ,#4868,#4869,#4870,#4871,#4872,#4873,#4874,#4875,#4876,#4877,#4878
      ,#4879,#4880)
    ,(#4881,#4882,#4883,#4884,#4885,#4886,#4887,#4888,#4889,#4890,#4891
      ,#4892,#4893,#4894,#4895,#4896,#4897,#4898,#4899,#4900,#4901,#4902
      ,#4903,#4904)
    ,(#4905,#4906,#4907,#4908,#4909,#4910,#4911,#4912,#4913,#4914,#4915
      ,#4916,#4917,#4918,#4919,#4920,#4921,#4922,#4923,#4924,#4925,#4926
      ,#4927,#4928
)),.UNSPECIFIED.,.F.,.F.,.F.) B_SPLINE_SURFACE_WITH_KNOTS((3,3),(9,8,7,9
    ),(0.,8.290577529392),(-9.76163684929E-03,0.,8.271369018227,
8.280815892543),.UNSPECIFIED.) GEOMETRIC_REPRESENTATION_ITEM() 
RATIONAL_B_SPLINE_SURFACE((
    (1.,1.,1.,1.,1.,1.,1.,1.,1.,1.,1.,1.,1.,1.,1.,1.,1.,1.,1.,1.,1.,1.
      ,1.,1.)
    ,(0.73166036063,0.731659573584,0.731658900168,0.731658339985
      ,0.731657892635,0.731657557721,0.731657334843,0.731657223604
      ,0.731657223604,0.731657223604,0.731657763899,0.731654518928
      ,0.731664378084,0.731643694738,0.731678601153,0.73163690375
      ,0.731671132042,0.731671230911,0.731671389876,0.731671609208
      ,0.731671889182,0.731672230069,0.731672632145,0.73167309568)
    ,(1.,1.,1.,1.,1.,1.,1.,1.,1.,1.,1.,1.,1.,1.,1.,1.,1.,1.,1.,1.,1.,1.
,1.,1.))) REPRESENTATION_ITEM('') SURFACE() );
#4857 = CARTESIAN_POINT('',(-104.4288424924,-165.3507655204,
    14.970809149121));
#4858 = CARTESIAN_POINT('',(-104.39739052,-165.350766142,14.970817925086
    ));
#4859 = CARTESIAN_POINT('',(-104.3659695472,-165.3507666737,
    14.970825434002));
#4860 = CARTESIAN_POINT('',(-104.3345792468,-165.3507671161,
    14.970831680314));
#4861 = CARTESIAN_POINT('',(-104.3032192915,-165.3507674694,
    14.970836668471));
#4862 = CARTESIAN_POINT('',(-104.2718893541,-165.3507677339,
    14.970840402917));
#4863 = CARTESIAN_POINT('',(-104.2405891072,-165.3507679099,
    14.970842888102));
#4864 = CARTESIAN_POINT('',(-104.2093182236,-165.3507679977,
    14.970844128471));
#4865 = CARTESIAN_POINT('',(-104.178076376,-165.3507679977,
    14.970844128471));
#4866 = CARTESIAN_POINT('',(-78.13355728201,-165.3507679977,
    14.970844128471));
#4867 = CARTESIAN_POINT('',(-52.08540552063,-165.3507675709,
    14.970838101987));
#4868 = CARTESIAN_POINT('',(-26.0612050006,-165.3507701341,
    14.97087429486));
#4869 = CARTESIAN_POINT('',(3.794296021818E-02,-165.3507623468,
    14.970764337078));
#4870 = CARTESIAN_POINT('',(25.932420624117,-165.3507786826,
    14.970994999597));
#4871 = CARTESIAN_POINT('',(51.942408908515,-165.3507511151,
    14.97060574601));
#4872 = CARTESIAN_POINT('',(77.740179135053,-165.3507840446,
    14.971070709866));
#4873 = CARTESIAN_POINT('',(104.21680430837,-165.3507570142,
    14.970689041571));
#4874 = CARTESIAN_POINT('',(104.24702899663,-165.3507569361,
    14.970687939109));
#4875 = CARTESIAN_POINT('',(104.27727417293,-165.3507568106,
    14.97068616655));
#4876 = CARTESIAN_POINT('',(104.30754055329,-165.3507566374,
    14.970683720847));
#4877 = CARTESIAN_POINT('',(104.33782885371,-165.3507564163,
    14.970680598953));
#4878 = CARTESIAN_POINT('',(104.36813979021,-165.3507561471,
    14.970676797822));
#4879 = CARTESIAN_POINT('',(104.39847407879,-165.3507558296,
    14.970672314407));
#4880 = CARTESIAN_POINT('',(104.42883243546,-165.3507554635,
    14.970667145659));
#4881 = CARTESIAN_POINT('',(-104.42478939,-165.1,11.43));
#4882 = CARTESIAN_POINT('',(-104.3938458492,-165.1,11.43));
#4883 = CARTESIAN_POINT('',(-104.3629327967,-165.1,11.43));
#4884 = CARTESIAN_POINT('',(-104.3320499047,-165.1,11.43));
#4885 = CARTESIAN_POINT('',(-104.3011968455,-165.1,11.43));
#4886 = CARTESIAN_POINT('',(-104.270373291,-165.1,11.43));
#4887 = CARTESIAN_POINT('',(-104.2395789134,-165.1,11.43));
#4888 = CARTESIAN_POINT('',(-104.2088133845,-165.1,11.43));
#4889 = CARTESIAN_POINT('',(-104.178076376,-165.1,11.43));
#4890 = CARTESIAN_POINT('',(-78.13355728201,-165.1,11.43));
#4891 = CARTESIAN_POINT('',(-52.08508724692,-165.1,11.43));
#4892 = CARTESIAN_POINT('',(-26.06258617872,-165.1,11.43));
#4893 = CARTESIAN_POINT('',(4.152074382863E-02,-165.1,11.43));
#4894 = CARTESIAN_POINT('',(25.93061976666,-165.1,11.43));
#4895 = CARTESIAN_POINT('',(51.94933371922,-165.1,11.43));
#4896 = CARTESIAN_POINT('',(77.740928019052,-165.1,11.43));
#4897 = CARTESIAN_POINT('',(104.20826929013,-165.1,11.43));
#4898 = CARTESIAN_POINT('',(104.23846315555,-165.1,11.43));
#4899 = CARTESIAN_POINT('',(104.26865919284,-165.1,11.43));
#4900 = CARTESIAN_POINT('',(104.29885862251,-165.1,11.43));
#4901 = CARTESIAN_POINT('',(104.32906266502,-165.1,11.43));
#4902 = CARTESIAN_POINT('',(104.35927254078,-165.1,11.43));
#4903 = CARTESIAN_POINT('',(104.38948947016,-165.1,11.43));
#4904 = CARTESIAN_POINT('',(104.41971467346,-165.1,11.43));
#4905 = CARTESIAN_POINT('',(-104.3674236961,-161.5507834129,11.43));
#4906 = CARTESIAN_POINT('',(-104.3436748896,-161.5506589071,11.43));
#4907 = CARTESIAN_POINT('',(-104.3199498528,-161.5505523702,11.43));
#4908 = CARTESIAN_POINT('',(-104.2962481854,-161.5504637415,11.43));
#4909 = CARTESIAN_POINT('',(-104.272569487,-161.55039296,11.43));
#4910 = CARTESIAN_POINT('',(-104.2489133571,-161.5503399651,11.43));
#4911 = CARTESIAN_POINT('',(-104.2252793956,-161.5503046959,11.43));
#4912 = CARTESIAN_POINT('',(-104.201667202,-161.5502870917,11.43));
#4913 = CARTESIAN_POINT('',(-104.178076376,-161.5502870917,11.43));
#4914 = CARTESIAN_POINT('',(-78.13355728201,-161.5502870917,11.43));
#4915 = CARTESIAN_POINT('',(-52.08527224508,-161.5503709401,11.43));
#4916 = CARTESIAN_POINT('',(-26.06182184333,-161.5498659024,11.43));
#4917 = CARTESIAN_POINT('',(4.875929846678E-02,-161.551405924,11.43));
#4918 = CARTESIAN_POINT('',(25.962771457436,-161.548161661,11.43));
#4919 = CARTESIAN_POINT('',(52.001777104454,-161.5536587332,11.43));
#4920 = CARTESIAN_POINT('',(77.770064033176,-161.5470766669,11.43));
#4921 = CARTESIAN_POINT('',(104.08752257711,-161.5524866349,11.43));
#4922 = CARTESIAN_POINT('',(104.11728095729,-161.5525022624,11.43));
#4923 = CARTESIAN_POINT('',(104.14678272153,-161.5525273881,11.43));
#4924 = CARTESIAN_POINT('',(104.17603621035,-161.5525620544,11.43));
#4925 = CARTESIAN_POINT('',(104.20504976425,-161.5526063036,11.43));
#4926 = CARTESIAN_POINT('',(104.23383172376,-161.5526601782,11.43));
#4927 = CARTESIAN_POINT('',(104.26239042939,-161.5527237204,11.43));
#4928 = CARTESIAN_POINT('',(104.29073422165,-161.5527969728,11.43));
#4929 = DEFINITIONAL_REPRESENTATION('',(#4930),#4933);
#4930 = B_SPLINE_CURVE_WITH_KNOTS('',1,(#4931,#4932),.UNSPECIFIED.,.F.,
  .F.,(2,2),(-9.76163684929E-03,8.280815892543),
  .PIECEWISE_BEZIER_KNOTS.);
#4931 = CARTESIAN_POINT('',(0.,-9.76163684929E-03));
#4932 = CARTESIAN_POINT('',(0.,8.280815892543));
#4933 = ( GEOMETRIC_REPRESENTATION_CONTEXT(2) 
PARAMETRIC_REPRESENTATION_CONTEXT() REPRESENTATION_CONTEXT('2D SPACE',''
  ) );
#4934 = ORIENTED_EDGE('',*,*,#3580,.T.);
#4935 = ORIENTED_EDGE('',*,*,#873,.T.);
#4936 = ADVANCED_FACE('',(#4937),#1461,.F.);
#4937 = FACE_BOUND('',#4938,.F.);
#4938 = EDGE_LOOP('',(#4939,#4940,#4941,#4942));
#4939 = ORIENTED_EDGE('',*,*,#1645,.F.);
#4940 = ORIENTED_EDGE('',*,*,#1523,.F.);
#4941 = ORIENTED_EDGE('',*,*,#1445,.T.);
#4942 = ORIENTED_EDGE('',*,*,#4943,.F.);
#4943 = EDGE_CURVE('',#1646,#1418,#4944,.T.);
#4944 = SURFACE_CURVE('',#4945,(#4949,#4956),.PCURVE_S1.);
#4945 = LINE('',#4946,#4947);
#4946 = CARTESIAN_POINT('',(139.7,-188.468,6.35));
#4947 = VECTOR('',#4948,1.);
#4948 = DIRECTION('',(0.,0.,1.));
#4949 = PCURVE('',#1461,#4950);
#4950 = DEFINITIONAL_REPRESENTATION('',(#4951),#4955);
#4951 = LINE('',#4952,#4953);
#4952 = CARTESIAN_POINT('',(290.068,0.));
#4953 = VECTOR('',#4954,1.);
#4954 = DIRECTION('',(0.,-1.));
#4955 = ( GEOMETRIC_REPRESENTATION_CONTEXT(2) 
PARAMETRIC_REPRESENTATION_CONTEXT() REPRESENTATION_CONTEXT('2D SPACE',''
  ) );
#4956 = PCURVE('',#1434,#4957);
#4957 = DEFINITIONAL_REPRESENTATION('',(#4958),#4961);
#4958 = B_SPLINE_CURVE_WITH_KNOTS('',1,(#4959,#4960),.UNSPECIFIED.,.F.,
  .F.,(2,2),(0.,172.72),.PIECEWISE_BEZIER_KNOTS.);
#4959 = CARTESIAN_POINT('',(0.,0.));
#4960 = CARTESIAN_POINT('',(0.,172.72));
#4961 = ( GEOMETRIC_REPRESENTATION_CONTEXT(2) 
PARAMETRIC_REPRESENTATION_CONTEXT() REPRESENTATION_CONTEXT('2D SPACE',''
  ) );
#4962 = ADVANCED_FACE('',(#4963),#1434,.T.);
#4963 = FACE_BOUND('',#4964,.T.);
#4964 = EDGE_LOOP('',(#4965,#4966,#4986,#4987));
#4965 = ORIENTED_EDGE('',*,*,#1668,.T.);
#4966 = ORIENTED_EDGE('',*,*,#4967,.T.);
#4967 = EDGE_CURVE('',#1669,#1390,#4968,.T.);
#4968 = SURFACE_CURVE('',#4969,(#4973,#4979),.PCURVE_S1.);
#4969 = LINE('',#4970,#4971);
#4970 = CARTESIAN_POINT('',(150.368,-177.8,6.35));
#4971 = VECTOR('',#4972,1.);
#4972 = DIRECTION('',(0.,0.,1.));
#4973 = PCURVE('',#1434,#4974);
#4974 = DEFINITIONAL_REPRESENTATION('',(#4975),#4978);
#4975 = B_SPLINE_CURVE_WITH_KNOTS('',1,(#4976,#4977),.UNSPECIFIED.,.F.,
  .F.,(2,2),(0.,172.72),.PIECEWISE_BEZIER_KNOTS.);
#4976 = CARTESIAN_POINT('',(1.570796326795,0.));
#4977 = CARTESIAN_POINT('',(1.570796326795,172.72));
#4978 = ( GEOMETRIC_REPRESENTATION_CONTEXT(2) 
PARAMETRIC_REPRESENTATION_CONTEXT() REPRESENTATION_CONTEXT('2D SPACE',''
  ) );
#4979 = PCURVE('',#1405,#4980);
#4980 = DEFINITIONAL_REPRESENTATION('',(#4981),#4985);
#4981 = LINE('',#4982,#4983);
#4982 = CARTESIAN_POINT('',(10.668,0.));
#4983 = VECTOR('',#4984,1.);
#4984 = DIRECTION('',(0.,-1.));
#4985 = ( GEOMETRIC_REPRESENTATION_CONTEXT(2) 
PARAMETRIC_REPRESENTATION_CONTEXT() REPRESENTATION_CONTEXT('2D SPACE',''
  ) );
#4986 = ORIENTED_EDGE('',*,*,#1417,.F.);
#4987 = ORIENTED_EDGE('',*,*,#4943,.F.);
#4988 = ADVANCED_FACE('',(#4989),#1405,.F.);
#4989 = FACE_BOUND('',#4990,.F.);
#4990 = EDGE_LOOP('',(#4991,#4992,#4993,#4994));
#4991 = ORIENTED_EDGE('',*,*,#1691,.F.);
#4992 = ORIENTED_EDGE('',*,*,#4967,.T.);
#4993 = ORIENTED_EDGE('',*,*,#1389,.T.);
#4994 = ORIENTED_EDGE('',*,*,#4995,.T.);
#4995 = EDGE_CURVE('',#1362,#1692,#4996,.T.);
#4996 = SURFACE_CURVE('',#4997,(#5001,#5008),.PCURVE_S1.);
#4997 = LINE('',#4998,#4999);
#4998 = CARTESIAN_POINT('',(150.368,-117.475,6.35));
#4999 = VECTOR('',#5000,1.);
#5000 = DIRECTION('',(0.,0.,-1.));
#5001 = PCURVE('',#1405,#5002);
#5002 = DEFINITIONAL_REPRESENTATION('',(#5003),#5007);
#5003 = LINE('',#5004,#5005);
#5004 = CARTESIAN_POINT('',(70.993,0.));
#5005 = VECTOR('',#5006,1.);
#5006 = DIRECTION('',(0.,1.));
#5007 = ( GEOMETRIC_REPRESENTATION_CONTEXT(2) 
PARAMETRIC_REPRESENTATION_CONTEXT() REPRESENTATION_CONTEXT('2D SPACE',''
  ) );
#5008 = PCURVE('',#1377,#5009);
#5009 = DEFINITIONAL_REPRESENTATION('',(#5010),#5014);
#5010 = LINE('',#5011,#5012);
#5011 = CARTESIAN_POINT('',(0.,1.27));
#5012 = VECTOR('',#5013,1.);
#5013 = DIRECTION('',(-1.,0.));
#5014 = ( GEOMETRIC_REPRESENTATION_CONTEXT(2) 
PARAMETRIC_REPRESENTATION_CONTEXT() REPRESENTATION_CONTEXT('2D SPACE',''
  ) );
#5015 = ADVANCED_FACE('',(#5016),#1377,.F.);
#5016 = FACE_BOUND('',#5017,.F.);
#5017 = EDGE_LOOP('',(#5018,#5019,#5020,#5021));
#5018 = ORIENTED_EDGE('',*,*,#1714,.F.);
#5019 = ORIENTED_EDGE('',*,*,#4995,.F.);
#5020 = ORIENTED_EDGE('',*,*,#1361,.T.);
#5021 = ORIENTED_EDGE('',*,*,#3292,.F.);
#5022 = ADVANCED_FACE('',(#5023,#5029),#1610,.F.);
#5023 = FACE_BOUND('',#5024,.F.);
#5024 = EDGE_LOOP('',(#5025,#5026,#5027,#5028));
#5025 = ORIENTED_EDGE('',*,*,#1594,.F.);
#5026 = ORIENTED_EDGE('',*,*,#2835,.F.);
#5027 = ORIENTED_EDGE('',*,*,#2785,.T.);
#5028 = ORIENTED_EDGE('',*,*,#2759,.T.);
#5029 = FACE_BOUND('',#5030,.F.);
#5030 = EDGE_LOOP('',(#5031,#5061,#5089,#5117,#5145,#5173,#5201,#5229));
#5031 = ORIENTED_EDGE('',*,*,#5032,.F.);
#5032 = EDGE_CURVE('',#5033,#5035,#5037,.T.);
#5033 = VERTEX_POINT('',#5034);
#5034 = CARTESIAN_POINT('',(-63.5,-188.468,105.664));
#5035 = VERTEX_POINT('',#5036);
#5036 = CARTESIAN_POINT('',(-59.69,-188.468,109.474));
#5037 = SURFACE_CURVE('',#5038,(#5043,#5050),.PCURVE_S1.);
#5038 = CIRCLE('',#5039,3.81);
#5039 = AXIS2_PLACEMENT_3D('',#5040,#5041,#5042);
#5040 = CARTESIAN_POINT('',(-59.69,-188.468,105.664));
#5041 = DIRECTION('',(0.,1.,0.));
#5042 = DIRECTION('',(-1.,0.,0.));
#5043 = PCURVE('',#1610,#5044);
#5044 = DEFINITIONAL_REPRESENTATION('',(#5045),#5049);
#5045 = CIRCLE('',#5046,3.81);
#5046 = AXIS2_PLACEMENT_2D('',#5047,#5048);
#5047 = CARTESIAN_POINT('',(90.678,-99.314));
#5048 = DIRECTION('',(-1.,0.));
#5049 = ( GEOMETRIC_REPRESENTATION_CONTEXT(2) 
PARAMETRIC_REPRESENTATION_CONTEXT() REPRESENTATION_CONTEXT('2D SPACE',''
  ) );
#5050 = PCURVE('',#5051,#5056);
#5051 = CYLINDRICAL_SURFACE('',#5052,3.81);
#5052 = AXIS2_PLACEMENT_3D('',#5053,#5054,#5055);
#5053 = CARTESIAN_POINT('',(-59.69,-189.484,105.664));
#5054 = DIRECTION('',(0.,1.,0.));
#5055 = DIRECTION('',(-1.,0.,0.));
#5056 = DEFINITIONAL_REPRESENTATION('',(#5057),#5060);
#5057 = B_SPLINE_CURVE_WITH_KNOTS('',1,(#5058,#5059),.UNSPECIFIED.,.F.,
  .F.,(2,2),(0.,1.570796326795),.PIECEWISE_BEZIER_KNOTS.);
#5058 = CARTESIAN_POINT('',(0.,1.016));
#5059 = CARTESIAN_POINT('',(1.570796326795,1.016));
#5060 = ( GEOMETRIC_REPRESENTATION_CONTEXT(2) 
PARAMETRIC_REPRESENTATION_CONTEXT() REPRESENTATION_CONTEXT('2D SPACE',''
  ) );
#5061 = ORIENTED_EDGE('',*,*,#5062,.T.);
#5062 = EDGE_CURVE('',#5033,#5063,#5065,.T.);
#5063 = VERTEX_POINT('',#5064);
#5064 = CARTESIAN_POINT('',(-63.5,-188.468,62.484));
#5065 = SURFACE_CURVE('',#5066,(#5070,#5077),.PCURVE_S1.);
#5066 = LINE('',#5067,#5068);
#5067 = CARTESIAN_POINT('',(-63.5,-188.468,32.512));
#5068 = VECTOR('',#5069,1.);
#5069 = DIRECTION('',(0.,0.,-1.));
#5070 = PCURVE('',#1610,#5071);
#5071 = DEFINITIONAL_REPRESENTATION('',(#5072),#5076);
#5072 = LINE('',#5073,#5074);
#5073 = CARTESIAN_POINT('',(86.868,-26.162));
#5074 = VECTOR('',#5075,1.);
#5075 = DIRECTION('',(0.,1.));
#5076 = ( GEOMETRIC_REPRESENTATION_CONTEXT(2) 
PARAMETRIC_REPRESENTATION_CONTEXT() REPRESENTATION_CONTEXT('2D SPACE',''
  ) );
#5077 = PCURVE('',#5078,#5083);
#5078 = PLANE('',#5079);
#5079 = AXIS2_PLACEMENT_3D('',#5080,#5081,#5082);
#5080 = CARTESIAN_POINT('',(-63.5,-189.484,58.674));
#5081 = DIRECTION('',(1.,0.,0.));
#5082 = DIRECTION('',(0.,0.,1.));
#5083 = DEFINITIONAL_REPRESENTATION('',(#5084),#5088);
#5084 = LINE('',#5085,#5086);
#5085 = CARTESIAN_POINT('',(-26.162,-1.016));
#5086 = VECTOR('',#5087,1.);
#5087 = DIRECTION('',(-1.,0.));
#5088 = ( GEOMETRIC_REPRESENTATION_CONTEXT(2) 
PARAMETRIC_REPRESENTATION_CONTEXT() REPRESENTATION_CONTEXT('2D SPACE',''
  ) );
#5089 = ORIENTED_EDGE('',*,*,#5090,.F.);
#5090 = EDGE_CURVE('',#5091,#5063,#5093,.T.);
#5091 = VERTEX_POINT('',#5092);
#5092 = CARTESIAN_POINT('',(-59.69,-188.468,58.674));
#5093 = SURFACE_CURVE('',#5094,(#5099,#5106),.PCURVE_S1.);
#5094 = CIRCLE('',#5095,3.81);
#5095 = AXIS2_PLACEMENT_3D('',#5096,#5097,#5098);
#5096 = CARTESIAN_POINT('',(-59.69,-188.468,62.484));
#5097 = DIRECTION('',(0.,1.,0.));
#5098 = DIRECTION('',(-1.,0.,0.));
#5099 = PCURVE('',#1610,#5100);
#5100 = DEFINITIONAL_REPRESENTATION('',(#5101),#5105);
#5101 = CIRCLE('',#5102,3.81);
#5102 = AXIS2_PLACEMENT_2D('',#5103,#5104);
#5103 = CARTESIAN_POINT('',(90.678,-56.134));
#5104 = DIRECTION('',(-1.,0.));
#5105 = ( GEOMETRIC_REPRESENTATION_CONTEXT(2) 
PARAMETRIC_REPRESENTATION_CONTEXT() REPRESENTATION_CONTEXT('2D SPACE',''
  ) );
#5106 = PCURVE('',#5107,#5112);
#5107 = CYLINDRICAL_SURFACE('',#5108,3.81);
#5108 = AXIS2_PLACEMENT_3D('',#5109,#5110,#5111);
#5109 = CARTESIAN_POINT('',(-59.69,-189.484,62.484));
#5110 = DIRECTION('',(0.,1.,0.));
#5111 = DIRECTION('',(-1.,0.,0.));
#5112 = DEFINITIONAL_REPRESENTATION('',(#5113),#5116);
#5113 = B_SPLINE_CURVE_WITH_KNOTS('',1,(#5114,#5115),.UNSPECIFIED.,.F.,
  .F.,(2,2),(4.712388980385,6.28318530718),.PIECEWISE_BEZIER_KNOTS.);
#5114 = CARTESIAN_POINT('',(-1.570796326795,1.016));
#5115 = CARTESIAN_POINT('',(0.,1.016));
#5116 = ( GEOMETRIC_REPRESENTATION_CONTEXT(2) 
PARAMETRIC_REPRESENTATION_CONTEXT() REPRESENTATION_CONTEXT('2D SPACE',''
  ) );
#5117 = ORIENTED_EDGE('',*,*,#5118,.T.);
#5118 = EDGE_CURVE('',#5091,#5119,#5121,.T.);
#5119 = VERTEX_POINT('',#5120);
#5120 = CARTESIAN_POINT('',(59.69,-188.468,58.674));
#5121 = SURFACE_CURVE('',#5122,(#5126,#5133),.PCURVE_S1.);
#5122 = LINE('',#5123,#5124);
#5123 = CARTESIAN_POINT('',(-106.934,-188.468,58.674));
#5124 = VECTOR('',#5125,1.);
#5125 = DIRECTION('',(1.,0.,0.));
#5126 = PCURVE('',#1610,#5127);
#5127 = DEFINITIONAL_REPRESENTATION('',(#5128),#5132);
#5128 = LINE('',#5129,#5130);
#5129 = CARTESIAN_POINT('',(43.434,-52.324));
#5130 = VECTOR('',#5131,1.);
#5131 = DIRECTION('',(1.,0.));
#5132 = ( GEOMETRIC_REPRESENTATION_CONTEXT(2) 
PARAMETRIC_REPRESENTATION_CONTEXT() REPRESENTATION_CONTEXT('2D SPACE',''
  ) );
#5133 = PCURVE('',#5134,#5139);
#5134 = PLANE('',#5135);
#5135 = AXIS2_PLACEMENT_3D('',#5136,#5137,#5138);
#5136 = CARTESIAN_POINT('',(-63.5,-189.484,58.674));
#5137 = DIRECTION('',(0.,0.,1.));
#5138 = DIRECTION('',(1.,0.,0.));
#5139 = DEFINITIONAL_REPRESENTATION('',(#5140),#5144);
#5140 = LINE('',#5141,#5142);
#5141 = CARTESIAN_POINT('',(-43.434,1.016));
#5142 = VECTOR('',#5143,1.);
#5143 = DIRECTION('',(1.,0.));
#5144 = ( GEOMETRIC_REPRESENTATION_CONTEXT(2) 
PARAMETRIC_REPRESENTATION_CONTEXT() REPRESENTATION_CONTEXT('2D SPACE',''
  ) );
#5145 = ORIENTED_EDGE('',*,*,#5146,.F.);
#5146 = EDGE_CURVE('',#5147,#5119,#5149,.T.);
#5147 = VERTEX_POINT('',#5148);
#5148 = CARTESIAN_POINT('',(63.5,-188.468,62.484));
#5149 = SURFACE_CURVE('',#5150,(#5155,#5162),.PCURVE_S1.);
#5150 = CIRCLE('',#5151,3.81);
#5151 = AXIS2_PLACEMENT_3D('',#5152,#5153,#5154);
#5152 = CARTESIAN_POINT('',(59.69,-188.468,62.484));
#5153 = DIRECTION('',(0.,1.,0.));
#5154 = DIRECTION('',(1.,0.,-0.));
#5155 = PCURVE('',#1610,#5156);
#5156 = DEFINITIONAL_REPRESENTATION('',(#5157),#5161);
#5157 = CIRCLE('',#5158,3.81);
#5158 = AXIS2_PLACEMENT_2D('',#5159,#5160);
#5159 = CARTESIAN_POINT('',(210.058,-56.134));
#5160 = DIRECTION('',(1.,0.));
#5161 = ( GEOMETRIC_REPRESENTATION_CONTEXT(2) 
PARAMETRIC_REPRESENTATION_CONTEXT() REPRESENTATION_CONTEXT('2D SPACE',''
  ) );
#5162 = PCURVE('',#5163,#5168);
#5163 = CYLINDRICAL_SURFACE('',#5164,3.81);
#5164 = AXIS2_PLACEMENT_3D('',#5165,#5166,#5167);
#5165 = CARTESIAN_POINT('',(59.69,-189.484,62.484));
#5166 = DIRECTION('',(0.,1.,0.));
#5167 = DIRECTION('',(1.,0.,-0.));
#5168 = DEFINITIONAL_REPRESENTATION('',(#5169),#5172);
#5169 = B_SPLINE_CURVE_WITH_KNOTS('',1,(#5170,#5171),.UNSPECIFIED.,.F.,
  .F.,(2,2),(0.,1.570796326795),.PIECEWISE_BEZIER_KNOTS.);
#5170 = CARTESIAN_POINT('',(0.,1.016));
#5171 = CARTESIAN_POINT('',(1.570796326795,1.016));
#5172 = ( GEOMETRIC_REPRESENTATION_CONTEXT(2) 
PARAMETRIC_REPRESENTATION_CONTEXT() REPRESENTATION_CONTEXT('2D SPACE',''
  ) );
#5173 = ORIENTED_EDGE('',*,*,#5174,.F.);
#5174 = EDGE_CURVE('',#5175,#5147,#5177,.T.);
#5175 = VERTEX_POINT('',#5176);
#5176 = CARTESIAN_POINT('',(63.5,-188.468,105.664));
#5177 = SURFACE_CURVE('',#5178,(#5182,#5189),.PCURVE_S1.);
#5178 = LINE('',#5179,#5180);
#5179 = CARTESIAN_POINT('',(63.5,-188.468,32.512));
#5180 = VECTOR('',#5181,1.);
#5181 = DIRECTION('',(0.,0.,-1.));
#5182 = PCURVE('',#1610,#5183);
#5183 = DEFINITIONAL_REPRESENTATION('',(#5184),#5188);
#5184 = LINE('',#5185,#5186);
#5185 = CARTESIAN_POINT('',(213.868,-26.162));
#5186 = VECTOR('',#5187,1.);
#5187 = DIRECTION('',(0.,1.));
#5188 = ( GEOMETRIC_REPRESENTATION_CONTEXT(2) 
PARAMETRIC_REPRESENTATION_CONTEXT() REPRESENTATION_CONTEXT('2D SPACE',''
  ) );
#5189 = PCURVE('',#5190,#5195);
#5190 = PLANE('',#5191);
#5191 = AXIS2_PLACEMENT_3D('',#5192,#5193,#5194);
#5192 = CARTESIAN_POINT('',(63.5,-189.484,58.674));
#5193 = DIRECTION('',(1.,0.,0.));
#5194 = DIRECTION('',(0.,0.,1.));
#5195 = DEFINITIONAL_REPRESENTATION('',(#5196),#5200);
#5196 = LINE('',#5197,#5198);
#5197 = CARTESIAN_POINT('',(-26.162,-1.016));
#5198 = VECTOR('',#5199,1.);
#5199 = DIRECTION('',(-1.,0.));
#5200 = ( GEOMETRIC_REPRESENTATION_CONTEXT(2) 
PARAMETRIC_REPRESENTATION_CONTEXT() REPRESENTATION_CONTEXT('2D SPACE',''
  ) );
#5201 = ORIENTED_EDGE('',*,*,#5202,.F.);
#5202 = EDGE_CURVE('',#5203,#5175,#5205,.T.);
#5203 = VERTEX_POINT('',#5204);
#5204 = CARTESIAN_POINT('',(59.69,-188.468,109.474));
#5205 = SURFACE_CURVE('',#5206,(#5211,#5218),.PCURVE_S1.);
#5206 = CIRCLE('',#5207,3.81);
#5207 = AXIS2_PLACEMENT_3D('',#5208,#5209,#5210);
#5208 = CARTESIAN_POINT('',(59.69,-188.468,105.664));
#5209 = DIRECTION('',(0.,1.,0.));
#5210 = DIRECTION('',(1.,0.,-0.));
#5211 = PCURVE('',#1610,#5212);
#5212 = DEFINITIONAL_REPRESENTATION('',(#5213),#5217);
#5213 = CIRCLE('',#5214,3.81);
#5214 = AXIS2_PLACEMENT_2D('',#5215,#5216);
#5215 = CARTESIAN_POINT('',(210.058,-99.314));
#5216 = DIRECTION('',(1.,0.));
#5217 = ( GEOMETRIC_REPRESENTATION_CONTEXT(2) 
PARAMETRIC_REPRESENTATION_CONTEXT() REPRESENTATION_CONTEXT('2D SPACE',''
  ) );
#5218 = PCURVE('',#5219,#5224);
#5219 = CYLINDRICAL_SURFACE('',#5220,3.81);
#5220 = AXIS2_PLACEMENT_3D('',#5221,#5222,#5223);
#5221 = CARTESIAN_POINT('',(59.69,-189.484,105.664));
#5222 = DIRECTION('',(0.,1.,0.));
#5223 = DIRECTION('',(1.,0.,-0.));
#5224 = DEFINITIONAL_REPRESENTATION('',(#5225),#5228);
#5225 = B_SPLINE_CURVE_WITH_KNOTS('',1,(#5226,#5227),.UNSPECIFIED.,.F.,
  .F.,(2,2),(4.712388980385,6.28318530718),.PIECEWISE_BEZIER_KNOTS.);
#5226 = CARTESIAN_POINT('',(-1.570796326795,1.016));
#5227 = CARTESIAN_POINT('',(0.,1.016));
#5228 = ( GEOMETRIC_REPRESENTATION_CONTEXT(2) 
PARAMETRIC_REPRESENTATION_CONTEXT() REPRESENTATION_CONTEXT('2D SPACE',''
  ) );
#5229 = ORIENTED_EDGE('',*,*,#5230,.F.);
#5230 = EDGE_CURVE('',#5035,#5203,#5231,.T.);
#5231 = SURFACE_CURVE('',#5232,(#5236,#5243),.PCURVE_S1.);
#5232 = LINE('',#5233,#5234);
#5233 = CARTESIAN_POINT('',(-106.934,-188.468,109.474));
#5234 = VECTOR('',#5235,1.);
#5235 = DIRECTION('',(1.,0.,0.));
#5236 = PCURVE('',#1610,#5237);
#5237 = DEFINITIONAL_REPRESENTATION('',(#5238),#5242);
#5238 = LINE('',#5239,#5240);
#5239 = CARTESIAN_POINT('',(43.434,-103.124));
#5240 = VECTOR('',#5241,1.);
#5241 = DIRECTION('',(1.,0.));
#5242 = ( GEOMETRIC_REPRESENTATION_CONTEXT(2) 
PARAMETRIC_REPRESENTATION_CONTEXT() REPRESENTATION_CONTEXT('2D SPACE',''
  ) );
#5243 = PCURVE('',#5244,#5249);
#5244 = PLANE('',#5245);
#5245 = AXIS2_PLACEMENT_3D('',#5246,#5247,#5248);
#5246 = CARTESIAN_POINT('',(-63.5,-189.484,109.474));
#5247 = DIRECTION('',(0.,0.,1.));
#5248 = DIRECTION('',(1.,0.,0.));
#5249 = DEFINITIONAL_REPRESENTATION('',(#5250),#5254);
#5250 = LINE('',#5251,#5252);
#5251 = CARTESIAN_POINT('',(-43.434,1.016));
#5252 = VECTOR('',#5253,1.);
#5253 = DIRECTION('',(1.,0.));
#5254 = ( GEOMETRIC_REPRESENTATION_CONTEXT(2) 
PARAMETRIC_REPRESENTATION_CONTEXT() REPRESENTATION_CONTEXT('2D SPACE',''
  ) );
#5255 = ADVANCED_FACE('',(#5256),#1776,.T.);
#5256 = FACE_BOUND('',#5257,.T.);
#5257 = EDGE_LOOP('',(#5258,#5259,#5282,#5303));
#5258 = ORIENTED_EDGE('',*,*,#1760,.F.);
#5259 = ORIENTED_EDGE('',*,*,#5260,.F.);
#5260 = EDGE_CURVE('',#5261,#1761,#5263,.T.);
#5261 = VERTEX_POINT('',#5262);
#5262 = CARTESIAN_POINT('',(150.368,-111.125,179.07));
#5263 = SURFACE_CURVE('',#5264,(#5268,#5275),.PCURVE_S1.);
#5264 = LINE('',#5265,#5266);
#5265 = CARTESIAN_POINT('',(150.368,-111.125,6.35));
#5266 = VECTOR('',#5267,1.);
#5267 = DIRECTION('',(0.,0.,-1.));
#5268 = PCURVE('',#1776,#5269);
#5269 = DEFINITIONAL_REPRESENTATION('',(#5270),#5274);
#5270 = LINE('',#5271,#5272);
#5271 = CARTESIAN_POINT('',(0.,1.27));
#5272 = VECTOR('',#5273,1.);
#5273 = DIRECTION('',(-1.,0.));
#5274 = ( GEOMETRIC_REPRESENTATION_CONTEXT(2) 
PARAMETRIC_REPRESENTATION_CONTEXT() REPRESENTATION_CONTEXT('2D SPACE',''
  ) );
#5275 = PCURVE('',#1804,#5276);
#5276 = DEFINITIONAL_REPRESENTATION('',(#5277),#5281);
#5277 = LINE('',#5278,#5279);
#5278 = CARTESIAN_POINT('',(77.343,0.));
#5279 = VECTOR('',#5280,1.);
#5280 = DIRECTION('',(0.,1.));
#5281 = ( GEOMETRIC_REPRESENTATION_CONTEXT(2) 
PARAMETRIC_REPRESENTATION_CONTEXT() REPRESENTATION_CONTEXT('2D SPACE',''
  ) );
#5282 = ORIENTED_EDGE('',*,*,#5283,.T.);
#5283 = EDGE_CURVE('',#5261,#3243,#5284,.T.);
#5284 = SURFACE_CURVE('',#5285,(#5289,#5296),.PCURVE_S1.);
#5285 = LINE('',#5286,#5287);
#5286 = CARTESIAN_POINT('',(149.098,-111.125,179.07));
#5287 = VECTOR('',#5288,1.);
#5288 = DIRECTION('',(1.,0.,0.));
#5289 = PCURVE('',#1776,#5290);
#5290 = DEFINITIONAL_REPRESENTATION('',(#5291),#5295);
#5291 = LINE('',#5292,#5293);
#5292 = CARTESIAN_POINT('',(172.72,0.));
#5293 = VECTOR('',#5294,1.);
#5294 = DIRECTION('',(0.,1.));
#5295 = ( GEOMETRIC_REPRESENTATION_CONTEXT(2) 
PARAMETRIC_REPRESENTATION_CONTEXT() REPRESENTATION_CONTEXT('2D SPACE',''
  ) );
#5296 = PCURVE('',#3258,#5297);
#5297 = DEFINITIONAL_REPRESENTATION('',(#5298),#5302);
#5298 = LINE('',#5299,#5300);
#5299 = CARTESIAN_POINT('',(149.098,-111.125));
#5300 = VECTOR('',#5301,1.);
#5301 = DIRECTION('',(1.,0.));
#5302 = ( GEOMETRIC_REPRESENTATION_CONTEXT(2) 
PARAMETRIC_REPRESENTATION_CONTEXT() REPRESENTATION_CONTEXT('2D SPACE',''
  ) );
#5303 = ORIENTED_EDGE('',*,*,#3270,.F.);
#5304 = ADVANCED_FACE('',(#5305),#1804,.F.);
#5305 = FACE_BOUND('',#5306,.F.);
#5306 = EDGE_LOOP('',(#5307,#5308,#5309,#5332,#5364,#5392,#5424,#5452,
    #5484,#5512,#5544,#5567));
#5307 = ORIENTED_EDGE('',*,*,#1788,.F.);
#5308 = ORIENTED_EDGE('',*,*,#5260,.F.);
#5309 = ORIENTED_EDGE('',*,*,#5310,.T.);
#5310 = EDGE_CURVE('',#5261,#5311,#5313,.T.);
#5311 = VERTEX_POINT('',#5312);
#5312 = CARTESIAN_POINT('',(150.368,-62.23,179.07));
#5313 = SURFACE_CURVE('',#5314,(#5318,#5325),.PCURVE_S1.);
#5314 = LINE('',#5315,#5316);
#5315 = CARTESIAN_POINT('',(150.368,-188.468,179.07));
#5316 = VECTOR('',#5317,1.);
#5317 = DIRECTION('',(0.,1.,0.));
#5318 = PCURVE('',#1804,#5319);
#5319 = DEFINITIONAL_REPRESENTATION('',(#5320),#5324);
#5320 = LINE('',#5321,#5322);
#5321 = CARTESIAN_POINT('',(0.,-172.72));
#5322 = VECTOR('',#5323,1.);
#5323 = DIRECTION('',(1.,0.));
#5324 = ( GEOMETRIC_REPRESENTATION_CONTEXT(2) 
PARAMETRIC_REPRESENTATION_CONTEXT() REPRESENTATION_CONTEXT('2D SPACE',''
  ) );
#5325 = PCURVE('',#3258,#5326);
#5326 = DEFINITIONAL_REPRESENTATION('',(#5327),#5331);
#5327 = LINE('',#5328,#5329);
#5328 = CARTESIAN_POINT('',(150.368,-188.468));
#5329 = VECTOR('',#5330,1.);
#5330 = DIRECTION('',(0.,1.));
#5331 = ( GEOMETRIC_REPRESENTATION_CONTEXT(2) 
PARAMETRIC_REPRESENTATION_CONTEXT() REPRESENTATION_CONTEXT('2D SPACE',''
  ) );
#5332 = ORIENTED_EDGE('',*,*,#5333,.T.);
#5333 = EDGE_CURVE('',#5311,#5334,#5336,.T.);
#5334 = VERTEX_POINT('',#5335);
#5335 = CARTESIAN_POINT('',(150.368,-69.85,171.45));
#5336 = SURFACE_CURVE('',#5337,(#5342,#5353),.PCURVE_S1.);
#5337 = CIRCLE('',#5338,7.62);
#5338 = AXIS2_PLACEMENT_3D('',#5339,#5340,#5341);
#5339 = CARTESIAN_POINT('',(150.368,-62.23,171.45));
#5340 = DIRECTION('',(1.,0.,0.));
#5341 = DIRECTION('',(0.,-1.,0.));
#5342 = PCURVE('',#1804,#5343);
#5343 = DEFINITIONAL_REPRESENTATION('',(#5344),#5352);
#5344 = ( BOUNDED_CURVE() B_SPLINE_CURVE(2,(#5345,#5346,#5347,#5348,
#5349,#5350,#5351),.UNSPECIFIED.,.T.,.F.) B_SPLINE_CURVE_WITH_KNOTS((1,2
    ,2,2,2,1),(-2.094395102393,0.,2.094395102393,4.188790204786,
6.28318530718,8.377580409573),.UNSPECIFIED.) CURVE() 
GEOMETRIC_REPRESENTATION_ITEM() RATIONAL_B_SPLINE_CURVE((1.,0.5,1.,0.5,
1.,0.5,1.)) REPRESENTATION_ITEM('') );
#5345 = CARTESIAN_POINT('',(118.618,-165.1));
#5346 = CARTESIAN_POINT('',(118.618,-151.9017728463));
#5347 = CARTESIAN_POINT('',(130.048,-158.5008864231));
#5348 = CARTESIAN_POINT('',(141.478,-165.1));
#5349 = CARTESIAN_POINT('',(130.048,-171.6991135768));
#5350 = CARTESIAN_POINT('',(118.618,-178.2982271536));
#5351 = CARTESIAN_POINT('',(118.618,-165.1));
#5352 = ( GEOMETRIC_REPRESENTATION_CONTEXT(2) 
PARAMETRIC_REPRESENTATION_CONTEXT() REPRESENTATION_CONTEXT('2D SPACE',''
  ) );
#5353 = PCURVE('',#5354,#5359);
#5354 = CYLINDRICAL_SURFACE('',#5355,7.62);
#5355 = AXIS2_PLACEMENT_3D('',#5356,#5357,#5358);
#5356 = CARTESIAN_POINT('',(140.208,-62.23,171.45));
#5357 = DIRECTION('',(1.,0.,0.));
#5358 = DIRECTION('',(0.,-1.,0.));
#5359 = DEFINITIONAL_REPRESENTATION('',(#5360),#5363);
#5360 = B_SPLINE_CURVE_WITH_KNOTS('',1,(#5361,#5362),.UNSPECIFIED.,.F.,
  .F.,(2,2),(4.712388980385,6.28318530718),.PIECEWISE_BEZIER_KNOTS.);
#5361 = CARTESIAN_POINT('',(-1.570796326795,10.16));
#5362 = CARTESIAN_POINT('',(0.,10.16));
#5363 = ( GEOMETRIC_REPRESENTATION_CONTEXT(2) 
PARAMETRIC_REPRESENTATION_CONTEXT() REPRESENTATION_CONTEXT('2D SPACE',''
  ) );
#5364 = ORIENTED_EDGE('',*,*,#5365,.T.);
#5365 = EDGE_CURVE('',#5334,#5366,#5368,.T.);
#5366 = VERTEX_POINT('',#5367);
#5367 = CARTESIAN_POINT('',(150.368,-69.85,161.29));
#5368 = SURFACE_CURVE('',#5369,(#5373,#5380),.PCURVE_S1.);
#5369 = LINE('',#5370,#5371);
#5370 = CARTESIAN_POINT('',(150.368,-69.85,80.01));
#5371 = VECTOR('',#5372,1.);
#5372 = DIRECTION('',(0.,0.,-1.));
#5373 = PCURVE('',#1804,#5374);
#5374 = DEFINITIONAL_REPRESENTATION('',(#5375),#5379);
#5375 = LINE('',#5376,#5377);
#5376 = CARTESIAN_POINT('',(118.618,-73.66));
#5377 = VECTOR('',#5378,1.);
#5378 = DIRECTION('',(0.,1.));
#5379 = ( GEOMETRIC_REPRESENTATION_CONTEXT(2) 
PARAMETRIC_REPRESENTATION_CONTEXT() REPRESENTATION_CONTEXT('2D SPACE',''
  ) );
#5380 = PCURVE('',#5381,#5386);
#5381 = PLANE('',#5382);
#5382 = AXIS2_PLACEMENT_3D('',#5383,#5384,#5385);
#5383 = CARTESIAN_POINT('',(140.208,-69.85,153.67));
#5384 = DIRECTION('',(0.,1.,0.));
#5385 = DIRECTION('',(0.,0.,1.));
#5386 = DEFINITIONAL_REPRESENTATION('',(#5387),#5391);
#5387 = LINE('',#5388,#5389);
#5388 = CARTESIAN_POINT('',(-73.66,10.16));
#5389 = VECTOR('',#5390,1.);
#5390 = DIRECTION('',(-1.,0.));
#5391 = ( GEOMETRIC_REPRESENTATION_CONTEXT(2) 
PARAMETRIC_REPRESENTATION_CONTEXT() REPRESENTATION_CONTEXT('2D SPACE',''
  ) );
#5392 = ORIENTED_EDGE('',*,*,#5393,.T.);
#5393 = EDGE_CURVE('',#5366,#5394,#5396,.T.);
#5394 = VERTEX_POINT('',#5395);
#5395 = CARTESIAN_POINT('',(150.368,-62.23,153.67));
#5396 = SURFACE_CURVE('',#5397,(#5402,#5413),.PCURVE_S1.);
#5397 = CIRCLE('',#5398,7.62);
#5398 = AXIS2_PLACEMENT_3D('',#5399,#5400,#5401);
#5399 = CARTESIAN_POINT('',(150.368,-62.23,161.29));
#5400 = DIRECTION('',(1.,0.,0.));
#5401 = DIRECTION('',(0.,-1.,0.));
#5402 = PCURVE('',#1804,#5403);
#5403 = DEFINITIONAL_REPRESENTATION('',(#5404),#5412);
#5404 = ( BOUNDED_CURVE() B_SPLINE_CURVE(2,(#5405,#5406,#5407,#5408,
#5409,#5410,#5411),.UNSPECIFIED.,.T.,.F.) B_SPLINE_CURVE_WITH_KNOTS((1,2
    ,2,2,2,1),(-2.094395102393,0.,2.094395102393,4.188790204786,
6.28318530718,8.377580409573),.UNSPECIFIED.) CURVE() 
GEOMETRIC_REPRESENTATION_ITEM() RATIONAL_B_SPLINE_CURVE((1.,0.5,1.,0.5,
1.,0.5,1.)) REPRESENTATION_ITEM('') );
#5405 = CARTESIAN_POINT('',(118.618,-154.94));
#5406 = CARTESIAN_POINT('',(118.618,-141.7417728463));
#5407 = CARTESIAN_POINT('',(130.048,-148.3408864231));
#5408 = CARTESIAN_POINT('',(141.478,-154.94));
#5409 = CARTESIAN_POINT('',(130.048,-161.5391135768));
#5410 = CARTESIAN_POINT('',(118.618,-168.1382271536));
#5411 = CARTESIAN_POINT('',(118.618,-154.94));
#5412 = ( GEOMETRIC_REPRESENTATION_CONTEXT(2) 
PARAMETRIC_REPRESENTATION_CONTEXT() REPRESENTATION_CONTEXT('2D SPACE',''
  ) );
#5413 = PCURVE('',#5414,#5419);
#5414 = CYLINDRICAL_SURFACE('',#5415,7.62);
#5415 = AXIS2_PLACEMENT_3D('',#5416,#5417,#5418);
#5416 = CARTESIAN_POINT('',(140.208,-62.23,161.29));
#5417 = DIRECTION('',(1.,0.,0.));
#5418 = DIRECTION('',(0.,-1.,0.));
#5419 = DEFINITIONAL_REPRESENTATION('',(#5420),#5423);
#5420 = B_SPLINE_CURVE_WITH_KNOTS('',1,(#5421,#5422),.UNSPECIFIED.,.F.,
  .F.,(2,2),(0.,1.570796326795),.PIECEWISE_BEZIER_KNOTS.);
#5421 = CARTESIAN_POINT('',(0.,10.16));
#5422 = CARTESIAN_POINT('',(1.570796326795,10.16));
#5423 = ( GEOMETRIC_REPRESENTATION_CONTEXT(2) 
PARAMETRIC_REPRESENTATION_CONTEXT() REPRESENTATION_CONTEXT('2D SPACE',''
  ) );
#5424 = ORIENTED_EDGE('',*,*,#5425,.T.);
#5425 = EDGE_CURVE('',#5394,#5426,#5428,.T.);
#5426 = VERTEX_POINT('',#5427);
#5427 = CARTESIAN_POINT('',(150.368,62.23,153.67));
#5428 = SURFACE_CURVE('',#5429,(#5433,#5440),.PCURVE_S1.);
#5429 = LINE('',#5430,#5431);
#5430 = CARTESIAN_POINT('',(150.368,-129.159,153.67));
#5431 = VECTOR('',#5432,1.);
#5432 = DIRECTION('',(0.,1.,-0.));
#5433 = PCURVE('',#1804,#5434);
#5434 = DEFINITIONAL_REPRESENTATION('',(#5435),#5439);
#5435 = LINE('',#5436,#5437);
#5436 = CARTESIAN_POINT('',(59.309,-147.32));
#5437 = VECTOR('',#5438,1.);
#5438 = DIRECTION('',(1.,0.));
#5439 = ( GEOMETRIC_REPRESENTATION_CONTEXT(2) 
PARAMETRIC_REPRESENTATION_CONTEXT() REPRESENTATION_CONTEXT('2D SPACE',''
  ) );
#5440 = PCURVE('',#5441,#5446);
#5441 = PLANE('',#5442);
#5442 = AXIS2_PLACEMENT_3D('',#5443,#5444,#5445);
#5443 = CARTESIAN_POINT('',(140.208,-69.85,153.67));
#5444 = DIRECTION('',(0.,0.,1.));
#5445 = DIRECTION('',(1.,0.,0.));
#5446 = DEFINITIONAL_REPRESENTATION('',(#5447),#5451);
#5447 = LINE('',#5448,#5449);
#5448 = CARTESIAN_POINT('',(10.16,-59.309));
#5449 = VECTOR('',#5450,1.);
#5450 = DIRECTION('',(0.,1.));
#5451 = ( GEOMETRIC_REPRESENTATION_CONTEXT(2) 
PARAMETRIC_REPRESENTATION_CONTEXT() REPRESENTATION_CONTEXT('2D SPACE',''
  ) );
#5452 = ORIENTED_EDGE('',*,*,#5453,.T.);
#5453 = EDGE_CURVE('',#5426,#5454,#5456,.T.);
#5454 = VERTEX_POINT('',#5455);
#5455 = CARTESIAN_POINT('',(150.368,69.85,161.29));
#5456 = SURFACE_CURVE('',#5457,(#5462,#5473),.PCURVE_S1.);
#5457 = CIRCLE('',#5458,7.62);
#5458 = AXIS2_PLACEMENT_3D('',#5459,#5460,#5461);
#5459 = CARTESIAN_POINT('',(150.368,62.23,161.29));
#5460 = DIRECTION('',(1.,0.,0.));
#5461 = DIRECTION('',(-0.,1.,0.));
#5462 = PCURVE('',#1804,#5463);
#5463 = DEFINITIONAL_REPRESENTATION('',(#5464),#5472);
#5464 = ( BOUNDED_CURVE() B_SPLINE_CURVE(2,(#5465,#5466,#5467,#5468,
#5469,#5470,#5471),.UNSPECIFIED.,.T.,.F.) B_SPLINE_CURVE_WITH_KNOTS((1,2
    ,2,2,2,1),(-2.094395102393,0.,2.094395102393,4.188790204786,
6.28318530718,8.377580409573),.UNSPECIFIED.) CURVE() 
GEOMETRIC_REPRESENTATION_ITEM() RATIONAL_B_SPLINE_CURVE((1.,0.5,1.,0.5,
1.,0.5,1.)) REPRESENTATION_ITEM('') );
#5465 = CARTESIAN_POINT('',(258.318,-154.94));
#5466 = CARTESIAN_POINT('',(258.318,-168.1382271536));
#5467 = CARTESIAN_POINT('',(246.888,-161.5391135768));
#5468 = CARTESIAN_POINT('',(235.458,-154.94));
#5469 = CARTESIAN_POINT('',(246.888,-148.3408864231));
#5470 = CARTESIAN_POINT('',(258.318,-141.7417728463));
#5471 = CARTESIAN_POINT('',(258.318,-154.94));
#5472 = ( GEOMETRIC_REPRESENTATION_CONTEXT(2) 
PARAMETRIC_REPRESENTATION_CONTEXT() REPRESENTATION_CONTEXT('2D SPACE',''
  ) );
#5473 = PCURVE('',#5474,#5479);
#5474 = CYLINDRICAL_SURFACE('',#5475,7.62);
#5475 = AXIS2_PLACEMENT_3D('',#5476,#5477,#5478);
#5476 = CARTESIAN_POINT('',(140.208,62.23,161.29));
#5477 = DIRECTION('',(1.,0.,0.));
#5478 = DIRECTION('',(-0.,1.,0.));
#5479 = DEFINITIONAL_REPRESENTATION('',(#5480),#5483);
#5480 = B_SPLINE_CURVE_WITH_KNOTS('',1,(#5481,#5482),.UNSPECIFIED.,.F.,
  .F.,(2,2),(4.712388980385,6.28318530718),.PIECEWISE_BEZIER_KNOTS.);
#5481 = CARTESIAN_POINT('',(-1.570796326795,10.16));
#5482 = CARTESIAN_POINT('',(0.,10.16));
#5483 = ( GEOMETRIC_REPRESENTATION_CONTEXT(2) 
PARAMETRIC_REPRESENTATION_CONTEXT() REPRESENTATION_CONTEXT('2D SPACE',''
  ) );
#5484 = ORIENTED_EDGE('',*,*,#5485,.F.);
#5485 = EDGE_CURVE('',#5486,#5454,#5488,.T.);
#5486 = VERTEX_POINT('',#5487);
#5487 = CARTESIAN_POINT('',(150.368,69.85,171.45));
#5488 = SURFACE_CURVE('',#5489,(#5493,#5500),.PCURVE_S1.);
#5489 = LINE('',#5490,#5491);
#5490 = CARTESIAN_POINT('',(150.368,69.85,80.01));
#5491 = VECTOR('',#5492,1.);
#5492 = DIRECTION('',(0.,0.,-1.));
#5493 = PCURVE('',#1804,#5494);
#5494 = DEFINITIONAL_REPRESENTATION('',(#5495),#5499);
#5495 = LINE('',#5496,#5497);
#5496 = CARTESIAN_POINT('',(258.318,-73.66));
#5497 = VECTOR('',#5498,1.);
#5498 = DIRECTION('',(0.,1.));
#5499 = ( GEOMETRIC_REPRESENTATION_CONTEXT(2) 
PARAMETRIC_REPRESENTATION_CONTEXT() REPRESENTATION_CONTEXT('2D SPACE',''
  ) );
#5500 = PCURVE('',#5501,#5506);
#5501 = PLANE('',#5502);
#5502 = AXIS2_PLACEMENT_3D('',#5503,#5504,#5505);
#5503 = CARTESIAN_POINT('',(140.208,69.85,153.67));
#5504 = DIRECTION('',(0.,1.,0.));
#5505 = DIRECTION('',(0.,0.,1.));
#5506 = DEFINITIONAL_REPRESENTATION('',(#5507),#5511);
#5507 = LINE('',#5508,#5509);
#5508 = CARTESIAN_POINT('',(-73.66,10.16));
#5509 = VECTOR('',#5510,1.);
#5510 = DIRECTION('',(-1.,0.));
#5511 = ( GEOMETRIC_REPRESENTATION_CONTEXT(2) 
PARAMETRIC_REPRESENTATION_CONTEXT() REPRESENTATION_CONTEXT('2D SPACE',''
  ) );
#5512 = ORIENTED_EDGE('',*,*,#5513,.T.);
#5513 = EDGE_CURVE('',#5486,#5514,#5516,.T.);
#5514 = VERTEX_POINT('',#5515);
#5515 = CARTESIAN_POINT('',(150.368,62.23,179.07));
#5516 = SURFACE_CURVE('',#5517,(#5522,#5533),.PCURVE_S1.);
#5517 = CIRCLE('',#5518,7.62);
#5518 = AXIS2_PLACEMENT_3D('',#5519,#5520,#5521);
#5519 = CARTESIAN_POINT('',(150.368,62.23,171.45));
#5520 = DIRECTION('',(1.,0.,0.));
#5521 = DIRECTION('',(-0.,1.,0.));
#5522 = PCURVE('',#1804,#5523);
#5523 = DEFINITIONAL_REPRESENTATION('',(#5524),#5532);
#5524 = ( BOUNDED_CURVE() B_SPLINE_CURVE(2,(#5525,#5526,#5527,#5528,
#5529,#5530,#5531),.UNSPECIFIED.,.T.,.F.) B_SPLINE_CURVE_WITH_KNOTS((1,2
    ,2,2,2,1),(-2.094395102393,0.,2.094395102393,4.188790204786,
6.28318530718,8.377580409573),.UNSPECIFIED.) CURVE() 
GEOMETRIC_REPRESENTATION_ITEM() RATIONAL_B_SPLINE_CURVE((1.,0.5,1.,0.5,
1.,0.5,1.)) REPRESENTATION_ITEM('') );
#5525 = CARTESIAN_POINT('',(258.318,-165.1));
#5526 = CARTESIAN_POINT('',(258.318,-178.2982271536));
#5527 = CARTESIAN_POINT('',(246.888,-171.6991135768));
#5528 = CARTESIAN_POINT('',(235.458,-165.1));
#5529 = CARTESIAN_POINT('',(246.888,-158.5008864231));
#5530 = CARTESIAN_POINT('',(258.318,-151.9017728463));
#5531 = CARTESIAN_POINT('',(258.318,-165.1));
#5532 = ( GEOMETRIC_REPRESENTATION_CONTEXT(2) 
PARAMETRIC_REPRESENTATION_CONTEXT() REPRESENTATION_CONTEXT('2D SPACE',''
  ) );
#5533 = PCURVE('',#5534,#5539);
#5534 = CYLINDRICAL_SURFACE('',#5535,7.62);
#5535 = AXIS2_PLACEMENT_3D('',#5536,#5537,#5538);
#5536 = CARTESIAN_POINT('',(140.208,62.23,171.45));
#5537 = DIRECTION('',(1.,0.,0.));
#5538 = DIRECTION('',(-0.,1.,0.));
#5539 = DEFINITIONAL_REPRESENTATION('',(#5540),#5543);
#5540 = B_SPLINE_CURVE_WITH_KNOTS('',1,(#5541,#5542),.UNSPECIFIED.,.F.,
  .F.,(2,2),(0.,1.570796326795),.PIECEWISE_BEZIER_KNOTS.);
#5541 = CARTESIAN_POINT('',(0.,10.16));
#5542 = CARTESIAN_POINT('',(1.570796326795,10.16));
#5543 = ( GEOMETRIC_REPRESENTATION_CONTEXT(2) 
PARAMETRIC_REPRESENTATION_CONTEXT() REPRESENTATION_CONTEXT('2D SPACE',''
  ) );
#5544 = ORIENTED_EDGE('',*,*,#5545,.T.);
#5545 = EDGE_CURVE('',#5514,#5546,#5548,.T.);
#5546 = VERTEX_POINT('',#5547);
#5547 = CARTESIAN_POINT('',(150.368,111.125,179.07));
#5548 = SURFACE_CURVE('',#5549,(#5553,#5560),.PCURVE_S1.);
#5549 = LINE('',#5550,#5551);
#5550 = CARTESIAN_POINT('',(150.368,-188.468,179.07));
#5551 = VECTOR('',#5552,1.);
#5552 = DIRECTION('',(0.,1.,0.));
#5553 = PCURVE('',#1804,#5554);
#5554 = DEFINITIONAL_REPRESENTATION('',(#5555),#5559);
#5555 = LINE('',#5556,#5557);
#5556 = CARTESIAN_POINT('',(0.,-172.72));
#5557 = VECTOR('',#5558,1.);
#5558 = DIRECTION('',(1.,0.));
#5559 = ( GEOMETRIC_REPRESENTATION_CONTEXT(2) 
PARAMETRIC_REPRESENTATION_CONTEXT() REPRESENTATION_CONTEXT('2D SPACE',''
  ) );
#5560 = PCURVE('',#3258,#5561);
#5561 = DEFINITIONAL_REPRESENTATION('',(#5562),#5566);
#5562 = LINE('',#5563,#5564);
#5563 = CARTESIAN_POINT('',(150.368,-188.468));
#5564 = VECTOR('',#5565,1.);
#5565 = DIRECTION('',(0.,1.));
#5566 = ( GEOMETRIC_REPRESENTATION_CONTEXT(2) 
PARAMETRIC_REPRESENTATION_CONTEXT() REPRESENTATION_CONTEXT('2D SPACE',''
  ) );
#5567 = ORIENTED_EDGE('',*,*,#5568,.T.);
#5568 = EDGE_CURVE('',#5546,#1789,#5569,.T.);
#5569 = SURFACE_CURVE('',#5570,(#5574,#5581),.PCURVE_S1.);
#5570 = LINE('',#5571,#5572);
#5571 = CARTESIAN_POINT('',(150.368,111.125,6.35));
#5572 = VECTOR('',#5573,1.);
#5573 = DIRECTION('',(0.,0.,-1.));
#5574 = PCURVE('',#1804,#5575);
#5575 = DEFINITIONAL_REPRESENTATION('',(#5576),#5580);
#5576 = LINE('',#5577,#5578);
#5577 = CARTESIAN_POINT('',(299.593,0.));
#5578 = VECTOR('',#5579,1.);
#5579 = DIRECTION('',(0.,1.));
#5580 = ( GEOMETRIC_REPRESENTATION_CONTEXT(2) 
PARAMETRIC_REPRESENTATION_CONTEXT() REPRESENTATION_CONTEXT('2D SPACE',''
  ) );
#5581 = PCURVE('',#1832,#5582);
#5582 = DEFINITIONAL_REPRESENTATION('',(#5583),#5587);
#5583 = LINE('',#5584,#5585);
#5584 = CARTESIAN_POINT('',(0.,1.27));
#5585 = VECTOR('',#5586,1.);
#5586 = DIRECTION('',(-1.,0.));
#5587 = ( GEOMETRIC_REPRESENTATION_CONTEXT(2) 
PARAMETRIC_REPRESENTATION_CONTEXT() REPRESENTATION_CONTEXT('2D SPACE',''
  ) );
#5588 = ADVANCED_FACE('',(#5589),#1832,.F.);
#5589 = FACE_BOUND('',#5590,.F.);
#5590 = EDGE_LOOP('',(#5591,#5592,#5593,#5614));
#5591 = ORIENTED_EDGE('',*,*,#1816,.F.);
#5592 = ORIENTED_EDGE('',*,*,#5568,.F.);
#5593 = ORIENTED_EDGE('',*,*,#5594,.T.);
#5594 = EDGE_CURVE('',#5546,#3220,#5595,.T.);
#5595 = SURFACE_CURVE('',#5596,(#5600,#5607),.PCURVE_S1.);
#5596 = LINE('',#5597,#5598);
#5597 = CARTESIAN_POINT('',(149.098,111.125,179.07));
#5598 = VECTOR('',#5599,1.);
#5599 = DIRECTION('',(1.,0.,0.));
#5600 = PCURVE('',#1832,#5601);
#5601 = DEFINITIONAL_REPRESENTATION('',(#5602),#5606);
#5602 = LINE('',#5603,#5604);
#5603 = CARTESIAN_POINT('',(172.72,0.));
#5604 = VECTOR('',#5605,1.);
#5605 = DIRECTION('',(0.,1.));
#5606 = ( GEOMETRIC_REPRESENTATION_CONTEXT(2) 
PARAMETRIC_REPRESENTATION_CONTEXT() REPRESENTATION_CONTEXT('2D SPACE',''
  ) );
#5607 = PCURVE('',#3258,#5608);
#5608 = DEFINITIONAL_REPRESENTATION('',(#5609),#5613);
#5609 = LINE('',#5610,#5611);
#5610 = CARTESIAN_POINT('',(149.098,111.125));
#5611 = VECTOR('',#5612,1.);
#5612 = DIRECTION('',(1.,0.));
#5613 = ( GEOMETRIC_REPRESENTATION_CONTEXT(2) 
PARAMETRIC_REPRESENTATION_CONTEXT() REPRESENTATION_CONTEXT('2D SPACE',''
  ) );
#5614 = ORIENTED_EDGE('',*,*,#3219,.F.);
#5615 = ADVANCED_FACE('',(#5616),#1883,.T.);
#5616 = FACE_BOUND('',#5617,.T.);
#5617 = EDGE_LOOP('',(#5618,#5619,#5642,#5663));
#5618 = ORIENTED_EDGE('',*,*,#1867,.F.);
#5619 = ORIENTED_EDGE('',*,*,#5620,.F.);
#5620 = EDGE_CURVE('',#5621,#1868,#5623,.T.);
#5621 = VERTEX_POINT('',#5622);
#5622 = CARTESIAN_POINT('',(150.368,117.475,179.07));
#5623 = SURFACE_CURVE('',#5624,(#5628,#5635),.PCURVE_S1.);
#5624 = LINE('',#5625,#5626);
#5625 = CARTESIAN_POINT('',(150.368,117.475,6.35));
#5626 = VECTOR('',#5627,1.);
#5627 = DIRECTION('',(0.,0.,-1.));
#5628 = PCURVE('',#1883,#5629);
#5629 = DEFINITIONAL_REPRESENTATION('',(#5630),#5634);
#5630 = LINE('',#5631,#5632);
#5631 = CARTESIAN_POINT('',(0.,1.27));
#5632 = VECTOR('',#5633,1.);
#5633 = DIRECTION('',(-1.,0.));
#5634 = ( GEOMETRIC_REPRESENTATION_CONTEXT(2) 
PARAMETRIC_REPRESENTATION_CONTEXT() REPRESENTATION_CONTEXT('2D SPACE',''
  ) );
#5635 = PCURVE('',#1911,#5636);
#5636 = DEFINITIONAL_REPRESENTATION('',(#5637),#5641);
#5637 = LINE('',#5638,#5639);
#5638 = CARTESIAN_POINT('',(305.943,0.));
#5639 = VECTOR('',#5640,1.);
#5640 = DIRECTION('',(0.,1.));
#5641 = ( GEOMETRIC_REPRESENTATION_CONTEXT(2) 
PARAMETRIC_REPRESENTATION_CONTEXT() REPRESENTATION_CONTEXT('2D SPACE',''
  ) );
#5642 = ORIENTED_EDGE('',*,*,#5643,.T.);
#5643 = EDGE_CURVE('',#5621,#3170,#5644,.T.);
#5644 = SURFACE_CURVE('',#5645,(#5649,#5656),.PCURVE_S1.);
#5645 = LINE('',#5646,#5647);
#5646 = CARTESIAN_POINT('',(149.098,117.475,179.07));
#5647 = VECTOR('',#5648,1.);
#5648 = DIRECTION('',(1.,0.,0.));
#5649 = PCURVE('',#1883,#5650);
#5650 = DEFINITIONAL_REPRESENTATION('',(#5651),#5655);
#5651 = LINE('',#5652,#5653);
#5652 = CARTESIAN_POINT('',(172.72,0.));
#5653 = VECTOR('',#5654,1.);
#5654 = DIRECTION('',(0.,1.));
#5655 = ( GEOMETRIC_REPRESENTATION_CONTEXT(2) 
PARAMETRIC_REPRESENTATION_CONTEXT() REPRESENTATION_CONTEXT('2D SPACE',''
  ) );
#5656 = PCURVE('',#3185,#5657);
#5657 = DEFINITIONAL_REPRESENTATION('',(#5658),#5662);
#5658 = LINE('',#5659,#5660);
#5659 = CARTESIAN_POINT('',(149.098,117.475));
#5660 = VECTOR('',#5661,1.);
#5661 = DIRECTION('',(1.,0.));
#5662 = ( GEOMETRIC_REPRESENTATION_CONTEXT(2) 
PARAMETRIC_REPRESENTATION_CONTEXT() REPRESENTATION_CONTEXT('2D SPACE',''
  ) );
#5663 = ORIENTED_EDGE('',*,*,#3197,.F.);
#5664 = ADVANCED_FACE('',(#5665),#1911,.F.);
#5665 = FACE_BOUND('',#5666,.F.);
#5666 = EDGE_LOOP('',(#5667,#5668,#5669,#5692));
#5667 = ORIENTED_EDGE('',*,*,#1895,.F.);
#5668 = ORIENTED_EDGE('',*,*,#5620,.F.);
#5669 = ORIENTED_EDGE('',*,*,#5670,.T.);
#5670 = EDGE_CURVE('',#5621,#5671,#5673,.T.);
#5671 = VERTEX_POINT('',#5672);
#5672 = CARTESIAN_POINT('',(150.368,177.8,179.07));
#5673 = SURFACE_CURVE('',#5674,(#5678,#5685),.PCURVE_S1.);
#5674 = LINE('',#5675,#5676);
#5675 = CARTESIAN_POINT('',(150.368,-188.468,179.07));
#5676 = VECTOR('',#5677,1.);
#5677 = DIRECTION('',(0.,1.,0.));
#5678 = PCURVE('',#1911,#5679);
#5679 = DEFINITIONAL_REPRESENTATION('',(#5680),#5684);
#5680 = LINE('',#5681,#5682);
#5681 = CARTESIAN_POINT('',(0.,-172.72));
#5682 = VECTOR('',#5683,1.);
#5683 = DIRECTION('',(1.,0.));
#5684 = ( GEOMETRIC_REPRESENTATION_CONTEXT(2) 
PARAMETRIC_REPRESENTATION_CONTEXT() REPRESENTATION_CONTEXT('2D SPACE',''
  ) );
#5685 = PCURVE('',#3185,#5686);
#5686 = DEFINITIONAL_REPRESENTATION('',(#5687),#5691);
#5687 = LINE('',#5688,#5689);
#5688 = CARTESIAN_POINT('',(150.368,-188.468));
#5689 = VECTOR('',#5690,1.);
#5690 = DIRECTION('',(0.,1.));
#5691 = ( GEOMETRIC_REPRESENTATION_CONTEXT(2) 
PARAMETRIC_REPRESENTATION_CONTEXT() REPRESENTATION_CONTEXT('2D SPACE',''
  ) );
#5692 = ORIENTED_EDGE('',*,*,#5693,.F.);
#5693 = EDGE_CURVE('',#1896,#5671,#5694,.T.);
#5694 = SURFACE_CURVE('',#5695,(#5699,#5706),.PCURVE_S1.);
#5695 = LINE('',#5696,#5697);
#5696 = CARTESIAN_POINT('',(150.368,177.8,6.35));
#5697 = VECTOR('',#5698,1.);
#5698 = DIRECTION('',(0.,0.,1.));
#5699 = PCURVE('',#1911,#5700);
#5700 = DEFINITIONAL_REPRESENTATION('',(#5701),#5705);
#5701 = LINE('',#5702,#5703);
#5702 = CARTESIAN_POINT('',(366.268,0.));
#5703 = VECTOR('',#5704,1.);
#5704 = DIRECTION('',(0.,-1.));
#5705 = ( GEOMETRIC_REPRESENTATION_CONTEXT(2) 
PARAMETRIC_REPRESENTATION_CONTEXT() REPRESENTATION_CONTEXT('2D SPACE',''
  ) );
#5706 = PCURVE('',#1940,#5707);
#5707 = DEFINITIONAL_REPRESENTATION('',(#5708),#5711);
#5708 = B_SPLINE_CURVE_WITH_KNOTS('',1,(#5709,#5710),.UNSPECIFIED.,.F.,
  .F.,(2,2),(0.,172.72),.PIECEWISE_BEZIER_KNOTS.);
#5709 = CARTESIAN_POINT('',(0.,0.));
#5710 = CARTESIAN_POINT('',(0.,172.72));
#5711 = ( GEOMETRIC_REPRESENTATION_CONTEXT(2) 
PARAMETRIC_REPRESENTATION_CONTEXT() REPRESENTATION_CONTEXT('2D SPACE',''
  ) );
#5712 = ADVANCED_FACE('',(#5713),#1940,.T.);
#5713 = FACE_BOUND('',#5714,.T.);
#5714 = EDGE_LOOP('',(#5715,#5716,#5738,#5759));
#5715 = ORIENTED_EDGE('',*,*,#1923,.T.);
#5716 = ORIENTED_EDGE('',*,*,#5717,.T.);
#5717 = EDGE_CURVE('',#1924,#5718,#5720,.T.);
#5718 = VERTEX_POINT('',#5719);
#5719 = CARTESIAN_POINT('',(139.7,188.468,179.07));
#5720 = SURFACE_CURVE('',#5721,(#5725,#5731),.PCURVE_S1.);
#5721 = LINE('',#5722,#5723);
#5722 = CARTESIAN_POINT('',(139.7,188.468,6.35));
#5723 = VECTOR('',#5724,1.);
#5724 = DIRECTION('',(0.,0.,1.));
#5725 = PCURVE('',#1940,#5726);
#5726 = DEFINITIONAL_REPRESENTATION('',(#5727),#5730);
#5727 = B_SPLINE_CURVE_WITH_KNOTS('',1,(#5728,#5729),.UNSPECIFIED.,.F.,
  .F.,(2,2),(0.,172.72),.PIECEWISE_BEZIER_KNOTS.);
#5728 = CARTESIAN_POINT('',(1.570796326795,0.));
#5729 = CARTESIAN_POINT('',(1.570796326795,172.72));
#5730 = ( GEOMETRIC_REPRESENTATION_CONTEXT(2) 
PARAMETRIC_REPRESENTATION_CONTEXT() REPRESENTATION_CONTEXT('2D SPACE',''
  ) );
#5731 = PCURVE('',#1967,#5732);
#5732 = DEFINITIONAL_REPRESENTATION('',(#5733),#5737);
#5733 = LINE('',#5734,#5735);
#5734 = CARTESIAN_POINT('',(10.668,0.));
#5735 = VECTOR('',#5736,1.);
#5736 = DIRECTION('',(0.,-1.));
#5737 = ( GEOMETRIC_REPRESENTATION_CONTEXT(2) 
PARAMETRIC_REPRESENTATION_CONTEXT() REPRESENTATION_CONTEXT('2D SPACE',''
  ) );
#5738 = ORIENTED_EDGE('',*,*,#5739,.F.);
#5739 = EDGE_CURVE('',#5671,#5718,#5740,.T.);
#5740 = SURFACE_CURVE('',#5741,(#5746,#5752),.PCURVE_S1.);
#5741 = CIRCLE('',#5742,10.668);
#5742 = AXIS2_PLACEMENT_3D('',#5743,#5744,#5745);
#5743 = CARTESIAN_POINT('',(139.7,177.8,179.07));
#5744 = DIRECTION('',(0.,0.,1.));
#5745 = DIRECTION('',(0.,-1.,0.));
#5746 = PCURVE('',#1940,#5747);
#5747 = DEFINITIONAL_REPRESENTATION('',(#5748),#5751);
#5748 = B_SPLINE_CURVE_WITH_KNOTS('',1,(#5749,#5750),.UNSPECIFIED.,.F.,
  .F.,(2,2),(1.570796326795,3.14159265359),.PIECEWISE_BEZIER_KNOTS.);
#5749 = CARTESIAN_POINT('',(0.,172.72));
#5750 = CARTESIAN_POINT('',(1.570796326795,172.72));
#5751 = ( GEOMETRIC_REPRESENTATION_CONTEXT(2) 
PARAMETRIC_REPRESENTATION_CONTEXT() REPRESENTATION_CONTEXT('2D SPACE',''
  ) );
#5752 = PCURVE('',#3185,#5753);
#5753 = DEFINITIONAL_REPRESENTATION('',(#5754),#5758);
#5754 = CIRCLE('',#5755,10.668);
#5755 = AXIS2_PLACEMENT_2D('',#5756,#5757);
#5756 = CARTESIAN_POINT('',(139.7,177.8));
#5757 = DIRECTION('',(0.,-1.));
#5758 = ( GEOMETRIC_REPRESENTATION_CONTEXT(2) 
PARAMETRIC_REPRESENTATION_CONTEXT() REPRESENTATION_CONTEXT('2D SPACE',''
  ) );
#5759 = ORIENTED_EDGE('',*,*,#5693,.F.);
#5760 = ADVANCED_FACE('',(#5761),#1967,.F.);
#5761 = FACE_BOUND('',#5762,.F.);
#5762 = EDGE_LOOP('',(#5763,#5764,#5765,#5788));
#5763 = ORIENTED_EDGE('',*,*,#1951,.F.);
#5764 = ORIENTED_EDGE('',*,*,#5717,.T.);
#5765 = ORIENTED_EDGE('',*,*,#5766,.T.);
#5766 = EDGE_CURVE('',#5718,#5767,#5769,.T.);
#5767 = VERTEX_POINT('',#5768);
#5768 = CARTESIAN_POINT('',(92.075,188.468,179.07));
#5769 = SURFACE_CURVE('',#5770,(#5774,#5781),.PCURVE_S1.);
#5770 = LINE('',#5771,#5772);
#5771 = CARTESIAN_POINT('',(150.368,188.468,179.07));
#5772 = VECTOR('',#5773,1.);
#5773 = DIRECTION('',(-1.,0.,0.));
#5774 = PCURVE('',#1967,#5775);
#5775 = DEFINITIONAL_REPRESENTATION('',(#5776),#5780);
#5776 = LINE('',#5777,#5778);
#5777 = CARTESIAN_POINT('',(0.,-172.72));
#5778 = VECTOR('',#5779,1.);
#5779 = DIRECTION('',(1.,0.));
#5780 = ( GEOMETRIC_REPRESENTATION_CONTEXT(2) 
PARAMETRIC_REPRESENTATION_CONTEXT() REPRESENTATION_CONTEXT('2D SPACE',''
  ) );
#5781 = PCURVE('',#3185,#5782);
#5782 = DEFINITIONAL_REPRESENTATION('',(#5783),#5787);
#5783 = LINE('',#5784,#5785);
#5784 = CARTESIAN_POINT('',(150.368,188.468));
#5785 = VECTOR('',#5786,1.);
#5786 = DIRECTION('',(-1.,0.));
#5787 = ( GEOMETRIC_REPRESENTATION_CONTEXT(2) 
PARAMETRIC_REPRESENTATION_CONTEXT() REPRESENTATION_CONTEXT('2D SPACE',''
  ) );
#5788 = ORIENTED_EDGE('',*,*,#5789,.F.);
#5789 = EDGE_CURVE('',#1952,#5767,#5790,.T.);
#5790 = SURFACE_CURVE('',#5791,(#5795,#5802),.PCURVE_S1.);
#5791 = LINE('',#5792,#5793);
#5792 = CARTESIAN_POINT('',(92.075,188.468,6.35));
#5793 = VECTOR('',#5794,1.);
#5794 = DIRECTION('',(-0.,0.,1.));
#5795 = PCURVE('',#1967,#5796);
#5796 = DEFINITIONAL_REPRESENTATION('',(#5797),#5801);
#5797 = LINE('',#5798,#5799);
#5798 = CARTESIAN_POINT('',(58.293,0.));
#5799 = VECTOR('',#5800,1.);
#5800 = DIRECTION('',(0.,-1.));
#5801 = ( GEOMETRIC_REPRESENTATION_CONTEXT(2) 
PARAMETRIC_REPRESENTATION_CONTEXT() REPRESENTATION_CONTEXT('2D SPACE',''
  ) );
#5802 = PCURVE('',#1995,#5803);
#5803 = DEFINITIONAL_REPRESENTATION('',(#5804),#5808);
#5804 = LINE('',#5805,#5806);
#5805 = CARTESIAN_POINT('',(0.,-1.27));
#5806 = VECTOR('',#5807,1.);
#5807 = DIRECTION('',(1.,0.));
#5808 = ( GEOMETRIC_REPRESENTATION_CONTEXT(2) 
PARAMETRIC_REPRESENTATION_CONTEXT() REPRESENTATION_CONTEXT('2D SPACE',''
  ) );
#5809 = ADVANCED_FACE('',(#5810),#1995,.T.);
#5810 = FACE_BOUND('',#5811,.T.);
#5811 = EDGE_LOOP('',(#5812,#5833,#5834,#5835));
#5812 = ORIENTED_EDGE('',*,*,#5813,.F.);
#5813 = EDGE_CURVE('',#5767,#3413,#5814,.T.);
#5814 = SURFACE_CURVE('',#5815,(#5819,#5826),.PCURVE_S1.);
#5815 = LINE('',#5816,#5817);
#5816 = CARTESIAN_POINT('',(92.075,187.198,179.07));
#5817 = VECTOR('',#5818,1.);
#5818 = DIRECTION('',(0.,1.,0.));
#5819 = PCURVE('',#1995,#5820);
#5820 = DEFINITIONAL_REPRESENTATION('',(#5821),#5825);
#5821 = LINE('',#5822,#5823);
#5822 = CARTESIAN_POINT('',(172.72,0.));
#5823 = VECTOR('',#5824,1.);
#5824 = DIRECTION('',(0.,-1.));
#5825 = ( GEOMETRIC_REPRESENTATION_CONTEXT(2) 
PARAMETRIC_REPRESENTATION_CONTEXT() REPRESENTATION_CONTEXT('2D SPACE',''
  ) );
#5826 = PCURVE('',#3185,#5827);
#5827 = DEFINITIONAL_REPRESENTATION('',(#5828),#5832);
#5828 = LINE('',#5829,#5830);
#5829 = CARTESIAN_POINT('',(92.075,187.198));
#5830 = VECTOR('',#5831,1.);
#5831 = DIRECTION('',(0.,1.));
#5832 = ( GEOMETRIC_REPRESENTATION_CONTEXT(2) 
PARAMETRIC_REPRESENTATION_CONTEXT() REPRESENTATION_CONTEXT('2D SPACE',''
  ) );
#5833 = ORIENTED_EDGE('',*,*,#5789,.F.);
#5834 = ORIENTED_EDGE('',*,*,#1979,.T.);
#5835 = ORIENTED_EDGE('',*,*,#3556,.T.);
#5836 = ADVANCED_FACE('',(#5837),#2046,.F.);
#5837 = FACE_BOUND('',#5838,.F.);
#5838 = EDGE_LOOP('',(#5839,#5862,#5883,#5884));
#5839 = ORIENTED_EDGE('',*,*,#5840,.F.);
#5840 = EDGE_CURVE('',#5841,#3507,#5843,.T.);
#5841 = VERTEX_POINT('',#5842);
#5842 = CARTESIAN_POINT('',(85.725,188.468,179.07));
#5843 = SURFACE_CURVE('',#5844,(#5848,#5855),.PCURVE_S1.);
#5844 = LINE('',#5845,#5846);
#5845 = CARTESIAN_POINT('',(85.725,187.198,179.07));
#5846 = VECTOR('',#5847,1.);
#5847 = DIRECTION('',(0.,1.,0.));
#5848 = PCURVE('',#2046,#5849);
#5849 = DEFINITIONAL_REPRESENTATION('',(#5850),#5854);
#5850 = LINE('',#5851,#5852);
#5851 = CARTESIAN_POINT('',(172.72,0.));
#5852 = VECTOR('',#5853,1.);
#5853 = DIRECTION('',(0.,-1.));
#5854 = ( GEOMETRIC_REPRESENTATION_CONTEXT(2) 
PARAMETRIC_REPRESENTATION_CONTEXT() REPRESENTATION_CONTEXT('2D SPACE',''
  ) );
#5855 = PCURVE('',#3522,#5856);
#5856 = DEFINITIONAL_REPRESENTATION('',(#5857),#5861);
#5857 = LINE('',#5858,#5859);
#5858 = CARTESIAN_POINT('',(85.725,187.198));
#5859 = VECTOR('',#5860,1.);
#5860 = DIRECTION('',(0.,1.));
#5861 = ( GEOMETRIC_REPRESENTATION_CONTEXT(2) 
PARAMETRIC_REPRESENTATION_CONTEXT() REPRESENTATION_CONTEXT('2D SPACE',''
  ) );
#5862 = ORIENTED_EDGE('',*,*,#5863,.F.);
#5863 = EDGE_CURVE('',#2031,#5841,#5864,.T.);
#5864 = SURFACE_CURVE('',#5865,(#5869,#5876),.PCURVE_S1.);
#5865 = LINE('',#5866,#5867);
#5866 = CARTESIAN_POINT('',(85.725,188.468,6.35));
#5867 = VECTOR('',#5868,1.);
#5868 = DIRECTION('',(-0.,0.,1.));
#5869 = PCURVE('',#2046,#5870);
#5870 = DEFINITIONAL_REPRESENTATION('',(#5871),#5875);
#5871 = LINE('',#5872,#5873);
#5872 = CARTESIAN_POINT('',(0.,-1.27));
#5873 = VECTOR('',#5874,1.);
#5874 = DIRECTION('',(1.,0.));
#5875 = ( GEOMETRIC_REPRESENTATION_CONTEXT(2) 
PARAMETRIC_REPRESENTATION_CONTEXT() REPRESENTATION_CONTEXT('2D SPACE',''
  ) );
#5876 = PCURVE('',#2074,#5877);
#5877 = DEFINITIONAL_REPRESENTATION('',(#5878),#5882);
#5878 = LINE('',#5879,#5880);
#5879 = CARTESIAN_POINT('',(64.643,0.));
#5880 = VECTOR('',#5881,1.);
#5881 = DIRECTION('',(0.,-1.));
#5882 = ( GEOMETRIC_REPRESENTATION_CONTEXT(2) 
PARAMETRIC_REPRESENTATION_CONTEXT() REPRESENTATION_CONTEXT('2D SPACE',''
  ) );
#5883 = ORIENTED_EDGE('',*,*,#2030,.T.);
#5884 = ORIENTED_EDGE('',*,*,#3534,.T.);
#5885 = ADVANCED_FACE('',(#5886,#5934),#2074,.F.);
#5886 = FACE_BOUND('',#5887,.F.);
#5887 = EDGE_LOOP('',(#5888,#5889,#5890,#5913));
#5888 = ORIENTED_EDGE('',*,*,#2058,.F.);
#5889 = ORIENTED_EDGE('',*,*,#5863,.T.);
#5890 = ORIENTED_EDGE('',*,*,#5891,.T.);
#5891 = EDGE_CURVE('',#5841,#5892,#5894,.T.);
#5892 = VERTEX_POINT('',#5893);
#5893 = CARTESIAN_POINT('',(-85.725,188.468,179.07));
#5894 = SURFACE_CURVE('',#5895,(#5899,#5906),.PCURVE_S1.);
#5895 = LINE('',#5896,#5897);
#5896 = CARTESIAN_POINT('',(150.368,188.468,179.07));
#5897 = VECTOR('',#5898,1.);
#5898 = DIRECTION('',(-1.,0.,0.));
#5899 = PCURVE('',#2074,#5900);
#5900 = DEFINITIONAL_REPRESENTATION('',(#5901),#5905);
#5901 = LINE('',#5902,#5903);
#5902 = CARTESIAN_POINT('',(0.,-172.72));
#5903 = VECTOR('',#5904,1.);
#5904 = DIRECTION('',(1.,0.));
#5905 = ( GEOMETRIC_REPRESENTATION_CONTEXT(2) 
PARAMETRIC_REPRESENTATION_CONTEXT() REPRESENTATION_CONTEXT('2D SPACE',''
  ) );
#5906 = PCURVE('',#3522,#5907);
#5907 = DEFINITIONAL_REPRESENTATION('',(#5908),#5912);
#5908 = LINE('',#5909,#5910);
#5909 = CARTESIAN_POINT('',(150.368,188.468));
#5910 = VECTOR('',#5911,1.);
#5911 = DIRECTION('',(-1.,0.));
#5912 = ( GEOMETRIC_REPRESENTATION_CONTEXT(2) 
PARAMETRIC_REPRESENTATION_CONTEXT() REPRESENTATION_CONTEXT('2D SPACE',''
  ) );
#5913 = ORIENTED_EDGE('',*,*,#5914,.F.);
#5914 = EDGE_CURVE('',#2059,#5892,#5915,.T.);
#5915 = SURFACE_CURVE('',#5916,(#5920,#5927),.PCURVE_S1.);
#5916 = LINE('',#5917,#5918);
#5917 = CARTESIAN_POINT('',(-85.725,188.468,6.35));
#5918 = VECTOR('',#5919,1.);
#5919 = DIRECTION('',(-0.,0.,1.));
#5920 = PCURVE('',#2074,#5921);
#5921 = DEFINITIONAL_REPRESENTATION('',(#5922),#5926);
#5922 = LINE('',#5923,#5924);
#5923 = CARTESIAN_POINT('',(236.093,0.));
#5924 = VECTOR('',#5925,1.);
#5925 = DIRECTION('',(0.,-1.));
#5926 = ( GEOMETRIC_REPRESENTATION_CONTEXT(2) 
PARAMETRIC_REPRESENTATION_CONTEXT() REPRESENTATION_CONTEXT('2D SPACE',''
  ) );
#5927 = PCURVE('',#2102,#5928);
#5928 = DEFINITIONAL_REPRESENTATION('',(#5929),#5933);
#5929 = LINE('',#5930,#5931);
#5930 = CARTESIAN_POINT('',(0.,-1.27));
#5931 = VECTOR('',#5932,1.);
#5932 = DIRECTION('',(1.,0.));
#5933 = ( GEOMETRIC_REPRESENTATION_CONTEXT(2) 
PARAMETRIC_REPRESENTATION_CONTEXT() REPRESENTATION_CONTEXT('2D SPACE',''
  ) );
#5934 = FACE_BOUND('',#5935,.F.);
#5935 = EDGE_LOOP('',(#5936,#5970,#5998,#6030,#6058,#6090,#6118,#6150));
#5936 = ORIENTED_EDGE('',*,*,#5937,.T.);
#5937 = EDGE_CURVE('',#5938,#5940,#5942,.T.);
#5938 = VERTEX_POINT('',#5939);
#5939 = CARTESIAN_POINT('',(-59.69,188.468,58.674));
#5940 = VERTEX_POINT('',#5941);
#5941 = CARTESIAN_POINT('',(-63.5,188.468,62.484));
#5942 = SURFACE_CURVE('',#5943,(#5948,#5959),.PCURVE_S1.);
#5943 = CIRCLE('',#5944,3.81);
#5944 = AXIS2_PLACEMENT_3D('',#5945,#5946,#5947);
#5945 = CARTESIAN_POINT('',(-59.69,188.468,62.484));
#5946 = DIRECTION('',(0.,1.,0.));
#5947 = DIRECTION('',(-1.,0.,0.));
#5948 = PCURVE('',#2074,#5949);
#5949 = DEFINITIONAL_REPRESENTATION('',(#5950),#5958);
#5950 = ( BOUNDED_CURVE() B_SPLINE_CURVE(2,(#5951,#5952,#5953,#5954,
#5955,#5956,#5957),.UNSPECIFIED.,.T.,.F.) B_SPLINE_CURVE_WITH_KNOTS((1,2
    ,2,2,2,1),(-2.094395102393,0.,2.094395102393,4.188790204786,
6.28318530718,8.377580409573),.UNSPECIFIED.) CURVE() 
GEOMETRIC_REPRESENTATION_ITEM() RATIONAL_B_SPLINE_CURVE((1.,0.5,1.,0.5,
1.,0.5,1.)) REPRESENTATION_ITEM('') );
#5951 = CARTESIAN_POINT('',(213.868,-56.134));
#5952 = CARTESIAN_POINT('',(213.868,-62.73311357683));
#5953 = CARTESIAN_POINT('',(208.153,-59.43355678841));
#5954 = CARTESIAN_POINT('',(202.438,-56.134));
#5955 = CARTESIAN_POINT('',(208.153,-52.83444321158));
#5956 = CARTESIAN_POINT('',(213.868,-49.53488642316));
#5957 = CARTESIAN_POINT('',(213.868,-56.134));
#5958 = ( GEOMETRIC_REPRESENTATION_CONTEXT(2) 
PARAMETRIC_REPRESENTATION_CONTEXT() REPRESENTATION_CONTEXT('2D SPACE',''
  ) );
#5959 = PCURVE('',#5960,#5965);
#5960 = CYLINDRICAL_SURFACE('',#5961,3.81);
#5961 = AXIS2_PLACEMENT_3D('',#5962,#5963,#5964);
#5962 = CARTESIAN_POINT('',(-59.69,187.452,62.484));
#5963 = DIRECTION('',(0.,1.,0.));
#5964 = DIRECTION('',(-1.,0.,0.));
#5965 = DEFINITIONAL_REPRESENTATION('',(#5966),#5969);
#5966 = B_SPLINE_CURVE_WITH_KNOTS('',1,(#5967,#5968),.UNSPECIFIED.,.F.,
  .F.,(2,2),(4.712388980385,6.28318530718),.PIECEWISE_BEZIER_KNOTS.);
#5967 = CARTESIAN_POINT('',(-1.570796326795,1.016));
#5968 = CARTESIAN_POINT('',(0.,1.016));
#5969 = ( GEOMETRIC_REPRESENTATION_CONTEXT(2) 
PARAMETRIC_REPRESENTATION_CONTEXT() REPRESENTATION_CONTEXT('2D SPACE',''
  ) );
#5970 = ORIENTED_EDGE('',*,*,#5971,.T.);
#5971 = EDGE_CURVE('',#5940,#5972,#5974,.T.);
#5972 = VERTEX_POINT('',#5973);
#5973 = CARTESIAN_POINT('',(-63.5,188.468,105.664));
#5974 = SURFACE_CURVE('',#5975,(#5979,#5986),.PCURVE_S1.);
#5975 = LINE('',#5976,#5977);
#5976 = CARTESIAN_POINT('',(-63.5,188.468,32.512));
#5977 = VECTOR('',#5978,1.);
#5978 = DIRECTION('',(-0.,0.,1.));
#5979 = PCURVE('',#2074,#5980);
#5980 = DEFINITIONAL_REPRESENTATION('',(#5981),#5985);
#5981 = LINE('',#5982,#5983);
#5982 = CARTESIAN_POINT('',(213.868,-26.162));
#5983 = VECTOR('',#5984,1.);
#5984 = DIRECTION('',(0.,-1.));
#5985 = ( GEOMETRIC_REPRESENTATION_CONTEXT(2) 
PARAMETRIC_REPRESENTATION_CONTEXT() REPRESENTATION_CONTEXT('2D SPACE',''
  ) );
#5986 = PCURVE('',#5987,#5992);
#5987 = PLANE('',#5988);
#5988 = AXIS2_PLACEMENT_3D('',#5989,#5990,#5991);
#5989 = CARTESIAN_POINT('',(-63.5,187.452,58.674));
#5990 = DIRECTION('',(1.,0.,0.));
#5991 = DIRECTION('',(0.,0.,1.));
#5992 = DEFINITIONAL_REPRESENTATION('',(#5993),#5997);
#5993 = LINE('',#5994,#5995);
#5994 = CARTESIAN_POINT('',(-26.162,-1.016));
#5995 = VECTOR('',#5996,1.);
#5996 = DIRECTION('',(1.,0.));
#5997 = ( GEOMETRIC_REPRESENTATION_CONTEXT(2) 
PARAMETRIC_REPRESENTATION_CONTEXT() REPRESENTATION_CONTEXT('2D SPACE',''
  ) );
#5998 = ORIENTED_EDGE('',*,*,#5999,.T.);
#5999 = EDGE_CURVE('',#5972,#6000,#6002,.T.);
#6000 = VERTEX_POINT('',#6001);
#6001 = CARTESIAN_POINT('',(-59.69,188.468,109.474));
#6002 = SURFACE_CURVE('',#6003,(#6008,#6019),.PCURVE_S1.);
#6003 = CIRCLE('',#6004,3.81);
#6004 = AXIS2_PLACEMENT_3D('',#6005,#6006,#6007);
#6005 = CARTESIAN_POINT('',(-59.69,188.468,105.664));
#6006 = DIRECTION('',(0.,1.,0.));
#6007 = DIRECTION('',(-1.,0.,0.));
#6008 = PCURVE('',#2074,#6009);
#6009 = DEFINITIONAL_REPRESENTATION('',(#6010),#6018);
#6010 = ( BOUNDED_CURVE() B_SPLINE_CURVE(2,(#6011,#6012,#6013,#6014,
#6015,#6016,#6017),.UNSPECIFIED.,.T.,.F.) B_SPLINE_CURVE_WITH_KNOTS((1,2
    ,2,2,2,1),(-2.094395102393,0.,2.094395102393,4.188790204786,
6.28318530718,8.377580409573),.UNSPECIFIED.) CURVE() 
GEOMETRIC_REPRESENTATION_ITEM() RATIONAL_B_SPLINE_CURVE((1.,0.5,1.,0.5,
1.,0.5,1.)) REPRESENTATION_ITEM('') );
#6011 = CARTESIAN_POINT('',(213.868,-99.314));
#6012 = CARTESIAN_POINT('',(213.868,-105.9131135768));
#6013 = CARTESIAN_POINT('',(208.153,-102.6135567884));
#6014 = CARTESIAN_POINT('',(202.438,-99.314));
#6015 = CARTESIAN_POINT('',(208.153,-96.01444321158));
#6016 = CARTESIAN_POINT('',(213.868,-92.71488642316));
#6017 = CARTESIAN_POINT('',(213.868,-99.314));
#6018 = ( GEOMETRIC_REPRESENTATION_CONTEXT(2) 
PARAMETRIC_REPRESENTATION_CONTEXT() REPRESENTATION_CONTEXT('2D SPACE',''
  ) );
#6019 = PCURVE('',#6020,#6025);
#6020 = CYLINDRICAL_SURFACE('',#6021,3.81);
#6021 = AXIS2_PLACEMENT_3D('',#6022,#6023,#6024);
#6022 = CARTESIAN_POINT('',(-59.69,187.452,105.664));
#6023 = DIRECTION('',(0.,1.,0.));
#6024 = DIRECTION('',(-1.,0.,0.));
#6025 = DEFINITIONAL_REPRESENTATION('',(#6026),#6029);
#6026 = B_SPLINE_CURVE_WITH_KNOTS('',1,(#6027,#6028),.UNSPECIFIED.,.F.,
  .F.,(2,2),(0.,1.570796326795),.PIECEWISE_BEZIER_KNOTS.);
#6027 = CARTESIAN_POINT('',(0.,1.016));
#6028 = CARTESIAN_POINT('',(1.570796326795,1.016));
#6029 = ( GEOMETRIC_REPRESENTATION_CONTEXT(2) 
PARAMETRIC_REPRESENTATION_CONTEXT() REPRESENTATION_CONTEXT('2D SPACE',''
  ) );
#6030 = ORIENTED_EDGE('',*,*,#6031,.F.);
#6031 = EDGE_CURVE('',#6032,#6000,#6034,.T.);
#6032 = VERTEX_POINT('',#6033);
#6033 = CARTESIAN_POINT('',(59.69,188.468,109.474));
#6034 = SURFACE_CURVE('',#6035,(#6039,#6046),.PCURVE_S1.);
#6035 = LINE('',#6036,#6037);
#6036 = CARTESIAN_POINT('',(43.434,188.468,109.474));
#6037 = VECTOR('',#6038,1.);
#6038 = DIRECTION('',(-1.,0.,0.));
#6039 = PCURVE('',#2074,#6040);
#6040 = DEFINITIONAL_REPRESENTATION('',(#6041),#6045);
#6041 = LINE('',#6042,#6043);
#6042 = CARTESIAN_POINT('',(106.934,-103.124));
#6043 = VECTOR('',#6044,1.);
#6044 = DIRECTION('',(1.,0.));
#6045 = ( GEOMETRIC_REPRESENTATION_CONTEXT(2) 
PARAMETRIC_REPRESENTATION_CONTEXT() REPRESENTATION_CONTEXT('2D SPACE',''
  ) );
#6046 = PCURVE('',#6047,#6052);
#6047 = PLANE('',#6048);
#6048 = AXIS2_PLACEMENT_3D('',#6049,#6050,#6051);
#6049 = CARTESIAN_POINT('',(-63.5,187.452,109.474));
#6050 = DIRECTION('',(0.,0.,1.));
#6051 = DIRECTION('',(1.,0.,0.));
#6052 = DEFINITIONAL_REPRESENTATION('',(#6053),#6057);
#6053 = LINE('',#6054,#6055);
#6054 = CARTESIAN_POINT('',(106.934,1.016));
#6055 = VECTOR('',#6056,1.);
#6056 = DIRECTION('',(-1.,0.));
#6057 = ( GEOMETRIC_REPRESENTATION_CONTEXT(2) 
PARAMETRIC_REPRESENTATION_CONTEXT() REPRESENTATION_CONTEXT('2D SPACE',''
  ) );
#6058 = ORIENTED_EDGE('',*,*,#6059,.T.);
#6059 = EDGE_CURVE('',#6032,#6060,#6062,.T.);
#6060 = VERTEX_POINT('',#6061);
#6061 = CARTESIAN_POINT('',(63.5,188.468,105.664));
#6062 = SURFACE_CURVE('',#6063,(#6068,#6079),.PCURVE_S1.);
#6063 = CIRCLE('',#6064,3.81);
#6064 = AXIS2_PLACEMENT_3D('',#6065,#6066,#6067);
#6065 = CARTESIAN_POINT('',(59.69,188.468,105.664));
#6066 = DIRECTION('',(0.,1.,0.));
#6067 = DIRECTION('',(1.,0.,-0.));
#6068 = PCURVE('',#2074,#6069);
#6069 = DEFINITIONAL_REPRESENTATION('',(#6070),#6078);
#6070 = ( BOUNDED_CURVE() B_SPLINE_CURVE(2,(#6071,#6072,#6073,#6074,
#6075,#6076,#6077),.UNSPECIFIED.,.T.,.F.) B_SPLINE_CURVE_WITH_KNOTS((1,2
    ,2,2,2,1),(-2.094395102393,0.,2.094395102393,4.188790204786,
6.28318530718,8.377580409573),.UNSPECIFIED.) CURVE() 
GEOMETRIC_REPRESENTATION_ITEM() RATIONAL_B_SPLINE_CURVE((1.,0.5,1.,0.5,
1.,0.5,1.)) REPRESENTATION_ITEM('') );
#6071 = CARTESIAN_POINT('',(86.868,-99.314));
#6072 = CARTESIAN_POINT('',(86.868,-92.71488642316));
#6073 = CARTESIAN_POINT('',(92.583,-96.01444321158));
#6074 = CARTESIAN_POINT('',(98.298,-99.314));
#6075 = CARTESIAN_POINT('',(92.583,-102.6135567884));
#6076 = CARTESIAN_POINT('',(86.868,-105.9131135768));
#6077 = CARTESIAN_POINT('',(86.868,-99.314));
#6078 = ( GEOMETRIC_REPRESENTATION_CONTEXT(2) 
PARAMETRIC_REPRESENTATION_CONTEXT() REPRESENTATION_CONTEXT('2D SPACE',''
  ) );
#6079 = PCURVE('',#6080,#6085);
#6080 = CYLINDRICAL_SURFACE('',#6081,3.81);
#6081 = AXIS2_PLACEMENT_3D('',#6082,#6083,#6084);
#6082 = CARTESIAN_POINT('',(59.69,187.452,105.664));
#6083 = DIRECTION('',(0.,1.,0.));
#6084 = DIRECTION('',(1.,0.,-0.));
#6085 = DEFINITIONAL_REPRESENTATION('',(#6086),#6089);
#6086 = B_SPLINE_CURVE_WITH_KNOTS('',1,(#6087,#6088),.UNSPECIFIED.,.F.,
  .F.,(2,2),(4.712388980385,6.28318530718),.PIECEWISE_BEZIER_KNOTS.);
#6087 = CARTESIAN_POINT('',(-1.570796326795,1.016));
#6088 = CARTESIAN_POINT('',(0.,1.016));
#6089 = ( GEOMETRIC_REPRESENTATION_CONTEXT(2) 
PARAMETRIC_REPRESENTATION_CONTEXT() REPRESENTATION_CONTEXT('2D SPACE',''
  ) );
#6090 = ORIENTED_EDGE('',*,*,#6091,.F.);
#6091 = EDGE_CURVE('',#6092,#6060,#6094,.T.);
#6092 = VERTEX_POINT('',#6093);
#6093 = CARTESIAN_POINT('',(63.5,188.468,62.484));
#6094 = SURFACE_CURVE('',#6095,(#6099,#6106),.PCURVE_S1.);
#6095 = LINE('',#6096,#6097);
#6096 = CARTESIAN_POINT('',(63.5,188.468,32.512));
#6097 = VECTOR('',#6098,1.);
#6098 = DIRECTION('',(-0.,0.,1.));
#6099 = PCURVE('',#2074,#6100);
#6100 = DEFINITIONAL_REPRESENTATION('',(#6101),#6105);
#6101 = LINE('',#6102,#6103);
#6102 = CARTESIAN_POINT('',(86.868,-26.162));
#6103 = VECTOR('',#6104,1.);
#6104 = DIRECTION('',(0.,-1.));
#6105 = ( GEOMETRIC_REPRESENTATION_CONTEXT(2) 
PARAMETRIC_REPRESENTATION_CONTEXT() REPRESENTATION_CONTEXT('2D SPACE',''
  ) );
#6106 = PCURVE('',#6107,#6112);
#6107 = PLANE('',#6108);
#6108 = AXIS2_PLACEMENT_3D('',#6109,#6110,#6111);
#6109 = CARTESIAN_POINT('',(63.5,187.452,58.674));
#6110 = DIRECTION('',(1.,0.,0.));
#6111 = DIRECTION('',(0.,0.,1.));
#6112 = DEFINITIONAL_REPRESENTATION('',(#6113),#6117);
#6113 = LINE('',#6114,#6115);
#6114 = CARTESIAN_POINT('',(-26.162,-1.016));
#6115 = VECTOR('',#6116,1.);
#6116 = DIRECTION('',(1.,0.));
#6117 = ( GEOMETRIC_REPRESENTATION_CONTEXT(2) 
PARAMETRIC_REPRESENTATION_CONTEXT() REPRESENTATION_CONTEXT('2D SPACE',''
  ) );
#6118 = ORIENTED_EDGE('',*,*,#6119,.T.);
#6119 = EDGE_CURVE('',#6092,#6120,#6122,.T.);
#6120 = VERTEX_POINT('',#6121);
#6121 = CARTESIAN_POINT('',(59.69,188.468,58.674));
#6122 = SURFACE_CURVE('',#6123,(#6128,#6139),.PCURVE_S1.);
#6123 = CIRCLE('',#6124,3.81);
#6124 = AXIS2_PLACEMENT_3D('',#6125,#6126,#6127);
#6125 = CARTESIAN_POINT('',(59.69,188.468,62.484));
#6126 = DIRECTION('',(0.,1.,0.));
#6127 = DIRECTION('',(1.,0.,-0.));
#6128 = PCURVE('',#2074,#6129);
#6129 = DEFINITIONAL_REPRESENTATION('',(#6130),#6138);
#6130 = ( BOUNDED_CURVE() B_SPLINE_CURVE(2,(#6131,#6132,#6133,#6134,
#6135,#6136,#6137),.UNSPECIFIED.,.T.,.F.) B_SPLINE_CURVE_WITH_KNOTS((1,2
    ,2,2,2,1),(-2.094395102393,0.,2.094395102393,4.188790204786,
6.28318530718,8.377580409573),.UNSPECIFIED.) CURVE() 
GEOMETRIC_REPRESENTATION_ITEM() RATIONAL_B_SPLINE_CURVE((1.,0.5,1.,0.5,
1.,0.5,1.)) REPRESENTATION_ITEM('') );
#6131 = CARTESIAN_POINT('',(86.868,-56.134));
#6132 = CARTESIAN_POINT('',(86.868,-49.53488642316));
#6133 = CARTESIAN_POINT('',(92.583,-52.83444321158));
#6134 = CARTESIAN_POINT('',(98.298,-56.134));
#6135 = CARTESIAN_POINT('',(92.583,-59.43355678841));
#6136 = CARTESIAN_POINT('',(86.868,-62.73311357683));
#6137 = CARTESIAN_POINT('',(86.868,-56.134));
#6138 = ( GEOMETRIC_REPRESENTATION_CONTEXT(2) 
PARAMETRIC_REPRESENTATION_CONTEXT() REPRESENTATION_CONTEXT('2D SPACE',''
  ) );
#6139 = PCURVE('',#6140,#6145);
#6140 = CYLINDRICAL_SURFACE('',#6141,3.81);
#6141 = AXIS2_PLACEMENT_3D('',#6142,#6143,#6144);
#6142 = CARTESIAN_POINT('',(59.69,187.452,62.484));
#6143 = DIRECTION('',(0.,1.,0.));
#6144 = DIRECTION('',(1.,0.,-0.));
#6145 = DEFINITIONAL_REPRESENTATION('',(#6146),#6149);
#6146 = B_SPLINE_CURVE_WITH_KNOTS('',1,(#6147,#6148),.UNSPECIFIED.,.F.,
  .F.,(2,2),(0.,1.570796326795),.PIECEWISE_BEZIER_KNOTS.);
#6147 = CARTESIAN_POINT('',(0.,1.016));
#6148 = CARTESIAN_POINT('',(1.570796326795,1.016));
#6149 = ( GEOMETRIC_REPRESENTATION_CONTEXT(2) 
PARAMETRIC_REPRESENTATION_CONTEXT() REPRESENTATION_CONTEXT('2D SPACE',''
  ) );
#6150 = ORIENTED_EDGE('',*,*,#6151,.T.);
#6151 = EDGE_CURVE('',#6120,#5938,#6152,.T.);
#6152 = SURFACE_CURVE('',#6153,(#6157,#6164),.PCURVE_S1.);
#6153 = LINE('',#6154,#6155);
#6154 = CARTESIAN_POINT('',(43.434,188.468,58.674));
#6155 = VECTOR('',#6156,1.);
#6156 = DIRECTION('',(-1.,0.,0.));
#6157 = PCURVE('',#2074,#6158);
#6158 = DEFINITIONAL_REPRESENTATION('',(#6159),#6163);
#6159 = LINE('',#6160,#6161);
#6160 = CARTESIAN_POINT('',(106.934,-52.324));
#6161 = VECTOR('',#6162,1.);
#6162 = DIRECTION('',(1.,0.));
#6163 = ( GEOMETRIC_REPRESENTATION_CONTEXT(2) 
PARAMETRIC_REPRESENTATION_CONTEXT() REPRESENTATION_CONTEXT('2D SPACE',''
  ) );
#6164 = PCURVE('',#6165,#6170);
#6165 = PLANE('',#6166);
#6166 = AXIS2_PLACEMENT_3D('',#6167,#6168,#6169);
#6167 = CARTESIAN_POINT('',(-63.5,187.452,58.674));
#6168 = DIRECTION('',(0.,0.,1.));
#6169 = DIRECTION('',(1.,0.,0.));
#6170 = DEFINITIONAL_REPRESENTATION('',(#6171),#6175);
#6171 = LINE('',#6172,#6173);
#6172 = CARTESIAN_POINT('',(106.934,1.016));
#6173 = VECTOR('',#6174,1.);
#6174 = DIRECTION('',(-1.,0.));
#6175 = ( GEOMETRIC_REPRESENTATION_CONTEXT(2) 
PARAMETRIC_REPRESENTATION_CONTEXT() REPRESENTATION_CONTEXT('2D SPACE',''
  ) );
#6176 = ADVANCED_FACE('',(#6177),#2102,.T.);
#6177 = FACE_BOUND('',#6178,.T.);
#6178 = EDGE_LOOP('',(#6179,#6200,#6201,#6202));
#6179 = ORIENTED_EDGE('',*,*,#6180,.F.);
#6180 = EDGE_CURVE('',#5892,#3484,#6181,.T.);
#6181 = SURFACE_CURVE('',#6182,(#6186,#6193),.PCURVE_S1.);
#6182 = LINE('',#6183,#6184);
#6183 = CARTESIAN_POINT('',(-85.725,187.198,179.07));
#6184 = VECTOR('',#6185,1.);
#6185 = DIRECTION('',(0.,1.,0.));
#6186 = PCURVE('',#2102,#6187);
#6187 = DEFINITIONAL_REPRESENTATION('',(#6188),#6192);
#6188 = LINE('',#6189,#6190);
#6189 = CARTESIAN_POINT('',(172.72,0.));
#6190 = VECTOR('',#6191,1.);
#6191 = DIRECTION('',(0.,-1.));
#6192 = ( GEOMETRIC_REPRESENTATION_CONTEXT(2) 
PARAMETRIC_REPRESENTATION_CONTEXT() REPRESENTATION_CONTEXT('2D SPACE',''
  ) );
#6193 = PCURVE('',#3522,#6194);
#6194 = DEFINITIONAL_REPRESENTATION('',(#6195),#6199);
#6195 = LINE('',#6196,#6197);
#6196 = CARTESIAN_POINT('',(-85.725,187.198));
#6197 = VECTOR('',#6198,1.);
#6198 = DIRECTION('',(0.,1.));
#6199 = ( GEOMETRIC_REPRESENTATION_CONTEXT(2) 
PARAMETRIC_REPRESENTATION_CONTEXT() REPRESENTATION_CONTEXT('2D SPACE',''
  ) );
#6200 = ORIENTED_EDGE('',*,*,#5914,.F.);
#6201 = ORIENTED_EDGE('',*,*,#2086,.T.);
#6202 = ORIENTED_EDGE('',*,*,#3483,.T.);
#6203 = ADVANCED_FACE('',(#6204),#2153,.F.);
#6204 = FACE_BOUND('',#6205,.F.);
#6205 = EDGE_LOOP('',(#6206,#6229,#6250,#6251));
#6206 = ORIENTED_EDGE('',*,*,#6207,.F.);
#6207 = EDGE_CURVE('',#6208,#3439,#6210,.T.);
#6208 = VERTEX_POINT('',#6209);
#6209 = CARTESIAN_POINT('',(-92.075,188.468,179.07));
#6210 = SURFACE_CURVE('',#6211,(#6215,#6222),.PCURVE_S1.);
#6211 = LINE('',#6212,#6213);
#6212 = CARTESIAN_POINT('',(-92.075,187.198,179.07));
#6213 = VECTOR('',#6214,1.);
#6214 = DIRECTION('',(0.,1.,0.));
#6215 = PCURVE('',#2153,#6216);
#6216 = DEFINITIONAL_REPRESENTATION('',(#6217),#6221);
#6217 = LINE('',#6218,#6219);
#6218 = CARTESIAN_POINT('',(172.72,0.));
#6219 = VECTOR('',#6220,1.);
#6220 = DIRECTION('',(0.,-1.));
#6221 = ( GEOMETRIC_REPRESENTATION_CONTEXT(2) 
PARAMETRIC_REPRESENTATION_CONTEXT() REPRESENTATION_CONTEXT('2D SPACE',''
  ) );
#6222 = PCURVE('',#2904,#6223);
#6223 = DEFINITIONAL_REPRESENTATION('',(#6224),#6228);
#6224 = LINE('',#6225,#6226);
#6225 = CARTESIAN_POINT('',(-92.075,187.198));
#6226 = VECTOR('',#6227,1.);
#6227 = DIRECTION('',(0.,1.));
#6228 = ( GEOMETRIC_REPRESENTATION_CONTEXT(2) 
PARAMETRIC_REPRESENTATION_CONTEXT() REPRESENTATION_CONTEXT('2D SPACE',''
  ) );
#6229 = ORIENTED_EDGE('',*,*,#6230,.F.);
#6230 = EDGE_CURVE('',#2138,#6208,#6231,.T.);
#6231 = SURFACE_CURVE('',#6232,(#6236,#6243),.PCURVE_S1.);
#6232 = LINE('',#6233,#6234);
#6233 = CARTESIAN_POINT('',(-92.075,188.468,6.35));
#6234 = VECTOR('',#6235,1.);
#6235 = DIRECTION('',(-0.,0.,1.));
#6236 = PCURVE('',#2153,#6237);
#6237 = DEFINITIONAL_REPRESENTATION('',(#6238),#6242);
#6238 = LINE('',#6239,#6240);
#6239 = CARTESIAN_POINT('',(0.,-1.27));
#6240 = VECTOR('',#6241,1.);
#6241 = DIRECTION('',(1.,0.));
#6242 = ( GEOMETRIC_REPRESENTATION_CONTEXT(2) 
PARAMETRIC_REPRESENTATION_CONTEXT() REPRESENTATION_CONTEXT('2D SPACE',''
  ) );
#6243 = PCURVE('',#2181,#6244);
#6244 = DEFINITIONAL_REPRESENTATION('',(#6245),#6249);
#6245 = LINE('',#6246,#6247);
#6246 = CARTESIAN_POINT('',(242.443,0.));
#6247 = VECTOR('',#6248,1.);
#6248 = DIRECTION('',(0.,-1.));
#6249 = ( GEOMETRIC_REPRESENTATION_CONTEXT(2) 
PARAMETRIC_REPRESENTATION_CONTEXT() REPRESENTATION_CONTEXT('2D SPACE',''
  ) );
#6250 = ORIENTED_EDGE('',*,*,#2137,.T.);
#6251 = ORIENTED_EDGE('',*,*,#3461,.T.);
#6252 = ADVANCED_FACE('',(#6253),#2181,.F.);
#6253 = FACE_BOUND('',#6254,.F.);
#6254 = EDGE_LOOP('',(#6255,#6256,#6257,#6280));
#6255 = ORIENTED_EDGE('',*,*,#2165,.F.);
#6256 = ORIENTED_EDGE('',*,*,#6230,.T.);
#6257 = ORIENTED_EDGE('',*,*,#6258,.T.);
#6258 = EDGE_CURVE('',#6208,#6259,#6261,.T.);
#6259 = VERTEX_POINT('',#6260);
#6260 = CARTESIAN_POINT('',(-139.7,188.468,179.07));
#6261 = SURFACE_CURVE('',#6262,(#6266,#6273),.PCURVE_S1.);
#6262 = LINE('',#6263,#6264);
#6263 = CARTESIAN_POINT('',(150.368,188.468,179.07));
#6264 = VECTOR('',#6265,1.);
#6265 = DIRECTION('',(-1.,0.,0.));
#6266 = PCURVE('',#2181,#6267);
#6267 = DEFINITIONAL_REPRESENTATION('',(#6268),#6272);
#6268 = LINE('',#6269,#6270);
#6269 = CARTESIAN_POINT('',(0.,-172.72));
#6270 = VECTOR('',#6271,1.);
#6271 = DIRECTION('',(1.,0.));
#6272 = ( GEOMETRIC_REPRESENTATION_CONTEXT(2) 
PARAMETRIC_REPRESENTATION_CONTEXT() REPRESENTATION_CONTEXT('2D SPACE',''
  ) );
#6273 = PCURVE('',#2904,#6274);
#6274 = DEFINITIONAL_REPRESENTATION('',(#6275),#6279);
#6275 = LINE('',#6276,#6277);
#6276 = CARTESIAN_POINT('',(150.368,188.468));
#6277 = VECTOR('',#6278,1.);
#6278 = DIRECTION('',(-1.,0.));
#6279 = ( GEOMETRIC_REPRESENTATION_CONTEXT(2) 
PARAMETRIC_REPRESENTATION_CONTEXT() REPRESENTATION_CONTEXT('2D SPACE',''
  ) );
#6280 = ORIENTED_EDGE('',*,*,#6281,.F.);
#6281 = EDGE_CURVE('',#2166,#6259,#6282,.T.);
#6282 = SURFACE_CURVE('',#6283,(#6287,#6294),.PCURVE_S1.);
#6283 = LINE('',#6284,#6285);
#6284 = CARTESIAN_POINT('',(-139.7,188.468,6.35));
#6285 = VECTOR('',#6286,1.);
#6286 = DIRECTION('',(0.,0.,1.));
#6287 = PCURVE('',#2181,#6288);
#6288 = DEFINITIONAL_REPRESENTATION('',(#6289),#6293);
#6289 = LINE('',#6290,#6291);
#6290 = CARTESIAN_POINT('',(290.068,0.));
#6291 = VECTOR('',#6292,1.);
#6292 = DIRECTION('',(0.,-1.));
#6293 = ( GEOMETRIC_REPRESENTATION_CONTEXT(2) 
PARAMETRIC_REPRESENTATION_CONTEXT() REPRESENTATION_CONTEXT('2D SPACE',''
  ) );
#6294 = PCURVE('',#2210,#6295);
#6295 = DEFINITIONAL_REPRESENTATION('',(#6296),#6299);
#6296 = B_SPLINE_CURVE_WITH_KNOTS('',1,(#6297,#6298),.UNSPECIFIED.,.F.,
  .F.,(2,2),(0.,172.72),.PIECEWISE_BEZIER_KNOTS.);
#6297 = CARTESIAN_POINT('',(0.,0.));
#6298 = CARTESIAN_POINT('',(0.,172.72));
#6299 = ( GEOMETRIC_REPRESENTATION_CONTEXT(2) 
PARAMETRIC_REPRESENTATION_CONTEXT() REPRESENTATION_CONTEXT('2D SPACE',''
  ) );
#6300 = ADVANCED_FACE('',(#6301),#2210,.T.);
#6301 = FACE_BOUND('',#6302,.T.);
#6302 = EDGE_LOOP('',(#6303,#6304,#6326,#6347));
#6303 = ORIENTED_EDGE('',*,*,#2193,.T.);
#6304 = ORIENTED_EDGE('',*,*,#6305,.T.);
#6305 = EDGE_CURVE('',#2194,#6306,#6308,.T.);
#6306 = VERTEX_POINT('',#6307);
#6307 = CARTESIAN_POINT('',(-150.368,177.8,179.07));
#6308 = SURFACE_CURVE('',#6309,(#6313,#6319),.PCURVE_S1.);
#6309 = LINE('',#6310,#6311);
#6310 = CARTESIAN_POINT('',(-150.368,177.8,6.35));
#6311 = VECTOR('',#6312,1.);
#6312 = DIRECTION('',(0.,0.,1.));
#6313 = PCURVE('',#2210,#6314);
#6314 = DEFINITIONAL_REPRESENTATION('',(#6315),#6318);
#6315 = B_SPLINE_CURVE_WITH_KNOTS('',1,(#6316,#6317),.UNSPECIFIED.,.F.,
  .F.,(2,2),(0.,172.72),.PIECEWISE_BEZIER_KNOTS.);
#6316 = CARTESIAN_POINT('',(1.570796326795,0.));
#6317 = CARTESIAN_POINT('',(1.570796326795,172.72));
#6318 = ( GEOMETRIC_REPRESENTATION_CONTEXT(2) 
PARAMETRIC_REPRESENTATION_CONTEXT() REPRESENTATION_CONTEXT('2D SPACE',''
  ) );
#6319 = PCURVE('',#2237,#6320);
#6320 = DEFINITIONAL_REPRESENTATION('',(#6321),#6325);
#6321 = LINE('',#6322,#6323);
#6322 = CARTESIAN_POINT('',(10.668,0.));
#6323 = VECTOR('',#6324,1.);
#6324 = DIRECTION('',(0.,-1.));
#6325 = ( GEOMETRIC_REPRESENTATION_CONTEXT(2) 
PARAMETRIC_REPRESENTATION_CONTEXT() REPRESENTATION_CONTEXT('2D SPACE',''
  ) );
#6326 = ORIENTED_EDGE('',*,*,#6327,.F.);
#6327 = EDGE_CURVE('',#6259,#6306,#6328,.T.);
#6328 = SURFACE_CURVE('',#6329,(#6334,#6340),.PCURVE_S1.);
#6329 = CIRCLE('',#6330,10.668);
#6330 = AXIS2_PLACEMENT_3D('',#6331,#6332,#6333);
#6331 = CARTESIAN_POINT('',(-139.7,177.8,179.07));
#6332 = DIRECTION('',(0.,0.,1.));
#6333 = DIRECTION('',(0.,-1.,0.));
#6334 = PCURVE('',#2210,#6335);
#6335 = DEFINITIONAL_REPRESENTATION('',(#6336),#6339);
#6336 = B_SPLINE_CURVE_WITH_KNOTS('',1,(#6337,#6338),.UNSPECIFIED.,.F.,
  .F.,(2,2),(3.14159265359,4.712388980385),.PIECEWISE_BEZIER_KNOTS.);
#6337 = CARTESIAN_POINT('',(0.,172.72));
#6338 = CARTESIAN_POINT('',(1.570796326795,172.72));
#6339 = ( GEOMETRIC_REPRESENTATION_CONTEXT(2) 
PARAMETRIC_REPRESENTATION_CONTEXT() REPRESENTATION_CONTEXT('2D SPACE',''
  ) );
#6340 = PCURVE('',#2904,#6341);
#6341 = DEFINITIONAL_REPRESENTATION('',(#6342),#6346);
#6342 = CIRCLE('',#6343,10.668);
#6343 = AXIS2_PLACEMENT_2D('',#6344,#6345);
#6344 = CARTESIAN_POINT('',(-139.7,177.8));
#6345 = DIRECTION('',(0.,-1.));
#6346 = ( GEOMETRIC_REPRESENTATION_CONTEXT(2) 
PARAMETRIC_REPRESENTATION_CONTEXT() REPRESENTATION_CONTEXT('2D SPACE',''
  ) );
#6347 = ORIENTED_EDGE('',*,*,#6281,.F.);
#6348 = ADVANCED_FACE('',(#6349),#2237,.F.);
#6349 = FACE_BOUND('',#6350,.F.);
#6350 = EDGE_LOOP('',(#6351,#6352,#6353,#6376));
#6351 = ORIENTED_EDGE('',*,*,#2221,.F.);
#6352 = ORIENTED_EDGE('',*,*,#6305,.T.);
#6353 = ORIENTED_EDGE('',*,*,#6354,.T.);
#6354 = EDGE_CURVE('',#6306,#6355,#6357,.T.);
#6355 = VERTEX_POINT('',#6356);
#6356 = CARTESIAN_POINT('',(-150.368,117.475,179.07));
#6357 = SURFACE_CURVE('',#6358,(#6362,#6369),.PCURVE_S1.);
#6358 = LINE('',#6359,#6360);
#6359 = CARTESIAN_POINT('',(-150.368,188.468,179.07));
#6360 = VECTOR('',#6361,1.);
#6361 = DIRECTION('',(0.,-1.,0.));
#6362 = PCURVE('',#2237,#6363);
#6363 = DEFINITIONAL_REPRESENTATION('',(#6364),#6368);
#6364 = LINE('',#6365,#6366);
#6365 = CARTESIAN_POINT('',(0.,-172.72));
#6366 = VECTOR('',#6367,1.);
#6367 = DIRECTION('',(1.,0.));
#6368 = ( GEOMETRIC_REPRESENTATION_CONTEXT(2) 
PARAMETRIC_REPRESENTATION_CONTEXT() REPRESENTATION_CONTEXT('2D SPACE',''
  ) );
#6369 = PCURVE('',#2904,#6370);
#6370 = DEFINITIONAL_REPRESENTATION('',(#6371),#6375);
#6371 = LINE('',#6372,#6373);
#6372 = CARTESIAN_POINT('',(-150.368,188.468));
#6373 = VECTOR('',#6374,1.);
#6374 = DIRECTION('',(0.,-1.));
#6375 = ( GEOMETRIC_REPRESENTATION_CONTEXT(2) 
PARAMETRIC_REPRESENTATION_CONTEXT() REPRESENTATION_CONTEXT('2D SPACE',''
  ) );
#6376 = ORIENTED_EDGE('',*,*,#6377,.F.);
#6377 = EDGE_CURVE('',#2222,#6355,#6378,.T.);
#6378 = SURFACE_CURVE('',#6379,(#6383,#6390),.PCURVE_S1.);
#6379 = LINE('',#6380,#6381);
#6380 = CARTESIAN_POINT('',(-150.368,117.475,6.35));
#6381 = VECTOR('',#6382,1.);
#6382 = DIRECTION('',(0.,-0.,1.));
#6383 = PCURVE('',#2237,#6384);
#6384 = DEFINITIONAL_REPRESENTATION('',(#6385),#6389);
#6385 = LINE('',#6386,#6387);
#6386 = CARTESIAN_POINT('',(70.993,0.));
#6387 = VECTOR('',#6388,1.);
#6388 = DIRECTION('',(0.,-1.));
#6389 = ( GEOMETRIC_REPRESENTATION_CONTEXT(2) 
PARAMETRIC_REPRESENTATION_CONTEXT() REPRESENTATION_CONTEXT('2D SPACE',''
  ) );
#6390 = PCURVE('',#2265,#6391);
#6391 = DEFINITIONAL_REPRESENTATION('',(#6392),#6396);
#6392 = LINE('',#6393,#6394);
#6393 = CARTESIAN_POINT('',(0.,2.032));
#6394 = VECTOR('',#6395,1.);
#6395 = DIRECTION('',(1.,0.));
#6396 = ( GEOMETRIC_REPRESENTATION_CONTEXT(2) 
PARAMETRIC_REPRESENTATION_CONTEXT() REPRESENTATION_CONTEXT('2D SPACE',''
  ) );
#6397 = ADVANCED_FACE('',(#6398),#2265,.T.);
#6398 = FACE_BOUND('',#6399,.T.);
#6399 = EDGE_LOOP('',(#6400,#6401,#6402,#6423));
#6400 = ORIENTED_EDGE('',*,*,#2249,.F.);
#6401 = ORIENTED_EDGE('',*,*,#3034,.T.);
#6402 = ORIENTED_EDGE('',*,*,#6403,.T.);
#6403 = EDGE_CURVE('',#2889,#6355,#6404,.T.);
#6404 = SURFACE_CURVE('',#6405,(#6409,#6416),.PCURVE_S1.);
#6405 = LINE('',#6406,#6407);
#6406 = CARTESIAN_POINT('',(-152.4,117.475,179.07));
#6407 = VECTOR('',#6408,1.);
#6408 = DIRECTION('',(1.,0.,0.));
#6409 = PCURVE('',#2265,#6410);
#6410 = DEFINITIONAL_REPRESENTATION('',(#6411),#6415);
#6411 = LINE('',#6412,#6413);
#6412 = CARTESIAN_POINT('',(172.72,0.));
#6413 = VECTOR('',#6414,1.);
#6414 = DIRECTION('',(0.,1.));
#6415 = ( GEOMETRIC_REPRESENTATION_CONTEXT(2) 
PARAMETRIC_REPRESENTATION_CONTEXT() REPRESENTATION_CONTEXT('2D SPACE',''
  ) );
#6416 = PCURVE('',#2904,#6417);
#6417 = DEFINITIONAL_REPRESENTATION('',(#6418),#6422);
#6418 = LINE('',#6419,#6420);
#6419 = CARTESIAN_POINT('',(-152.4,117.475));
#6420 = VECTOR('',#6421,1.);
#6421 = DIRECTION('',(1.,0.));
#6422 = ( GEOMETRIC_REPRESENTATION_CONTEXT(2) 
PARAMETRIC_REPRESENTATION_CONTEXT() REPRESENTATION_CONTEXT('2D SPACE',''
  ) );
#6423 = ORIENTED_EDGE('',*,*,#6377,.F.);
#6424 = ADVANCED_FACE('',(#6425),#2316,.F.);
#6425 = FACE_BOUND('',#6426,.F.);
#6426 = EDGE_LOOP('',(#6427,#6428,#6429,#6452));
#6427 = ORIENTED_EDGE('',*,*,#2300,.F.);
#6428 = ORIENTED_EDGE('',*,*,#3012,.T.);
#6429 = ORIENTED_EDGE('',*,*,#6430,.T.);
#6430 = EDGE_CURVE('',#2985,#6431,#6433,.T.);
#6431 = VERTEX_POINT('',#6432);
#6432 = CARTESIAN_POINT('',(-150.368,111.125,179.07));
#6433 = SURFACE_CURVE('',#6434,(#6438,#6445),.PCURVE_S1.);
#6434 = LINE('',#6435,#6436);
#6435 = CARTESIAN_POINT('',(-152.4,111.125,179.07));
#6436 = VECTOR('',#6437,1.);
#6437 = DIRECTION('',(1.,0.,0.));
#6438 = PCURVE('',#2316,#6439);
#6439 = DEFINITIONAL_REPRESENTATION('',(#6440),#6444);
#6440 = LINE('',#6441,#6442);
#6441 = CARTESIAN_POINT('',(172.72,0.));
#6442 = VECTOR('',#6443,1.);
#6443 = DIRECTION('',(0.,1.));
#6444 = ( GEOMETRIC_REPRESENTATION_CONTEXT(2) 
PARAMETRIC_REPRESENTATION_CONTEXT() REPRESENTATION_CONTEXT('2D SPACE',''
  ) );
#6445 = PCURVE('',#3000,#6446);
#6446 = DEFINITIONAL_REPRESENTATION('',(#6447),#6451);
#6447 = LINE('',#6448,#6449);
#6448 = CARTESIAN_POINT('',(-152.4,111.125));
#6449 = VECTOR('',#6450,1.);
#6450 = DIRECTION('',(1.,0.));
#6451 = ( GEOMETRIC_REPRESENTATION_CONTEXT(2) 
PARAMETRIC_REPRESENTATION_CONTEXT() REPRESENTATION_CONTEXT('2D SPACE',''
  ) );
#6452 = ORIENTED_EDGE('',*,*,#6453,.F.);
#6453 = EDGE_CURVE('',#2301,#6431,#6454,.T.);
#6454 = SURFACE_CURVE('',#6455,(#6459,#6466),.PCURVE_S1.);
#6455 = LINE('',#6456,#6457);
#6456 = CARTESIAN_POINT('',(-150.368,111.125,6.35));
#6457 = VECTOR('',#6458,1.);
#6458 = DIRECTION('',(0.,-0.,1.));
#6459 = PCURVE('',#2316,#6460);
#6460 = DEFINITIONAL_REPRESENTATION('',(#6461),#6465);
#6461 = LINE('',#6462,#6463);
#6462 = CARTESIAN_POINT('',(0.,2.032));
#6463 = VECTOR('',#6464,1.);
#6464 = DIRECTION('',(1.,0.));
#6465 = ( GEOMETRIC_REPRESENTATION_CONTEXT(2) 
PARAMETRIC_REPRESENTATION_CONTEXT() REPRESENTATION_CONTEXT('2D SPACE',''
  ) );
#6466 = PCURVE('',#2344,#6467);
#6467 = DEFINITIONAL_REPRESENTATION('',(#6468),#6472);
#6468 = LINE('',#6469,#6470);
#6469 = CARTESIAN_POINT('',(77.343,0.));
#6470 = VECTOR('',#6471,1.);
#6471 = DIRECTION('',(0.,-1.));
#6472 = ( GEOMETRIC_REPRESENTATION_CONTEXT(2) 
PARAMETRIC_REPRESENTATION_CONTEXT() REPRESENTATION_CONTEXT('2D SPACE',''
  ) );
#6473 = ADVANCED_FACE('',(#6474),#2344,.F.);
#6474 = FACE_BOUND('',#6475,.F.);
#6475 = EDGE_LOOP('',(#6476,#6477,#6478,#6501,#6529,#6557,#6585,#6613,
    #6641,#6669,#6697,#6720));
#6476 = ORIENTED_EDGE('',*,*,#2328,.F.);
#6477 = ORIENTED_EDGE('',*,*,#6453,.T.);
#6478 = ORIENTED_EDGE('',*,*,#6479,.T.);
#6479 = EDGE_CURVE('',#6431,#6480,#6482,.T.);
#6480 = VERTEX_POINT('',#6481);
#6481 = CARTESIAN_POINT('',(-150.368,62.23,179.07));
#6482 = SURFACE_CURVE('',#6483,(#6487,#6494),.PCURVE_S1.);
#6483 = LINE('',#6484,#6485);
#6484 = CARTESIAN_POINT('',(-150.368,188.468,179.07));
#6485 = VECTOR('',#6486,1.);
#6486 = DIRECTION('',(0.,-1.,0.));
#6487 = PCURVE('',#2344,#6488);
#6488 = DEFINITIONAL_REPRESENTATION('',(#6489),#6493);
#6489 = LINE('',#6490,#6491);
#6490 = CARTESIAN_POINT('',(0.,-172.72));
#6491 = VECTOR('',#6492,1.);
#6492 = DIRECTION('',(1.,0.));
#6493 = ( GEOMETRIC_REPRESENTATION_CONTEXT(2) 
PARAMETRIC_REPRESENTATION_CONTEXT() REPRESENTATION_CONTEXT('2D SPACE',''
  ) );
#6494 = PCURVE('',#3000,#6495);
#6495 = DEFINITIONAL_REPRESENTATION('',(#6496),#6500);
#6496 = LINE('',#6497,#6498);
#6497 = CARTESIAN_POINT('',(-150.368,188.468));
#6498 = VECTOR('',#6499,1.);
#6499 = DIRECTION('',(0.,-1.));
#6500 = ( GEOMETRIC_REPRESENTATION_CONTEXT(2) 
PARAMETRIC_REPRESENTATION_CONTEXT() REPRESENTATION_CONTEXT('2D SPACE',''
  ) );
#6501 = ORIENTED_EDGE('',*,*,#6502,.F.);
#6502 = EDGE_CURVE('',#6503,#6480,#6505,.T.);
#6503 = VERTEX_POINT('',#6504);
#6504 = CARTESIAN_POINT('',(-150.368,69.85,171.45));
#6505 = SURFACE_CURVE('',#6506,(#6511,#6518),.PCURVE_S1.);
#6506 = CIRCLE('',#6507,7.62);
#6507 = AXIS2_PLACEMENT_3D('',#6508,#6509,#6510);
#6508 = CARTESIAN_POINT('',(-150.368,62.23,171.45));
#6509 = DIRECTION('',(1.,0.,0.));
#6510 = DIRECTION('',(-0.,1.,0.));
#6511 = PCURVE('',#2344,#6512);
#6512 = DEFINITIONAL_REPRESENTATION('',(#6513),#6517);
#6513 = CIRCLE('',#6514,7.62);
#6514 = AXIS2_PLACEMENT_2D('',#6515,#6516);
#6515 = CARTESIAN_POINT('',(126.238,-165.1));
#6516 = DIRECTION('',(-1.,-0.));
#6517 = ( GEOMETRIC_REPRESENTATION_CONTEXT(2) 
PARAMETRIC_REPRESENTATION_CONTEXT() REPRESENTATION_CONTEXT('2D SPACE',''
  ) );
#6518 = PCURVE('',#6519,#6524);
#6519 = CYLINDRICAL_SURFACE('',#6520,7.62);
#6520 = AXIS2_PLACEMENT_3D('',#6521,#6522,#6523);
#6521 = CARTESIAN_POINT('',(-160.528,62.23,171.45));
#6522 = DIRECTION('',(1.,0.,0.));
#6523 = DIRECTION('',(-0.,1.,0.));
#6524 = DEFINITIONAL_REPRESENTATION('',(#6525),#6528);
#6525 = B_SPLINE_CURVE_WITH_KNOTS('',1,(#6526,#6527),.UNSPECIFIED.,.F.,
  .F.,(2,2),(0.,1.570796326795),.PIECEWISE_BEZIER_KNOTS.);
#6526 = CARTESIAN_POINT('',(0.,10.16));
#6527 = CARTESIAN_POINT('',(1.570796326795,10.16));
#6528 = ( GEOMETRIC_REPRESENTATION_CONTEXT(2) 
PARAMETRIC_REPRESENTATION_CONTEXT() REPRESENTATION_CONTEXT('2D SPACE',''
  ) );
#6529 = ORIENTED_EDGE('',*,*,#6530,.F.);
#6530 = EDGE_CURVE('',#6531,#6503,#6533,.T.);
#6531 = VERTEX_POINT('',#6532);
#6532 = CARTESIAN_POINT('',(-150.368,69.85,161.29));
#6533 = SURFACE_CURVE('',#6534,(#6538,#6545),.PCURVE_S1.);
#6534 = LINE('',#6535,#6536);
#6535 = CARTESIAN_POINT('',(-150.368,69.85,80.01));
#6536 = VECTOR('',#6537,1.);
#6537 = DIRECTION('',(0.,-0.,1.));
#6538 = PCURVE('',#2344,#6539);
#6539 = DEFINITIONAL_REPRESENTATION('',(#6540),#6544);
#6540 = LINE('',#6541,#6542);
#6541 = CARTESIAN_POINT('',(118.618,-73.66));
#6542 = VECTOR('',#6543,1.);
#6543 = DIRECTION('',(0.,-1.));
#6544 = ( GEOMETRIC_REPRESENTATION_CONTEXT(2) 
PARAMETRIC_REPRESENTATION_CONTEXT() REPRESENTATION_CONTEXT('2D SPACE',''
  ) );
#6545 = PCURVE('',#6546,#6551);
#6546 = PLANE('',#6547);
#6547 = AXIS2_PLACEMENT_3D('',#6548,#6549,#6550);
#6548 = CARTESIAN_POINT('',(-160.528,69.85,153.67));
#6549 = DIRECTION('',(0.,1.,0.));
#6550 = DIRECTION('',(0.,0.,1.));
#6551 = DEFINITIONAL_REPRESENTATION('',(#6552),#6556);
#6552 = LINE('',#6553,#6554);
#6553 = CARTESIAN_POINT('',(-73.66,10.16));
#6554 = VECTOR('',#6555,1.);
#6555 = DIRECTION('',(1.,0.));
#6556 = ( GEOMETRIC_REPRESENTATION_CONTEXT(2) 
PARAMETRIC_REPRESENTATION_CONTEXT() REPRESENTATION_CONTEXT('2D SPACE',''
  ) );
#6557 = ORIENTED_EDGE('',*,*,#6558,.F.);
#6558 = EDGE_CURVE('',#6559,#6531,#6561,.T.);
#6559 = VERTEX_POINT('',#6560);
#6560 = CARTESIAN_POINT('',(-150.368,62.23,153.67));
#6561 = SURFACE_CURVE('',#6562,(#6567,#6574),.PCURVE_S1.);
#6562 = CIRCLE('',#6563,7.62);
#6563 = AXIS2_PLACEMENT_3D('',#6564,#6565,#6566);
#6564 = CARTESIAN_POINT('',(-150.368,62.23,161.29));
#6565 = DIRECTION('',(1.,0.,0.));
#6566 = DIRECTION('',(-0.,1.,0.));
#6567 = PCURVE('',#2344,#6568);
#6568 = DEFINITIONAL_REPRESENTATION('',(#6569),#6573);
#6569 = CIRCLE('',#6570,7.62);
#6570 = AXIS2_PLACEMENT_2D('',#6571,#6572);
#6571 = CARTESIAN_POINT('',(126.238,-154.94));
#6572 = DIRECTION('',(-1.,-0.));
#6573 = ( GEOMETRIC_REPRESENTATION_CONTEXT(2) 
PARAMETRIC_REPRESENTATION_CONTEXT() REPRESENTATION_CONTEXT('2D SPACE',''
  ) );
#6574 = PCURVE('',#6575,#6580);
#6575 = CYLINDRICAL_SURFACE('',#6576,7.62);
#6576 = AXIS2_PLACEMENT_3D('',#6577,#6578,#6579);
#6577 = CARTESIAN_POINT('',(-160.528,62.23,161.29));
#6578 = DIRECTION('',(1.,0.,0.));
#6579 = DIRECTION('',(-0.,1.,0.));
#6580 = DEFINITIONAL_REPRESENTATION('',(#6581),#6584);
#6581 = B_SPLINE_CURVE_WITH_KNOTS('',1,(#6582,#6583),.UNSPECIFIED.,.F.,
  .F.,(2,2),(4.712388980385,6.28318530718),.PIECEWISE_BEZIER_KNOTS.);
#6582 = CARTESIAN_POINT('',(-1.570796326795,10.16));
#6583 = CARTESIAN_POINT('',(0.,10.16));
#6584 = ( GEOMETRIC_REPRESENTATION_CONTEXT(2) 
PARAMETRIC_REPRESENTATION_CONTEXT() REPRESENTATION_CONTEXT('2D SPACE',''
  ) );
#6585 = ORIENTED_EDGE('',*,*,#6586,.T.);
#6586 = EDGE_CURVE('',#6559,#6587,#6589,.T.);
#6587 = VERTEX_POINT('',#6588);
#6588 = CARTESIAN_POINT('',(-150.368,-62.23,153.67));
#6589 = SURFACE_CURVE('',#6590,(#6594,#6601),.PCURVE_S1.);
#6590 = LINE('',#6591,#6592);
#6591 = CARTESIAN_POINT('',(-150.368,59.309,153.67));
#6592 = VECTOR('',#6593,1.);
#6593 = DIRECTION('',(0.,-1.,0.));
#6594 = PCURVE('',#2344,#6595);
#6595 = DEFINITIONAL_REPRESENTATION('',(#6596),#6600);
#6596 = LINE('',#6597,#6598);
#6597 = CARTESIAN_POINT('',(129.159,-147.32));
#6598 = VECTOR('',#6599,1.);
#6599 = DIRECTION('',(1.,0.));
#6600 = ( GEOMETRIC_REPRESENTATION_CONTEXT(2) 
PARAMETRIC_REPRESENTATION_CONTEXT() REPRESENTATION_CONTEXT('2D SPACE',''
  ) );
#6601 = PCURVE('',#6602,#6607);
#6602 = PLANE('',#6603);
#6603 = AXIS2_PLACEMENT_3D('',#6604,#6605,#6606);
#6604 = CARTESIAN_POINT('',(-160.528,-69.85,153.67));
#6605 = DIRECTION('',(0.,0.,1.));
#6606 = DIRECTION('',(1.,0.,0.));
#6607 = DEFINITIONAL_REPRESENTATION('',(#6608),#6612);
#6608 = LINE('',#6609,#6610);
#6609 = CARTESIAN_POINT('',(10.16,129.159));
#6610 = VECTOR('',#6611,1.);
#6611 = DIRECTION('',(0.,-1.));
#6612 = ( GEOMETRIC_REPRESENTATION_CONTEXT(2) 
PARAMETRIC_REPRESENTATION_CONTEXT() REPRESENTATION_CONTEXT('2D SPACE',''
  ) );
#6613 = ORIENTED_EDGE('',*,*,#6614,.F.);
#6614 = EDGE_CURVE('',#6615,#6587,#6617,.T.);
#6615 = VERTEX_POINT('',#6616);
#6616 = CARTESIAN_POINT('',(-150.368,-69.85,161.29));
#6617 = SURFACE_CURVE('',#6618,(#6623,#6630),.PCURVE_S1.);
#6618 = CIRCLE('',#6619,7.62);
#6619 = AXIS2_PLACEMENT_3D('',#6620,#6621,#6622);
#6620 = CARTESIAN_POINT('',(-150.368,-62.23,161.29));
#6621 = DIRECTION('',(1.,0.,0.));
#6622 = DIRECTION('',(0.,-1.,0.));
#6623 = PCURVE('',#2344,#6624);
#6624 = DEFINITIONAL_REPRESENTATION('',(#6625),#6629);
#6625 = CIRCLE('',#6626,7.62);
#6626 = AXIS2_PLACEMENT_2D('',#6627,#6628);
#6627 = CARTESIAN_POINT('',(250.698,-154.94));
#6628 = DIRECTION('',(1.,0.));
#6629 = ( GEOMETRIC_REPRESENTATION_CONTEXT(2) 
PARAMETRIC_REPRESENTATION_CONTEXT() REPRESENTATION_CONTEXT('2D SPACE',''
  ) );
#6630 = PCURVE('',#6631,#6636);
#6631 = CYLINDRICAL_SURFACE('',#6632,7.62);
#6632 = AXIS2_PLACEMENT_3D('',#6633,#6634,#6635);
#6633 = CARTESIAN_POINT('',(-160.528,-62.23,161.29));
#6634 = DIRECTION('',(1.,0.,0.));
#6635 = DIRECTION('',(0.,-1.,0.));
#6636 = DEFINITIONAL_REPRESENTATION('',(#6637),#6640);
#6637 = B_SPLINE_CURVE_WITH_KNOTS('',1,(#6638,#6639),.UNSPECIFIED.,.F.,
  .F.,(2,2),(0.,1.570796326795),.PIECEWISE_BEZIER_KNOTS.);
#6638 = CARTESIAN_POINT('',(0.,10.16));
#6639 = CARTESIAN_POINT('',(1.570796326795,10.16));
#6640 = ( GEOMETRIC_REPRESENTATION_CONTEXT(2) 
PARAMETRIC_REPRESENTATION_CONTEXT() REPRESENTATION_CONTEXT('2D SPACE',''
  ) );
#6641 = ORIENTED_EDGE('',*,*,#6642,.T.);
#6642 = EDGE_CURVE('',#6615,#6643,#6645,.T.);
#6643 = VERTEX_POINT('',#6644);
#6644 = CARTESIAN_POINT('',(-150.368,-69.85,171.45));
#6645 = SURFACE_CURVE('',#6646,(#6650,#6657),.PCURVE_S1.);
#6646 = LINE('',#6647,#6648);
#6647 = CARTESIAN_POINT('',(-150.368,-69.85,80.01));
#6648 = VECTOR('',#6649,1.);
#6649 = DIRECTION('',(0.,-0.,1.));
#6650 = PCURVE('',#2344,#6651);
#6651 = DEFINITIONAL_REPRESENTATION('',(#6652),#6656);
#6652 = LINE('',#6653,#6654);
#6653 = CARTESIAN_POINT('',(258.318,-73.66));
#6654 = VECTOR('',#6655,1.);
#6655 = DIRECTION('',(0.,-1.));
#6656 = ( GEOMETRIC_REPRESENTATION_CONTEXT(2) 
PARAMETRIC_REPRESENTATION_CONTEXT() REPRESENTATION_CONTEXT('2D SPACE',''
  ) );
#6657 = PCURVE('',#6658,#6663);
#6658 = PLANE('',#6659);
#6659 = AXIS2_PLACEMENT_3D('',#6660,#6661,#6662);
#6660 = CARTESIAN_POINT('',(-160.528,-69.85,153.67));
#6661 = DIRECTION('',(0.,1.,0.));
#6662 = DIRECTION('',(0.,0.,1.));
#6663 = DEFINITIONAL_REPRESENTATION('',(#6664),#6668);
#6664 = LINE('',#6665,#6666);
#6665 = CARTESIAN_POINT('',(-73.66,10.16));
#6666 = VECTOR('',#6667,1.);
#6667 = DIRECTION('',(1.,0.));
#6668 = ( GEOMETRIC_REPRESENTATION_CONTEXT(2) 
PARAMETRIC_REPRESENTATION_CONTEXT() REPRESENTATION_CONTEXT('2D SPACE',''
  ) );
#6669 = ORIENTED_EDGE('',*,*,#6670,.F.);
#6670 = EDGE_CURVE('',#6671,#6643,#6673,.T.);
#6671 = VERTEX_POINT('',#6672);
#6672 = CARTESIAN_POINT('',(-150.368,-62.23,179.07));
#6673 = SURFACE_CURVE('',#6674,(#6679,#6686),.PCURVE_S1.);
#6674 = CIRCLE('',#6675,7.62);
#6675 = AXIS2_PLACEMENT_3D('',#6676,#6677,#6678);
#6676 = CARTESIAN_POINT('',(-150.368,-62.23,171.45));
#6677 = DIRECTION('',(1.,0.,0.));
#6678 = DIRECTION('',(0.,-1.,0.));
#6679 = PCURVE('',#2344,#6680);
#6680 = DEFINITIONAL_REPRESENTATION('',(#6681),#6685);
#6681 = CIRCLE('',#6682,7.62);
#6682 = AXIS2_PLACEMENT_2D('',#6683,#6684);
#6683 = CARTESIAN_POINT('',(250.698,-165.1));
#6684 = DIRECTION('',(1.,0.));
#6685 = ( GEOMETRIC_REPRESENTATION_CONTEXT(2) 
PARAMETRIC_REPRESENTATION_CONTEXT() REPRESENTATION_CONTEXT('2D SPACE',''
  ) );
#6686 = PCURVE('',#6687,#6692);
#6687 = CYLINDRICAL_SURFACE('',#6688,7.62);
#6688 = AXIS2_PLACEMENT_3D('',#6689,#6690,#6691);
#6689 = CARTESIAN_POINT('',(-160.528,-62.23,171.45));
#6690 = DIRECTION('',(1.,0.,0.));
#6691 = DIRECTION('',(0.,-1.,0.));
#6692 = DEFINITIONAL_REPRESENTATION('',(#6693),#6696);
#6693 = B_SPLINE_CURVE_WITH_KNOTS('',1,(#6694,#6695),.UNSPECIFIED.,.F.,
  .F.,(2,2),(4.712388980385,6.28318530718),.PIECEWISE_BEZIER_KNOTS.);
#6694 = CARTESIAN_POINT('',(-1.570796326795,10.16));
#6695 = CARTESIAN_POINT('',(0.,10.16));
#6696 = ( GEOMETRIC_REPRESENTATION_CONTEXT(2) 
PARAMETRIC_REPRESENTATION_CONTEXT() REPRESENTATION_CONTEXT('2D SPACE',''
  ) );
#6697 = ORIENTED_EDGE('',*,*,#6698,.T.);
#6698 = EDGE_CURVE('',#6671,#6699,#6701,.T.);
#6699 = VERTEX_POINT('',#6700);
#6700 = CARTESIAN_POINT('',(-150.368,-111.125,179.07));
#6701 = SURFACE_CURVE('',#6702,(#6706,#6713),.PCURVE_S1.);
#6702 = LINE('',#6703,#6704);
#6703 = CARTESIAN_POINT('',(-150.368,188.468,179.07));
#6704 = VECTOR('',#6705,1.);
#6705 = DIRECTION('',(0.,-1.,0.));
#6706 = PCURVE('',#2344,#6707);
#6707 = DEFINITIONAL_REPRESENTATION('',(#6708),#6712);
#6708 = LINE('',#6709,#6710);
#6709 = CARTESIAN_POINT('',(0.,-172.72));
#6710 = VECTOR('',#6711,1.);
#6711 = DIRECTION('',(1.,0.));
#6712 = ( GEOMETRIC_REPRESENTATION_CONTEXT(2) 
PARAMETRIC_REPRESENTATION_CONTEXT() REPRESENTATION_CONTEXT('2D SPACE',''
  ) );
#6713 = PCURVE('',#3000,#6714);
#6714 = DEFINITIONAL_REPRESENTATION('',(#6715),#6719);
#6715 = LINE('',#6716,#6717);
#6716 = CARTESIAN_POINT('',(-150.368,188.468));
#6717 = VECTOR('',#6718,1.);
#6718 = DIRECTION('',(0.,-1.));
#6719 = ( GEOMETRIC_REPRESENTATION_CONTEXT(2) 
PARAMETRIC_REPRESENTATION_CONTEXT() REPRESENTATION_CONTEXT('2D SPACE',''
  ) );
#6720 = ORIENTED_EDGE('',*,*,#6721,.F.);
#6721 = EDGE_CURVE('',#2329,#6699,#6722,.T.);
#6722 = SURFACE_CURVE('',#6723,(#6727,#6734),.PCURVE_S1.);
#6723 = LINE('',#6724,#6725);
#6724 = CARTESIAN_POINT('',(-150.368,-111.125,6.35));
#6725 = VECTOR('',#6726,1.);
#6726 = DIRECTION('',(0.,-0.,1.));
#6727 = PCURVE('',#2344,#6728);
#6728 = DEFINITIONAL_REPRESENTATION('',(#6729),#6733);
#6729 = LINE('',#6730,#6731);
#6730 = CARTESIAN_POINT('',(299.593,0.));
#6731 = VECTOR('',#6732,1.);
#6732 = DIRECTION('',(0.,-1.));
#6733 = ( GEOMETRIC_REPRESENTATION_CONTEXT(2) 
PARAMETRIC_REPRESENTATION_CONTEXT() REPRESENTATION_CONTEXT('2D SPACE',''
  ) );
#6734 = PCURVE('',#2372,#6735);
#6735 = DEFINITIONAL_REPRESENTATION('',(#6736),#6740);
#6736 = LINE('',#6737,#6738);
#6737 = CARTESIAN_POINT('',(0.,2.032));
#6738 = VECTOR('',#6739,1.);
#6739 = DIRECTION('',(1.,0.));
#6740 = ( GEOMETRIC_REPRESENTATION_CONTEXT(2) 
PARAMETRIC_REPRESENTATION_CONTEXT() REPRESENTATION_CONTEXT('2D SPACE',''
  ) );
#6741 = ADVANCED_FACE('',(#6742),#2372,.T.);
#6742 = FACE_BOUND('',#6743,.T.);
#6743 = EDGE_LOOP('',(#6744,#6745,#6746,#6767));
#6744 = ORIENTED_EDGE('',*,*,#2356,.F.);
#6745 = ORIENTED_EDGE('',*,*,#2961,.T.);
#6746 = ORIENTED_EDGE('',*,*,#6747,.T.);
#6747 = EDGE_CURVE('',#2962,#6699,#6748,.T.);
#6748 = SURFACE_CURVE('',#6749,(#6753,#6760),.PCURVE_S1.);
#6749 = LINE('',#6750,#6751);
#6750 = CARTESIAN_POINT('',(-152.4,-111.125,179.07));
#6751 = VECTOR('',#6752,1.);
#6752 = DIRECTION('',(1.,0.,0.));
#6753 = PCURVE('',#2372,#6754);
#6754 = DEFINITIONAL_REPRESENTATION('',(#6755),#6759);
#6755 = LINE('',#6756,#6757);
#6756 = CARTESIAN_POINT('',(172.72,0.));
#6757 = VECTOR('',#6758,1.);
#6758 = DIRECTION('',(0.,1.));
#6759 = ( GEOMETRIC_REPRESENTATION_CONTEXT(2) 
PARAMETRIC_REPRESENTATION_CONTEXT() REPRESENTATION_CONTEXT('2D SPACE',''
  ) );
#6760 = PCURVE('',#3000,#6761);
#6761 = DEFINITIONAL_REPRESENTATION('',(#6762),#6766);
#6762 = LINE('',#6763,#6764);
#6763 = CARTESIAN_POINT('',(-152.4,-111.125));
#6764 = VECTOR('',#6765,1.);
#6765 = DIRECTION('',(1.,0.));
#6766 = ( GEOMETRIC_REPRESENTATION_CONTEXT(2) 
PARAMETRIC_REPRESENTATION_CONTEXT() REPRESENTATION_CONTEXT('2D SPACE',''
  ) );
#6767 = ORIENTED_EDGE('',*,*,#6721,.F.);
#6768 = ADVANCED_FACE('',(#6769),#2522,.T.);
#6769 = FACE_BOUND('',#6770,.T.);
#6770 = EDGE_LOOP('',(#6771,#6801,#6821,#6822));
#6771 = ORIENTED_EDGE('',*,*,#6772,.T.);
#6772 = EDGE_CURVE('',#6773,#6775,#6777,.T.);
#6773 = VERTEX_POINT('',#6774);
#6774 = CARTESIAN_POINT('',(-117.856,176.276,0.));
#6775 = VERTEX_POINT('',#6776);
#6776 = CARTESIAN_POINT('',(-130.556,163.576,0.));
#6777 = SURFACE_CURVE('',#6778,(#6783,#6789),.PCURVE_S1.);
#6778 = CIRCLE('',#6779,12.7);
#6779 = AXIS2_PLACEMENT_3D('',#6780,#6781,#6782);
#6780 = CARTESIAN_POINT('',(-117.856,163.576,0.));
#6781 = DIRECTION('',(0.,0.,1.));
#6782 = DIRECTION('',(0.,-1.,0.));
#6783 = PCURVE('',#2522,#6784);
#6784 = DEFINITIONAL_REPRESENTATION('',(#6785),#6788);
#6785 = B_SPLINE_CURVE_WITH_KNOTS('',1,(#6786,#6787),.UNSPECIFIED.,.F.,
  .F.,(2,2),(3.14159265359,4.712388980385),.PIECEWISE_BEZIER_KNOTS.);
#6786 = CARTESIAN_POINT('',(0.,0.));
#6787 = CARTESIAN_POINT('',(1.570796326795,0.));
#6788 = ( GEOMETRIC_REPRESENTATION_CONTEXT(2) 
PARAMETRIC_REPRESENTATION_CONTEXT() REPRESENTATION_CONTEXT('2D SPACE',''
  ) );
#6789 = PCURVE('',#6790,#6795);
#6790 = PLANE('',#6791);
#6791 = AXIS2_PLACEMENT_3D('',#6792,#6793,#6794);
#6792 = CARTESIAN_POINT('',(0.,0.,0.));
#6793 = DIRECTION('',(0.,0.,1.));
#6794 = DIRECTION('',(1.,0.,-0.));
#6795 = DEFINITIONAL_REPRESENTATION('',(#6796),#6800);
#6796 = CIRCLE('',#6797,12.7);
#6797 = AXIS2_PLACEMENT_2D('',#6798,#6799);
#6798 = CARTESIAN_POINT('',(-117.856,163.576));
#6799 = DIRECTION('',(0.,-1.));
#6800 = ( GEOMETRIC_REPRESENTATION_CONTEXT(2) 
PARAMETRIC_REPRESENTATION_CONTEXT() REPRESENTATION_CONTEXT('2D SPACE',''
  ) );
#6801 = ORIENTED_EDGE('',*,*,#6802,.T.);
#6802 = EDGE_CURVE('',#6775,#2506,#6803,.T.);
#6803 = SURFACE_CURVE('',#6804,(#6808,#6814),.PCURVE_S1.);
#6804 = LINE('',#6805,#6806);
#6805 = CARTESIAN_POINT('',(-130.556,163.576,0.));
#6806 = VECTOR('',#6807,1.);
#6807 = DIRECTION('',(0.,0.,1.));
#6808 = PCURVE('',#2522,#6809);
#6809 = DEFINITIONAL_REPRESENTATION('',(#6810),#6813);
#6810 = B_SPLINE_CURVE_WITH_KNOTS('',1,(#6811,#6812),.UNSPECIFIED.,.F.,
  .F.,(2,2),(0.,6.35),.PIECEWISE_BEZIER_KNOTS.);
#6811 = CARTESIAN_POINT('',(1.570796326795,0.));
#6812 = CARTESIAN_POINT('',(1.570796326795,6.35));
#6813 = ( GEOMETRIC_REPRESENTATION_CONTEXT(2) 
PARAMETRIC_REPRESENTATION_CONTEXT() REPRESENTATION_CONTEXT('2D SPACE',''
  ) );
#6814 = PCURVE('',#2719,#6815);
#6815 = DEFINITIONAL_REPRESENTATION('',(#6816),#6820);
#6816 = LINE('',#6817,#6818);
#6817 = CARTESIAN_POINT('',(12.7,0.));
#6818 = VECTOR('',#6819,1.);
#6819 = DIRECTION('',(0.,-1.));
#6820 = ( GEOMETRIC_REPRESENTATION_CONTEXT(2) 
PARAMETRIC_REPRESENTATION_CONTEXT() REPRESENTATION_CONTEXT('2D SPACE',''
  ) );
#6821 = ORIENTED_EDGE('',*,*,#2503,.F.);
#6822 = ORIENTED_EDGE('',*,*,#6823,.F.);
#6823 = EDGE_CURVE('',#6773,#2504,#6824,.T.);
#6824 = SURFACE_CURVE('',#6825,(#6829,#6835),.PCURVE_S1.);
#6825 = LINE('',#6826,#6827);
#6826 = CARTESIAN_POINT('',(-117.856,176.276,0.));
#6827 = VECTOR('',#6828,1.);
#6828 = DIRECTION('',(0.,0.,1.));
#6829 = PCURVE('',#2522,#6830);
#6830 = DEFINITIONAL_REPRESENTATION('',(#6831),#6834);
#6831 = B_SPLINE_CURVE_WITH_KNOTS('',1,(#6832,#6833),.UNSPECIFIED.,.F.,
  .F.,(2,2),(0.,6.35),.PIECEWISE_BEZIER_KNOTS.);
#6832 = CARTESIAN_POINT('',(0.,0.));
#6833 = CARTESIAN_POINT('',(0.,6.35));
#6834 = ( GEOMETRIC_REPRESENTATION_CONTEXT(2) 
PARAMETRIC_REPRESENTATION_CONTEXT() REPRESENTATION_CONTEXT('2D SPACE',''
  ) );
#6835 = PCURVE('',#2549,#6836);
#6836 = DEFINITIONAL_REPRESENTATION('',(#6837),#6841);
#6837 = LINE('',#6838,#6839);
#6838 = CARTESIAN_POINT('',(248.412,0.));
#6839 = VECTOR('',#6840,1.);
#6840 = DIRECTION('',(0.,-1.));
#6841 = ( GEOMETRIC_REPRESENTATION_CONTEXT(2) 
PARAMETRIC_REPRESENTATION_CONTEXT() REPRESENTATION_CONTEXT('2D SPACE',''
  ) );
#6842 = ADVANCED_FACE('',(#6843),#2549,.F.);
#6843 = FACE_BOUND('',#6844,.F.);
#6844 = EDGE_LOOP('',(#6845,#6868,#6888,#6889));
#6845 = ORIENTED_EDGE('',*,*,#6846,.F.);
#6846 = EDGE_CURVE('',#6847,#6773,#6849,.T.);
#6847 = VERTEX_POINT('',#6848);
#6848 = CARTESIAN_POINT('',(117.856,176.276,0.));
#6849 = SURFACE_CURVE('',#6850,(#6854,#6861),.PCURVE_S1.);
#6850 = LINE('',#6851,#6852);
#6851 = CARTESIAN_POINT('',(130.556,176.276,0.));
#6852 = VECTOR('',#6853,1.);
#6853 = DIRECTION('',(-1.,0.,0.));
#6854 = PCURVE('',#2549,#6855);
#6855 = DEFINITIONAL_REPRESENTATION('',(#6856),#6860);
#6856 = LINE('',#6857,#6858);
#6857 = CARTESIAN_POINT('',(0.,-0.));
#6858 = VECTOR('',#6859,1.);
#6859 = DIRECTION('',(1.,0.));
#6860 = ( GEOMETRIC_REPRESENTATION_CONTEXT(2) 
PARAMETRIC_REPRESENTATION_CONTEXT() REPRESENTATION_CONTEXT('2D SPACE',''
  ) );
#6861 = PCURVE('',#6790,#6862);
#6862 = DEFINITIONAL_REPRESENTATION('',(#6863),#6867);
#6863 = LINE('',#6864,#6865);
#6864 = CARTESIAN_POINT('',(130.556,176.276));
#6865 = VECTOR('',#6866,1.);
#6866 = DIRECTION('',(-1.,0.));
#6867 = ( GEOMETRIC_REPRESENTATION_CONTEXT(2) 
PARAMETRIC_REPRESENTATION_CONTEXT() REPRESENTATION_CONTEXT('2D SPACE',''
  ) );
#6868 = ORIENTED_EDGE('',*,*,#6869,.T.);
#6869 = EDGE_CURVE('',#6847,#2534,#6870,.T.);
#6870 = SURFACE_CURVE('',#6871,(#6875,#6882),.PCURVE_S1.);
#6871 = LINE('',#6872,#6873);
#6872 = CARTESIAN_POINT('',(117.856,176.276,0.));
#6873 = VECTOR('',#6874,1.);
#6874 = DIRECTION('',(0.,0.,1.));
#6875 = PCURVE('',#2549,#6876);
#6876 = DEFINITIONAL_REPRESENTATION('',(#6877),#6881);
#6877 = LINE('',#6878,#6879);
#6878 = CARTESIAN_POINT('',(12.7,0.));
#6879 = VECTOR('',#6880,1.);
#6880 = DIRECTION('',(0.,-1.));
#6881 = ( GEOMETRIC_REPRESENTATION_CONTEXT(2) 
PARAMETRIC_REPRESENTATION_CONTEXT() REPRESENTATION_CONTEXT('2D SPACE',''
  ) );
#6882 = PCURVE('',#2578,#6883);
#6883 = DEFINITIONAL_REPRESENTATION('',(#6884),#6887);
#6884 = B_SPLINE_CURVE_WITH_KNOTS('',1,(#6885,#6886),.UNSPECIFIED.,.F.,
  .F.,(2,2),(0.,6.35),.PIECEWISE_BEZIER_KNOTS.);
#6885 = CARTESIAN_POINT('',(1.570796326795,0.));
#6886 = CARTESIAN_POINT('',(1.570796326795,6.35));
#6887 = ( GEOMETRIC_REPRESENTATION_CONTEXT(2) 
PARAMETRIC_REPRESENTATION_CONTEXT() REPRESENTATION_CONTEXT('2D SPACE',''
  ) );
#6888 = ORIENTED_EDGE('',*,*,#2533,.T.);
#6889 = ORIENTED_EDGE('',*,*,#6823,.F.);
#6890 = ADVANCED_FACE('',(#6891),#2578,.T.);
#6891 = FACE_BOUND('',#6892,.T.);
#6892 = EDGE_LOOP('',(#6893,#6916,#6917,#6918));
#6893 = ORIENTED_EDGE('',*,*,#6894,.T.);
#6894 = EDGE_CURVE('',#6895,#6847,#6897,.T.);
#6895 = VERTEX_POINT('',#6896);
#6896 = CARTESIAN_POINT('',(130.556,163.576,0.));
#6897 = SURFACE_CURVE('',#6898,(#6903,#6909),.PCURVE_S1.);
#6898 = CIRCLE('',#6899,12.7);
#6899 = AXIS2_PLACEMENT_3D('',#6900,#6901,#6902);
#6900 = CARTESIAN_POINT('',(117.856,163.576,0.));
#6901 = DIRECTION('',(0.,0.,1.));
#6902 = DIRECTION('',(0.,-1.,0.));
#6903 = PCURVE('',#2578,#6904);
#6904 = DEFINITIONAL_REPRESENTATION('',(#6905),#6908);
#6905 = B_SPLINE_CURVE_WITH_KNOTS('',1,(#6906,#6907),.UNSPECIFIED.,.F.,
  .F.,(2,2),(1.570796326795,3.14159265359),.PIECEWISE_BEZIER_KNOTS.);
#6906 = CARTESIAN_POINT('',(0.,0.));
#6907 = CARTESIAN_POINT('',(1.570796326795,0.));
#6908 = ( GEOMETRIC_REPRESENTATION_CONTEXT(2) 
PARAMETRIC_REPRESENTATION_CONTEXT() REPRESENTATION_CONTEXT('2D SPACE',''
  ) );
#6909 = PCURVE('',#6790,#6910);
#6910 = DEFINITIONAL_REPRESENTATION('',(#6911),#6915);
#6911 = CIRCLE('',#6912,12.7);
#6912 = AXIS2_PLACEMENT_2D('',#6913,#6914);
#6913 = CARTESIAN_POINT('',(117.856,163.576));
#6914 = DIRECTION('',(0.,-1.));
#6915 = ( GEOMETRIC_REPRESENTATION_CONTEXT(2) 
PARAMETRIC_REPRESENTATION_CONTEXT() REPRESENTATION_CONTEXT('2D SPACE',''
  ) );
#6916 = ORIENTED_EDGE('',*,*,#6869,.T.);
#6917 = ORIENTED_EDGE('',*,*,#2561,.F.);
#6918 = ORIENTED_EDGE('',*,*,#6919,.F.);
#6919 = EDGE_CURVE('',#6895,#2562,#6920,.T.);
#6920 = SURFACE_CURVE('',#6921,(#6925,#6931),.PCURVE_S1.);
#6921 = LINE('',#6922,#6923);
#6922 = CARTESIAN_POINT('',(130.556,163.576,0.));
#6923 = VECTOR('',#6924,1.);
#6924 = DIRECTION('',(0.,0.,1.));
#6925 = PCURVE('',#2578,#6926);
#6926 = DEFINITIONAL_REPRESENTATION('',(#6927),#6930);
#6927 = B_SPLINE_CURVE_WITH_KNOTS('',1,(#6928,#6929),.UNSPECIFIED.,.F.,
  .F.,(2,2),(0.,6.35),.PIECEWISE_BEZIER_KNOTS.);
#6928 = CARTESIAN_POINT('',(0.,0.));
#6929 = CARTESIAN_POINT('',(0.,6.35));
#6930 = ( GEOMETRIC_REPRESENTATION_CONTEXT(2) 
PARAMETRIC_REPRESENTATION_CONTEXT() REPRESENTATION_CONTEXT('2D SPACE',''
  ) );
#6931 = PCURVE('',#2605,#6932);
#6932 = DEFINITIONAL_REPRESENTATION('',(#6933),#6937);
#6933 = LINE('',#6934,#6935);
#6934 = CARTESIAN_POINT('',(339.852,0.));
#6935 = VECTOR('',#6936,1.);
#6936 = DIRECTION('',(0.,-1.));
#6937 = ( GEOMETRIC_REPRESENTATION_CONTEXT(2) 
PARAMETRIC_REPRESENTATION_CONTEXT() REPRESENTATION_CONTEXT('2D SPACE',''
  ) );
#6938 = ADVANCED_FACE('',(#6939),#2605,.F.);
#6939 = FACE_BOUND('',#6940,.F.);
#6940 = EDGE_LOOP('',(#6941,#6964,#6984,#6985));
#6941 = ORIENTED_EDGE('',*,*,#6942,.F.);
#6942 = EDGE_CURVE('',#6943,#6895,#6945,.T.);
#6943 = VERTEX_POINT('',#6944);
#6944 = CARTESIAN_POINT('',(130.556,-163.576,0.));
#6945 = SURFACE_CURVE('',#6946,(#6950,#6957),.PCURVE_S1.);
#6946 = LINE('',#6947,#6948);
#6947 = CARTESIAN_POINT('',(130.556,-176.276,0.));
#6948 = VECTOR('',#6949,1.);
#6949 = DIRECTION('',(0.,1.,0.));
#6950 = PCURVE('',#2605,#6951);
#6951 = DEFINITIONAL_REPRESENTATION('',(#6952),#6956);
#6952 = LINE('',#6953,#6954);
#6953 = CARTESIAN_POINT('',(0.,0.));
#6954 = VECTOR('',#6955,1.);
#6955 = DIRECTION('',(1.,0.));
#6956 = ( GEOMETRIC_REPRESENTATION_CONTEXT(2) 
PARAMETRIC_REPRESENTATION_CONTEXT() REPRESENTATION_CONTEXT('2D SPACE',''
  ) );
#6957 = PCURVE('',#6790,#6958);
#6958 = DEFINITIONAL_REPRESENTATION('',(#6959),#6963);
#6959 = LINE('',#6960,#6961);
#6960 = CARTESIAN_POINT('',(130.556,-176.276));
#6961 = VECTOR('',#6962,1.);
#6962 = DIRECTION('',(0.,1.));
#6963 = ( GEOMETRIC_REPRESENTATION_CONTEXT(2) 
PARAMETRIC_REPRESENTATION_CONTEXT() REPRESENTATION_CONTEXT('2D SPACE',''
  ) );
#6964 = ORIENTED_EDGE('',*,*,#6965,.T.);
#6965 = EDGE_CURVE('',#6943,#2590,#6966,.T.);
#6966 = SURFACE_CURVE('',#6967,(#6971,#6978),.PCURVE_S1.);
#6967 = LINE('',#6968,#6969);
#6968 = CARTESIAN_POINT('',(130.556,-163.576,0.));
#6969 = VECTOR('',#6970,1.);
#6970 = DIRECTION('',(0.,0.,1.));
#6971 = PCURVE('',#2605,#6972);
#6972 = DEFINITIONAL_REPRESENTATION('',(#6973),#6977);
#6973 = LINE('',#6974,#6975);
#6974 = CARTESIAN_POINT('',(12.7,0.));
#6975 = VECTOR('',#6976,1.);
#6976 = DIRECTION('',(0.,-1.));
#6977 = ( GEOMETRIC_REPRESENTATION_CONTEXT(2) 
PARAMETRIC_REPRESENTATION_CONTEXT() REPRESENTATION_CONTEXT('2D SPACE',''
  ) );
#6978 = PCURVE('',#2634,#6979);
#6979 = DEFINITIONAL_REPRESENTATION('',(#6980),#6983);
#6980 = B_SPLINE_CURVE_WITH_KNOTS('',1,(#6981,#6982),.UNSPECIFIED.,.F.,
  .F.,(2,2),(0.,6.35),.PIECEWISE_BEZIER_KNOTS.);
#6981 = CARTESIAN_POINT('',(1.570796326795,0.));
#6982 = CARTESIAN_POINT('',(1.570796326795,6.35));
#6983 = ( GEOMETRIC_REPRESENTATION_CONTEXT(2) 
PARAMETRIC_REPRESENTATION_CONTEXT() REPRESENTATION_CONTEXT('2D SPACE',''
  ) );
#6984 = ORIENTED_EDGE('',*,*,#2589,.T.);
#6985 = ORIENTED_EDGE('',*,*,#6919,.F.);
#6986 = ADVANCED_FACE('',(#6987),#2634,.T.);
#6987 = FACE_BOUND('',#6988,.T.);
#6988 = EDGE_LOOP('',(#6989,#7012,#7013,#7014));
#6989 = ORIENTED_EDGE('',*,*,#6990,.T.);
#6990 = EDGE_CURVE('',#6991,#6943,#6993,.T.);
#6991 = VERTEX_POINT('',#6992);
#6992 = CARTESIAN_POINT('',(117.856,-176.276,0.));
#6993 = SURFACE_CURVE('',#6994,(#6999,#7005),.PCURVE_S1.);
#6994 = CIRCLE('',#6995,12.7);
#6995 = AXIS2_PLACEMENT_3D('',#6996,#6997,#6998);
#6996 = CARTESIAN_POINT('',(117.856,-163.576,0.));
#6997 = DIRECTION('',(0.,0.,1.));
#6998 = DIRECTION('',(0.,-1.,0.));
#6999 = PCURVE('',#2634,#7000);
#7000 = DEFINITIONAL_REPRESENTATION('',(#7001),#7004);
#7001 = B_SPLINE_CURVE_WITH_KNOTS('',1,(#7002,#7003),.UNSPECIFIED.,.F.,
  .F.,(2,2),(0.,1.570796326795),.PIECEWISE_BEZIER_KNOTS.);
#7002 = CARTESIAN_POINT('',(0.,0.));
#7003 = CARTESIAN_POINT('',(1.570796326795,0.));
#7004 = ( GEOMETRIC_REPRESENTATION_CONTEXT(2) 
PARAMETRIC_REPRESENTATION_CONTEXT() REPRESENTATION_CONTEXT('2D SPACE',''
  ) );
#7005 = PCURVE('',#6790,#7006);
#7006 = DEFINITIONAL_REPRESENTATION('',(#7007),#7011);
#7007 = CIRCLE('',#7008,12.7);
#7008 = AXIS2_PLACEMENT_2D('',#7009,#7010);
#7009 = CARTESIAN_POINT('',(117.856,-163.576));
#7010 = DIRECTION('',(0.,-1.));
#7011 = ( GEOMETRIC_REPRESENTATION_CONTEXT(2) 
PARAMETRIC_REPRESENTATION_CONTEXT() REPRESENTATION_CONTEXT('2D SPACE',''
  ) );
#7012 = ORIENTED_EDGE('',*,*,#6965,.T.);
#7013 = ORIENTED_EDGE('',*,*,#2617,.F.);
#7014 = ORIENTED_EDGE('',*,*,#7015,.F.);
#7015 = EDGE_CURVE('',#6991,#2618,#7016,.T.);
#7016 = SURFACE_CURVE('',#7017,(#7021,#7027),.PCURVE_S1.);
#7017 = LINE('',#7018,#7019);
#7018 = CARTESIAN_POINT('',(117.856,-176.276,0.));
#7019 = VECTOR('',#7020,1.);
#7020 = DIRECTION('',(0.,0.,1.));
#7021 = PCURVE('',#2634,#7022);
#7022 = DEFINITIONAL_REPRESENTATION('',(#7023),#7026);
#7023 = B_SPLINE_CURVE_WITH_KNOTS('',1,(#7024,#7025),.UNSPECIFIED.,.F.,
  .F.,(2,2),(0.,6.35),.PIECEWISE_BEZIER_KNOTS.);
#7024 = CARTESIAN_POINT('',(0.,0.));
#7025 = CARTESIAN_POINT('',(0.,6.35));
#7026 = ( GEOMETRIC_REPRESENTATION_CONTEXT(2) 
PARAMETRIC_REPRESENTATION_CONTEXT() REPRESENTATION_CONTEXT('2D SPACE',''
  ) );
#7027 = PCURVE('',#2661,#7028);
#7028 = DEFINITIONAL_REPRESENTATION('',(#7029),#7033);
#7029 = LINE('',#7030,#7031);
#7030 = CARTESIAN_POINT('',(248.412,0.));
#7031 = VECTOR('',#7032,1.);
#7032 = DIRECTION('',(0.,-1.));
#7033 = ( GEOMETRIC_REPRESENTATION_CONTEXT(2) 
PARAMETRIC_REPRESENTATION_CONTEXT() REPRESENTATION_CONTEXT('2D SPACE',''
  ) );
#7034 = ADVANCED_FACE('',(#7035),#2661,.F.);
#7035 = FACE_BOUND('',#7036,.F.);
#7036 = EDGE_LOOP('',(#7037,#7060,#7080,#7081));
#7037 = ORIENTED_EDGE('',*,*,#7038,.F.);
#7038 = EDGE_CURVE('',#7039,#6991,#7041,.T.);
#7039 = VERTEX_POINT('',#7040);
#7040 = CARTESIAN_POINT('',(-117.856,-176.276,0.));
#7041 = SURFACE_CURVE('',#7042,(#7046,#7053),.PCURVE_S1.);
#7042 = LINE('',#7043,#7044);
#7043 = CARTESIAN_POINT('',(-130.556,-176.276,0.));
#7044 = VECTOR('',#7045,1.);
#7045 = DIRECTION('',(1.,0.,0.));
#7046 = PCURVE('',#2661,#7047);
#7047 = DEFINITIONAL_REPRESENTATION('',(#7048),#7052);
#7048 = LINE('',#7049,#7050);
#7049 = CARTESIAN_POINT('',(0.,0.));
#7050 = VECTOR('',#7051,1.);
#7051 = DIRECTION('',(1.,0.));
#7052 = ( GEOMETRIC_REPRESENTATION_CONTEXT(2) 
PARAMETRIC_REPRESENTATION_CONTEXT() REPRESENTATION_CONTEXT('2D SPACE',''
  ) );
#7053 = PCURVE('',#6790,#7054);
#7054 = DEFINITIONAL_REPRESENTATION('',(#7055),#7059);
#7055 = LINE('',#7056,#7057);
#7056 = CARTESIAN_POINT('',(-130.556,-176.276));
#7057 = VECTOR('',#7058,1.);
#7058 = DIRECTION('',(1.,0.));
#7059 = ( GEOMETRIC_REPRESENTATION_CONTEXT(2) 
PARAMETRIC_REPRESENTATION_CONTEXT() REPRESENTATION_CONTEXT('2D SPACE',''
  ) );
#7060 = ORIENTED_EDGE('',*,*,#7061,.T.);
#7061 = EDGE_CURVE('',#7039,#2646,#7062,.T.);
#7062 = SURFACE_CURVE('',#7063,(#7067,#7074),.PCURVE_S1.);
#7063 = LINE('',#7064,#7065);
#7064 = CARTESIAN_POINT('',(-117.856,-176.276,0.));
#7065 = VECTOR('',#7066,1.);
#7066 = DIRECTION('',(0.,0.,1.));
#7067 = PCURVE('',#2661,#7068);
#7068 = DEFINITIONAL_REPRESENTATION('',(#7069),#7073);
#7069 = LINE('',#7070,#7071);
#7070 = CARTESIAN_POINT('',(12.7,0.));
#7071 = VECTOR('',#7072,1.);
#7072 = DIRECTION('',(0.,-1.));
#7073 = ( GEOMETRIC_REPRESENTATION_CONTEXT(2) 
PARAMETRIC_REPRESENTATION_CONTEXT() REPRESENTATION_CONTEXT('2D SPACE',''
  ) );
#7074 = PCURVE('',#2694,#7075);
#7075 = DEFINITIONAL_REPRESENTATION('',(#7076),#7079);
#7076 = B_SPLINE_CURVE_WITH_KNOTS('',1,(#7077,#7078),.UNSPECIFIED.,.F.,
  .F.,(2,2),(0.,6.35),.PIECEWISE_BEZIER_KNOTS.);
#7077 = CARTESIAN_POINT('',(0.,0.));
#7078 = CARTESIAN_POINT('',(0.,6.35));
#7079 = ( GEOMETRIC_REPRESENTATION_CONTEXT(2) 
PARAMETRIC_REPRESENTATION_CONTEXT() REPRESENTATION_CONTEXT('2D SPACE',''
  ) );
#7080 = ORIENTED_EDGE('',*,*,#2645,.T.);
#7081 = ORIENTED_EDGE('',*,*,#7015,.F.);
#7082 = ADVANCED_FACE('',(#7083),#2694,.T.);
#7083 = FACE_BOUND('',#7084,.F.);
#7084 = EDGE_LOOP('',(#7085,#7112,#7132,#7133));
#7085 = ORIENTED_EDGE('',*,*,#7086,.T.);
#7086 = EDGE_CURVE('',#7039,#7087,#7089,.T.);
#7087 = VERTEX_POINT('',#7088);
#7088 = CARTESIAN_POINT('',(-130.556,-163.576,0.));
#7089 = SURFACE_CURVE('',#7090,(#7095,#7101),.PCURVE_S1.);
#7090 = CIRCLE('',#7091,12.7);
#7091 = AXIS2_PLACEMENT_3D('',#7092,#7093,#7094);
#7092 = CARTESIAN_POINT('',(-117.856,-163.576,0.));
#7093 = DIRECTION('',(-0.,-0.,-1.));
#7094 = DIRECTION('',(0.,-1.,0.));
#7095 = PCURVE('',#2694,#7096);
#7096 = DEFINITIONAL_REPRESENTATION('',(#7097),#7100);
#7097 = B_SPLINE_CURVE_WITH_KNOTS('',1,(#7098,#7099),.UNSPECIFIED.,.F.,
  .F.,(2,2),(0.,1.570796326795),.PIECEWISE_BEZIER_KNOTS.);
#7098 = CARTESIAN_POINT('',(0.,0.));
#7099 = CARTESIAN_POINT('',(-1.570796326795,0.));
#7100 = ( GEOMETRIC_REPRESENTATION_CONTEXT(2) 
PARAMETRIC_REPRESENTATION_CONTEXT() REPRESENTATION_CONTEXT('2D SPACE',''
  ) );
#7101 = PCURVE('',#6790,#7102);
#7102 = DEFINITIONAL_REPRESENTATION('',(#7103),#7111);
#7103 = ( BOUNDED_CURVE() B_SPLINE_CURVE(2,(#7104,#7105,#7106,#7107,
#7108,#7109,#7110),.UNSPECIFIED.,.T.,.F.) B_SPLINE_CURVE_WITH_KNOTS((1,2
    ,2,2,2,1),(-2.094395102393,0.,2.094395102393,4.188790204786,
6.28318530718,8.377580409573),.UNSPECIFIED.) CURVE() 
GEOMETRIC_REPRESENTATION_ITEM() RATIONAL_B_SPLINE_CURVE((1.,0.5,1.,0.5,
1.,0.5,1.)) REPRESENTATION_ITEM('') );
#7104 = CARTESIAN_POINT('',(-117.856,-176.276));
#7105 = CARTESIAN_POINT('',(-139.8530452561,-176.276));
#7106 = CARTESIAN_POINT('',(-128.854522628,-157.226));
#7107 = CARTESIAN_POINT('',(-117.856,-138.176));
#7108 = CARTESIAN_POINT('',(-106.8574773719,-157.226));
#7109 = CARTESIAN_POINT('',(-95.85895474387,-176.276));
#7110 = CARTESIAN_POINT('',(-117.856,-176.276));
#7111 = ( GEOMETRIC_REPRESENTATION_CONTEXT(2) 
PARAMETRIC_REPRESENTATION_CONTEXT() REPRESENTATION_CONTEXT('2D SPACE',''
  ) );
#7112 = ORIENTED_EDGE('',*,*,#7113,.T.);
#7113 = EDGE_CURVE('',#7087,#2674,#7114,.T.);
#7114 = SURFACE_CURVE('',#7115,(#7119,#7125),.PCURVE_S1.);
#7115 = LINE('',#7116,#7117);
#7116 = CARTESIAN_POINT('',(-130.556,-163.576,0.));
#7117 = VECTOR('',#7118,1.);
#7118 = DIRECTION('',(0.,0.,1.));
#7119 = PCURVE('',#2694,#7120);
#7120 = DEFINITIONAL_REPRESENTATION('',(#7121),#7124);
#7121 = B_SPLINE_CURVE_WITH_KNOTS('',1,(#7122,#7123),.UNSPECIFIED.,.F.,
  .F.,(2,2),(0.,6.35),.PIECEWISE_BEZIER_KNOTS.);
#7122 = CARTESIAN_POINT('',(-1.570796326795,0.));
#7123 = CARTESIAN_POINT('',(-1.570796326795,6.35));
#7124 = ( GEOMETRIC_REPRESENTATION_CONTEXT(2) 
PARAMETRIC_REPRESENTATION_CONTEXT() REPRESENTATION_CONTEXT('2D SPACE',''
  ) );
#7125 = PCURVE('',#2719,#7126);
#7126 = DEFINITIONAL_REPRESENTATION('',(#7127),#7131);
#7127 = LINE('',#7128,#7129);
#7128 = CARTESIAN_POINT('',(339.852,0.));
#7129 = VECTOR('',#7130,1.);
#7130 = DIRECTION('',(0.,-1.));
#7131 = ( GEOMETRIC_REPRESENTATION_CONTEXT(2) 
PARAMETRIC_REPRESENTATION_CONTEXT() REPRESENTATION_CONTEXT('2D SPACE',''
  ) );
#7132 = ORIENTED_EDGE('',*,*,#2673,.F.);
#7133 = ORIENTED_EDGE('',*,*,#7061,.F.);
#7134 = ADVANCED_FACE('',(#7135),#2719,.F.);
#7135 = FACE_BOUND('',#7136,.F.);
#7136 = EDGE_LOOP('',(#7137,#7158,#7159,#7160));
#7137 = ORIENTED_EDGE('',*,*,#7138,.F.);
#7138 = EDGE_CURVE('',#6775,#7087,#7139,.T.);
#7139 = SURFACE_CURVE('',#7140,(#7144,#7151),.PCURVE_S1.);
#7140 = LINE('',#7141,#7142);
#7141 = CARTESIAN_POINT('',(-130.556,176.276,0.));
#7142 = VECTOR('',#7143,1.);
#7143 = DIRECTION('',(0.,-1.,0.));
#7144 = PCURVE('',#2719,#7145);
#7145 = DEFINITIONAL_REPRESENTATION('',(#7146),#7150);
#7146 = LINE('',#7147,#7148);
#7147 = CARTESIAN_POINT('',(0.,0.));
#7148 = VECTOR('',#7149,1.);
#7149 = DIRECTION('',(1.,0.));
#7150 = ( GEOMETRIC_REPRESENTATION_CONTEXT(2) 
PARAMETRIC_REPRESENTATION_CONTEXT() REPRESENTATION_CONTEXT('2D SPACE',''
  ) );
#7151 = PCURVE('',#6790,#7152);
#7152 = DEFINITIONAL_REPRESENTATION('',(#7153),#7157);
#7153 = LINE('',#7154,#7155);
#7154 = CARTESIAN_POINT('',(-130.556,176.276));
#7155 = VECTOR('',#7156,1.);
#7156 = DIRECTION('',(0.,-1.));
#7157 = ( GEOMETRIC_REPRESENTATION_CONTEXT(2) 
PARAMETRIC_REPRESENTATION_CONTEXT() REPRESENTATION_CONTEXT('2D SPACE',''
  ) );
#7158 = ORIENTED_EDGE('',*,*,#6802,.T.);
#7159 = ORIENTED_EDGE('',*,*,#2705,.T.);
#7160 = ORIENTED_EDGE('',*,*,#7113,.F.);
#7161 = ADVANCED_FACE('',(#7162),#2904,.F.);
#7162 = FACE_BOUND('',#7163,.F.);
#7163 = EDGE_LOOP('',(#7164,#7165,#7166,#7167,#7168,#7169,#7170,#7171));
#7164 = ORIENTED_EDGE('',*,*,#3316,.T.);
#7165 = ORIENTED_EDGE('',*,*,#2886,.T.);
#7166 = ORIENTED_EDGE('',*,*,#6403,.T.);
#7167 = ORIENTED_EDGE('',*,*,#6354,.F.);
#7168 = ORIENTED_EDGE('',*,*,#6327,.F.);
#7169 = ORIENTED_EDGE('',*,*,#6258,.F.);
#7170 = ORIENTED_EDGE('',*,*,#6207,.T.);
#7171 = ORIENTED_EDGE('',*,*,#3438,.T.);
#7172 = ADVANCED_FACE('',(#7173),#3000,.F.);
#7173 = FACE_BOUND('',#7174,.F.);
#7174 = EDGE_LOOP('',(#7175,#7176,#7177,#7178,#7179,#7201,#7229,#7249));
#7175 = ORIENTED_EDGE('',*,*,#6430,.F.);
#7176 = ORIENTED_EDGE('',*,*,#2984,.T.);
#7177 = ORIENTED_EDGE('',*,*,#6747,.T.);
#7178 = ORIENTED_EDGE('',*,*,#6698,.F.);
#7179 = ORIENTED_EDGE('',*,*,#7180,.T.);
#7180 = EDGE_CURVE('',#6671,#7181,#7183,.T.);
#7181 = VERTEX_POINT('',#7182);
#7182 = CARTESIAN_POINT('',(-140.208,-62.23,179.07));
#7183 = SURFACE_CURVE('',#7184,(#7188,#7195),.PCURVE_S1.);
#7184 = LINE('',#7185,#7186);
#7185 = CARTESIAN_POINT('',(-160.528,-62.23,179.07));
#7186 = VECTOR('',#7187,1.);
#7187 = DIRECTION('',(1.,0.,0.));
#7188 = PCURVE('',#3000,#7189);
#7189 = DEFINITIONAL_REPRESENTATION('',(#7190),#7194);
#7190 = LINE('',#7191,#7192);
#7191 = CARTESIAN_POINT('',(-160.528,-62.23));
#7192 = VECTOR('',#7193,1.);
#7193 = DIRECTION('',(1.,0.));
#7194 = ( GEOMETRIC_REPRESENTATION_CONTEXT(2) 
PARAMETRIC_REPRESENTATION_CONTEXT() REPRESENTATION_CONTEXT('2D SPACE',''
  ) );
#7195 = PCURVE('',#6687,#7196);
#7196 = DEFINITIONAL_REPRESENTATION('',(#7197),#7200);
#7197 = B_SPLINE_CURVE_WITH_KNOTS('',1,(#7198,#7199),.UNSPECIFIED.,.F.,
  .F.,(2,2),(10.16,20.32),.PIECEWISE_BEZIER_KNOTS.);
#7198 = CARTESIAN_POINT('',(-1.570796326795,10.16));
#7199 = CARTESIAN_POINT('',(-1.570796326795,20.32));
#7200 = ( GEOMETRIC_REPRESENTATION_CONTEXT(2) 
PARAMETRIC_REPRESENTATION_CONTEXT() REPRESENTATION_CONTEXT('2D SPACE',''
  ) );
#7201 = ORIENTED_EDGE('',*,*,#7202,.T.);
#7202 = EDGE_CURVE('',#7181,#7203,#7205,.T.);
#7203 = VERTEX_POINT('',#7204);
#7204 = CARTESIAN_POINT('',(-140.208,62.23,179.07));
#7205 = SURFACE_CURVE('',#7206,(#7210,#7217),.PCURVE_S1.);
#7206 = LINE('',#7207,#7208);
#7207 = CARTESIAN_POINT('',(-140.208,-69.85,179.07));
#7208 = VECTOR('',#7209,1.);
#7209 = DIRECTION('',(0.,1.,0.));
#7210 = PCURVE('',#3000,#7211);
#7211 = DEFINITIONAL_REPRESENTATION('',(#7212),#7216);
#7212 = LINE('',#7213,#7214);
#7213 = CARTESIAN_POINT('',(-140.208,-69.85));
#7214 = VECTOR('',#7215,1.);
#7215 = DIRECTION('',(0.,1.));
#7216 = ( GEOMETRIC_REPRESENTATION_CONTEXT(2) 
PARAMETRIC_REPRESENTATION_CONTEXT() REPRESENTATION_CONTEXT('2D SPACE',''
  ) );
#7217 = PCURVE('',#7218,#7223);
#7218 = PLANE('',#7219);
#7219 = AXIS2_PLACEMENT_3D('',#7220,#7221,#7222);
#7220 = CARTESIAN_POINT('',(-140.208,-69.85,153.67));
#7221 = DIRECTION('',(1.,0.,0.));
#7222 = DIRECTION('',(0.,0.,1.));
#7223 = DEFINITIONAL_REPRESENTATION('',(#7224),#7228);
#7224 = LINE('',#7225,#7226);
#7225 = CARTESIAN_POINT('',(25.4,0.));
#7226 = VECTOR('',#7227,1.);
#7227 = DIRECTION('',(0.,-1.));
#7228 = ( GEOMETRIC_REPRESENTATION_CONTEXT(2) 
PARAMETRIC_REPRESENTATION_CONTEXT() REPRESENTATION_CONTEXT('2D SPACE',''
  ) );
#7229 = ORIENTED_EDGE('',*,*,#7230,.F.);
#7230 = EDGE_CURVE('',#6480,#7203,#7231,.T.);
#7231 = SURFACE_CURVE('',#7232,(#7236,#7243),.PCURVE_S1.);
#7232 = LINE('',#7233,#7234);
#7233 = CARTESIAN_POINT('',(-160.528,62.23,179.07));
#7234 = VECTOR('',#7235,1.);
#7235 = DIRECTION('',(1.,0.,0.));
#7236 = PCURVE('',#3000,#7237);
#7237 = DEFINITIONAL_REPRESENTATION('',(#7238),#7242);
#7238 = LINE('',#7239,#7240);
#7239 = CARTESIAN_POINT('',(-160.528,62.23));
#7240 = VECTOR('',#7241,1.);
#7241 = DIRECTION('',(1.,0.));
#7242 = ( GEOMETRIC_REPRESENTATION_CONTEXT(2) 
PARAMETRIC_REPRESENTATION_CONTEXT() REPRESENTATION_CONTEXT('2D SPACE',''
  ) );
#7243 = PCURVE('',#6519,#7244);
#7244 = DEFINITIONAL_REPRESENTATION('',(#7245),#7248);
#7245 = B_SPLINE_CURVE_WITH_KNOTS('',1,(#7246,#7247),.UNSPECIFIED.,.F.,
  .F.,(2,2),(10.16,20.32),.PIECEWISE_BEZIER_KNOTS.);
#7246 = CARTESIAN_POINT('',(1.570796326795,10.16));
#7247 = CARTESIAN_POINT('',(1.570796326795,20.32));
#7248 = ( GEOMETRIC_REPRESENTATION_CONTEXT(2) 
PARAMETRIC_REPRESENTATION_CONTEXT() REPRESENTATION_CONTEXT('2D SPACE',''
  ) );
#7249 = ORIENTED_EDGE('',*,*,#6479,.F.);
#7250 = ADVANCED_FACE('',(#7251),#3185,.F.);
#7251 = FACE_BOUND('',#7252,.F.);
#7252 = EDGE_LOOP('',(#7253,#7254,#7255,#7256,#7257,#7258,#7259,#7260));
#7253 = ORIENTED_EDGE('',*,*,#5670,.F.);
#7254 = ORIENTED_EDGE('',*,*,#5643,.T.);
#7255 = ORIENTED_EDGE('',*,*,#3169,.T.);
#7256 = ORIENTED_EDGE('',*,*,#3364,.T.);
#7257 = ORIENTED_EDGE('',*,*,#3412,.T.);
#7258 = ORIENTED_EDGE('',*,*,#5813,.F.);
#7259 = ORIENTED_EDGE('',*,*,#5766,.F.);
#7260 = ORIENTED_EDGE('',*,*,#5739,.F.);
#7261 = ADVANCED_FACE('',(#7262),#3258,.F.);
#7262 = FACE_BOUND('',#7263,.F.);
#7263 = EDGE_LOOP('',(#7264,#7265,#7266,#7267,#7268,#7269,#7291,#7319));
#7264 = ORIENTED_EDGE('',*,*,#5310,.F.);
#7265 = ORIENTED_EDGE('',*,*,#5283,.T.);
#7266 = ORIENTED_EDGE('',*,*,#3242,.T.);
#7267 = ORIENTED_EDGE('',*,*,#5594,.F.);
#7268 = ORIENTED_EDGE('',*,*,#5545,.F.);
#7269 = ORIENTED_EDGE('',*,*,#7270,.F.);
#7270 = EDGE_CURVE('',#7271,#5514,#7273,.T.);
#7271 = VERTEX_POINT('',#7272);
#7272 = CARTESIAN_POINT('',(140.208,62.23,179.07));
#7273 = SURFACE_CURVE('',#7274,(#7278,#7285),.PCURVE_S1.);
#7274 = LINE('',#7275,#7276);
#7275 = CARTESIAN_POINT('',(140.208,62.23,179.07));
#7276 = VECTOR('',#7277,1.);
#7277 = DIRECTION('',(1.,0.,0.));
#7278 = PCURVE('',#3258,#7279);
#7279 = DEFINITIONAL_REPRESENTATION('',(#7280),#7284);
#7280 = LINE('',#7281,#7282);
#7281 = CARTESIAN_POINT('',(140.208,62.23));
#7282 = VECTOR('',#7283,1.);
#7283 = DIRECTION('',(1.,0.));
#7284 = ( GEOMETRIC_REPRESENTATION_CONTEXT(2) 
PARAMETRIC_REPRESENTATION_CONTEXT() REPRESENTATION_CONTEXT('2D SPACE',''
  ) );
#7285 = PCURVE('',#5534,#7286);
#7286 = DEFINITIONAL_REPRESENTATION('',(#7287),#7290);
#7287 = B_SPLINE_CURVE_WITH_KNOTS('',1,(#7288,#7289),.UNSPECIFIED.,.F.,
  .F.,(2,2),(0.,10.16),.PIECEWISE_BEZIER_KNOTS.);
#7288 = CARTESIAN_POINT('',(1.570796326795,0.));
#7289 = CARTESIAN_POINT('',(1.570796326795,10.16));
#7290 = ( GEOMETRIC_REPRESENTATION_CONTEXT(2) 
PARAMETRIC_REPRESENTATION_CONTEXT() REPRESENTATION_CONTEXT('2D SPACE',''
  ) );
#7291 = ORIENTED_EDGE('',*,*,#7292,.F.);
#7292 = EDGE_CURVE('',#7293,#7271,#7295,.T.);
#7293 = VERTEX_POINT('',#7294);
#7294 = CARTESIAN_POINT('',(140.208,-62.23,179.07));
#7295 = SURFACE_CURVE('',#7296,(#7300,#7307),.PCURVE_S1.);
#7296 = LINE('',#7297,#7298);
#7297 = CARTESIAN_POINT('',(140.208,-69.85,179.07));
#7298 = VECTOR('',#7299,1.);
#7299 = DIRECTION('',(0.,1.,0.));
#7300 = PCURVE('',#3258,#7301);
#7301 = DEFINITIONAL_REPRESENTATION('',(#7302),#7306);
#7302 = LINE('',#7303,#7304);
#7303 = CARTESIAN_POINT('',(140.208,-69.85));
#7304 = VECTOR('',#7305,1.);
#7305 = DIRECTION('',(0.,1.));
#7306 = ( GEOMETRIC_REPRESENTATION_CONTEXT(2) 
PARAMETRIC_REPRESENTATION_CONTEXT() REPRESENTATION_CONTEXT('2D SPACE',''
  ) );
#7307 = PCURVE('',#7308,#7313);
#7308 = PLANE('',#7309);
#7309 = AXIS2_PLACEMENT_3D('',#7310,#7311,#7312);
#7310 = CARTESIAN_POINT('',(140.208,-69.85,153.67));
#7311 = DIRECTION('',(1.,0.,0.));
#7312 = DIRECTION('',(0.,0.,1.));
#7313 = DEFINITIONAL_REPRESENTATION('',(#7314),#7318);
#7314 = LINE('',#7315,#7316);
#7315 = CARTESIAN_POINT('',(25.4,0.));
#7316 = VECTOR('',#7317,1.);
#7317 = DIRECTION('',(0.,-1.));
#7318 = ( GEOMETRIC_REPRESENTATION_CONTEXT(2) 
PARAMETRIC_REPRESENTATION_CONTEXT() REPRESENTATION_CONTEXT('2D SPACE',''
  ) );
#7319 = ORIENTED_EDGE('',*,*,#7320,.T.);
#7320 = EDGE_CURVE('',#7293,#5311,#7321,.T.);
#7321 = SURFACE_CURVE('',#7322,(#7326,#7333),.PCURVE_S1.);
#7322 = LINE('',#7323,#7324);
#7323 = CARTESIAN_POINT('',(140.208,-62.23,179.07));
#7324 = VECTOR('',#7325,1.);
#7325 = DIRECTION('',(1.,0.,0.));
#7326 = PCURVE('',#3258,#7327);
#7327 = DEFINITIONAL_REPRESENTATION('',(#7328),#7332);
#7328 = LINE('',#7329,#7330);
#7329 = CARTESIAN_POINT('',(140.208,-62.23));
#7330 = VECTOR('',#7331,1.);
#7331 = DIRECTION('',(1.,0.));
#7332 = ( GEOMETRIC_REPRESENTATION_CONTEXT(2) 
PARAMETRIC_REPRESENTATION_CONTEXT() REPRESENTATION_CONTEXT('2D SPACE',''
  ) );
#7333 = PCURVE('',#5354,#7334);
#7334 = DEFINITIONAL_REPRESENTATION('',(#7335),#7338);
#7335 = B_SPLINE_CURVE_WITH_KNOTS('',1,(#7336,#7337),.UNSPECIFIED.,.F.,
  .F.,(2,2),(0.,10.16),.PIECEWISE_BEZIER_KNOTS.);
#7336 = CARTESIAN_POINT('',(-1.570796326795,0.));
#7337 = CARTESIAN_POINT('',(-1.570796326795,10.16));
#7338 = ( GEOMETRIC_REPRESENTATION_CONTEXT(2) 
PARAMETRIC_REPRESENTATION_CONTEXT() REPRESENTATION_CONTEXT('2D SPACE',''
  ) );
#7339 = ADVANCED_FACE('',(#7340),#3522,.F.);
#7340 = FACE_BOUND('',#7341,.F.);
#7341 = EDGE_LOOP('',(#7342,#7343,#7344,#7345));
#7342 = ORIENTED_EDGE('',*,*,#5840,.T.);
#7343 = ORIENTED_EDGE('',*,*,#3506,.T.);
#7344 = ORIENTED_EDGE('',*,*,#6180,.F.);
#7345 = ORIENTED_EDGE('',*,*,#5891,.F.);
#7346 = ADVANCED_FACE('',(#7347),#3685,.F.);
#7347 = FACE_BOUND('',#7348,.F.);
#7348 = EDGE_LOOP('',(#7349,#7370,#7431,#7450));
#7349 = ORIENTED_EDGE('',*,*,#7350,.T.);
#7350 = EDGE_CURVE('',#3581,#7351,#7353,.T.);
#7351 = VERTEX_POINT('',#7352);
#7352 = CARTESIAN_POINT('',(104.29073422165,-161.5527969728,11.43));
#7353 = SURFACE_CURVE('',#7354,(#7358,#7364),.PCURVE_S1.);
#7354 = ( BOUNDED_CURVE() B_SPLINE_CURVE(2,(#7355,#7356,#7357),
.UNSPECIFIED.,.F.,.F.) B_SPLINE_CURVE_WITH_KNOTS((3,3),(0.,
8.290577529392),.PIECEWISE_BEZIER_KNOTS.) CURVE() 
GEOMETRIC_REPRESENTATION_ITEM() RATIONAL_B_SPLINE_CURVE((1.,
0.73167309568,1.)) REPRESENTATION_ITEM('') );
#7355 = CARTESIAN_POINT('',(104.42883243546,-165.3507554635,
    14.970667145659));
#7356 = CARTESIAN_POINT('',(104.41971467346,-165.1,11.43));
#7357 = CARTESIAN_POINT('',(104.29073422165,-161.5527969728,11.43));
#7358 = PCURVE('',#3685,#7359);
#7359 = DEFINITIONAL_REPRESENTATION('',(#7360),#7363);
#7360 = B_SPLINE_CURVE_WITH_KNOTS('',1,(#7361,#7362),.UNSPECIFIED.,.F.,
  .F.,(2,2),(0.,8.290577529392),.PIECEWISE_BEZIER_KNOTS.);
#7361 = CARTESIAN_POINT('',(0.,8.280815869365));
#7362 = CARTESIAN_POINT('',(0.838581516515,8.280815869365));
#7363 = ( GEOMETRIC_REPRESENTATION_CONTEXT(2) 
PARAMETRIC_REPRESENTATION_CONTEXT() REPRESENTATION_CONTEXT('2D SPACE',''
  ) );
#7364 = PCURVE('',#4856,#7365);
#7365 = DEFINITIONAL_REPRESENTATION('',(#7366),#7369);
#7366 = B_SPLINE_CURVE_WITH_KNOTS('',1,(#7367,#7368),.UNSPECIFIED.,.F.,
  .F.,(2,2),(0.,8.290577529392),.PIECEWISE_BEZIER_KNOTS.);
#7367 = CARTESIAN_POINT('',(0.,8.280815892543));
#7368 = CARTESIAN_POINT('',(8.290577529392,8.280815892543));
#7369 = ( GEOMETRIC_REPRESENTATION_CONTEXT(2) 
PARAMETRIC_REPRESENTATION_CONTEXT() REPRESENTATION_CONTEXT('2D SPACE',''
  ) );
#7370 = ORIENTED_EDGE('',*,*,#7371,.T.);
#7371 = EDGE_CURVE('',#7351,#7372,#7374,.T.);
#7372 = VERTEX_POINT('',#7373);
#7373 = CARTESIAN_POINT('',(115.83282780135,-150.0098882274,11.43));
#7374 = SURFACE_CURVE('',#7375,(#7396,#7402),.PCURVE_S1.);
#7375 = ( BOUNDED_CURVE() B_SPLINE_CURVE(10,(#7376,#7377,#7378,#7379,
    #7380,#7381,#7382,#7383,#7384,#7385,#7386,#7387,#7388,#7389,#7390,
    #7391,#7392,#7393,#7394,#7395),.UNSPECIFIED.,.F.,.F.) 
B_SPLINE_CURVE_WITH_KNOTS((11,9,11),(8.280815869365,8.699849284045,
9.119397385881),.UNSPECIFIED.) CURVE() GEOMETRIC_REPRESENTATION_ITEM() 
RATIONAL_B_SPLINE_CURVE((1.,1.,1.,1.,0.999999999999,1.000000000001,
    0.999999999999,1.,1.,1.,1.,1.,1.,1.,0.999999999999,1.,1.,1.,1.,1.)) 
REPRESENTATION_ITEM('') );
#7376 = CARTESIAN_POINT('',(104.29073366533,-161.5527969714,11.43));
#7377 = CARTESIAN_POINT('',(105.29652645619,-161.555396361,11.43));
#7378 = CARTESIAN_POINT('',(106.03895528586,-161.4840189015,11.43));
#7379 = CARTESIAN_POINT('',(106.81011466701,-161.3545442811,11.43));
#7380 = CARTESIAN_POINT('',(107.78171462527,-161.1946932248,11.43));
#7381 = CARTESIAN_POINT('',(108.63066744359,-160.8219170813,11.43));
#7382 = CARTESIAN_POINT('',(109.45363884421,-160.5193272627,11.43));
#7383 = CARTESIAN_POINT('',(110.31283598443,-160.0219395264,11.43));
#7384 = CARTESIAN_POINT('',(111.08645601763,-159.4972636867,11.43));
#7385 = CARTESIAN_POINT('',(111.82273877881,-158.885911446,11.43));
#7386 = CARTESIAN_POINT('',(113.16672598201,-157.541926155,11.43));
#7387 = CARTESIAN_POINT('',(113.77720008188,-156.8059403548,11.43));
#7388 = CARTESIAN_POINT('',(114.31063590112,-156.0264037042,11.43));
#7389 = CARTESIAN_POINT('',(114.78414258078,-155.173029782,11.43));
#7390 = CARTESIAN_POINT('',(115.12508634926,-154.363336822,11.43));
#7391 = CARTESIAN_POINT('',(115.46667029596,-153.4454050846,11.43));
#7392 = CARTESIAN_POINT('',(115.6164911088,-152.5905446623,11.43));
#7393 = CARTESIAN_POINT('',(115.76294474165,-151.8148022432,11.43));
#7394 = CARTESIAN_POINT('',(115.83494879067,-151.0302220175,11.43));
#7395 = CARTESIAN_POINT('',(115.83282780135,-150.0098882274,11.43));
#7396 = PCURVE('',#3685,#7397);
#7397 = DEFINITIONAL_REPRESENTATION('',(#7398),#7401);
#7398 = B_SPLINE_CURVE_WITH_KNOTS('',1,(#7399,#7400),.UNSPECIFIED.,.F.,
  .F.,(2,2),(8.280815869365,9.119397385881),.PIECEWISE_BEZIER_KNOTS.);
#7399 = CARTESIAN_POINT('',(0.838581516515,8.280815869365));
#7400 = CARTESIAN_POINT('',(0.838581516515,9.119397385881));
#7401 = ( GEOMETRIC_REPRESENTATION_CONTEXT(2) 
PARAMETRIC_REPRESENTATION_CONTEXT() REPRESENTATION_CONTEXT('2D SPACE',''
  ) );
#7402 = PCURVE('',#7403,#7408);
#7403 = PLANE('',#7404);
#7404 = AXIS2_PLACEMENT_3D('',#7405,#7406,#7407);
#7405 = CARTESIAN_POINT('',(-119.38,-165.1,11.43));
#7406 = DIRECTION('',(0.,0.,-1.));
#7407 = DIRECTION('',(0.58594564353,0.810350358073,0.));
#7408 = DEFINITIONAL_REPRESENTATION('',(#7409),#7430);
#7409 = ( BOUNDED_CURVE() B_SPLINE_CURVE(10,(#7410,#7411,#7412,#7413,
    #7414,#7415,#7416,#7417,#7418,#7419,#7420,#7421,#7422,#7423,#7424,
    #7425,#7426,#7427,#7428,#7429),.UNSPECIFIED.,.F.,.F.) 
B_SPLINE_CURVE_WITH_KNOTS((11,9,11),(8.280815869365,8.699849284045,
9.119397385881),.UNSPECIFIED.) CURVE() GEOMETRIC_REPRESENTATION_ITEM() 
RATIONAL_B_SPLINE_CURVE((1.,1.,1.,1.,0.999999999999,1.000000000001,
    0.999999999999,1.,1.,1.,1.,1.,1.,1.,0.999999999999,1.,1.,1.,1.,1.)) 
REPRESENTATION_ITEM('') );
#7410 = CARTESIAN_POINT('',(133.93336922059,179.17319095481));
#7411 = CARTESIAN_POINT('',(134.52060270843,179.98975860403));
#7412 = CARTESIAN_POINT('',(135.01346639662,180.5495627606));
#7413 = CARTESIAN_POINT('',(135.5702436815,181.09860695144));
#7414 = CARTESIAN_POINT('',(136.26908380501,181.79227929547));
#7415 = CARTESIAN_POINT('',(137.06860329181,182.2618019585));
#7416 = CARTESIAN_POINT('',(137.79602356659,182.75139594171));
#7417 = CARTESIAN_POINT('',(138.70252471807,183.1562044747));
#7418 = CARTESIAN_POINT('',(139.58099526082,183.47567622309));
#7419 = CARTESIAN_POINT('',(140.50782644434,183.71410404012));
#7420 = CARTESIAN_POINT('',(142.38442885283,184.01570222525));
#7421 = CARTESIAN_POINT('',(143.33853984885,184.07915245736));
#7422 = CARTESIAN_POINT('',(144.28280204715,184.05465626012));
#7423 = CARTESIAN_POINT('',(145.25178308675,183.93833183547));
#7424 = CARTESIAN_POINT('',(146.10769258259,183.74017967787));
#7425 = CARTESIAN_POINT('',(147.05168852017,183.4791242488));
#7426 = CARTESIAN_POINT('',(147.83221182205,183.09962985787));
#7427 = CARTESIAN_POINT('',(148.54664883736,182.76376572067));
#7428 = CARTESIAN_POINT('',(149.22462416301,182.36239286234));
#7429 = CARTESIAN_POINT('',(150.05020923074,181.76281397862));
#7430 = ( GEOMETRIC_REPRESENTATION_CONTEXT(2) 
PARAMETRIC_REPRESENTATION_CONTEXT() REPRESENTATION_CONTEXT('2D SPACE',''
  ) );
#7431 = ORIENTED_EDGE('',*,*,#7432,.F.);
#7432 = EDGE_CURVE('',#3609,#7372,#7433,.T.);
#7433 = SURFACE_CURVE('',#7434,(#7438,#7444),.PCURVE_S1.);
#7434 = ( BOUNDED_CURVE() B_SPLINE_CURVE(2,(#7435,#7436,#7437),
.UNSPECIFIED.,.F.,.F.) B_SPLINE_CURVE_WITH_KNOTS((3,3),(0.,
0.838581516515),.PIECEWISE_BEZIER_KNOTS.) CURVE() 
GEOMETRIC_REPRESENTATION_ITEM() RATIONAL_B_SPLINE_CURVE((1.,
0.731673290762,1.)) REPRESENTATION_ITEM('') );
#7435 = CARTESIAN_POINT('',(119.63075530951,-150.1488316855,
    14.970664970362));
#7436 = CARTESIAN_POINT('',(119.38,-150.1396580481,11.43));
#7437 = CARTESIAN_POINT('',(115.83282780135,-150.0098882274,11.43));
#7438 = PCURVE('',#3685,#7439);
#7439 = DEFINITIONAL_REPRESENTATION('',(#7440),#7443);
#7440 = B_SPLINE_CURVE_WITH_KNOTS('',1,(#7441,#7442),.UNSPECIFIED.,.F.,
  .F.,(2,2),(0.,0.838581516515),.PIECEWISE_BEZIER_KNOTS.);
#7441 = CARTESIAN_POINT('',(0.,9.119397385881));
#7442 = CARTESIAN_POINT('',(0.838581516515,9.119397385881));
#7443 = ( GEOMETRIC_REPRESENTATION_CONTEXT(2) 
PARAMETRIC_REPRESENTATION_CONTEXT() REPRESENTATION_CONTEXT('2D SPACE',''
  ) );
#7444 = PCURVE('',#3845,#7445);
#7445 = DEFINITIONAL_REPRESENTATION('',(#7446),#7449);
#7446 = B_SPLINE_CURVE_WITH_KNOTS('',1,(#7447,#7448),.UNSPECIFIED.,.F.,
  .F.,(2,2),(0.,0.838581516515),.PIECEWISE_BEZIER_KNOTS.);
#7447 = CARTESIAN_POINT('',(0.,9.119397379192));
#7448 = CARTESIAN_POINT('',(11.919751053536,9.119397379192));
#7449 = ( GEOMETRIC_REPRESENTATION_CONTEXT(2) 
PARAMETRIC_REPRESENTATION_CONTEXT() REPRESENTATION_CONTEXT('2D SPACE',''
  ) );
#7450 = ORIENTED_EDGE('',*,*,#3608,.F.);
#7451 = ADVANCED_FACE('',(#7452),#3845,.F.);
#7452 = FACE_BOUND('',#7453,.F.);
#7453 = EDGE_LOOP('',(#7454,#7455,#7523,#7542));
#7454 = ORIENTED_EDGE('',*,*,#7432,.T.);
#7455 = ORIENTED_EDGE('',*,*,#7456,.T.);
#7456 = EDGE_CURVE('',#7372,#7457,#7459,.T.);
#7457 = VERTEX_POINT('',#7458);
#7458 = CARTESIAN_POINT('',(115.83281888884,150.010132274,11.43));
#7459 = SURFACE_CURVE('',#7460,(#7487,#7493),.PCURVE_S1.);
#7460 = ( BOUNDED_CURVE() B_SPLINE_CURVE(9,(#7461,#7462,#7463,#7464,
    #7465,#7466,#7467,#7468,#7469,#7470,#7471,#7472,#7473,#7474,#7475,
    #7476,#7477,#7478,#7479,#7480,#7481,#7482,#7483,#7484,#7485,#7486),
.UNSPECIFIED.,.F.,.F.) B_SPLINE_CURVE_WITH_KNOTS((10,8,8,10),(
    9.119397379192,9.128329579646,21.029704056069,21.039148432728),
.UNSPECIFIED.) CURVE() GEOMETRIC_REPRESENTATION_ITEM() 
RATIONAL_B_SPLINE_CURVE((1.,1.,1.,1.,1.,1.,1.,1.,1.,1.,1.,1.,1.,1.,1.,1.
,1.,1.,1.,1.,1.,1.,1.,1.,1.,1.)) REPRESENTATION_ITEM('') );
#7461 = CARTESIAN_POINT('',(115.83282780169,-150.00988839,11.43));
#7462 = CARTESIAN_POINT('',(115.83277762835,-149.9857517704,11.43));
#7463 = CARTESIAN_POINT('',(115.83273330467,-149.9614830995,11.43));
#7464 = CARTESIAN_POINT('',(115.83269481748,-149.9370790076,11.43));
#7465 = CARTESIAN_POINT('',(115.83266215362,-149.9125361253,11.43));
#7466 = CARTESIAN_POINT('',(115.83263529992,-149.8878510829,11.43));
#7467 = CARTESIAN_POINT('',(115.83261424321,-149.8630205111,11.43));
#7468 = CARTESIAN_POINT('',(115.83259897033,-149.8380410401,11.43));
#7469 = CARTESIAN_POINT('',(115.83258946811,-149.8129093005,11.43));
#7470 = CARTESIAN_POINT('',(115.82759620783,-116.0944066838,11.43));
#7471 = CARTESIAN_POINT('',(115.83226486947,-83.04578950786,11.43));
#7472 = CARTESIAN_POINT('',(115.82988152173,-49.80443011,11.43));
#7473 = CARTESIAN_POINT('',(115.83016274601,-16.67101151297,11.43));
#7474 = CARTESIAN_POINT('',(115.83017289786,16.671100952426,11.43));
#7475 = CARTESIAN_POINT('',(115.82987207733,49.805022520214,11.43));
#7476 = CARTESIAN_POINT('',(115.83226539067,83.045643692364,11.43));
#7477 = CARTESIAN_POINT('',(115.82763757053,116.094088482,11.43));
#7478 = CARTESIAN_POINT('',(115.83251803261,149.80330567829,11.43));
#7479 = CARTESIAN_POINT('',(115.83252935607,149.82982691996,11.43));
#7480 = CARTESIAN_POINT('',(115.83254815181,149.85614614191,11.43));
#7481 = CARTESIAN_POINT('',(115.83257443849,149.88226893727,11.43));
#7482 = CARTESIAN_POINT('',(115.83260823475,149.90820089912,11.43));
#7483 = CARTESIAN_POINT('',(115.83264955927,149.93394762063,11.43));
#7484 = CARTESIAN_POINT('',(115.83269843068,149.95951469485,11.43));
#7485 = CARTESIAN_POINT('',(115.83275486765,149.98490771494,11.43));
#7486 = CARTESIAN_POINT('',(115.83281888884,150.010132274,11.43));
#7487 = PCURVE('',#3845,#7488);
#7488 = DEFINITIONAL_REPRESENTATION('',(#7489),#7492);
#7489 = B_SPLINE_CURVE_WITH_KNOTS('',1,(#7490,#7491),.UNSPECIFIED.,.F.,
  .F.,(2,2),(9.119397379192,21.039148432728),.PIECEWISE_BEZIER_KNOTS.);
#7490 = CARTESIAN_POINT('',(11.919751053536,9.119397379192));
#7491 = CARTESIAN_POINT('',(11.919751053536,21.039148432728));
#7492 = ( GEOMETRIC_REPRESENTATION_CONTEXT(2) 
PARAMETRIC_REPRESENTATION_CONTEXT() REPRESENTATION_CONTEXT('2D SPACE',''
  ) );
#7493 = PCURVE('',#7403,#7494);
#7494 = DEFINITIONAL_REPRESENTATION('',(#7495),#7522);
#7495 = ( BOUNDED_CURVE() B_SPLINE_CURVE(9,(#7496,#7497,#7498,#7499,
    #7500,#7501,#7502,#7503,#7504,#7505,#7506,#7507,#7508,#7509,#7510,
    #7511,#7512,#7513,#7514,#7515,#7516,#7517,#7518,#7519,#7520,#7521),
.UNSPECIFIED.,.F.,.F.) B_SPLINE_CURVE_WITH_KNOTS((10,8,8,10),(
    9.119397379192,9.128329579646,21.029704056069,21.039148432728),
.UNSPECIFIED.) CURVE() GEOMETRIC_REPRESENTATION_ITEM() 
RATIONAL_B_SPLINE_CURVE((1.,1.,1.,1.,1.,1.,1.,1.,1.,1.,1.,1.,1.,1.,1.,1.
,1.,1.,1.,1.,1.,1.,1.,1.,1.,1.)) REPRESENTATION_ITEM('') );
#7496 = CARTESIAN_POINT('',(150.05020909912,181.76281407421));
#7497 = CARTESIAN_POINT('',(150.06973881861,181.74863066912));
#7498 = CARTESIAN_POINT('',(150.08937897355,181.73437462939));
#7499 = CARTESIAN_POINT('',(150.10913228674,181.72004396996));
#7500 = CARTESIAN_POINT('',(150.12900148098,181.70563670581));
#7501 = CARTESIAN_POINT('',(150.14898927906,181.69115085189));
#7502 = CARTESIAN_POINT('',(150.16909840378,181.67658442316));
#7503 = CARTESIAN_POINT('',(150.18933157794,181.66193543459));
#7504 = CARTESIAN_POINT('',(150.20969152434,181.64720190113));
#7505 = CARTESIAN_POINT('',(177.53056641434,161.88594589628));
#7506 = CARTESIAN_POINT('',(204.31426075867,142.52503588896));
#7507 = CARTESIAN_POINT('',(231.25001173733,123.0454748181));
#7508 = CARTESIAN_POINT('',(258.09985414375,103.63132042612));
#7509 = CARTESIAN_POINT('',(285.11865286742,84.094663107507));
#7510 = CARTESIAN_POINT('',(311.96856180976,64.679742341787));
#7511 = CARTESIAN_POINT('',(338.90651343069,45.204484600066));
#7512 = CARTESIAN_POINT('',(365.68462084868,25.836142194444));
#7513 = CARTESIAN_POINT('',(393.00375675954,6.08832811568));
#7514 = CARTESIAN_POINT('',(393.02525489216,6.072797285632));
#7515 = CARTESIAN_POINT('',(393.04659369637,6.057390883327));
#7516 = CARTESIAN_POINT('',(393.06777771551,6.042105646601));
#7517 = CARTESIAN_POINT('',(393.08881149285,6.026938313347));
#7518 = CARTESIAN_POINT('',(393.10969957177,6.011885621376));
#7519 = CARTESIAN_POINT('',(393.13044649551,5.996944308588));
#7520 = CARTESIAN_POINT('',(393.15105680743,5.982111112809));
#7521 = CARTESIAN_POINT('',(393.17153505083,5.967382771911));
#7522 = ( GEOMETRIC_REPRESENTATION_CONTEXT(2) 
PARAMETRIC_REPRESENTATION_CONTEXT() REPRESENTATION_CONTEXT('2D SPACE',''
  ) );
#7523 = ORIENTED_EDGE('',*,*,#7524,.F.);
#7524 = EDGE_CURVE('',#3784,#7457,#7525,.T.);
#7525 = SURFACE_CURVE('',#7526,(#7530,#7536),.PCURVE_S1.);
#7526 = ( BOUNDED_CURVE() B_SPLINE_CURVE(2,(#7527,#7528,#7529),
.UNSPECIFIED.,.F.,.F.) B_SPLINE_CURVE_WITH_KNOTS((3,3),(0.,
11.919751053536),.PIECEWISE_BEZIER_KNOTS.) CURVE() 
GEOMETRIC_REPRESENTATION_ITEM() RATIONAL_B_SPLINE_CURVE((1.,
0.731673234364,1.)) REPRESENTATION_ITEM('') );
#7527 = CARTESIAN_POINT('',(119.63075535405,150.148831902,
    14.970665599244));
#7528 = CARTESIAN_POINT('',(119.38,150.13967438326,11.43));
#7529 = CARTESIAN_POINT('',(115.83281888884,150.010132274,11.43));
#7530 = PCURVE('',#3845,#7531);
#7531 = DEFINITIONAL_REPRESENTATION('',(#7532),#7535);
#7532 = B_SPLINE_CURVE_WITH_KNOTS('',1,(#7533,#7534),.UNSPECIFIED.,.F.,
  .F.,(2,2),(0.,11.919751053536),.PIECEWISE_BEZIER_KNOTS.);
#7533 = CARTESIAN_POINT('',(0.,21.039148432728));
#7534 = CARTESIAN_POINT('',(11.919751053536,21.039148432728));
#7535 = ( GEOMETRIC_REPRESENTATION_CONTEXT(2) 
PARAMETRIC_REPRESENTATION_CONTEXT() REPRESENTATION_CONTEXT('2D SPACE',''
  ) );
#7536 = PCURVE('',#4011,#7537);
#7537 = DEFINITIONAL_REPRESENTATION('',(#7538),#7541);
#7538 = B_SPLINE_CURVE_WITH_KNOTS('',1,(#7539,#7540),.UNSPECIFIED.,.F.,
  .F.,(2,2),(0.,11.919751053536),.PIECEWISE_BEZIER_KNOTS.);
#7539 = CARTESIAN_POINT('',(0.,21.039148426041));
#7540 = CARTESIAN_POINT('',(0.838569532909,21.039148426041));
#7541 = ( GEOMETRIC_REPRESENTATION_CONTEXT(2) 
PARAMETRIC_REPRESENTATION_CONTEXT() REPRESENTATION_CONTEXT('2D SPACE',''
  ) );
#7542 = ORIENTED_EDGE('',*,*,#3783,.F.);
#7543 = ADVANCED_FACE('',(#7544),#4011,.F.);
#7544 = FACE_BOUND('',#7545,.F.);
#7545 = EDGE_LOOP('',(#7546,#7547,#7603,#7622));
#7546 = ORIENTED_EDGE('',*,*,#7524,.T.);
#7547 = ORIENTED_EDGE('',*,*,#7548,.T.);
#7548 = EDGE_CURVE('',#7457,#7549,#7551,.T.);
#7549 = VERTEX_POINT('',#7550);
#7550 = CARTESIAN_POINT('',(104.2896182059,161.55283768769,11.43));
#7551 = SURFACE_CURVE('',#7552,(#7573,#7579),.PCURVE_S1.);
#7552 = ( BOUNDED_CURVE() B_SPLINE_CURVE(10,(#7553,#7554,#7555,#7556,
    #7557,#7558,#7559,#7560,#7561,#7562,#7563,#7564,#7565,#7566,#7567,
    #7568,#7569,#7570,#7571,#7572),.UNSPECIFIED.,.F.,.F.) 
B_SPLINE_CURVE_WITH_KNOTS((11,9,11),(21.039148426041,21.458184319936,
21.877717958949),.UNSPECIFIED.) CURVE() GEOMETRIC_REPRESENTATION_ITEM() 
RATIONAL_B_SPLINE_CURVE((1.,1.,1.,1.,1.,1.,1.,1.,1.,1.,1.,1.,1.,1.,
1.000000000001,1.,1.,1.,1.,1.)) REPRESENTATION_ITEM('') );
#7553 = CARTESIAN_POINT('',(115.83281888843,150.01013211325,11.43));
#7554 = CARTESIAN_POINT('',(115.83537537702,151.01739779014,11.43));
#7555 = CARTESIAN_POINT('',(115.7639994765,151.75911146748,11.43));
#7556 = CARTESIAN_POINT('',(115.6343562111,152.52948945398,11.43));
#7557 = CARTESIAN_POINT('',(115.47514234795,153.50197549041,11.43));
#7558 = CARTESIAN_POINT('',(115.10146921334,154.35069823974,11.43));
#7559 = CARTESIAN_POINT('',(114.79962707368,155.1734726531,11.43));
#7560 = CARTESIAN_POINT('',(114.30184003864,156.03290125151,11.43));
#7561 = CARTESIAN_POINT('',(113.77729089879,156.80643005758,11.43));
#7562 = CARTESIAN_POINT('',(113.16591542251,157.54273480233,11.43));
#7563 = CARTESIAN_POINT('',(111.82194933139,158.88670280562,11.43));
#7564 = CARTESIAN_POINT('',(111.08758772759,159.49507319071,11.43));
#7565 = CARTESIAN_POINT('',(110.29928536664,160.03997687807,11.43));
#7566 = CARTESIAN_POINT('',(109.46861221213,160.48389130787,11.43));
#7567 = CARTESIAN_POINT('',(108.62378824086,160.87078032101,11.43));
#7568 = CARTESIAN_POINT('',(107.74102632338,161.16617470761,11.43));
#7569 = CARTESIAN_POINT('',(106.8635983357,161.34626872474,11.43));
#7570 = CARTESIAN_POINT('',(106.09545215492,161.48097863448,11.43));
#7571 = CARTESIAN_POINT('',(105.3084662328,161.55502117199,11.43));
#7572 = CARTESIAN_POINT('',(104.2896182059,161.55283768769,11.43));
#7573 = PCURVE('',#4011,#7574);
#7574 = DEFINITIONAL_REPRESENTATION('',(#7575),#7578);
#7575 = B_SPLINE_CURVE_WITH_KNOTS('',1,(#7576,#7577),.UNSPECIFIED.,.F.,
  .F.,(2,2),(21.039148426041,21.877717958949),.PIECEWISE_BEZIER_KNOTS.);
#7576 = CARTESIAN_POINT('',(0.838569532909,21.039148426041));
#7577 = CARTESIAN_POINT('',(0.838569532909,21.877717958949));
#7578 = ( GEOMETRIC_REPRESENTATION_CONTEXT(2) 
PARAMETRIC_REPRESENTATION_CONTEXT() REPRESENTATION_CONTEXT('2D SPACE',''
  ) );
#7579 = PCURVE('',#7403,#7580);
#7580 = DEFINITIONAL_REPRESENTATION('',(#7581),#7602);
#7581 = ( BOUNDED_CURVE() B_SPLINE_CURVE(10,(#7582,#7583,#7584,#7585,
    #7586,#7587,#7588,#7589,#7590,#7591,#7592,#7593,#7594,#7595,#7596,
    #7597,#7598,#7599,#7600,#7601),.UNSPECIFIED.,.F.,.F.) 
B_SPLINE_CURVE_WITH_KNOTS((11,9,11),(21.039148426041,21.458184319936,
21.877717958949),.UNSPECIFIED.) CURVE() GEOMETRIC_REPRESENTATION_ITEM() 
RATIONAL_B_SPLINE_CURVE((1.,1.,1.,1.,1.,1.,1.,1.,1.,1.,1.,1.,1.,1.,
1.000000000001,1.,1.,1.,1.,1.)) REPRESENTATION_ITEM('') );
#7582 = CARTESIAN_POINT('',(393.17153492033,5.96738286577));
#7583 = CARTESIAN_POINT('',(393.98927098563,5.379251581965));
#7584 = CARTESIAN_POINT('',(394.54849653168,4.886808197434));
#7585 = CARTESIAN_POINT('',(395.09680870232,4.330352105837));
#7586 = CARTESIAN_POINT('',(395.79157244066,3.631509138382));
#7587 = CARTESIAN_POINT('',(396.26038307915,2.831397582416));
#7588 = CARTESIAN_POINT('',(396.75025553287,2.10469861334));
#7589 = CARTESIAN_POINT('',(397.15501766074,1.197738268094));
#7590 = CARTESIAN_POINT('',(397.4744897224,0.319423850725));
#7591 = CARTESIAN_POINT('',(397.71292173908,-0.607439042894));
#7592 = CARTESIAN_POINT('',(398.01451561563,-2.484014642641));
#7593 = CARTESIAN_POINT('',(398.07721279251,-3.435576808031));
#7594 = CARTESIAN_POINT('',(398.05687335649,-4.393661850244));
#7595 = CARTESIAN_POINT('',(397.92987025755,-5.326907864682));
#7596 = CARTESIAN_POINT('',(397.74836498238,-6.238207204094));
#7597 = CARTESIAN_POINT('',(397.47048742951,-7.126638693967));
#7598 = CARTESIAN_POINT('',(397.10230157388,-7.943188082733));
#7599 = CARTESIAN_POINT('',(396.76137188925,-8.644588300132));
#7600 = CARTESIAN_POINT('',(396.36024131345,-9.325707526206));
#7601 = CARTESIAN_POINT('',(395.76148236339,-10.15005198651));
#7602 = ( GEOMETRIC_REPRESENTATION_CONTEXT(2) 
PARAMETRIC_REPRESENTATION_CONTEXT() REPRESENTATION_CONTEXT('2D SPACE',''
  ) );
#7603 = ORIENTED_EDGE('',*,*,#7604,.F.);
#7604 = EDGE_CURVE('',#3962,#7549,#7605,.T.);
#7605 = SURFACE_CURVE('',#7606,(#7610,#7616),.PCURVE_S1.);
#7606 = ( BOUNDED_CURVE() B_SPLINE_CURVE(2,(#7607,#7608,#7609),
.UNSPECIFIED.,.F.,.F.) B_SPLINE_CURVE_WITH_KNOTS((3,3),(0.,
0.838569532909),.PIECEWISE_BEZIER_KNOTS.) CURVE() 
GEOMETRIC_REPRESENTATION_ITEM() RATIONAL_B_SPLINE_CURVE((1.,
0.731673353323,1.)) REPRESENTATION_ITEM('') );
#7607 = CARTESIAN_POINT('',(104.42883163613,165.35075526011,
    14.970664272761));
#7608 = CARTESIAN_POINT('',(104.41964015179,165.1,11.43));
#7609 = CARTESIAN_POINT('',(104.2896182059,161.55283768769,11.43));
#7610 = PCURVE('',#4011,#7611);
#7611 = DEFINITIONAL_REPRESENTATION('',(#7612),#7615);
#7612 = B_SPLINE_CURVE_WITH_KNOTS('',1,(#7613,#7614),.UNSPECIFIED.,.F.,
  .F.,(2,2),(0.,0.838569532909),.PIECEWISE_BEZIER_KNOTS.);
#7613 = CARTESIAN_POINT('',(0.,21.877717958949));
#7614 = CARTESIAN_POINT('',(0.838569532909,21.877717958949));
#7615 = ( GEOMETRIC_REPRESENTATION_CONTEXT(2) 
PARAMETRIC_REPRESENTATION_CONTEXT() REPRESENTATION_CONTEXT('2D SPACE',''
  ) );
#7616 = PCURVE('',#4171,#7617);
#7617 = DEFINITIONAL_REPRESENTATION('',(#7618),#7621);
#7618 = B_SPLINE_CURVE_WITH_KNOTS('',1,(#7619,#7620),.UNSPECIFIED.,.F.,
  .F.,(2,2),(0.,0.838569532909),.PIECEWISE_BEZIER_KNOTS.);
#7619 = CARTESIAN_POINT('',(0.,21.877717935769));
#7620 = CARTESIAN_POINT('',(8.289762494932,21.877717935769));
#7621 = ( GEOMETRIC_REPRESENTATION_CONTEXT(2) 
PARAMETRIC_REPRESENTATION_CONTEXT() REPRESENTATION_CONTEXT('2D SPACE',''
  ) );
#7622 = ORIENTED_EDGE('',*,*,#3961,.F.);
#7623 = ADVANCED_FACE('',(#7624),#4171,.F.);
#7624 = FACE_BOUND('',#7625,.F.);
#7625 = EDGE_LOOP('',(#7626,#7627,#7695,#7714));
#7626 = ORIENTED_EDGE('',*,*,#7604,.T.);
#7627 = ORIENTED_EDGE('',*,*,#7628,.T.);
#7628 = EDGE_CURVE('',#7549,#7629,#7631,.T.);
#7629 = VERTEX_POINT('',#7630);
#7630 = CARTESIAN_POINT('',(-104.2907342216,161.55279697289,11.43));
#7631 = SURFACE_CURVE('',#7632,(#7659,#7665),.PCURVE_S1.);
#7632 = ( BOUNDED_CURVE() B_SPLINE_CURVE(9,(#7633,#7634,#7635,#7636,
    #7637,#7638,#7639,#7640,#7641,#7642,#7643,#7644,#7645,#7646,#7647,
    #7648,#7649,#7650,#7651,#7652,#7653,#7654,#7655,#7656,#7657,#7658),
.UNSPECIFIED.,.F.,.F.) B_SPLINE_CURVE_WITH_KNOTS((10,8,8,10),(
    21.877717935769,21.886664613586,30.158033556472,30.167480430701),
.UNSPECIFIED.) CURVE() GEOMETRIC_REPRESENTATION_ITEM() 
RATIONAL_B_SPLINE_CURVE((1.,1.,1.,1.,1.,1.,1.,1.,1.,1.,1.,1.,1.,1.,1.,1.
,1.,1.,1.,1.,1.,1.,1.,1.,1.,1.)) REPRESENTATION_ITEM('') );
#7633 = CARTESIAN_POINT('',(104.28961876884,161.5528376889,11.43));
#7634 = CARTESIAN_POINT('',(104.26547740178,161.55278595161,11.43));
#7635 = CARTESIAN_POINT('',(104.24120486779,161.55274007939,11.43));
#7636 = CARTESIAN_POINT('',(104.21679780833,161.55270005249,11.43));
#7637 = CARTESIAN_POINT('',(104.19225286486,161.55266585121,11.43));
#7638 = CARTESIAN_POINT('',(104.16756667888,161.55263745583,11.43));
#7639 = CARTESIAN_POINT('',(104.1427358918,161.55261484661,11.43));
#7640 = CARTESIAN_POINT('',(104.11775714516,161.55259800384,11.43));
#7641 = CARTESIAN_POINT('',(104.09262708037,161.5525869078,11.43));
#7642 = CARTESIAN_POINT('',(80.691131709308,161.54761776844,11.43));
#7643 = CARTESIAN_POINT('',(57.732391669754,161.5522381866,11.43));
#7644 = CARTESIAN_POINT('',(34.625917389527,161.54988775355,11.43));
#7645 = CARTESIAN_POINT('',(11.590448505006,161.55016374446,11.43));
#7646 = CARTESIAN_POINT('',(-11.59050809581,161.5501770718,11.43));
#7647 = CARTESIAN_POINT('',(-34.6264432242,161.54987557651,11.43));
#7648 = CARTESIAN_POINT('',(-57.73209322762,161.55223717739,11.43));
#7649 = CARTESIAN_POINT('',(-80.69089016732,161.54767708876,11.43));
#7650 = CARTESIAN_POINT('',(-104.0841866508,161.55248594917,11.43));
#7651 = CARTESIAN_POINT('',(-104.1106679839,161.55249878968,11.43));
#7652 = CARTESIAN_POINT('',(-104.1369488001,161.55251901294,11.43));
#7653 = CARTESIAN_POINT('',(-104.1630346597,161.55254664721,11.43));
#7654 = CARTESIAN_POINT('',(-104.1889311232,161.55258172076,11.43));
#7655 = CARTESIAN_POINT('',(-104.2146437507,161.55262426184,11.43));
#7656 = CARTESIAN_POINT('',(-104.2401781027,161.55267429871,11.43));
#7657 = CARTESIAN_POINT('',(-104.2655397396,161.55273185964,11.43));
#7658 = CARTESIAN_POINT('',(-104.2907342216,161.55279697289,11.43));
#7659 = PCURVE('',#4171,#7660);
#7660 = DEFINITIONAL_REPRESENTATION('',(#7661),#7664);
#7661 = B_SPLINE_CURVE_WITH_KNOTS('',1,(#7662,#7663),.UNSPECIFIED.,.F.,
  .F.,(2,2),(21.877717935769,30.167480430701),.PIECEWISE_BEZIER_KNOTS.);
#7662 = CARTESIAN_POINT('',(8.289762494932,21.877717935769));
#7663 = CARTESIAN_POINT('',(8.289762494932,30.167480430701));
#7664 = ( GEOMETRIC_REPRESENTATION_CONTEXT(2) 
PARAMETRIC_REPRESENTATION_CONTEXT() REPRESENTATION_CONTEXT('2D SPACE',''
  ) );
#7665 = PCURVE('',#7403,#7666);
#7666 = DEFINITIONAL_REPRESENTATION('',(#7667),#7694);
#7667 = ( BOUNDED_CURVE() B_SPLINE_CURVE(9,(#7668,#7669,#7670,#7671,
    #7672,#7673,#7674,#7675,#7676,#7677,#7678,#7679,#7680,#7681,#7682,
    #7683,#7684,#7685,#7686,#7687,#7688,#7689,#7690,#7691,#7692,#7693),
.UNSPECIFIED.,.F.,.F.) B_SPLINE_CURVE_WITH_KNOTS((10,8,8,10),(
    21.877717935769,21.886664613586,30.158033556472,30.167480430701),
.UNSPECIFIED.) CURVE() GEOMETRIC_REPRESENTATION_ITEM() 
RATIONAL_B_SPLINE_CURVE((1.,1.,1.,1.,1.,1.,1.,1.,1.,1.,1.,1.,1.,1.,1.,1.
,1.,1.,1.,1.,1.,1.,1.,1.,1.,1.)) REPRESENTATION_ITEM('') );
#7668 = CARTESIAN_POINT('',(395.76148269421,-10.15005153104));
#7669 = CARTESIAN_POINT('',(395.74729524004,-10.16958418124));
#7670 = CARTESIAN_POINT('',(395.73303568191,-10.18922655922));
#7671 = CARTESIAN_POINT('',(395.71870203594,-10.20898137501));
#7672 = CARTESIAN_POINT('',(395.70429231822,-10.22885133865));
#7673 = CARTESIAN_POINT('',(395.68980454488,-10.24883916015));
#7674 = CARTESIAN_POINT('',(395.67523673198,-10.26894754957));
#7675 = CARTESIAN_POINT('',(395.66058689566,-10.28917921691));
#7676 = CARTESIAN_POINT('',(395.645853052,-10.30953687223));
#7677 = CARTESIAN_POINT('',(381.92982204338,-29.27003538006));
#7678 = CARTESIAN_POINT('',(368.48099249379,-47.8773659059));
#7679 = CARTESIAN_POINT('',(354.9399498777,-66.60032838668));
#7680 = CARTESIAN_POINT('',(341.44264088749,-85.2672905613));
#7681 = CARTESIAN_POINT('',(327.8598711542,-104.0519948523));
#7682 = CARTESIAN_POINT('',(314.36182100428,-122.7189964723));
#7683 = CARTESIAN_POINT('',(300.82507976797,-141.4440519958));
#7684 = CARTESIAN_POINT('',(287.36877745102,-160.0460493527));
#7685 = CARTESIAN_POINT('',(273.66547415047,-179.0056332655));
#7686 = CARTESIAN_POINT('',(273.64996793402,-179.027099947));
#7687 = CARTESIAN_POINT('',(273.63458519218,-179.0484084656));
#7688 = CARTESIAN_POINT('',(273.61932268981,-179.0695633435));
#7689 = CARTESIAN_POINT('',(273.60417719174,-179.0905691031));
#7690 = CARTESIAN_POINT('',(273.58914546282,-179.1114302668));
#7691 = CARTESIAN_POINT('',(273.57422426788,-179.132151357));
#7692 = CARTESIAN_POINT('',(273.55941037178,-179.1527368961));
#7693 = CARTESIAN_POINT('',(273.54470053935,-179.1731914064));
#7694 = ( GEOMETRIC_REPRESENTATION_CONTEXT(2) 
PARAMETRIC_REPRESENTATION_CONTEXT() REPRESENTATION_CONTEXT('2D SPACE',''
  ) );
#7695 = ORIENTED_EDGE('',*,*,#7696,.F.);
#7696 = EDGE_CURVE('',#4110,#7629,#7697,.T.);
#7697 = SURFACE_CURVE('',#7698,(#7702,#7708),.PCURVE_S1.);
#7698 = ( BOUNDED_CURVE() B_SPLINE_CURVE(2,(#7699,#7700,#7701),
.UNSPECIFIED.,.F.,.F.) B_SPLINE_CURVE_WITH_KNOTS((3,3),(0.,
8.289762494932),.PIECEWISE_BEZIER_KNOTS.) CURVE() 
GEOMETRIC_REPRESENTATION_ITEM() RATIONAL_B_SPLINE_CURVE((1.,
0.73167309568,1.)) REPRESENTATION_ITEM('') );
#7699 = CARTESIAN_POINT('',(-104.4288324354,165.35075546357,
    14.970667145659));
#7700 = CARTESIAN_POINT('',(-104.4197146734,165.1,11.43));
#7701 = CARTESIAN_POINT('',(-104.2907342216,161.55279697289,11.43));
#7702 = PCURVE('',#4171,#7703);
#7703 = DEFINITIONAL_REPRESENTATION('',(#7704),#7707);
#7704 = B_SPLINE_CURVE_WITH_KNOTS('',1,(#7705,#7706),.UNSPECIFIED.,.F.,
  .F.,(2,2),(0.,8.289762494932),.PIECEWISE_BEZIER_KNOTS.);
#7705 = CARTESIAN_POINT('',(0.,30.167480430701));
#7706 = CARTESIAN_POINT('',(8.289762494932,30.167480430701));
#7707 = ( GEOMETRIC_REPRESENTATION_CONTEXT(2) 
PARAMETRIC_REPRESENTATION_CONTEXT() REPRESENTATION_CONTEXT('2D SPACE',''
  ) );
#7708 = PCURVE('',#4364,#7709);
#7709 = DEFINITIONAL_REPRESENTATION('',(#7710),#7713);
#7710 = B_SPLINE_CURVE_WITH_KNOTS('',1,(#7711,#7712),.UNSPECIFIED.,.F.,
  .F.,(2,2),(0.,8.289762494932),.PIECEWISE_BEZIER_KNOTS.);
#7711 = CARTESIAN_POINT('',(0.,30.167480407524));
#7712 = CARTESIAN_POINT('',(0.838581508878,30.167480407524));
#7713 = ( GEOMETRIC_REPRESENTATION_CONTEXT(2) 
PARAMETRIC_REPRESENTATION_CONTEXT() REPRESENTATION_CONTEXT('2D SPACE',''
  ) );
#7714 = ORIENTED_EDGE('',*,*,#4109,.F.);
#7715 = ADVANCED_FACE('',(#7716),#4364,.F.);
#7716 = FACE_BOUND('',#7717,.F.);
#7717 = EDGE_LOOP('',(#7718,#7719,#7775,#7794));
#7718 = ORIENTED_EDGE('',*,*,#7696,.T.);
#7719 = ORIENTED_EDGE('',*,*,#7720,.T.);
#7720 = EDGE_CURVE('',#7629,#7721,#7723,.T.);
#7721 = VERTEX_POINT('',#7722);
#7722 = CARTESIAN_POINT('',(-115.8328278013,150.00988822739,11.43));
#7723 = SURFACE_CURVE('',#7724,(#7745,#7751),.PCURVE_S1.);
#7724 = ( BOUNDED_CURVE() B_SPLINE_CURVE(10,(#7725,#7726,#7727,#7728,
    #7729,#7730,#7731,#7732,#7733,#7734,#7735,#7736,#7737,#7738,#7739,
    #7740,#7741,#7742,#7743,#7744),.UNSPECIFIED.,.F.,.F.) 
B_SPLINE_CURVE_WITH_KNOTS((11,9,11),(30.167480407524,30.586513818386,
31.006061916402),.UNSPECIFIED.) CURVE() GEOMETRIC_REPRESENTATION_ITEM() 
RATIONAL_B_SPLINE_CURVE((1.,1.,1.,1.,1.,0.999999999999,1.,1.,1.,1.,1.,1.
,1.,1.,1.,1.,1.,1.,1.,1.)) REPRESENTATION_ITEM('') );
#7725 = CARTESIAN_POINT('',(-104.2907336653,161.55279697145,11.43));
#7726 = CARTESIAN_POINT('',(-105.2965264561,161.55539636102,11.43));
#7727 = CARTESIAN_POINT('',(-106.0389552858,161.48401890158,11.43));
#7728 = CARTESIAN_POINT('',(-106.810114667,161.35454428114,11.43));
#7729 = CARTESIAN_POINT('',(-107.7817146252,161.19469322484,11.43));
#7730 = CARTESIAN_POINT('',(-108.6306674435,160.82191708138,11.43));
#7731 = CARTESIAN_POINT('',(-109.4536388442,160.51932726278,11.43));
#7732 = CARTESIAN_POINT('',(-110.3128359844,160.02193952647,11.43));
#7733 = CARTESIAN_POINT('',(-111.0864560176,159.49726368679,11.43));
#7734 = CARTESIAN_POINT('',(-111.8227387788,158.88591144604,11.43));
#7735 = CARTESIAN_POINT('',(-113.166725982,157.54192615504,11.43));
#7736 = CARTESIAN_POINT('',(-113.7772000818,156.80594035486,11.43));
#7737 = CARTESIAN_POINT('',(-114.3106359011,156.0264037043,11.43));
#7738 = CARTESIAN_POINT('',(-114.7841425807,155.17302978202,11.43));
#7739 = CARTESIAN_POINT('',(-115.1250863492,154.36333682211,11.43));
#7740 = CARTESIAN_POINT('',(-115.4666702959,153.44540508469,11.43));
#7741 = CARTESIAN_POINT('',(-115.6164911087,152.59054466243,11.43));
#7742 = CARTESIAN_POINT('',(-115.7629447416,151.81480224323,11.43));
#7743 = CARTESIAN_POINT('',(-115.8349487906,151.03022201753,11.43));
#7744 = CARTESIAN_POINT('',(-115.8328278013,150.00988822739,11.43));
#7745 = PCURVE('',#4364,#7746);
#7746 = DEFINITIONAL_REPRESENTATION('',(#7747),#7750);
#7747 = B_SPLINE_CURVE_WITH_KNOTS('',1,(#7748,#7749),.UNSPECIFIED.,.F.,
  .F.,(2,2),(30.167480407524,31.006061916402),.PIECEWISE_BEZIER_KNOTS.);
#7748 = CARTESIAN_POINT('',(0.838581508878,30.167480407524));
#7749 = CARTESIAN_POINT('',(0.838581508878,31.006061916402));
#7750 = ( GEOMETRIC_REPRESENTATION_CONTEXT(2) 
PARAMETRIC_REPRESENTATION_CONTEXT() REPRESENTATION_CONTEXT('2D SPACE',''
  ) );
#7751 = PCURVE('',#7403,#7752);
#7752 = DEFINITIONAL_REPRESENTATION('',(#7753),#7774);
#7753 = ( BOUNDED_CURVE() B_SPLINE_CURVE(10,(#7754,#7755,#7756,#7757,
    #7758,#7759,#7760,#7761,#7762,#7763,#7764,#7765,#7766,#7767,#7768,
    #7769,#7770,#7771,#7772,#7773),.UNSPECIFIED.,.F.,.F.) 
B_SPLINE_CURVE_WITH_KNOTS((11,9,11),(30.167480407524,30.586513818386,
31.006061916402),.UNSPECIFIED.) CURVE() GEOMETRIC_REPRESENTATION_ITEM() 
RATIONAL_B_SPLINE_CURVE((1.,1.,1.,1.,1.,0.999999999999,1.,1.,1.,1.,1.,1.
,1.,1.,1.,1.,1.,1.,1.,1.)) REPRESENTATION_ITEM('') );
#7754 = CARTESIAN_POINT('',(273.54470086416,-179.1731909548));
#7755 = CARTESIAN_POINT('',(272.95746737632,-179.989758604));
#7756 = CARTESIAN_POINT('',(272.46460368813,-180.5495627606));
#7757 = CARTESIAN_POINT('',(271.90782640325,-181.0986069514));
#7758 = CARTESIAN_POINT('',(271.20898627974,-181.7922792954));
#7759 = CARTESIAN_POINT('',(270.40946679295,-182.2618019585));
#7760 = CARTESIAN_POINT('',(269.68204651814,-182.7513959417));
#7761 = CARTESIAN_POINT('',(268.77554536669,-183.1562044747));
#7762 = CARTESIAN_POINT('',(267.89707482393,-183.475676223));
#7763 = CARTESIAN_POINT('',(266.97024364041,-183.7141040401));
#7764 = CARTESIAN_POINT('',(265.09364123193,-184.0157022252));
#7765 = CARTESIAN_POINT('',(264.13953023591,-184.0791524573));
#7766 = CARTESIAN_POINT('',(263.19526803761,-184.0546562601));
#7767 = CARTESIAN_POINT('',(262.226286998,-183.9383318354));
#7768 = CARTESIAN_POINT('',(261.37037750217,-183.7401796778));
#7769 = CARTESIAN_POINT('',(260.4263815646,-183.4791242488));
#7770 = CARTESIAN_POINT('',(259.64585826273,-183.0996298578));
#7771 = CARTESIAN_POINT('',(258.9314212474,-182.7637657206));
#7772 = CARTESIAN_POINT('',(258.25344592173,-182.3623928623));
#7773 = CARTESIAN_POINT('',(257.42786085399,-181.7628139786));
#7774 = ( GEOMETRIC_REPRESENTATION_CONTEXT(2) 
PARAMETRIC_REPRESENTATION_CONTEXT() REPRESENTATION_CONTEXT('2D SPACE',''
  ) );
#7775 = ORIENTED_EDGE('',*,*,#7776,.F.);
#7776 = EDGE_CURVE('',#4288,#7721,#7777,.T.);
#7777 = SURFACE_CURVE('',#7778,(#7782,#7788),.PCURVE_S1.);
#7778 = ( BOUNDED_CURVE() B_SPLINE_CURVE(2,(#7779,#7780,#7781),
.UNSPECIFIED.,.F.,.F.) B_SPLINE_CURVE_WITH_KNOTS((3,3),(0.,
0.838581508878),.PIECEWISE_BEZIER_KNOTS.) CURVE() 
GEOMETRIC_REPRESENTATION_ITEM() RATIONAL_B_SPLINE_CURVE((1.,
0.731673290762,1.)) REPRESENTATION_ITEM('') );
#7779 = CARTESIAN_POINT('',(-119.6307553095,150.14883168554,
    14.970664970362));
#7780 = CARTESIAN_POINT('',(-119.38,150.13965804813,11.43));
#7781 = CARTESIAN_POINT('',(-115.8328278013,150.00988822739,11.43));
#7782 = PCURVE('',#4364,#7783);
#7783 = DEFINITIONAL_REPRESENTATION('',(#7784),#7787);
#7784 = B_SPLINE_CURVE_WITH_KNOTS('',1,(#7785,#7786),.UNSPECIFIED.,.F.,
  .F.,(2,2),(0.,0.838581508878),.PIECEWISE_BEZIER_KNOTS.);
#7785 = CARTESIAN_POINT('',(0.,31.006061916402));
#7786 = CARTESIAN_POINT('',(0.838581508878,31.006061916402));
#7787 = ( GEOMETRIC_REPRESENTATION_CONTEXT(2) 
PARAMETRIC_REPRESENTATION_CONTEXT() REPRESENTATION_CONTEXT('2D SPACE',''
  ) );
#7788 = PCURVE('',#4524,#7789);
#7789 = DEFINITIONAL_REPRESENTATION('',(#7790),#7793);
#7790 = B_SPLINE_CURVE_WITH_KNOTS('',1,(#7791,#7792),.UNSPECIFIED.,.F.,
  .F.,(2,2),(0.,0.838581508878),.PIECEWISE_BEZIER_KNOTS.);
#7791 = CARTESIAN_POINT('',(0.,31.006061909713));
#7792 = CARTESIAN_POINT('',(11.919751612477,31.006061909713));
#7793 = ( GEOMETRIC_REPRESENTATION_CONTEXT(2) 
PARAMETRIC_REPRESENTATION_CONTEXT() REPRESENTATION_CONTEXT('2D SPACE',''
  ) );
#7794 = ORIENTED_EDGE('',*,*,#4287,.F.);
#7795 = ADVANCED_FACE('',(#7796),#4524,.F.);
#7796 = FACE_BOUND('',#7797,.F.);
#7797 = EDGE_LOOP('',(#7798,#7799,#7867,#7886));
#7798 = ORIENTED_EDGE('',*,*,#7776,.T.);
#7799 = ORIENTED_EDGE('',*,*,#7800,.T.);
#7800 = EDGE_CURVE('',#7721,#7801,#7803,.T.);
#7801 = VERTEX_POINT('',#7802);
#7802 = CARTESIAN_POINT('',(-115.8328125257,-150.0103066523,11.43));
#7803 = SURFACE_CURVE('',#7804,(#7831,#7837),.PCURVE_S1.);
#7804 = ( BOUNDED_CURVE() B_SPLINE_CURVE(9,(#7805,#7806,#7807,#7808,
    #7809,#7810,#7811,#7812,#7813,#7814,#7815,#7816,#7817,#7818,#7819,
    #7820,#7821,#7822,#7823,#7824,#7825,#7826,#7827,#7828,#7829,#7830),
.UNSPECIFIED.,.F.,.F.) B_SPLINE_CURVE_WITH_KNOTS((10,8,8,10),(
    31.006061909713,31.014994110085,42.916368478195,42.925813522189),
.UNSPECIFIED.) CURVE() GEOMETRIC_REPRESENTATION_ITEM() 
RATIONAL_B_SPLINE_CURVE((1.,1.,1.,1.,1.,1.,1.,1.,1.,1.,1.,1.,1.,1.,1.,1.
,1.,1.,1.,1.,1.,1.,1.,1.,1.,1.)) REPRESENTATION_ITEM('') );
#7805 = CARTESIAN_POINT('',(-115.8328278016,150.00988839005,11.43));
#7806 = CARTESIAN_POINT('',(-115.8327776283,149.98575177045,11.43));
#7807 = CARTESIAN_POINT('',(-115.8327333046,149.96148309948,11.43));
#7808 = CARTESIAN_POINT('',(-115.8326948174,149.93707900762,11.43));
#7809 = CARTESIAN_POINT('',(-115.8326621536,149.91253612528,11.43));
#7810 = CARTESIAN_POINT('',(-115.8326352999,149.88785108297,11.43));
#7811 = CARTESIAN_POINT('',(-115.8326142432,149.86302051108,11.43));
#7812 = CARTESIAN_POINT('',(-115.8325989703,149.83804104013,11.43));
#7813 = CARTESIAN_POINT('',(-115.8325894681,149.81290930053,11.43));
#7814 = CARTESIAN_POINT('',(-115.8275962078,116.09440668338,11.43));
#7815 = CARTESIAN_POINT('',(-115.8322648488,83.045787501946,11.43));
#7816 = CARTESIAN_POINT('',(-115.8298815776,49.804440617171,11.43));
#7817 = CARTESIAN_POINT('',(-115.8301625617,16.670991183908,11.43));
#7818 = CARTESIAN_POINT('',(-115.8301736137,-16.67105523725,11.43));
#7819 = CARTESIAN_POINT('',(-115.8298727821,-49.80530966207,11.43));
#7820 = CARTESIAN_POINT('',(-115.8322601127,-83.04588022876,11.43));
#7821 = CARTESIAN_POINT('',(-115.8276449628,-116.0948573544,11.43));
#7822 = CARTESIAN_POINT('',(-115.8325117172,-149.8034791331,11.43));
#7823 = CARTESIAN_POINT('',(-115.8325230306,-149.8300014641,11.43));
#7824 = CARTESIAN_POINT('',(-115.8325418171,-149.8563214653,11.43));
#7825 = CARTESIAN_POINT('',(-115.8325680955,-149.8824447459,11.43));
#7826 = CARTESIAN_POINT('',(-115.8326018846,-149.9083769146,11.43));
#7827 = CARTESIAN_POINT('',(-115.8326432033,-149.9341235807,11.43));
#7828 = CARTESIAN_POINT('',(-115.8326920705,-149.959690353,11.43));
#7829 = CARTESIAN_POINT('',(-115.832748505,-149.9850828405,11.43));
#7830 = CARTESIAN_POINT('',(-115.8328125257,-150.0103066523,11.43));
#7831 = PCURVE('',#4524,#7832);
#7832 = DEFINITIONAL_REPRESENTATION('',(#7833),#7836);
#7833 = B_SPLINE_CURVE_WITH_KNOTS('',1,(#7834,#7835),.UNSPECIFIED.,.F.,
  .F.,(2,2),(31.006061909713,42.925813522189),.PIECEWISE_BEZIER_KNOTS.);
#7834 = CARTESIAN_POINT('',(11.919751612477,31.006061909713));
#7835 = CARTESIAN_POINT('',(11.919751612477,42.925813522189));
#7836 = ( GEOMETRIC_REPRESENTATION_CONTEXT(2) 
PARAMETRIC_REPRESENTATION_CONTEXT() REPRESENTATION_CONTEXT('2D SPACE',''
  ) );
#7837 = PCURVE('',#7403,#7838);
#7838 = DEFINITIONAL_REPRESENTATION('',(#7839),#7866);
#7839 = ( BOUNDED_CURVE() B_SPLINE_CURVE(9,(#7840,#7841,#7842,#7843,
    #7844,#7845,#7846,#7847,#7848,#7849,#7850,#7851,#7852,#7853,#7854,
    #7855,#7856,#7857,#7858,#7859,#7860,#7861,#7862,#7863,#7864,#7865),
.UNSPECIFIED.,.F.,.F.) B_SPLINE_CURVE_WITH_KNOTS((10,8,8,10),(
    31.006061909713,31.014994110085,42.916368478195,42.925813522189),
.UNSPECIFIED.) CURVE() GEOMETRIC_REPRESENTATION_ITEM() 
RATIONAL_B_SPLINE_CURVE((1.,1.,1.,1.,1.,1.,1.,1.,1.,1.,1.,1.,1.,1.,1.,1.
,1.,1.,1.,1.,1.,1.,1.,1.,1.,1.)) REPRESENTATION_ITEM('') );
#7840 = CARTESIAN_POINT('',(257.42786098561,-181.7628140741));
#7841 = CARTESIAN_POINT('',(257.40833126612,-181.7486306691));
#7842 = CARTESIAN_POINT('',(257.38869111118,-181.7343746293));
#7843 = CARTESIAN_POINT('',(257.368937798,-181.7200439699));
#7844 = CARTESIAN_POINT('',(257.34906860375,-181.7056367057));
#7845 = CARTESIAN_POINT('',(257.32908080569,-181.6911508518));
#7846 = CARTESIAN_POINT('',(257.30897168095,-181.6765844231));
#7847 = CARTESIAN_POINT('',(257.2887385068,-181.6619354345));
#7848 = CARTESIAN_POINT('',(257.2683785604,-181.6472019011));
#7849 = CARTESIAN_POINT('',(229.94750367002,-161.885945896));
#7850 = CARTESIAN_POINT('',(203.16380771267,-142.5250346969));
#7851 = CARTESIAN_POINT('',(176.22806682916,-123.04548102));
#7852 = CARTESIAN_POINT('',(149.37819957533,-103.631308365));
#7853 = CARTESIAN_POINT('',(122.35945384316,-84.09469047423));
#7854 = CARTESIAN_POINT('',(95.509275176525,-64.67957466338));
#7855 = CARTESIAN_POINT('',(68.571368069265,-45.20434172564));
#7856 = CARTESIAN_POINT('',(41.792821848496,-25.83569766734));
#7857 = CARTESIAN_POINT('',(14.474176466508,-6.088221362874));
#7858 = CARTESIAN_POINT('',(14.452677457024,-6.072689886416));
#7859 = CARTESIAN_POINT('',(14.431338026727,-6.05728301998));
#7860 = CARTESIAN_POINT('',(14.41015361929,-6.041997492259));
#7861 = CARTESIAN_POINT('',(14.389119678454,-6.026830031986));
#7862 = CARTESIAN_POINT('',(14.368231647871,-6.011777367835));
#7863 = CARTESIAN_POINT('',(14.347484971283,-5.996836228545));
#7864 = CARTESIAN_POINT('',(14.32687509236,-5.982003342801));
#7865 = CARTESIAN_POINT('',(14.306397454818,-5.967275439322));
#7866 = ( GEOMETRIC_REPRESENTATION_CONTEXT(2) 
PARAMETRIC_REPRESENTATION_CONTEXT() REPRESENTATION_CONTEXT('2D SPACE',''
  ) );
#7867 = ORIENTED_EDGE('',*,*,#7868,.F.);
#7868 = EDGE_CURVE('',#4463,#7801,#7869,.T.);
#7869 = SURFACE_CURVE('',#7870,(#7874,#7880),.PCURVE_S1.);
#7870 = ( BOUNDED_CURVE() B_SPLINE_CURVE(2,(#7871,#7872,#7873),
.UNSPECIFIED.,.F.,.F.) B_SPLINE_CURVE_WITH_KNOTS((3,3),(0.,
11.919751612477),.PIECEWISE_BEZIER_KNOTS.) CURVE() 
GEOMETRIC_REPRESENTATION_ITEM() RATIONAL_B_SPLINE_CURVE((1.,
0.731673194098,1.)) REPRESENTATION_ITEM('') );
#7871 = CARTESIAN_POINT('',(-119.6307553858,-150.1488319337,
    14.970666048235));
#7872 = CARTESIAN_POINT('',(-119.38,-150.1396859403,11.43));
#7873 = CARTESIAN_POINT('',(-115.8328125257,-150.0103066523,11.43));
#7874 = PCURVE('',#4524,#7875);
#7875 = DEFINITIONAL_REPRESENTATION('',(#7876),#7879);
#7876 = B_SPLINE_CURVE_WITH_KNOTS('',1,(#7877,#7878),.UNSPECIFIED.,.F.,
  .F.,(2,2),(0.,11.919751612477),.PIECEWISE_BEZIER_KNOTS.);
#7877 = CARTESIAN_POINT('',(0.,42.925813522189));
#7878 = CARTESIAN_POINT('',(11.919751612477,42.925813522189));
#7879 = ( GEOMETRIC_REPRESENTATION_CONTEXT(2) 
PARAMETRIC_REPRESENTATION_CONTEXT() REPRESENTATION_CONTEXT('2D SPACE',''
  ) );
#7880 = PCURVE('',#4727,#7881);
#7881 = DEFINITIONAL_REPRESENTATION('',(#7882),#7885);
#7882 = B_SPLINE_CURVE_WITH_KNOTS('',1,(#7883,#7884),.UNSPECIFIED.,.F.,
  .F.,(2,2),(0.,11.919751612477),.PIECEWISE_BEZIER_KNOTS.);
#7883 = CARTESIAN_POINT('',(0.,42.925813515502));
#7884 = CARTESIAN_POINT('',(0.837753879461,42.925813515502));
#7885 = ( GEOMETRIC_REPRESENTATION_CONTEXT(2) 
PARAMETRIC_REPRESENTATION_CONTEXT() REPRESENTATION_CONTEXT('2D SPACE',''
  ) );
#7886 = ORIENTED_EDGE('',*,*,#4462,.F.);
#7887 = ADVANCED_FACE('',(#7888),#4727,.F.);
#7888 = FACE_BOUND('',#7889,.F.);
#7889 = EDGE_LOOP('',(#7890,#7891,#7947,#7966));
#7890 = ORIENTED_EDGE('',*,*,#7868,.T.);
#7891 = ORIENTED_EDGE('',*,*,#7892,.T.);
#7892 = EDGE_CURVE('',#7801,#7893,#7895,.T.);
#7893 = VERTEX_POINT('',#7894);
#7894 = CARTESIAN_POINT('',(-104.3674236961,-161.5507834129,11.43));
#7895 = SURFACE_CURVE('',#7896,(#7917,#7923),.PCURVE_S1.);
#7896 = ( BOUNDED_CURVE() B_SPLINE_CURVE(10,(#7897,#7898,#7899,#7900,
    #7901,#7902,#7903,#7904,#7905,#7906,#7907,#7908,#7909,#7910,#7911,
    #7912,#7913,#7914,#7915,#7916),.UNSPECIFIED.,.F.,.F.) 
B_SPLINE_CURVE_WITH_KNOTS((11,9,11),(42.925813515502,43.344848769895,
43.763567394963),.UNSPECIFIED.) CURVE() GEOMETRIC_REPRESENTATION_ITEM() 
RATIONAL_B_SPLINE_CURVE((1.,1.,1.,1.,1.,1.,1.,1.,1.,1.,1.,1.,1.,
    1.000000000001,0.999999999999,1.000000000001,1.,1.,1.,1.)) 
REPRESENTATION_ITEM('') );
#7897 = CARTESIAN_POINT('',(-115.8328125253,-150.0103064916,11.43));
#7898 = CARTESIAN_POINT('',(-115.8353688079,-151.0174696261,11.43));
#7899 = CARTESIAN_POINT('',(-115.7639698557,-151.75882091,11.43));
#7900 = CARTESIAN_POINT('',(-115.6345496364,-152.5290569473,11.43));
#7901 = CARTESIAN_POINT('',(-115.4749273848,-153.5029664032,11.43));
#7902 = CARTESIAN_POINT('',(-115.1015644286,-154.3498481144,11.43));
#7903 = CARTESIAN_POINT('',(-114.799616323,-155.1739162539,11.43));
#7904 = CARTESIAN_POINT('',(-114.3018254095,-156.0327713178,11.43));
#7905 = CARTESIAN_POINT('',(-113.7772931881,-156.8064524043,11.43));
#7906 = CARTESIAN_POINT('',(-113.1659140759,-157.5427361778,11.43));
#7907 = CARTESIAN_POINT('',(-111.8232555237,-158.8853965824,11.43));
#7908 = CARTESIAN_POINT('',(-111.0901149086,-159.4941095548,11.43));
#7909 = CARTESIAN_POINT('',(-110.3044371129,-160.0310876532,11.43));
#7910 = CARTESIAN_POINT('',(-109.477764423,-160.4892293385,11.43));
#7911 = CARTESIAN_POINT('',(-108.6230085504,-160.8643119323,11.43));
#7912 = CARTESIAN_POINT('',(-107.7536767978,-161.1552505526,11.43));
#7913 = CARTESIAN_POINT('',(-106.8829693637,-161.36400696,11.43));
#7914 = CARTESIAN_POINT('',(-106.0227477863,-161.4951483146,11.43));
#7915 = CARTESIAN_POINT('',(-105.1823745276,-161.5550558424,11.43));
#7916 = CARTESIAN_POINT('',(-104.3674233399,-161.5507834114,11.43));
#7917 = PCURVE('',#4727,#7918);
#7918 = DEFINITIONAL_REPRESENTATION('',(#7919),#7922);
#7919 = B_SPLINE_CURVE_WITH_KNOTS('',1,(#7920,#7921),.UNSPECIFIED.,.F.,
  .F.,(2,2),(42.925813515502,43.763567394963),.PIECEWISE_BEZIER_KNOTS.);
#7920 = CARTESIAN_POINT('',(0.837753879461,42.925813515502));
#7921 = CARTESIAN_POINT('',(0.837753879461,43.763567394963));
#7922 = ( GEOMETRIC_REPRESENTATION_CONTEXT(2) 
PARAMETRIC_REPRESENTATION_CONTEXT() REPRESENTATION_CONTEXT('2D SPACE',''
  ) );
#7923 = PCURVE('',#7403,#7924);
#7924 = DEFINITIONAL_REPRESENTATION('',(#7925),#7946);
#7925 = ( BOUNDED_CURVE() B_SPLINE_CURVE(10,(#7926,#7927,#7928,#7929,
    #7930,#7931,#7932,#7933,#7934,#7935,#7936,#7937,#7938,#7939,#7940,
    #7941,#7942,#7943,#7944,#7945),.UNSPECIFIED.,.F.,.F.) 
B_SPLINE_CURVE_WITH_KNOTS((11,9,11),(42.925813515502,43.344848769895,
43.763567394963),.UNSPECIFIED.) CURVE() GEOMETRIC_REPRESENTATION_ITEM() 
RATIONAL_B_SPLINE_CURVE((1.,1.,1.,1.,1.,1.,1.,1.,1.,1.,1.,1.,1.,
    1.000000000001,0.999999999999,1.000000000001,1.,1.,1.,1.)) 
REPRESENTATION_ITEM('') );
#7926 = CARTESIAN_POINT('',(14.306397585307,-5.967275533172));
#7927 = CARTESIAN_POINT('',(13.488744735974,-5.37920416672));
#7928 = CARTESIAN_POINT('',(12.929826362554,-4.886954445116));
#7929 = CARTESIAN_POINT('',(12.381498527566,-4.33076227353));
#7930 = CARTESIAN_POINT('',(11.685820614169,-3.6307543219));
#7931 = CARTESIAN_POINT('',(11.218320113974,-2.831972867402));
#7932 = CARTESIAN_POINT('',(10.727461379053,-2.104429975565));
#7933 = CARTESIAN_POINT('',(10.323166287677,-1.197802547454));
#7934 = CARTESIAN_POINT('',(10.003560912233,-0.31941261196));
#7935 = CARTESIAN_POINT('',(9.765148020014,0.60744094009));
#7936 = CARTESIAN_POINT('',(9.463847609814,2.482190793444));
#7937 = CARTESIAN_POINT('',(9.40015738414,3.432964267701));
#7938 = CARTESIAN_POINT('',(9.425381471475,4.384278528171));
#7939 = CARTESIAN_POINT('',(9.538511454022,5.322619163143));
#7940 = CARTESIAN_POINT('',(9.735403619612,6.235048902356));
#7941 = CARTESIAN_POINT('',(10.009022557701,7.109986416411));
#7942 = CARTESIAN_POINT('',(10.350043956063,7.937884404959));
#7943 = CARTESIAN_POINT('',(10.74781659819,8.711806973603));
#7944 = CARTESIAN_POINT('',(11.191683561387,9.427906299611));
#7945 = CARTESIAN_POINT('',(11.672662825491,10.08579887409));
#7946 = ( GEOMETRIC_REPRESENTATION_CONTEXT(2) 
PARAMETRIC_REPRESENTATION_CONTEXT() REPRESENTATION_CONTEXT('2D SPACE',''
  ) );
#7947 = ORIENTED_EDGE('',*,*,#7948,.F.);
#7948 = EDGE_CURVE('',#4640,#7893,#7949,.T.);
#7949 = SURFACE_CURVE('',#7950,(#7954,#7960),.PCURVE_S1.);
#7950 = ( BOUNDED_CURVE() B_SPLINE_CURVE(2,(#7951,#7952,#7953),
.UNSPECIFIED.,.F.,.F.) B_SPLINE_CURVE_WITH_KNOTS((3,3),(0.,
8.290577529392),.PIECEWISE_BEZIER_KNOTS.) CURVE() 
GEOMETRIC_REPRESENTATION_ITEM() RATIONAL_B_SPLINE_CURVE((1.,
0.73166036063,1.)) REPRESENTATION_ITEM('') );
#7951 = CARTESIAN_POINT('',(-104.4288424924,-165.3507655204,
    14.970809149121));
#7952 = CARTESIAN_POINT('',(-104.42478939,-165.1,11.43));
#7953 = CARTESIAN_POINT('',(-104.3674236961,-161.5507834129,11.43));
#7954 = PCURVE('',#4727,#7955);
#7955 = DEFINITIONAL_REPRESENTATION('',(#7956),#7959);
#7956 = B_SPLINE_CURVE_WITH_KNOTS('',1,(#7957,#7958),.UNSPECIFIED.,.F.,
  .F.,(2,2),(0.,8.290577529392),.PIECEWISE_BEZIER_KNOTS.);
#7957 = CARTESIAN_POINT('',(0.,43.763567394963));
#7958 = CARTESIAN_POINT('',(0.837753879461,43.763567394963));
#7959 = ( GEOMETRIC_REPRESENTATION_CONTEXT(2) 
PARAMETRIC_REPRESENTATION_CONTEXT() REPRESENTATION_CONTEXT('2D SPACE',''
  ) );
#7960 = PCURVE('',#4856,#7961);
#7961 = DEFINITIONAL_REPRESENTATION('',(#7962),#7965);
#7962 = B_SPLINE_CURVE_WITH_KNOTS('',1,(#7963,#7964),.UNSPECIFIED.,.F.,
  .F.,(2,2),(0.,8.290577529392),.PIECEWISE_BEZIER_KNOTS.);
#7963 = CARTESIAN_POINT('',(0.,-9.76163684929E-03));
#7964 = CARTESIAN_POINT('',(8.290577529392,-9.76163684929E-03));
#7965 = ( GEOMETRIC_REPRESENTATION_CONTEXT(2) 
PARAMETRIC_REPRESENTATION_CONTEXT() REPRESENTATION_CONTEXT('2D SPACE',''
  ) );
#7966 = ORIENTED_EDGE('',*,*,#4667,.F.);
#7967 = ADVANCED_FACE('',(#7968),#4856,.F.);
#7968 = FACE_BOUND('',#7969,.F.);
#7969 = EDGE_LOOP('',(#7970,#7971,#8033,#8034));
#7970 = ORIENTED_EDGE('',*,*,#7948,.T.);
#7971 = ORIENTED_EDGE('',*,*,#7972,.T.);
#7972 = EDGE_CURVE('',#7893,#7351,#7973,.T.);
#7973 = SURFACE_CURVE('',#7974,(#7999,#8005),.PCURVE_S1.);
#7974 = ( BOUNDED_CURVE() B_SPLINE_CURVE(8,(#7975,#7976,#7977,#7978,
    #7979,#7980,#7981,#7982,#7983,#7984,#7985,#7986,#7987,#7988,#7989,
    #7990,#7991,#7992,#7993,#7994,#7995,#7996,#7997,#7998),
.UNSPECIFIED.,.F.,.F.) B_SPLINE_CURVE_WITH_KNOTS((9,8,7,9),(
    -9.76163684929E-03,0.,8.271369018227,8.280815892543),.UNSPECIFIED.) 
CURVE() GEOMETRIC_REPRESENTATION_ITEM() RATIONAL_B_SPLINE_CURVE((1.,1.,
    1.,1.,1.,1.,1.,1.,1.,1.,1.,1.,1.,1.,1.,1.,1.,1.,1.,1.,1.,1.,1.,1.)) 
REPRESENTATION_ITEM('') );
#7975 = CARTESIAN_POINT('',(-104.3674236961,-161.5507834129,11.43));
#7976 = CARTESIAN_POINT('',(-104.3436748896,-161.5506589071,11.43));
#7977 = CARTESIAN_POINT('',(-104.3199498528,-161.5505523702,11.43));
#7978 = CARTESIAN_POINT('',(-104.2962481854,-161.5504637415,11.43));
#7979 = CARTESIAN_POINT('',(-104.272569487,-161.55039296,11.43));
#7980 = CARTESIAN_POINT('',(-104.2489133571,-161.5503399651,11.43));
#7981 = CARTESIAN_POINT('',(-104.2252793956,-161.5503046959,11.43));
#7982 = CARTESIAN_POINT('',(-104.201667202,-161.5502870917,11.43));
#7983 = CARTESIAN_POINT('',(-104.178076376,-161.5502870917,11.43));
#7984 = CARTESIAN_POINT('',(-78.13355728201,-161.5502870917,11.43));
#7985 = CARTESIAN_POINT('',(-52.08527224508,-161.5503709401,11.43));
#7986 = CARTESIAN_POINT('',(-26.06182184333,-161.5498659024,11.43));
#7987 = CARTESIAN_POINT('',(4.875929846678E-02,-161.551405924,11.43));
#7988 = CARTESIAN_POINT('',(25.962771457436,-161.548161661,11.43));
#7989 = CARTESIAN_POINT('',(52.001777104454,-161.5536587332,11.43));
#7990 = CARTESIAN_POINT('',(77.770064033176,-161.5470766669,11.43));
#7991 = CARTESIAN_POINT('',(104.08752257711,-161.5524866349,11.43));
#7992 = CARTESIAN_POINT('',(104.11728095729,-161.5525022624,11.43));
#7993 = CARTESIAN_POINT('',(104.14678272153,-161.5525273881,11.43));
#7994 = CARTESIAN_POINT('',(104.17603621035,-161.5525620544,11.43));
#7995 = CARTESIAN_POINT('',(104.20504976425,-161.5526063036,11.43));
#7996 = CARTESIAN_POINT('',(104.23383172376,-161.5526601782,11.43));
#7997 = CARTESIAN_POINT('',(104.26239042939,-161.5527237204,11.43));
#7998 = CARTESIAN_POINT('',(104.29073422165,-161.5527969728,11.43));
#7999 = PCURVE('',#4856,#8000);
#8000 = DEFINITIONAL_REPRESENTATION('',(#8001),#8004);
#8001 = B_SPLINE_CURVE_WITH_KNOTS('',1,(#8002,#8003),.UNSPECIFIED.,.F.,
  .F.,(2,2),(-9.76163684929E-03,8.280815892543),
  .PIECEWISE_BEZIER_KNOTS.);
#8002 = CARTESIAN_POINT('',(8.290577529392,-9.76163684929E-03));
#8003 = CARTESIAN_POINT('',(8.290577529392,8.280815892543));
#8004 = ( GEOMETRIC_REPRESENTATION_CONTEXT(2) 
PARAMETRIC_REPRESENTATION_CONTEXT() REPRESENTATION_CONTEXT('2D SPACE',''
  ) );
#8005 = PCURVE('',#7403,#8006);
#8006 = DEFINITIONAL_REPRESENTATION('',(#8007),#8032);
#8007 = ( BOUNDED_CURVE() B_SPLINE_CURVE(8,(#8008,#8009,#8010,#8011,
    #8012,#8013,#8014,#8015,#8016,#8017,#8018,#8019,#8020,#8021,#8022,
    #8023,#8024,#8025,#8026,#8027,#8028,#8029,#8030,#8031),
.UNSPECIFIED.,.F.,.F.) B_SPLINE_CURVE_WITH_KNOTS((9,8,7,9),(
    -9.76163684929E-03,0.,8.271369018227,8.280815892543),.UNSPECIFIED.) 
CURVE() GEOMETRIC_REPRESENTATION_ITEM() RATIONAL_B_SPLINE_CURVE((1.,1.,
    1.,1.,1.,1.,1.,1.,1.,1.,1.,1.,1.,1.,1.,1.,1.,1.,1.,1.,1.,1.,1.,1.)) 
REPRESENTATION_ITEM('') );
#8008 = CARTESIAN_POINT('',(11.672662615573,10.085798586328));
#8009 = CARTESIAN_POINT('',(11.686679018581,10.104970486529));
#8010 = CARTESIAN_POINT('',(11.700666932735,10.124133653742));
#8011 = CARTESIAN_POINT('',(11.714626641888,10.14328837679));
#8012 = CARTESIAN_POINT('',(11.728558429864,10.162434944459));
#8013 = CARTESIAN_POINT('',(11.742462580528,10.181573645591));
#8014 = CARTESIAN_POINT('',(11.756339377699,10.200704768964));
#8015 = CARTESIAN_POINT('',(11.770189105237,10.219828603409));
#8016 = CARTESIAN_POINT('',(11.784012046974,10.238945437727));
#8017 = CARTESIAN_POINT('',(27.04468454793,31.344130811389));
#8018 = CARTESIAN_POINT('',(42.307495740166,52.452417048849));
#8019 = CARTESIAN_POINT('',(57.55623239014,73.540233475574));
#8020 = CARTESIAN_POINT('',(72.854365703197,94.699854622233));
#8021 = CARTESIAN_POINT('',(88.041197223768,115.69738269261));
#8022 = CARTESIAN_POINT('',(103.29418459005,136.80132122803));
#8023 = CARTESIAN_POINT('',(118.39833383694,157.67880503457));
#8024 = CARTESIAN_POINT('',(133.81455005006,179.00833693638));
#8025 = CARTESIAN_POINT('',(133.8319741795,179.0324608073));
#8026 = CARTESIAN_POINT('',(133.8492402491,179.05638229482));
#8027 = CARTESIAN_POINT('',(133.86635311161,179.0801081825));
#8028 = CARTESIAN_POINT('',(133.88331761976,179.10364525393));
#8029 = CARTESIAN_POINT('',(133.90013862628,179.12700029268));
#8030 = CARTESIAN_POINT('',(133.91682098392,179.15018008234));
#8031 = CARTESIAN_POINT('',(133.93336954541,179.17319140647));
#8032 = ( GEOMETRIC_REPRESENTATION_CONTEXT(2) 
PARAMETRIC_REPRESENTATION_CONTEXT() REPRESENTATION_CONTEXT('2D SPACE',''
  ) );
#8033 = ORIENTED_EDGE('',*,*,#7350,.F.);
#8034 = ORIENTED_EDGE('',*,*,#4800,.F.);
#8035 = ADVANCED_FACE('',(#8036),#5051,.F.);
#8036 = FACE_BOUND('',#8037,.F.);
#8037 = EDGE_LOOP('',(#8038,#8060,#8061,#8083));
#8038 = ORIENTED_EDGE('',*,*,#8039,.F.);
#8039 = EDGE_CURVE('',#5033,#8040,#8042,.T.);
#8040 = VERTEX_POINT('',#8041);
#8041 = CARTESIAN_POINT('',(-63.5,-187.452,105.664));
#8042 = SURFACE_CURVE('',#8043,(#8047,#8053),.PCURVE_S1.);
#8043 = LINE('',#8044,#8045);
#8044 = CARTESIAN_POINT('',(-63.5,-189.484,105.664));
#8045 = VECTOR('',#8046,1.);
#8046 = DIRECTION('',(0.,1.,0.));
#8047 = PCURVE('',#5051,#8048);
#8048 = DEFINITIONAL_REPRESENTATION('',(#8049),#8052);
#8049 = B_SPLINE_CURVE_WITH_KNOTS('',1,(#8050,#8051),.UNSPECIFIED.,.F.,
  .F.,(2,2),(1.016,2.032),.PIECEWISE_BEZIER_KNOTS.);
#8050 = CARTESIAN_POINT('',(0.,1.016));
#8051 = CARTESIAN_POINT('',(0.,2.032));
#8052 = ( GEOMETRIC_REPRESENTATION_CONTEXT(2) 
PARAMETRIC_REPRESENTATION_CONTEXT() REPRESENTATION_CONTEXT('2D SPACE',''
  ) );
#8053 = PCURVE('',#5078,#8054);
#8054 = DEFINITIONAL_REPRESENTATION('',(#8055),#8059);
#8055 = LINE('',#8056,#8057);
#8056 = CARTESIAN_POINT('',(46.99,0.));
#8057 = VECTOR('',#8058,1.);
#8058 = DIRECTION('',(0.,-1.));
#8059 = ( GEOMETRIC_REPRESENTATION_CONTEXT(2) 
PARAMETRIC_REPRESENTATION_CONTEXT() REPRESENTATION_CONTEXT('2D SPACE',''
  ) );
#8060 = ORIENTED_EDGE('',*,*,#5032,.T.);
#8061 = ORIENTED_EDGE('',*,*,#8062,.T.);
#8062 = EDGE_CURVE('',#5035,#8063,#8065,.T.);
#8063 = VERTEX_POINT('',#8064);
#8064 = CARTESIAN_POINT('',(-59.69,-187.452,109.474));
#8065 = SURFACE_CURVE('',#8066,(#8070,#8076),.PCURVE_S1.);
#8066 = LINE('',#8067,#8068);
#8067 = CARTESIAN_POINT('',(-59.69,-189.484,109.474));
#8068 = VECTOR('',#8069,1.);
#8069 = DIRECTION('',(0.,1.,0.));
#8070 = PCURVE('',#5051,#8071);
#8071 = DEFINITIONAL_REPRESENTATION('',(#8072),#8075);
#8072 = B_SPLINE_CURVE_WITH_KNOTS('',1,(#8073,#8074),.UNSPECIFIED.,.F.,
  .F.,(2,2),(1.016,2.032),.PIECEWISE_BEZIER_KNOTS.);
#8073 = CARTESIAN_POINT('',(1.570796326795,1.016));
#8074 = CARTESIAN_POINT('',(1.570796326795,2.032));
#8075 = ( GEOMETRIC_REPRESENTATION_CONTEXT(2) 
PARAMETRIC_REPRESENTATION_CONTEXT() REPRESENTATION_CONTEXT('2D SPACE',''
  ) );
#8076 = PCURVE('',#5244,#8077);
#8077 = DEFINITIONAL_REPRESENTATION('',(#8078),#8082);
#8078 = LINE('',#8079,#8080);
#8079 = CARTESIAN_POINT('',(3.81,0.));
#8080 = VECTOR('',#8081,1.);
#8081 = DIRECTION('',(0.,1.));
#8082 = ( GEOMETRIC_REPRESENTATION_CONTEXT(2) 
PARAMETRIC_REPRESENTATION_CONTEXT() REPRESENTATION_CONTEXT('2D SPACE',''
  ) );
#8083 = ORIENTED_EDGE('',*,*,#8084,.F.);
#8084 = EDGE_CURVE('',#8040,#8063,#8085,.T.);
#8085 = SURFACE_CURVE('',#8086,(#8091,#8097),.PCURVE_S1.);
#8086 = CIRCLE('',#8087,3.81);
#8087 = AXIS2_PLACEMENT_3D('',#8088,#8089,#8090);
#8088 = CARTESIAN_POINT('',(-59.69,-187.452,105.664));
#8089 = DIRECTION('',(0.,1.,0.));
#8090 = DIRECTION('',(0.,-0.,1.));
#8091 = PCURVE('',#5051,#8092);
#8092 = DEFINITIONAL_REPRESENTATION('',(#8093),#8096);
#8093 = B_SPLINE_CURVE_WITH_KNOTS('',1,(#8094,#8095),.UNSPECIFIED.,.F.,
  .F.,(2,2),(4.712388980385,6.28318530718),.PIECEWISE_BEZIER_KNOTS.);
#8094 = CARTESIAN_POINT('',(0.,2.032));
#8095 = CARTESIAN_POINT('',(1.570796326795,2.032));
#8096 = ( GEOMETRIC_REPRESENTATION_CONTEXT(2) 
PARAMETRIC_REPRESENTATION_CONTEXT() REPRESENTATION_CONTEXT('2D SPACE',''
  ) );
#8097 = PCURVE('',#8098,#8103);
#8098 = PLANE('',#8099);
#8099 = AXIS2_PLACEMENT_3D('',#8100,#8101,#8102);
#8100 = CARTESIAN_POINT('',(-63.5,-187.452,58.674));
#8101 = DIRECTION('',(0.,1.,0.));
#8102 = DIRECTION('',(0.,0.,1.));
#8103 = DEFINITIONAL_REPRESENTATION('',(#8104),#8108);
#8104 = CIRCLE('',#8105,3.81);
#8105 = AXIS2_PLACEMENT_2D('',#8106,#8107);
#8106 = CARTESIAN_POINT('',(46.99,3.81));
#8107 = DIRECTION('',(1.,0.));
#8108 = ( GEOMETRIC_REPRESENTATION_CONTEXT(2) 
PARAMETRIC_REPRESENTATION_CONTEXT() REPRESENTATION_CONTEXT('2D SPACE',''
  ) );
#8109 = ADVANCED_FACE('',(#8110),#5244,.F.);
#8110 = FACE_BOUND('',#8111,.F.);
#8111 = EDGE_LOOP('',(#8112,#8135,#8136,#8137));
#8112 = ORIENTED_EDGE('',*,*,#8113,.F.);
#8113 = EDGE_CURVE('',#8063,#8114,#8116,.T.);
#8114 = VERTEX_POINT('',#8115);
#8115 = CARTESIAN_POINT('',(59.69,-187.452,109.474));
#8116 = SURFACE_CURVE('',#8117,(#8121,#8128),.PCURVE_S1.);
#8117 = LINE('',#8118,#8119);
#8118 = CARTESIAN_POINT('',(-63.5,-187.452,109.474));
#8119 = VECTOR('',#8120,1.);
#8120 = DIRECTION('',(1.,0.,0.));
#8121 = PCURVE('',#5244,#8122);
#8122 = DEFINITIONAL_REPRESENTATION('',(#8123),#8127);
#8123 = LINE('',#8124,#8125);
#8124 = CARTESIAN_POINT('',(0.,2.032));
#8125 = VECTOR('',#8126,1.);
#8126 = DIRECTION('',(1.,0.));
#8127 = ( GEOMETRIC_REPRESENTATION_CONTEXT(2) 
PARAMETRIC_REPRESENTATION_CONTEXT() REPRESENTATION_CONTEXT('2D SPACE',''
  ) );
#8128 = PCURVE('',#8098,#8129);
#8129 = DEFINITIONAL_REPRESENTATION('',(#8130),#8134);
#8130 = LINE('',#8131,#8132);
#8131 = CARTESIAN_POINT('',(50.8,0.));
#8132 = VECTOR('',#8133,1.);
#8133 = DIRECTION('',(0.,1.));
#8134 = ( GEOMETRIC_REPRESENTATION_CONTEXT(2) 
PARAMETRIC_REPRESENTATION_CONTEXT() REPRESENTATION_CONTEXT('2D SPACE',''
  ) );
#8135 = ORIENTED_EDGE('',*,*,#8062,.F.);
#8136 = ORIENTED_EDGE('',*,*,#5230,.T.);
#8137 = ORIENTED_EDGE('',*,*,#8138,.T.);
#8138 = EDGE_CURVE('',#5203,#8114,#8139,.T.);
#8139 = SURFACE_CURVE('',#8140,(#8144,#8151),.PCURVE_S1.);
#8140 = LINE('',#8141,#8142);
#8141 = CARTESIAN_POINT('',(59.69,-189.484,109.474));
#8142 = VECTOR('',#8143,1.);
#8143 = DIRECTION('',(0.,1.,0.));
#8144 = PCURVE('',#5244,#8145);
#8145 = DEFINITIONAL_REPRESENTATION('',(#8146),#8150);
#8146 = LINE('',#8147,#8148);
#8147 = CARTESIAN_POINT('',(123.19,0.));
#8148 = VECTOR('',#8149,1.);
#8149 = DIRECTION('',(0.,1.));
#8150 = ( GEOMETRIC_REPRESENTATION_CONTEXT(2) 
PARAMETRIC_REPRESENTATION_CONTEXT() REPRESENTATION_CONTEXT('2D SPACE',''
  ) );
#8151 = PCURVE('',#5219,#8152);
#8152 = DEFINITIONAL_REPRESENTATION('',(#8153),#8156);
#8153 = B_SPLINE_CURVE_WITH_KNOTS('',1,(#8154,#8155),.UNSPECIFIED.,.F.,
  .F.,(2,2),(1.016,2.032),.PIECEWISE_BEZIER_KNOTS.);
#8154 = CARTESIAN_POINT('',(-1.570796326795,1.016));
#8155 = CARTESIAN_POINT('',(-1.570796326795,2.032));
#8156 = ( GEOMETRIC_REPRESENTATION_CONTEXT(2) 
PARAMETRIC_REPRESENTATION_CONTEXT() REPRESENTATION_CONTEXT('2D SPACE',''
  ) );
#8157 = ADVANCED_FACE('',(#8158),#5219,.F.);
#8158 = FACE_BOUND('',#8159,.T.);
#8159 = EDGE_LOOP('',(#8160,#8182,#8183,#8184));
#8160 = ORIENTED_EDGE('',*,*,#8161,.F.);
#8161 = EDGE_CURVE('',#5175,#8162,#8164,.T.);
#8162 = VERTEX_POINT('',#8163);
#8163 = CARTESIAN_POINT('',(63.5,-187.452,105.664));
#8164 = SURFACE_CURVE('',#8165,(#8169,#8175),.PCURVE_S1.);
#8165 = LINE('',#8166,#8167);
#8166 = CARTESIAN_POINT('',(63.5,-189.484,105.664));
#8167 = VECTOR('',#8168,1.);
#8168 = DIRECTION('',(0.,1.,0.));
#8169 = PCURVE('',#5219,#8170);
#8170 = DEFINITIONAL_REPRESENTATION('',(#8171),#8174);
#8171 = B_SPLINE_CURVE_WITH_KNOTS('',1,(#8172,#8173),.UNSPECIFIED.,.F.,
  .F.,(2,2),(1.016,2.032),.PIECEWISE_BEZIER_KNOTS.);
#8172 = CARTESIAN_POINT('',(0.,1.016));
#8173 = CARTESIAN_POINT('',(0.,2.032));
#8174 = ( GEOMETRIC_REPRESENTATION_CONTEXT(2) 
PARAMETRIC_REPRESENTATION_CONTEXT() REPRESENTATION_CONTEXT('2D SPACE',''
  ) );
#8175 = PCURVE('',#5190,#8176);
#8176 = DEFINITIONAL_REPRESENTATION('',(#8177),#8181);
#8177 = LINE('',#8178,#8179);
#8178 = CARTESIAN_POINT('',(46.99,0.));
#8179 = VECTOR('',#8180,1.);
#8180 = DIRECTION('',(0.,-1.));
#8181 = ( GEOMETRIC_REPRESENTATION_CONTEXT(2) 
PARAMETRIC_REPRESENTATION_CONTEXT() REPRESENTATION_CONTEXT('2D SPACE',''
  ) );
#8182 = ORIENTED_EDGE('',*,*,#5202,.F.);
#8183 = ORIENTED_EDGE('',*,*,#8138,.T.);
#8184 = ORIENTED_EDGE('',*,*,#8185,.F.);
#8185 = EDGE_CURVE('',#8162,#8114,#8186,.T.);
#8186 = SURFACE_CURVE('',#8187,(#8192,#8198),.PCURVE_S1.);
#8187 = CIRCLE('',#8188,3.81);
#8188 = AXIS2_PLACEMENT_3D('',#8189,#8190,#8191);
#8189 = CARTESIAN_POINT('',(59.69,-187.452,105.664));
#8190 = DIRECTION('',(-0.,-1.,0.));
#8191 = DIRECTION('',(0.,-0.,1.));
#8192 = PCURVE('',#5219,#8193);
#8193 = DEFINITIONAL_REPRESENTATION('',(#8194),#8197);
#8194 = B_SPLINE_CURVE_WITH_KNOTS('',1,(#8195,#8196),.UNSPECIFIED.,.F.,
  .F.,(2,2),(4.712388980385,6.28318530718),.PIECEWISE_BEZIER_KNOTS.);
#8195 = CARTESIAN_POINT('',(0.,2.032));
#8196 = CARTESIAN_POINT('',(-1.570796326795,2.032));
#8197 = ( GEOMETRIC_REPRESENTATION_CONTEXT(2) 
PARAMETRIC_REPRESENTATION_CONTEXT() REPRESENTATION_CONTEXT('2D SPACE',''
  ) );
#8198 = PCURVE('',#8098,#8199);
#8199 = DEFINITIONAL_REPRESENTATION('',(#8200),#8208);
#8200 = ( BOUNDED_CURVE() B_SPLINE_CURVE(2,(#8201,#8202,#8203,#8204,
#8205,#8206,#8207),.UNSPECIFIED.,.T.,.F.) B_SPLINE_CURVE_WITH_KNOTS((1,2
    ,2,2,2,1),(-2.094395102393,0.,2.094395102393,4.188790204786,
6.28318530718,8.377580409573),.UNSPECIFIED.) CURVE() 
GEOMETRIC_REPRESENTATION_ITEM() RATIONAL_B_SPLINE_CURVE((1.,0.5,1.,0.5,
1.,0.5,1.)) REPRESENTATION_ITEM('') );
#8201 = CARTESIAN_POINT('',(50.8,123.19));
#8202 = CARTESIAN_POINT('',(50.8,116.59088642316));
#8203 = CARTESIAN_POINT('',(45.085,119.89044321158));
#8204 = CARTESIAN_POINT('',(39.37,123.19));
#8205 = CARTESIAN_POINT('',(45.085,126.48955678841));
#8206 = CARTESIAN_POINT('',(50.8,129.78911357683));
#8207 = CARTESIAN_POINT('',(50.8,123.19));
#8208 = ( GEOMETRIC_REPRESENTATION_CONTEXT(2) 
PARAMETRIC_REPRESENTATION_CONTEXT() REPRESENTATION_CONTEXT('2D SPACE',''
  ) );
#8209 = ADVANCED_FACE('',(#8210),#5190,.F.);
#8210 = FACE_BOUND('',#8211,.F.);
#8211 = EDGE_LOOP('',(#8212,#8213,#8235,#8256));
#8212 = ORIENTED_EDGE('',*,*,#5174,.T.);
#8213 = ORIENTED_EDGE('',*,*,#8214,.T.);
#8214 = EDGE_CURVE('',#5147,#8215,#8217,.T.);
#8215 = VERTEX_POINT('',#8216);
#8216 = CARTESIAN_POINT('',(63.5,-187.452,62.484));
#8217 = SURFACE_CURVE('',#8218,(#8222,#8229),.PCURVE_S1.);
#8218 = LINE('',#8219,#8220);
#8219 = CARTESIAN_POINT('',(63.5,-189.484,62.484));
#8220 = VECTOR('',#8221,1.);
#8221 = DIRECTION('',(0.,1.,0.));
#8222 = PCURVE('',#5190,#8223);
#8223 = DEFINITIONAL_REPRESENTATION('',(#8224),#8228);
#8224 = LINE('',#8225,#8226);
#8225 = CARTESIAN_POINT('',(3.81,0.));
#8226 = VECTOR('',#8227,1.);
#8227 = DIRECTION('',(0.,-1.));
#8228 = ( GEOMETRIC_REPRESENTATION_CONTEXT(2) 
PARAMETRIC_REPRESENTATION_CONTEXT() REPRESENTATION_CONTEXT('2D SPACE',''
  ) );
#8229 = PCURVE('',#5163,#8230);
#8230 = DEFINITIONAL_REPRESENTATION('',(#8231),#8234);
#8231 = B_SPLINE_CURVE_WITH_KNOTS('',1,(#8232,#8233),.UNSPECIFIED.,.F.,
  .F.,(2,2),(1.016,2.032),.PIECEWISE_BEZIER_KNOTS.);
#8232 = CARTESIAN_POINT('',(0.,1.016));
#8233 = CARTESIAN_POINT('',(0.,2.032));
#8234 = ( GEOMETRIC_REPRESENTATION_CONTEXT(2) 
PARAMETRIC_REPRESENTATION_CONTEXT() REPRESENTATION_CONTEXT('2D SPACE',''
  ) );
#8235 = ORIENTED_EDGE('',*,*,#8236,.T.);
#8236 = EDGE_CURVE('',#8215,#8162,#8237,.T.);
#8237 = SURFACE_CURVE('',#8238,(#8242,#8249),.PCURVE_S1.);
#8238 = LINE('',#8239,#8240);
#8239 = CARTESIAN_POINT('',(63.5,-187.452,58.674));
#8240 = VECTOR('',#8241,1.);
#8241 = DIRECTION('',(0.,0.,1.));
#8242 = PCURVE('',#5190,#8243);
#8243 = DEFINITIONAL_REPRESENTATION('',(#8244),#8248);
#8244 = LINE('',#8245,#8246);
#8245 = CARTESIAN_POINT('',(0.,-2.032));
#8246 = VECTOR('',#8247,1.);
#8247 = DIRECTION('',(1.,0.));
#8248 = ( GEOMETRIC_REPRESENTATION_CONTEXT(2) 
PARAMETRIC_REPRESENTATION_CONTEXT() REPRESENTATION_CONTEXT('2D SPACE',''
  ) );
#8249 = PCURVE('',#8098,#8250);
#8250 = DEFINITIONAL_REPRESENTATION('',(#8251),#8255);
#8251 = LINE('',#8252,#8253);
#8252 = CARTESIAN_POINT('',(0.,127.));
#8253 = VECTOR('',#8254,1.);
#8254 = DIRECTION('',(1.,0.));
#8255 = ( GEOMETRIC_REPRESENTATION_CONTEXT(2) 
PARAMETRIC_REPRESENTATION_CONTEXT() REPRESENTATION_CONTEXT('2D SPACE',''
  ) );
#8256 = ORIENTED_EDGE('',*,*,#8161,.F.);
#8257 = ADVANCED_FACE('',(#8258),#5163,.F.);
#8258 = FACE_BOUND('',#8259,.F.);
#8259 = EDGE_LOOP('',(#8260,#8261,#8262,#8284));
#8260 = ORIENTED_EDGE('',*,*,#8214,.F.);
#8261 = ORIENTED_EDGE('',*,*,#5146,.T.);
#8262 = ORIENTED_EDGE('',*,*,#8263,.T.);
#8263 = EDGE_CURVE('',#5119,#8264,#8266,.T.);
#8264 = VERTEX_POINT('',#8265);
#8265 = CARTESIAN_POINT('',(59.69,-187.452,58.674));
#8266 = SURFACE_CURVE('',#8267,(#8271,#8277),.PCURVE_S1.);
#8267 = LINE('',#8268,#8269);
#8268 = CARTESIAN_POINT('',(59.69,-189.484,58.674));
#8269 = VECTOR('',#8270,1.);
#8270 = DIRECTION('',(0.,1.,0.));
#8271 = PCURVE('',#5163,#8272);
#8272 = DEFINITIONAL_REPRESENTATION('',(#8273),#8276);
#8273 = B_SPLINE_CURVE_WITH_KNOTS('',1,(#8274,#8275),.UNSPECIFIED.,.F.,
  .F.,(2,2),(1.016,2.032),.PIECEWISE_BEZIER_KNOTS.);
#8274 = CARTESIAN_POINT('',(1.570796326795,1.016));
#8275 = CARTESIAN_POINT('',(1.570796326795,2.032));
#8276 = ( GEOMETRIC_REPRESENTATION_CONTEXT(2) 
PARAMETRIC_REPRESENTATION_CONTEXT() REPRESENTATION_CONTEXT('2D SPACE',''
  ) );
#8277 = PCURVE('',#5134,#8278);
#8278 = DEFINITIONAL_REPRESENTATION('',(#8279),#8283);
#8279 = LINE('',#8280,#8281);
#8280 = CARTESIAN_POINT('',(123.19,0.));
#8281 = VECTOR('',#8282,1.);
#8282 = DIRECTION('',(0.,1.));
#8283 = ( GEOMETRIC_REPRESENTATION_CONTEXT(2) 
PARAMETRIC_REPRESENTATION_CONTEXT() REPRESENTATION_CONTEXT('2D SPACE',''
  ) );
#8284 = ORIENTED_EDGE('',*,*,#8285,.F.);
#8285 = EDGE_CURVE('',#8215,#8264,#8286,.T.);
#8286 = SURFACE_CURVE('',#8287,(#8292,#8298),.PCURVE_S1.);
#8287 = CIRCLE('',#8288,3.81);
#8288 = AXIS2_PLACEMENT_3D('',#8289,#8290,#8291);
#8289 = CARTESIAN_POINT('',(59.69,-187.452,62.484));
#8290 = DIRECTION('',(0.,1.,0.));
#8291 = DIRECTION('',(0.,-0.,1.));
#8292 = PCURVE('',#5163,#8293);
#8293 = DEFINITIONAL_REPRESENTATION('',(#8294),#8297);
#8294 = B_SPLINE_CURVE_WITH_KNOTS('',1,(#8295,#8296),.UNSPECIFIED.,.F.,
  .F.,(2,2),(1.570796326795,3.14159265359),.PIECEWISE_BEZIER_KNOTS.);
#8295 = CARTESIAN_POINT('',(0.,2.032));
#8296 = CARTESIAN_POINT('',(1.570796326795,2.032));
#8297 = ( GEOMETRIC_REPRESENTATION_CONTEXT(2) 
PARAMETRIC_REPRESENTATION_CONTEXT() REPRESENTATION_CONTEXT('2D SPACE',''
  ) );
#8298 = PCURVE('',#8098,#8299);
#8299 = DEFINITIONAL_REPRESENTATION('',(#8300),#8304);
#8300 = CIRCLE('',#8301,3.81);
#8301 = AXIS2_PLACEMENT_2D('',#8302,#8303);
#8302 = CARTESIAN_POINT('',(3.81,123.19));
#8303 = DIRECTION('',(1.,0.));
#8304 = ( GEOMETRIC_REPRESENTATION_CONTEXT(2) 
PARAMETRIC_REPRESENTATION_CONTEXT() REPRESENTATION_CONTEXT('2D SPACE',''
  ) );
#8305 = ADVANCED_FACE('',(#8306),#5134,.T.);
#8306 = FACE_BOUND('',#8307,.T.);
#8307 = EDGE_LOOP('',(#8308,#8331,#8351,#8352));
#8308 = ORIENTED_EDGE('',*,*,#8309,.F.);
#8309 = EDGE_CURVE('',#8310,#8264,#8312,.T.);
#8310 = VERTEX_POINT('',#8311);
#8311 = CARTESIAN_POINT('',(-59.69,-187.452,58.674));
#8312 = SURFACE_CURVE('',#8313,(#8317,#8324),.PCURVE_S1.);
#8313 = LINE('',#8314,#8315);
#8314 = CARTESIAN_POINT('',(-63.5,-187.452,58.674));
#8315 = VECTOR('',#8316,1.);
#8316 = DIRECTION('',(1.,0.,0.));
#8317 = PCURVE('',#5134,#8318);
#8318 = DEFINITIONAL_REPRESENTATION('',(#8319),#8323);
#8319 = LINE('',#8320,#8321);
#8320 = CARTESIAN_POINT('',(0.,2.032));
#8321 = VECTOR('',#8322,1.);
#8322 = DIRECTION('',(1.,0.));
#8323 = ( GEOMETRIC_REPRESENTATION_CONTEXT(2) 
PARAMETRIC_REPRESENTATION_CONTEXT() REPRESENTATION_CONTEXT('2D SPACE',''
  ) );
#8324 = PCURVE('',#8098,#8325);
#8325 = DEFINITIONAL_REPRESENTATION('',(#8326),#8330);
#8326 = LINE('',#8327,#8328);
#8327 = CARTESIAN_POINT('',(0.,0.));
#8328 = VECTOR('',#8329,1.);
#8329 = DIRECTION('',(0.,1.));
#8330 = ( GEOMETRIC_REPRESENTATION_CONTEXT(2) 
PARAMETRIC_REPRESENTATION_CONTEXT() REPRESENTATION_CONTEXT('2D SPACE',''
  ) );
#8331 = ORIENTED_EDGE('',*,*,#8332,.F.);
#8332 = EDGE_CURVE('',#5091,#8310,#8333,.T.);
#8333 = SURFACE_CURVE('',#8334,(#8338,#8345),.PCURVE_S1.);
#8334 = LINE('',#8335,#8336);
#8335 = CARTESIAN_POINT('',(-59.69,-189.484,58.674));
#8336 = VECTOR('',#8337,1.);
#8337 = DIRECTION('',(0.,1.,0.));
#8338 = PCURVE('',#5134,#8339);
#8339 = DEFINITIONAL_REPRESENTATION('',(#8340),#8344);
#8340 = LINE('',#8341,#8342);
#8341 = CARTESIAN_POINT('',(3.81,0.));
#8342 = VECTOR('',#8343,1.);
#8343 = DIRECTION('',(0.,1.));
#8344 = ( GEOMETRIC_REPRESENTATION_CONTEXT(2) 
PARAMETRIC_REPRESENTATION_CONTEXT() REPRESENTATION_CONTEXT('2D SPACE',''
  ) );
#8345 = PCURVE('',#5107,#8346);
#8346 = DEFINITIONAL_REPRESENTATION('',(#8347),#8350);
#8347 = B_SPLINE_CURVE_WITH_KNOTS('',1,(#8348,#8349),.UNSPECIFIED.,.F.,
  .F.,(2,2),(1.016,2.032),.PIECEWISE_BEZIER_KNOTS.);
#8348 = CARTESIAN_POINT('',(-1.570796326795,1.016));
#8349 = CARTESIAN_POINT('',(-1.570796326795,2.032));
#8350 = ( GEOMETRIC_REPRESENTATION_CONTEXT(2) 
PARAMETRIC_REPRESENTATION_CONTEXT() REPRESENTATION_CONTEXT('2D SPACE',''
  ) );
#8351 = ORIENTED_EDGE('',*,*,#5118,.T.);
#8352 = ORIENTED_EDGE('',*,*,#8263,.T.);
#8353 = ADVANCED_FACE('',(#8354),#5107,.F.);
#8354 = FACE_BOUND('',#8355,.T.);
#8355 = EDGE_LOOP('',(#8356,#8378,#8379,#8380));
#8356 = ORIENTED_EDGE('',*,*,#8357,.F.);
#8357 = EDGE_CURVE('',#5063,#8358,#8360,.T.);
#8358 = VERTEX_POINT('',#8359);
#8359 = CARTESIAN_POINT('',(-63.5,-187.452,62.484));
#8360 = SURFACE_CURVE('',#8361,(#8365,#8371),.PCURVE_S1.);
#8361 = LINE('',#8362,#8363);
#8362 = CARTESIAN_POINT('',(-63.5,-189.484,62.484));
#8363 = VECTOR('',#8364,1.);
#8364 = DIRECTION('',(0.,1.,0.));
#8365 = PCURVE('',#5107,#8366);
#8366 = DEFINITIONAL_REPRESENTATION('',(#8367),#8370);
#8367 = B_SPLINE_CURVE_WITH_KNOTS('',1,(#8368,#8369),.UNSPECIFIED.,.F.,
  .F.,(2,2),(1.016,2.032),.PIECEWISE_BEZIER_KNOTS.);
#8368 = CARTESIAN_POINT('',(0.,1.016));
#8369 = CARTESIAN_POINT('',(0.,2.032));
#8370 = ( GEOMETRIC_REPRESENTATION_CONTEXT(2) 
PARAMETRIC_REPRESENTATION_CONTEXT() REPRESENTATION_CONTEXT('2D SPACE',''
  ) );
#8371 = PCURVE('',#5078,#8372);
#8372 = DEFINITIONAL_REPRESENTATION('',(#8373),#8377);
#8373 = LINE('',#8374,#8375);
#8374 = CARTESIAN_POINT('',(3.81,0.));
#8375 = VECTOR('',#8376,1.);
#8376 = DIRECTION('',(0.,-1.));
#8377 = ( GEOMETRIC_REPRESENTATION_CONTEXT(2) 
PARAMETRIC_REPRESENTATION_CONTEXT() REPRESENTATION_CONTEXT('2D SPACE',''
  ) );
#8378 = ORIENTED_EDGE('',*,*,#5090,.F.);
#8379 = ORIENTED_EDGE('',*,*,#8332,.T.);
#8380 = ORIENTED_EDGE('',*,*,#8381,.F.);
#8381 = EDGE_CURVE('',#8358,#8310,#8382,.T.);
#8382 = SURFACE_CURVE('',#8383,(#8388,#8394),.PCURVE_S1.);
#8383 = CIRCLE('',#8384,3.81);
#8384 = AXIS2_PLACEMENT_3D('',#8385,#8386,#8387);
#8385 = CARTESIAN_POINT('',(-59.69,-187.452,62.484));
#8386 = DIRECTION('',(-0.,-1.,0.));
#8387 = DIRECTION('',(0.,-0.,1.));
#8388 = PCURVE('',#5107,#8389);
#8389 = DEFINITIONAL_REPRESENTATION('',(#8390),#8393);
#8390 = B_SPLINE_CURVE_WITH_KNOTS('',1,(#8391,#8392),.UNSPECIFIED.,.F.,
  .F.,(2,2),(1.570796326795,3.14159265359),.PIECEWISE_BEZIER_KNOTS.);
#8391 = CARTESIAN_POINT('',(0.,2.032));
#8392 = CARTESIAN_POINT('',(-1.570796326795,2.032));
#8393 = ( GEOMETRIC_REPRESENTATION_CONTEXT(2) 
PARAMETRIC_REPRESENTATION_CONTEXT() REPRESENTATION_CONTEXT('2D SPACE',''
  ) );
#8394 = PCURVE('',#8098,#8395);
#8395 = DEFINITIONAL_REPRESENTATION('',(#8396),#8404);
#8396 = ( BOUNDED_CURVE() B_SPLINE_CURVE(2,(#8397,#8398,#8399,#8400,
#8401,#8402,#8403),.UNSPECIFIED.,.T.,.F.) B_SPLINE_CURVE_WITH_KNOTS((1,2
    ,2,2,2,1),(-2.094395102393,0.,2.094395102393,4.188790204786,
6.28318530718,8.377580409573),.UNSPECIFIED.) CURVE() 
GEOMETRIC_REPRESENTATION_ITEM() RATIONAL_B_SPLINE_CURVE((1.,0.5,1.,0.5,
1.,0.5,1.)) REPRESENTATION_ITEM('') );
#8397 = CARTESIAN_POINT('',(7.62,3.81));
#8398 = CARTESIAN_POINT('',(7.62,-2.789113576837));
#8399 = CARTESIAN_POINT('',(1.905,0.510443211581));
#8400 = CARTESIAN_POINT('',(-3.81,3.81));
#8401 = CARTESIAN_POINT('',(1.905,7.109556788419));
#8402 = CARTESIAN_POINT('',(7.62,10.409113576837));
#8403 = CARTESIAN_POINT('',(7.62,3.81));
#8404 = ( GEOMETRIC_REPRESENTATION_CONTEXT(2) 
PARAMETRIC_REPRESENTATION_CONTEXT() REPRESENTATION_CONTEXT('2D SPACE',''
  ) );
#8405 = ADVANCED_FACE('',(#8406),#5078,.T.);
#8406 = FACE_BOUND('',#8407,.T.);
#8407 = EDGE_LOOP('',(#8408,#8409,#8410,#8431));
#8408 = ORIENTED_EDGE('',*,*,#5062,.T.);
#8409 = ORIENTED_EDGE('',*,*,#8357,.T.);
#8410 = ORIENTED_EDGE('',*,*,#8411,.T.);
#8411 = EDGE_CURVE('',#8358,#8040,#8412,.T.);
#8412 = SURFACE_CURVE('',#8413,(#8417,#8424),.PCURVE_S1.);
#8413 = LINE('',#8414,#8415);
#8414 = CARTESIAN_POINT('',(-63.5,-187.452,58.674));
#8415 = VECTOR('',#8416,1.);
#8416 = DIRECTION('',(0.,0.,1.));
#8417 = PCURVE('',#5078,#8418);
#8418 = DEFINITIONAL_REPRESENTATION('',(#8419),#8423);
#8419 = LINE('',#8420,#8421);
#8420 = CARTESIAN_POINT('',(0.,-2.032));
#8421 = VECTOR('',#8422,1.);
#8422 = DIRECTION('',(1.,0.));
#8423 = ( GEOMETRIC_REPRESENTATION_CONTEXT(2) 
PARAMETRIC_REPRESENTATION_CONTEXT() REPRESENTATION_CONTEXT('2D SPACE',''
  ) );
#8424 = PCURVE('',#8098,#8425);
#8425 = DEFINITIONAL_REPRESENTATION('',(#8426),#8430);
#8426 = LINE('',#8427,#8428);
#8427 = CARTESIAN_POINT('',(0.,0.));
#8428 = VECTOR('',#8429,1.);
#8429 = DIRECTION('',(1.,0.));
#8430 = ( GEOMETRIC_REPRESENTATION_CONTEXT(2) 
PARAMETRIC_REPRESENTATION_CONTEXT() REPRESENTATION_CONTEXT('2D SPACE',''
  ) );
#8431 = ORIENTED_EDGE('',*,*,#8039,.F.);
#8432 = ADVANCED_FACE('',(#8433),#5534,.F.);
#8433 = FACE_BOUND('',#8434,.F.);
#8434 = EDGE_LOOP('',(#8435,#8457,#8478,#8479));
#8435 = ORIENTED_EDGE('',*,*,#8436,.F.);
#8436 = EDGE_CURVE('',#8437,#5486,#8439,.T.);
#8437 = VERTEX_POINT('',#8438);
#8438 = CARTESIAN_POINT('',(140.208,69.85,171.45));
#8439 = SURFACE_CURVE('',#8440,(#8444,#8450),.PCURVE_S1.);
#8440 = LINE('',#8441,#8442);
#8441 = CARTESIAN_POINT('',(140.208,69.85,171.45));
#8442 = VECTOR('',#8443,1.);
#8443 = DIRECTION('',(1.,0.,0.));
#8444 = PCURVE('',#5534,#8445);
#8445 = DEFINITIONAL_REPRESENTATION('',(#8446),#8449);
#8446 = B_SPLINE_CURVE_WITH_KNOTS('',1,(#8447,#8448),.UNSPECIFIED.,.F.,
  .F.,(2,2),(0.,10.16),.PIECEWISE_BEZIER_KNOTS.);
#8447 = CARTESIAN_POINT('',(0.,0.));
#8448 = CARTESIAN_POINT('',(0.,10.16));
#8449 = ( GEOMETRIC_REPRESENTATION_CONTEXT(2) 
PARAMETRIC_REPRESENTATION_CONTEXT() REPRESENTATION_CONTEXT('2D SPACE',''
  ) );
#8450 = PCURVE('',#5501,#8451);
#8451 = DEFINITIONAL_REPRESENTATION('',(#8452),#8456);
#8452 = LINE('',#8453,#8454);
#8453 = CARTESIAN_POINT('',(17.78,0.));
#8454 = VECTOR('',#8455,1.);
#8455 = DIRECTION('',(0.,1.));
#8456 = ( GEOMETRIC_REPRESENTATION_CONTEXT(2) 
PARAMETRIC_REPRESENTATION_CONTEXT() REPRESENTATION_CONTEXT('2D SPACE',''
  ) );
#8457 = ORIENTED_EDGE('',*,*,#8458,.T.);
#8458 = EDGE_CURVE('',#8437,#7271,#8459,.T.);
#8459 = SURFACE_CURVE('',#8460,(#8465,#8471),.PCURVE_S1.);
#8460 = CIRCLE('',#8461,7.62);
#8461 = AXIS2_PLACEMENT_3D('',#8462,#8463,#8464);
#8462 = CARTESIAN_POINT('',(140.208,62.23,171.45));
#8463 = DIRECTION('',(1.,0.,0.));
#8464 = DIRECTION('',(-0.,0.,1.));
#8465 = PCURVE('',#5534,#8466);
#8466 = DEFINITIONAL_REPRESENTATION('',(#8467),#8470);
#8467 = B_SPLINE_CURVE_WITH_KNOTS('',1,(#8468,#8469),.UNSPECIFIED.,.F.,
  .F.,(2,2),(4.712388980385,6.28318530718),.PIECEWISE_BEZIER_KNOTS.);
#8468 = CARTESIAN_POINT('',(0.,0.));
#8469 = CARTESIAN_POINT('',(1.570796326795,0.));
#8470 = ( GEOMETRIC_REPRESENTATION_CONTEXT(2) 
PARAMETRIC_REPRESENTATION_CONTEXT() REPRESENTATION_CONTEXT('2D SPACE',''
  ) );
#8471 = PCURVE('',#7308,#8472);
#8472 = DEFINITIONAL_REPRESENTATION('',(#8473),#8477);
#8473 = CIRCLE('',#8474,7.62);
#8474 = AXIS2_PLACEMENT_2D('',#8475,#8476);
#8475 = CARTESIAN_POINT('',(17.78,-132.08));
#8476 = DIRECTION('',(1.,0.));
#8477 = ( GEOMETRIC_REPRESENTATION_CONTEXT(2) 
PARAMETRIC_REPRESENTATION_CONTEXT() REPRESENTATION_CONTEXT('2D SPACE',''
  ) );
#8478 = ORIENTED_EDGE('',*,*,#7270,.T.);
#8479 = ORIENTED_EDGE('',*,*,#5513,.F.);
#8480 = ADVANCED_FACE('',(#8481),#5501,.F.);
#8481 = FACE_BOUND('',#8482,.F.);
#8482 = EDGE_LOOP('',(#8483,#8484,#8506,#8527));
#8483 = ORIENTED_EDGE('',*,*,#5485,.T.);
#8484 = ORIENTED_EDGE('',*,*,#8485,.F.);
#8485 = EDGE_CURVE('',#8486,#5454,#8488,.T.);
#8486 = VERTEX_POINT('',#8487);
#8487 = CARTESIAN_POINT('',(140.208,69.85,161.29));
#8488 = SURFACE_CURVE('',#8489,(#8493,#8500),.PCURVE_S1.);
#8489 = LINE('',#8490,#8491);
#8490 = CARTESIAN_POINT('',(140.208,69.85,161.29));
#8491 = VECTOR('',#8492,1.);
#8492 = DIRECTION('',(1.,0.,0.));
#8493 = PCURVE('',#5501,#8494);
#8494 = DEFINITIONAL_REPRESENTATION('',(#8495),#8499);
#8495 = LINE('',#8496,#8497);
#8496 = CARTESIAN_POINT('',(7.62,0.));
#8497 = VECTOR('',#8498,1.);
#8498 = DIRECTION('',(0.,1.));
#8499 = ( GEOMETRIC_REPRESENTATION_CONTEXT(2) 
PARAMETRIC_REPRESENTATION_CONTEXT() REPRESENTATION_CONTEXT('2D SPACE',''
  ) );
#8500 = PCURVE('',#5474,#8501);
#8501 = DEFINITIONAL_REPRESENTATION('',(#8502),#8505);
#8502 = B_SPLINE_CURVE_WITH_KNOTS('',1,(#8503,#8504),.UNSPECIFIED.,.F.,
  .F.,(2,2),(0.,10.16),.PIECEWISE_BEZIER_KNOTS.);
#8503 = CARTESIAN_POINT('',(0.,0.));
#8504 = CARTESIAN_POINT('',(0.,10.16));
#8505 = ( GEOMETRIC_REPRESENTATION_CONTEXT(2) 
PARAMETRIC_REPRESENTATION_CONTEXT() REPRESENTATION_CONTEXT('2D SPACE',''
  ) );
#8506 = ORIENTED_EDGE('',*,*,#8507,.T.);
#8507 = EDGE_CURVE('',#8486,#8437,#8508,.T.);
#8508 = SURFACE_CURVE('',#8509,(#8513,#8520),.PCURVE_S1.);
#8509 = LINE('',#8510,#8511);
#8510 = CARTESIAN_POINT('',(140.208,69.85,153.67));
#8511 = VECTOR('',#8512,1.);
#8512 = DIRECTION('',(0.,0.,1.));
#8513 = PCURVE('',#5501,#8514);
#8514 = DEFINITIONAL_REPRESENTATION('',(#8515),#8519);
#8515 = LINE('',#8516,#8517);
#8516 = CARTESIAN_POINT('',(0.,0.));
#8517 = VECTOR('',#8518,1.);
#8518 = DIRECTION('',(1.,0.));
#8519 = ( GEOMETRIC_REPRESENTATION_CONTEXT(2) 
PARAMETRIC_REPRESENTATION_CONTEXT() REPRESENTATION_CONTEXT('2D SPACE',''
  ) );
#8520 = PCURVE('',#7308,#8521);
#8521 = DEFINITIONAL_REPRESENTATION('',(#8522),#8526);
#8522 = LINE('',#8523,#8524);
#8523 = CARTESIAN_POINT('',(0.,-139.7));
#8524 = VECTOR('',#8525,1.);
#8525 = DIRECTION('',(1.,0.));
#8526 = ( GEOMETRIC_REPRESENTATION_CONTEXT(2) 
PARAMETRIC_REPRESENTATION_CONTEXT() REPRESENTATION_CONTEXT('2D SPACE',''
  ) );
#8527 = ORIENTED_EDGE('',*,*,#8436,.T.);
#8528 = ADVANCED_FACE('',(#8529),#5474,.F.);
#8529 = FACE_BOUND('',#8530,.T.);
#8530 = EDGE_LOOP('',(#8531,#8532,#8559,#8579));
#8531 = ORIENTED_EDGE('',*,*,#8485,.F.);
#8532 = ORIENTED_EDGE('',*,*,#8533,.T.);
#8533 = EDGE_CURVE('',#8486,#8534,#8536,.T.);
#8534 = VERTEX_POINT('',#8535);
#8535 = CARTESIAN_POINT('',(140.208,62.23,153.67));
#8536 = SURFACE_CURVE('',#8537,(#8542,#8548),.PCURVE_S1.);
#8537 = CIRCLE('',#8538,7.62);
#8538 = AXIS2_PLACEMENT_3D('',#8539,#8540,#8541);
#8539 = CARTESIAN_POINT('',(140.208,62.23,161.29));
#8540 = DIRECTION('',(-1.,0.,-0.));
#8541 = DIRECTION('',(-0.,0.,1.));
#8542 = PCURVE('',#5474,#8543);
#8543 = DEFINITIONAL_REPRESENTATION('',(#8544),#8547);
#8544 = B_SPLINE_CURVE_WITH_KNOTS('',1,(#8545,#8546),.UNSPECIFIED.,.F.,
  .F.,(2,2),(1.570796326795,3.14159265359),.PIECEWISE_BEZIER_KNOTS.);
#8545 = CARTESIAN_POINT('',(0.,0.));
#8546 = CARTESIAN_POINT('',(-1.570796326795,0.));
#8547 = ( GEOMETRIC_REPRESENTATION_CONTEXT(2) 
PARAMETRIC_REPRESENTATION_CONTEXT() REPRESENTATION_CONTEXT('2D SPACE',''
  ) );
#8548 = PCURVE('',#7308,#8549);
#8549 = DEFINITIONAL_REPRESENTATION('',(#8550),#8558);
#8550 = ( BOUNDED_CURVE() B_SPLINE_CURVE(2,(#8551,#8552,#8553,#8554,
#8555,#8556,#8557),.UNSPECIFIED.,.T.,.F.) B_SPLINE_CURVE_WITH_KNOTS((1,2
    ,2,2,2,1),(-2.094395102393,0.,2.094395102393,4.188790204786,
6.28318530718,8.377580409573),.UNSPECIFIED.) CURVE() 
GEOMETRIC_REPRESENTATION_ITEM() RATIONAL_B_SPLINE_CURVE((1.,0.5,1.,0.5,
1.,0.5,1.)) REPRESENTATION_ITEM('') );
#8551 = CARTESIAN_POINT('',(15.24,-132.08));
#8552 = CARTESIAN_POINT('',(15.24,-145.2782271536));
#8553 = CARTESIAN_POINT('',(3.81,-138.6791135768));
#8554 = CARTESIAN_POINT('',(-7.62,-132.08));
#8555 = CARTESIAN_POINT('',(3.81,-125.4808864231));
#8556 = CARTESIAN_POINT('',(15.24,-118.8817728463));
#8557 = CARTESIAN_POINT('',(15.24,-132.08));
#8558 = ( GEOMETRIC_REPRESENTATION_CONTEXT(2) 
PARAMETRIC_REPRESENTATION_CONTEXT() REPRESENTATION_CONTEXT('2D SPACE',''
  ) );
#8559 = ORIENTED_EDGE('',*,*,#8560,.T.);
#8560 = EDGE_CURVE('',#8534,#5426,#8561,.T.);
#8561 = SURFACE_CURVE('',#8562,(#8566,#8572),.PCURVE_S1.);
#8562 = LINE('',#8563,#8564);
#8563 = CARTESIAN_POINT('',(140.208,62.23,153.67));
#8564 = VECTOR('',#8565,1.);
#8565 = DIRECTION('',(1.,0.,0.));
#8566 = PCURVE('',#5474,#8567);
#8567 = DEFINITIONAL_REPRESENTATION('',(#8568),#8571);
#8568 = B_SPLINE_CURVE_WITH_KNOTS('',1,(#8569,#8570),.UNSPECIFIED.,.F.,
  .F.,(2,2),(0.,10.16),.PIECEWISE_BEZIER_KNOTS.);
#8569 = CARTESIAN_POINT('',(-1.570796326795,0.));
#8570 = CARTESIAN_POINT('',(-1.570796326795,10.16));
#8571 = ( GEOMETRIC_REPRESENTATION_CONTEXT(2) 
PARAMETRIC_REPRESENTATION_CONTEXT() REPRESENTATION_CONTEXT('2D SPACE',''
  ) );
#8572 = PCURVE('',#5441,#8573);
#8573 = DEFINITIONAL_REPRESENTATION('',(#8574),#8578);
#8574 = LINE('',#8575,#8576);
#8575 = CARTESIAN_POINT('',(0.,132.08));
#8576 = VECTOR('',#8577,1.);
#8577 = DIRECTION('',(1.,0.));
#8578 = ( GEOMETRIC_REPRESENTATION_CONTEXT(2) 
PARAMETRIC_REPRESENTATION_CONTEXT() REPRESENTATION_CONTEXT('2D SPACE',''
  ) );
#8579 = ORIENTED_EDGE('',*,*,#5453,.T.);
#8580 = ADVANCED_FACE('',(#8581),#5441,.T.);
#8581 = FACE_BOUND('',#8582,.T.);
#8582 = EDGE_LOOP('',(#8583,#8606,#8626,#8627));
#8583 = ORIENTED_EDGE('',*,*,#8584,.F.);
#8584 = EDGE_CURVE('',#8585,#8534,#8587,.T.);
#8585 = VERTEX_POINT('',#8586);
#8586 = CARTESIAN_POINT('',(140.208,-62.23,153.67));
#8587 = SURFACE_CURVE('',#8588,(#8592,#8599),.PCURVE_S1.);
#8588 = LINE('',#8589,#8590);
#8589 = CARTESIAN_POINT('',(140.208,-69.85,153.67));
#8590 = VECTOR('',#8591,1.);
#8591 = DIRECTION('',(0.,1.,0.));
#8592 = PCURVE('',#5441,#8593);
#8593 = DEFINITIONAL_REPRESENTATION('',(#8594),#8598);
#8594 = LINE('',#8595,#8596);
#8595 = CARTESIAN_POINT('',(0.,0.));
#8596 = VECTOR('',#8597,1.);
#8597 = DIRECTION('',(0.,1.));
#8598 = ( GEOMETRIC_REPRESENTATION_CONTEXT(2) 
PARAMETRIC_REPRESENTATION_CONTEXT() REPRESENTATION_CONTEXT('2D SPACE',''
  ) );
#8599 = PCURVE('',#7308,#8600);
#8600 = DEFINITIONAL_REPRESENTATION('',(#8601),#8605);
#8601 = LINE('',#8602,#8603);
#8602 = CARTESIAN_POINT('',(0.,0.));
#8603 = VECTOR('',#8604,1.);
#8604 = DIRECTION('',(0.,-1.));
#8605 = ( GEOMETRIC_REPRESENTATION_CONTEXT(2) 
PARAMETRIC_REPRESENTATION_CONTEXT() REPRESENTATION_CONTEXT('2D SPACE',''
  ) );
#8606 = ORIENTED_EDGE('',*,*,#8607,.T.);
#8607 = EDGE_CURVE('',#8585,#5394,#8608,.T.);
#8608 = SURFACE_CURVE('',#8609,(#8613,#8620),.PCURVE_S1.);
#8609 = LINE('',#8610,#8611);
#8610 = CARTESIAN_POINT('',(140.208,-62.23,153.67));
#8611 = VECTOR('',#8612,1.);
#8612 = DIRECTION('',(1.,0.,0.));
#8613 = PCURVE('',#5441,#8614);
#8614 = DEFINITIONAL_REPRESENTATION('',(#8615),#8619);
#8615 = LINE('',#8616,#8617);
#8616 = CARTESIAN_POINT('',(0.,7.62));
#8617 = VECTOR('',#8618,1.);
#8618 = DIRECTION('',(1.,0.));
#8619 = ( GEOMETRIC_REPRESENTATION_CONTEXT(2) 
PARAMETRIC_REPRESENTATION_CONTEXT() REPRESENTATION_CONTEXT('2D SPACE',''
  ) );
#8620 = PCURVE('',#5414,#8621);
#8621 = DEFINITIONAL_REPRESENTATION('',(#8622),#8625);
#8622 = B_SPLINE_CURVE_WITH_KNOTS('',1,(#8623,#8624),.UNSPECIFIED.,.F.,
  .F.,(2,2),(0.,10.16),.PIECEWISE_BEZIER_KNOTS.);
#8623 = CARTESIAN_POINT('',(1.570796326795,0.));
#8624 = CARTESIAN_POINT('',(1.570796326795,10.16));
#8625 = ( GEOMETRIC_REPRESENTATION_CONTEXT(2) 
PARAMETRIC_REPRESENTATION_CONTEXT() REPRESENTATION_CONTEXT('2D SPACE',''
  ) );
#8626 = ORIENTED_EDGE('',*,*,#5425,.T.);
#8627 = ORIENTED_EDGE('',*,*,#8560,.F.);
#8628 = ADVANCED_FACE('',(#8629),#5414,.F.);
#8629 = FACE_BOUND('',#8630,.F.);
#8630 = EDGE_LOOP('',(#8631,#8653,#8674,#8675));
#8631 = ORIENTED_EDGE('',*,*,#8632,.F.);
#8632 = EDGE_CURVE('',#8633,#5366,#8635,.T.);
#8633 = VERTEX_POINT('',#8634);
#8634 = CARTESIAN_POINT('',(140.208,-69.85,161.29));
#8635 = SURFACE_CURVE('',#8636,(#8640,#8646),.PCURVE_S1.);
#8636 = LINE('',#8637,#8638);
#8637 = CARTESIAN_POINT('',(140.208,-69.85,161.29));
#8638 = VECTOR('',#8639,1.);
#8639 = DIRECTION('',(1.,0.,0.));
#8640 = PCURVE('',#5414,#8641);
#8641 = DEFINITIONAL_REPRESENTATION('',(#8642),#8645);
#8642 = B_SPLINE_CURVE_WITH_KNOTS('',1,(#8643,#8644),.UNSPECIFIED.,.F.,
  .F.,(2,2),(0.,10.16),.PIECEWISE_BEZIER_KNOTS.);
#8643 = CARTESIAN_POINT('',(0.,0.));
#8644 = CARTESIAN_POINT('',(0.,10.16));
#8645 = ( GEOMETRIC_REPRESENTATION_CONTEXT(2) 
PARAMETRIC_REPRESENTATION_CONTEXT() REPRESENTATION_CONTEXT('2D SPACE',''
  ) );
#8646 = PCURVE('',#5381,#8647);
#8647 = DEFINITIONAL_REPRESENTATION('',(#8648),#8652);
#8648 = LINE('',#8649,#8650);
#8649 = CARTESIAN_POINT('',(7.62,0.));
#8650 = VECTOR('',#8651,1.);
#8651 = DIRECTION('',(0.,1.));
#8652 = ( GEOMETRIC_REPRESENTATION_CONTEXT(2) 
PARAMETRIC_REPRESENTATION_CONTEXT() REPRESENTATION_CONTEXT('2D SPACE',''
  ) );
#8653 = ORIENTED_EDGE('',*,*,#8654,.T.);
#8654 = EDGE_CURVE('',#8633,#8585,#8655,.T.);
#8655 = SURFACE_CURVE('',#8656,(#8661,#8667),.PCURVE_S1.);
#8656 = CIRCLE('',#8657,7.62);
#8657 = AXIS2_PLACEMENT_3D('',#8658,#8659,#8660);
#8658 = CARTESIAN_POINT('',(140.208,-62.23,161.29));
#8659 = DIRECTION('',(1.,0.,0.));
#8660 = DIRECTION('',(-0.,0.,1.));
#8661 = PCURVE('',#5414,#8662);
#8662 = DEFINITIONAL_REPRESENTATION('',(#8663),#8666);
#8663 = B_SPLINE_CURVE_WITH_KNOTS('',1,(#8664,#8665),.UNSPECIFIED.,.F.,
  .F.,(2,2),(1.570796326795,3.14159265359),.PIECEWISE_BEZIER_KNOTS.);
#8664 = CARTESIAN_POINT('',(0.,0.));
#8665 = CARTESIAN_POINT('',(1.570796326795,0.));
#8666 = ( GEOMETRIC_REPRESENTATION_CONTEXT(2) 
PARAMETRIC_REPRESENTATION_CONTEXT() REPRESENTATION_CONTEXT('2D SPACE',''
  ) );
#8667 = PCURVE('',#7308,#8668);
#8668 = DEFINITIONAL_REPRESENTATION('',(#8669),#8673);
#8669 = CIRCLE('',#8670,7.62);
#8670 = AXIS2_PLACEMENT_2D('',#8671,#8672);
#8671 = CARTESIAN_POINT('',(7.62,-7.62));
#8672 = DIRECTION('',(1.,0.));
#8673 = ( GEOMETRIC_REPRESENTATION_CONTEXT(2) 
PARAMETRIC_REPRESENTATION_CONTEXT() REPRESENTATION_CONTEXT('2D SPACE',''
  ) );
#8674 = ORIENTED_EDGE('',*,*,#8607,.T.);
#8675 = ORIENTED_EDGE('',*,*,#5393,.F.);
#8676 = ADVANCED_FACE('',(#8677),#5381,.T.);
#8677 = FACE_BOUND('',#8678,.T.);
#8678 = EDGE_LOOP('',(#8679,#8680,#8681,#8704));
#8679 = ORIENTED_EDGE('',*,*,#5365,.T.);
#8680 = ORIENTED_EDGE('',*,*,#8632,.F.);
#8681 = ORIENTED_EDGE('',*,*,#8682,.T.);
#8682 = EDGE_CURVE('',#8633,#8683,#8685,.T.);
#8683 = VERTEX_POINT('',#8684);
#8684 = CARTESIAN_POINT('',(140.208,-69.85,171.45));
#8685 = SURFACE_CURVE('',#8686,(#8690,#8697),.PCURVE_S1.);
#8686 = LINE('',#8687,#8688);
#8687 = CARTESIAN_POINT('',(140.208,-69.85,153.67));
#8688 = VECTOR('',#8689,1.);
#8689 = DIRECTION('',(0.,0.,1.));
#8690 = PCURVE('',#5381,#8691);
#8691 = DEFINITIONAL_REPRESENTATION('',(#8692),#8696);
#8692 = LINE('',#8693,#8694);
#8693 = CARTESIAN_POINT('',(0.,0.));
#8694 = VECTOR('',#8695,1.);
#8695 = DIRECTION('',(1.,0.));
#8696 = ( GEOMETRIC_REPRESENTATION_CONTEXT(2) 
PARAMETRIC_REPRESENTATION_CONTEXT() REPRESENTATION_CONTEXT('2D SPACE',''
  ) );
#8697 = PCURVE('',#7308,#8698);
#8698 = DEFINITIONAL_REPRESENTATION('',(#8699),#8703);
#8699 = LINE('',#8700,#8701);
#8700 = CARTESIAN_POINT('',(0.,0.));
#8701 = VECTOR('',#8702,1.);
#8702 = DIRECTION('',(1.,0.));
#8703 = ( GEOMETRIC_REPRESENTATION_CONTEXT(2) 
PARAMETRIC_REPRESENTATION_CONTEXT() REPRESENTATION_CONTEXT('2D SPACE',''
  ) );
#8704 = ORIENTED_EDGE('',*,*,#8705,.T.);
#8705 = EDGE_CURVE('',#8683,#5334,#8706,.T.);
#8706 = SURFACE_CURVE('',#8707,(#8711,#8718),.PCURVE_S1.);
#8707 = LINE('',#8708,#8709);
#8708 = CARTESIAN_POINT('',(140.208,-69.85,171.45));
#8709 = VECTOR('',#8710,1.);
#8710 = DIRECTION('',(1.,0.,0.));
#8711 = PCURVE('',#5381,#8712);
#8712 = DEFINITIONAL_REPRESENTATION('',(#8713),#8717);
#8713 = LINE('',#8714,#8715);
#8714 = CARTESIAN_POINT('',(17.78,0.));
#8715 = VECTOR('',#8716,1.);
#8716 = DIRECTION('',(0.,1.));
#8717 = ( GEOMETRIC_REPRESENTATION_CONTEXT(2) 
PARAMETRIC_REPRESENTATION_CONTEXT() REPRESENTATION_CONTEXT('2D SPACE',''
  ) );
#8718 = PCURVE('',#5354,#8719);
#8719 = DEFINITIONAL_REPRESENTATION('',(#8720),#8723);
#8720 = B_SPLINE_CURVE_WITH_KNOTS('',1,(#8721,#8722),.UNSPECIFIED.,.F.,
  .F.,(2,2),(0.,10.16),.PIECEWISE_BEZIER_KNOTS.);
#8721 = CARTESIAN_POINT('',(0.,0.));
#8722 = CARTESIAN_POINT('',(0.,10.16));
#8723 = ( GEOMETRIC_REPRESENTATION_CONTEXT(2) 
PARAMETRIC_REPRESENTATION_CONTEXT() REPRESENTATION_CONTEXT('2D SPACE',''
  ) );
#8724 = ADVANCED_FACE('',(#8725),#5354,.F.);
#8725 = FACE_BOUND('',#8726,.T.);
#8726 = EDGE_LOOP('',(#8727,#8728,#8753,#8754));
#8727 = ORIENTED_EDGE('',*,*,#8705,.F.);
#8728 = ORIENTED_EDGE('',*,*,#8729,.T.);
#8729 = EDGE_CURVE('',#8683,#7293,#8730,.T.);
#8730 = SURFACE_CURVE('',#8731,(#8736,#8742),.PCURVE_S1.);
#8731 = CIRCLE('',#8732,7.62);
#8732 = AXIS2_PLACEMENT_3D('',#8733,#8734,#8735);
#8733 = CARTESIAN_POINT('',(140.208,-62.23,171.45));
#8734 = DIRECTION('',(-1.,0.,-0.));
#8735 = DIRECTION('',(-0.,0.,1.));
#8736 = PCURVE('',#5354,#8737);
#8737 = DEFINITIONAL_REPRESENTATION('',(#8738),#8741);
#8738 = B_SPLINE_CURVE_WITH_KNOTS('',1,(#8739,#8740),.UNSPECIFIED.,.F.,
  .F.,(2,2),(4.712388980385,6.28318530718),.PIECEWISE_BEZIER_KNOTS.);
#8739 = CARTESIAN_POINT('',(0.,0.));
#8740 = CARTESIAN_POINT('',(-1.570796326795,0.));
#8741 = ( GEOMETRIC_REPRESENTATION_CONTEXT(2) 
PARAMETRIC_REPRESENTATION_CONTEXT() REPRESENTATION_CONTEXT('2D SPACE',''
  ) );
#8742 = PCURVE('',#7308,#8743);
#8743 = DEFINITIONAL_REPRESENTATION('',(#8744),#8752);
#8744 = ( BOUNDED_CURVE() B_SPLINE_CURVE(2,(#8745,#8746,#8747,#8748,
#8749,#8750,#8751),.UNSPECIFIED.,.T.,.F.) B_SPLINE_CURVE_WITH_KNOTS((1,2
    ,2,2,2,1),(-2.094395102393,0.,2.094395102393,4.188790204786,
6.28318530718,8.377580409573),.UNSPECIFIED.) CURVE() 
GEOMETRIC_REPRESENTATION_ITEM() RATIONAL_B_SPLINE_CURVE((1.,0.5,1.,0.5,
1.,0.5,1.)) REPRESENTATION_ITEM('') );
#8745 = CARTESIAN_POINT('',(25.4,-7.62));
#8746 = CARTESIAN_POINT('',(25.4,-20.81822715367));
#8747 = CARTESIAN_POINT('',(13.97,-14.21911357683));
#8748 = CARTESIAN_POINT('',(2.54,-7.62));
#8749 = CARTESIAN_POINT('',(13.97,-1.020886423163));
#8750 = CARTESIAN_POINT('',(25.4,5.578227153675));
#8751 = CARTESIAN_POINT('',(25.4,-7.62));
#8752 = ( GEOMETRIC_REPRESENTATION_CONTEXT(2) 
PARAMETRIC_REPRESENTATION_CONTEXT() REPRESENTATION_CONTEXT('2D SPACE',''
  ) );
#8753 = ORIENTED_EDGE('',*,*,#7320,.T.);
#8754 = ORIENTED_EDGE('',*,*,#5333,.T.);
#8755 = ADVANCED_FACE('',(#8756),#5960,.F.);
#8756 = FACE_BOUND('',#8757,.T.);
#8757 = EDGE_LOOP('',(#8758,#8780,#8812,#8832));
#8758 = ORIENTED_EDGE('',*,*,#8759,.F.);
#8759 = EDGE_CURVE('',#8760,#5940,#8762,.T.);
#8760 = VERTEX_POINT('',#8761);
#8761 = CARTESIAN_POINT('',(-63.5,187.452,62.484));
#8762 = SURFACE_CURVE('',#8763,(#8767,#8773),.PCURVE_S1.);
#8763 = LINE('',#8764,#8765);
#8764 = CARTESIAN_POINT('',(-63.5,187.452,62.484));
#8765 = VECTOR('',#8766,1.);
#8766 = DIRECTION('',(0.,1.,0.));
#8767 = PCURVE('',#5960,#8768);
#8768 = DEFINITIONAL_REPRESENTATION('',(#8769),#8772);
#8769 = B_SPLINE_CURVE_WITH_KNOTS('',1,(#8770,#8771),.UNSPECIFIED.,.F.,
  .F.,(2,2),(0.,1.016),.PIECEWISE_BEZIER_KNOTS.);
#8770 = CARTESIAN_POINT('',(0.,0.));
#8771 = CARTESIAN_POINT('',(0.,1.016));
#8772 = ( GEOMETRIC_REPRESENTATION_CONTEXT(2) 
PARAMETRIC_REPRESENTATION_CONTEXT() REPRESENTATION_CONTEXT('2D SPACE',''
  ) );
#8773 = PCURVE('',#5987,#8774);
#8774 = DEFINITIONAL_REPRESENTATION('',(#8775),#8779);
#8775 = LINE('',#8776,#8777);
#8776 = CARTESIAN_POINT('',(3.81,0.));
#8777 = VECTOR('',#8778,1.);
#8778 = DIRECTION('',(0.,-1.));
#8779 = ( GEOMETRIC_REPRESENTATION_CONTEXT(2) 
PARAMETRIC_REPRESENTATION_CONTEXT() REPRESENTATION_CONTEXT('2D SPACE',''
  ) );
#8780 = ORIENTED_EDGE('',*,*,#8781,.T.);
#8781 = EDGE_CURVE('',#8760,#8782,#8784,.T.);
#8782 = VERTEX_POINT('',#8783);
#8783 = CARTESIAN_POINT('',(-59.69,187.452,58.674));
#8784 = SURFACE_CURVE('',#8785,(#8790,#8796),.PCURVE_S1.);
#8785 = CIRCLE('',#8786,3.81);
#8786 = AXIS2_PLACEMENT_3D('',#8787,#8788,#8789);
#8787 = CARTESIAN_POINT('',(-59.69,187.452,62.484));
#8788 = DIRECTION('',(-0.,-1.,0.));
#8789 = DIRECTION('',(0.,-0.,1.));
#8790 = PCURVE('',#5960,#8791);
#8791 = DEFINITIONAL_REPRESENTATION('',(#8792),#8795);
#8792 = B_SPLINE_CURVE_WITH_KNOTS('',1,(#8793,#8794),.UNSPECIFIED.,.F.,
  .F.,(2,2),(1.570796326795,3.14159265359),.PIECEWISE_BEZIER_KNOTS.);
#8793 = CARTESIAN_POINT('',(0.,0.));
#8794 = CARTESIAN_POINT('',(-1.570796326795,0.));
#8795 = ( GEOMETRIC_REPRESENTATION_CONTEXT(2) 
PARAMETRIC_REPRESENTATION_CONTEXT() REPRESENTATION_CONTEXT('2D SPACE',''
  ) );
#8796 = PCURVE('',#8797,#8802);
#8797 = PLANE('',#8798);
#8798 = AXIS2_PLACEMENT_3D('',#8799,#8800,#8801);
#8799 = CARTESIAN_POINT('',(-63.5,187.452,58.674));
#8800 = DIRECTION('',(0.,1.,0.));
#8801 = DIRECTION('',(0.,0.,1.));
#8802 = DEFINITIONAL_REPRESENTATION('',(#8803),#8811);
#8803 = ( BOUNDED_CURVE() B_SPLINE_CURVE(2,(#8804,#8805,#8806,#8807,
#8808,#8809,#8810),.UNSPECIFIED.,.T.,.F.) B_SPLINE_CURVE_WITH_KNOTS((1,2
    ,2,2,2,1),(-2.094395102393,0.,2.094395102393,4.188790204786,
6.28318530718,8.377580409573),.UNSPECIFIED.) CURVE() 
GEOMETRIC_REPRESENTATION_ITEM() RATIONAL_B_SPLINE_CURVE((1.,0.5,1.,0.5,
1.,0.5,1.)) REPRESENTATION_ITEM('') );
#8804 = CARTESIAN_POINT('',(7.62,3.81));
#8805 = CARTESIAN_POINT('',(7.62,-2.789113576837));
#8806 = CARTESIAN_POINT('',(1.905,0.510443211581));
#8807 = CARTESIAN_POINT('',(-3.81,3.81));
#8808 = CARTESIAN_POINT('',(1.905,7.109556788419));
#8809 = CARTESIAN_POINT('',(7.62,10.409113576837));
#8810 = CARTESIAN_POINT('',(7.62,3.81));
#8811 = ( GEOMETRIC_REPRESENTATION_CONTEXT(2) 
PARAMETRIC_REPRESENTATION_CONTEXT() REPRESENTATION_CONTEXT('2D SPACE',''
  ) );
#8812 = ORIENTED_EDGE('',*,*,#8813,.T.);
#8813 = EDGE_CURVE('',#8782,#5938,#8814,.T.);
#8814 = SURFACE_CURVE('',#8815,(#8819,#8825),.PCURVE_S1.);
#8815 = LINE('',#8816,#8817);
#8816 = CARTESIAN_POINT('',(-59.69,187.452,58.674));
#8817 = VECTOR('',#8818,1.);
#8818 = DIRECTION('',(0.,1.,0.));
#8819 = PCURVE('',#5960,#8820);
#8820 = DEFINITIONAL_REPRESENTATION('',(#8821),#8824);
#8821 = B_SPLINE_CURVE_WITH_KNOTS('',1,(#8822,#8823),.UNSPECIFIED.,.F.,
  .F.,(2,2),(0.,1.016),.PIECEWISE_BEZIER_KNOTS.);
#8822 = CARTESIAN_POINT('',(-1.570796326795,0.));
#8823 = CARTESIAN_POINT('',(-1.570796326795,1.016));
#8824 = ( GEOMETRIC_REPRESENTATION_CONTEXT(2) 
PARAMETRIC_REPRESENTATION_CONTEXT() REPRESENTATION_CONTEXT('2D SPACE',''
  ) );
#8825 = PCURVE('',#6165,#8826);
#8826 = DEFINITIONAL_REPRESENTATION('',(#8827),#8831);
#8827 = LINE('',#8828,#8829);
#8828 = CARTESIAN_POINT('',(3.81,0.));
#8829 = VECTOR('',#8830,1.);
#8830 = DIRECTION('',(0.,1.));
#8831 = ( GEOMETRIC_REPRESENTATION_CONTEXT(2) 
PARAMETRIC_REPRESENTATION_CONTEXT() REPRESENTATION_CONTEXT('2D SPACE',''
  ) );
#8832 = ORIENTED_EDGE('',*,*,#5937,.T.);
#8833 = ADVANCED_FACE('',(#8834),#6165,.T.);
#8834 = FACE_BOUND('',#8835,.T.);
#8835 = EDGE_LOOP('',(#8836,#8837,#8838,#8861));
#8836 = ORIENTED_EDGE('',*,*,#6151,.T.);
#8837 = ORIENTED_EDGE('',*,*,#8813,.F.);
#8838 = ORIENTED_EDGE('',*,*,#8839,.T.);
#8839 = EDGE_CURVE('',#8782,#8840,#8842,.T.);
#8840 = VERTEX_POINT('',#8841);
#8841 = CARTESIAN_POINT('',(59.69,187.452,58.674));
#8842 = SURFACE_CURVE('',#8843,(#8847,#8854),.PCURVE_S1.);
#8843 = LINE('',#8844,#8845);
#8844 = CARTESIAN_POINT('',(-63.5,187.452,58.674));
#8845 = VECTOR('',#8846,1.);
#8846 = DIRECTION('',(1.,0.,0.));
#8847 = PCURVE('',#6165,#8848);
#8848 = DEFINITIONAL_REPRESENTATION('',(#8849),#8853);
#8849 = LINE('',#8850,#8851);
#8850 = CARTESIAN_POINT('',(0.,0.));
#8851 = VECTOR('',#8852,1.);
#8852 = DIRECTION('',(1.,0.));
#8853 = ( GEOMETRIC_REPRESENTATION_CONTEXT(2) 
PARAMETRIC_REPRESENTATION_CONTEXT() REPRESENTATION_CONTEXT('2D SPACE',''
  ) );
#8854 = PCURVE('',#8797,#8855);
#8855 = DEFINITIONAL_REPRESENTATION('',(#8856),#8860);
#8856 = LINE('',#8857,#8858);
#8857 = CARTESIAN_POINT('',(0.,0.));
#8858 = VECTOR('',#8859,1.);
#8859 = DIRECTION('',(0.,1.));
#8860 = ( GEOMETRIC_REPRESENTATION_CONTEXT(2) 
PARAMETRIC_REPRESENTATION_CONTEXT() REPRESENTATION_CONTEXT('2D SPACE',''
  ) );
#8861 = ORIENTED_EDGE('',*,*,#8862,.T.);
#8862 = EDGE_CURVE('',#8840,#6120,#8863,.T.);
#8863 = SURFACE_CURVE('',#8864,(#8868,#8875),.PCURVE_S1.);
#8864 = LINE('',#8865,#8866);
#8865 = CARTESIAN_POINT('',(59.69,187.452,58.674));
#8866 = VECTOR('',#8867,1.);
#8867 = DIRECTION('',(0.,1.,0.));
#8868 = PCURVE('',#6165,#8869);
#8869 = DEFINITIONAL_REPRESENTATION('',(#8870),#8874);
#8870 = LINE('',#8871,#8872);
#8871 = CARTESIAN_POINT('',(123.19,0.));
#8872 = VECTOR('',#8873,1.);
#8873 = DIRECTION('',(0.,1.));
#8874 = ( GEOMETRIC_REPRESENTATION_CONTEXT(2) 
PARAMETRIC_REPRESENTATION_CONTEXT() REPRESENTATION_CONTEXT('2D SPACE',''
  ) );
#8875 = PCURVE('',#6140,#8876);
#8876 = DEFINITIONAL_REPRESENTATION('',(#8877),#8880);
#8877 = B_SPLINE_CURVE_WITH_KNOTS('',1,(#8878,#8879),.UNSPECIFIED.,.F.,
  .F.,(2,2),(0.,1.016),.PIECEWISE_BEZIER_KNOTS.);
#8878 = CARTESIAN_POINT('',(1.570796326795,0.));
#8879 = CARTESIAN_POINT('',(1.570796326795,1.016));
#8880 = ( GEOMETRIC_REPRESENTATION_CONTEXT(2) 
PARAMETRIC_REPRESENTATION_CONTEXT() REPRESENTATION_CONTEXT('2D SPACE',''
  ) );
#8881 = ADVANCED_FACE('',(#8882),#6140,.F.);
#8882 = FACE_BOUND('',#8883,.F.);
#8883 = EDGE_LOOP('',(#8884,#8906,#8927,#8928));
#8884 = ORIENTED_EDGE('',*,*,#8885,.F.);
#8885 = EDGE_CURVE('',#8886,#6092,#8888,.T.);
#8886 = VERTEX_POINT('',#8887);
#8887 = CARTESIAN_POINT('',(63.5,187.452,62.484));
#8888 = SURFACE_CURVE('',#8889,(#8893,#8899),.PCURVE_S1.);
#8889 = LINE('',#8890,#8891);
#8890 = CARTESIAN_POINT('',(63.5,187.452,62.484));
#8891 = VECTOR('',#8892,1.);
#8892 = DIRECTION('',(0.,1.,0.));
#8893 = PCURVE('',#6140,#8894);
#8894 = DEFINITIONAL_REPRESENTATION('',(#8895),#8898);
#8895 = B_SPLINE_CURVE_WITH_KNOTS('',1,(#8896,#8897),.UNSPECIFIED.,.F.,
  .F.,(2,2),(0.,1.016),.PIECEWISE_BEZIER_KNOTS.);
#8896 = CARTESIAN_POINT('',(0.,0.));
#8897 = CARTESIAN_POINT('',(0.,1.016));
#8898 = ( GEOMETRIC_REPRESENTATION_CONTEXT(2) 
PARAMETRIC_REPRESENTATION_CONTEXT() REPRESENTATION_CONTEXT('2D SPACE',''
  ) );
#8899 = PCURVE('',#6107,#8900);
#8900 = DEFINITIONAL_REPRESENTATION('',(#8901),#8905);
#8901 = LINE('',#8902,#8903);
#8902 = CARTESIAN_POINT('',(3.81,0.));
#8903 = VECTOR('',#8904,1.);
#8904 = DIRECTION('',(0.,-1.));
#8905 = ( GEOMETRIC_REPRESENTATION_CONTEXT(2) 
PARAMETRIC_REPRESENTATION_CONTEXT() REPRESENTATION_CONTEXT('2D SPACE',''
  ) );
#8906 = ORIENTED_EDGE('',*,*,#8907,.T.);
#8907 = EDGE_CURVE('',#8886,#8840,#8908,.T.);
#8908 = SURFACE_CURVE('',#8909,(#8914,#8920),.PCURVE_S1.);
#8909 = CIRCLE('',#8910,3.81);
#8910 = AXIS2_PLACEMENT_3D('',#8911,#8912,#8913);
#8911 = CARTESIAN_POINT('',(59.69,187.452,62.484));
#8912 = DIRECTION('',(0.,1.,0.));
#8913 = DIRECTION('',(0.,-0.,1.));
#8914 = PCURVE('',#6140,#8915);
#8915 = DEFINITIONAL_REPRESENTATION('',(#8916),#8919);
#8916 = B_SPLINE_CURVE_WITH_KNOTS('',1,(#8917,#8918),.UNSPECIFIED.,.F.,
  .F.,(2,2),(1.570796326795,3.14159265359),.PIECEWISE_BEZIER_KNOTS.);
#8917 = CARTESIAN_POINT('',(0.,0.));
#8918 = CARTESIAN_POINT('',(1.570796326795,0.));
#8919 = ( GEOMETRIC_REPRESENTATION_CONTEXT(2) 
PARAMETRIC_REPRESENTATION_CONTEXT() REPRESENTATION_CONTEXT('2D SPACE',''
  ) );
#8920 = PCURVE('',#8797,#8921);
#8921 = DEFINITIONAL_REPRESENTATION('',(#8922),#8926);
#8922 = CIRCLE('',#8923,3.81);
#8923 = AXIS2_PLACEMENT_2D('',#8924,#8925);
#8924 = CARTESIAN_POINT('',(3.81,123.19));
#8925 = DIRECTION('',(1.,0.));
#8926 = ( GEOMETRIC_REPRESENTATION_CONTEXT(2) 
PARAMETRIC_REPRESENTATION_CONTEXT() REPRESENTATION_CONTEXT('2D SPACE',''
  ) );
#8927 = ORIENTED_EDGE('',*,*,#8862,.T.);
#8928 = ORIENTED_EDGE('',*,*,#6119,.F.);
#8929 = ADVANCED_FACE('',(#8930),#6107,.F.);
#8930 = FACE_BOUND('',#8931,.F.);
#8931 = EDGE_LOOP('',(#8932,#8955,#8956,#8957));
#8932 = ORIENTED_EDGE('',*,*,#8933,.F.);
#8933 = EDGE_CURVE('',#8886,#8934,#8936,.T.);
#8934 = VERTEX_POINT('',#8935);
#8935 = CARTESIAN_POINT('',(63.5,187.452,105.664));
#8936 = SURFACE_CURVE('',#8937,(#8941,#8948),.PCURVE_S1.);
#8937 = LINE('',#8938,#8939);
#8938 = CARTESIAN_POINT('',(63.5,187.452,58.674));
#8939 = VECTOR('',#8940,1.);
#8940 = DIRECTION('',(0.,0.,1.));
#8941 = PCURVE('',#6107,#8942);
#8942 = DEFINITIONAL_REPRESENTATION('',(#8943),#8947);
#8943 = LINE('',#8944,#8945);
#8944 = CARTESIAN_POINT('',(0.,0.));
#8945 = VECTOR('',#8946,1.);
#8946 = DIRECTION('',(1.,0.));
#8947 = ( GEOMETRIC_REPRESENTATION_CONTEXT(2) 
PARAMETRIC_REPRESENTATION_CONTEXT() REPRESENTATION_CONTEXT('2D SPACE',''
  ) );
#8948 = PCURVE('',#8797,#8949);
#8949 = DEFINITIONAL_REPRESENTATION('',(#8950),#8954);
#8950 = LINE('',#8951,#8952);
#8951 = CARTESIAN_POINT('',(0.,127.));
#8952 = VECTOR('',#8953,1.);
#8953 = DIRECTION('',(1.,0.));
#8954 = ( GEOMETRIC_REPRESENTATION_CONTEXT(2) 
PARAMETRIC_REPRESENTATION_CONTEXT() REPRESENTATION_CONTEXT('2D SPACE',''
  ) );
#8955 = ORIENTED_EDGE('',*,*,#8885,.T.);
#8956 = ORIENTED_EDGE('',*,*,#6091,.T.);
#8957 = ORIENTED_EDGE('',*,*,#8958,.F.);
#8958 = EDGE_CURVE('',#8934,#6060,#8959,.T.);
#8959 = SURFACE_CURVE('',#8960,(#8964,#8971),.PCURVE_S1.);
#8960 = LINE('',#8961,#8962);
#8961 = CARTESIAN_POINT('',(63.5,187.452,105.664));
#8962 = VECTOR('',#8963,1.);
#8963 = DIRECTION('',(0.,1.,0.));
#8964 = PCURVE('',#6107,#8965);
#8965 = DEFINITIONAL_REPRESENTATION('',(#8966),#8970);
#8966 = LINE('',#8967,#8968);
#8967 = CARTESIAN_POINT('',(46.99,0.));
#8968 = VECTOR('',#8969,1.);
#8969 = DIRECTION('',(0.,-1.));
#8970 = ( GEOMETRIC_REPRESENTATION_CONTEXT(2) 
PARAMETRIC_REPRESENTATION_CONTEXT() REPRESENTATION_CONTEXT('2D SPACE',''
  ) );
#8971 = PCURVE('',#6080,#8972);
#8972 = DEFINITIONAL_REPRESENTATION('',(#8973),#8976);
#8973 = B_SPLINE_CURVE_WITH_KNOTS('',1,(#8974,#8975),.UNSPECIFIED.,.F.,
  .F.,(2,2),(0.,1.016),.PIECEWISE_BEZIER_KNOTS.);
#8974 = CARTESIAN_POINT('',(0.,0.));
#8975 = CARTESIAN_POINT('',(0.,1.016));
#8976 = ( GEOMETRIC_REPRESENTATION_CONTEXT(2) 
PARAMETRIC_REPRESENTATION_CONTEXT() REPRESENTATION_CONTEXT('2D SPACE',''
  ) );
#8977 = ADVANCED_FACE('',(#8978),#6080,.F.);
#8978 = FACE_BOUND('',#8979,.T.);
#8979 = EDGE_LOOP('',(#8980,#8981,#9008,#9028));
#8980 = ORIENTED_EDGE('',*,*,#8958,.F.);
#8981 = ORIENTED_EDGE('',*,*,#8982,.T.);
#8982 = EDGE_CURVE('',#8934,#8983,#8985,.T.);
#8983 = VERTEX_POINT('',#8984);
#8984 = CARTESIAN_POINT('',(59.69,187.452,109.474));
#8985 = SURFACE_CURVE('',#8986,(#8991,#8997),.PCURVE_S1.);
#8986 = CIRCLE('',#8987,3.81);
#8987 = AXIS2_PLACEMENT_3D('',#8988,#8989,#8990);
#8988 = CARTESIAN_POINT('',(59.69,187.452,105.664));
#8989 = DIRECTION('',(-0.,-1.,0.));
#8990 = DIRECTION('',(0.,-0.,1.));
#8991 = PCURVE('',#6080,#8992);
#8992 = DEFINITIONAL_REPRESENTATION('',(#8993),#8996);
#8993 = B_SPLINE_CURVE_WITH_KNOTS('',1,(#8994,#8995),.UNSPECIFIED.,.F.,
  .F.,(2,2),(4.712388980385,6.28318530718),.PIECEWISE_BEZIER_KNOTS.);
#8994 = CARTESIAN_POINT('',(0.,0.));
#8995 = CARTESIAN_POINT('',(-1.570796326795,0.));
#8996 = ( GEOMETRIC_REPRESENTATION_CONTEXT(2) 
PARAMETRIC_REPRESENTATION_CONTEXT() REPRESENTATION_CONTEXT('2D SPACE',''
  ) );
#8997 = PCURVE('',#8797,#8998);
#8998 = DEFINITIONAL_REPRESENTATION('',(#8999),#9007);
#8999 = ( BOUNDED_CURVE() B_SPLINE_CURVE(2,(#9000,#9001,#9002,#9003,
#9004,#9005,#9006),.UNSPECIFIED.,.T.,.F.) B_SPLINE_CURVE_WITH_KNOTS((1,2
    ,2,2,2,1),(-2.094395102393,0.,2.094395102393,4.188790204786,
6.28318530718,8.377580409573),.UNSPECIFIED.) CURVE() 
GEOMETRIC_REPRESENTATION_ITEM() RATIONAL_B_SPLINE_CURVE((1.,0.5,1.,0.5,
1.,0.5,1.)) REPRESENTATION_ITEM('') );
#9000 = CARTESIAN_POINT('',(50.8,123.19));
#9001 = CARTESIAN_POINT('',(50.8,116.59088642316));
#9002 = CARTESIAN_POINT('',(45.085,119.89044321158));
#9003 = CARTESIAN_POINT('',(39.37,123.19));
#9004 = CARTESIAN_POINT('',(45.085,126.48955678841));
#9005 = CARTESIAN_POINT('',(50.8,129.78911357683));
#9006 = CARTESIAN_POINT('',(50.8,123.19));
#9007 = ( GEOMETRIC_REPRESENTATION_CONTEXT(2) 
PARAMETRIC_REPRESENTATION_CONTEXT() REPRESENTATION_CONTEXT('2D SPACE',''
  ) );
#9008 = ORIENTED_EDGE('',*,*,#9009,.T.);
#9009 = EDGE_CURVE('',#8983,#6032,#9010,.T.);
#9010 = SURFACE_CURVE('',#9011,(#9015,#9021),.PCURVE_S1.);
#9011 = LINE('',#9012,#9013);
#9012 = CARTESIAN_POINT('',(59.69,187.452,109.474));
#9013 = VECTOR('',#9014,1.);
#9014 = DIRECTION('',(0.,1.,0.));
#9015 = PCURVE('',#6080,#9016);
#9016 = DEFINITIONAL_REPRESENTATION('',(#9017),#9020);
#9017 = B_SPLINE_CURVE_WITH_KNOTS('',1,(#9018,#9019),.UNSPECIFIED.,.F.,
  .F.,(2,2),(0.,1.016),.PIECEWISE_BEZIER_KNOTS.);
#9018 = CARTESIAN_POINT('',(-1.570796326795,0.));
#9019 = CARTESIAN_POINT('',(-1.570796326795,1.016));
#9020 = ( GEOMETRIC_REPRESENTATION_CONTEXT(2) 
PARAMETRIC_REPRESENTATION_CONTEXT() REPRESENTATION_CONTEXT('2D SPACE',''
  ) );
#9021 = PCURVE('',#6047,#9022);
#9022 = DEFINITIONAL_REPRESENTATION('',(#9023),#9027);
#9023 = LINE('',#9024,#9025);
#9024 = CARTESIAN_POINT('',(123.19,0.));
#9025 = VECTOR('',#9026,1.);
#9026 = DIRECTION('',(0.,1.));
#9027 = ( GEOMETRIC_REPRESENTATION_CONTEXT(2) 
PARAMETRIC_REPRESENTATION_CONTEXT() REPRESENTATION_CONTEXT('2D SPACE',''
  ) );
#9028 = ORIENTED_EDGE('',*,*,#6059,.T.);
#9029 = ADVANCED_FACE('',(#9030),#6047,.F.);
#9030 = FACE_BOUND('',#9031,.F.);
#9031 = EDGE_LOOP('',(#9032,#9033,#9055,#9076));
#9032 = ORIENTED_EDGE('',*,*,#6031,.T.);
#9033 = ORIENTED_EDGE('',*,*,#9034,.F.);
#9034 = EDGE_CURVE('',#9035,#6000,#9037,.T.);
#9035 = VERTEX_POINT('',#9036);
#9036 = CARTESIAN_POINT('',(-59.69,187.452,109.474));
#9037 = SURFACE_CURVE('',#9038,(#9042,#9049),.PCURVE_S1.);
#9038 = LINE('',#9039,#9040);
#9039 = CARTESIAN_POINT('',(-59.69,187.452,109.474));
#9040 = VECTOR('',#9041,1.);
#9041 = DIRECTION('',(0.,1.,0.));
#9042 = PCURVE('',#6047,#9043);
#9043 = DEFINITIONAL_REPRESENTATION('',(#9044),#9048);
#9044 = LINE('',#9045,#9046);
#9045 = CARTESIAN_POINT('',(3.81,0.));
#9046 = VECTOR('',#9047,1.);
#9047 = DIRECTION('',(0.,1.));
#9048 = ( GEOMETRIC_REPRESENTATION_CONTEXT(2) 
PARAMETRIC_REPRESENTATION_CONTEXT() REPRESENTATION_CONTEXT('2D SPACE',''
  ) );
#9049 = PCURVE('',#6020,#9050);
#9050 = DEFINITIONAL_REPRESENTATION('',(#9051),#9054);
#9051 = B_SPLINE_CURVE_WITH_KNOTS('',1,(#9052,#9053),.UNSPECIFIED.,.F.,
  .F.,(2,2),(0.,1.016),.PIECEWISE_BEZIER_KNOTS.);
#9052 = CARTESIAN_POINT('',(1.570796326795,0.));
#9053 = CARTESIAN_POINT('',(1.570796326795,1.016));
#9054 = ( GEOMETRIC_REPRESENTATION_CONTEXT(2) 
PARAMETRIC_REPRESENTATION_CONTEXT() REPRESENTATION_CONTEXT('2D SPACE',''
  ) );
#9055 = ORIENTED_EDGE('',*,*,#9056,.T.);
#9056 = EDGE_CURVE('',#9035,#8983,#9057,.T.);
#9057 = SURFACE_CURVE('',#9058,(#9062,#9069),.PCURVE_S1.);
#9058 = LINE('',#9059,#9060);
#9059 = CARTESIAN_POINT('',(-63.5,187.452,109.474));
#9060 = VECTOR('',#9061,1.);
#9061 = DIRECTION('',(1.,0.,0.));
#9062 = PCURVE('',#6047,#9063);
#9063 = DEFINITIONAL_REPRESENTATION('',(#9064),#9068);
#9064 = LINE('',#9065,#9066);
#9065 = CARTESIAN_POINT('',(0.,0.));
#9066 = VECTOR('',#9067,1.);
#9067 = DIRECTION('',(1.,0.));
#9068 = ( GEOMETRIC_REPRESENTATION_CONTEXT(2) 
PARAMETRIC_REPRESENTATION_CONTEXT() REPRESENTATION_CONTEXT('2D SPACE',''
  ) );
#9069 = PCURVE('',#8797,#9070);
#9070 = DEFINITIONAL_REPRESENTATION('',(#9071),#9075);
#9071 = LINE('',#9072,#9073);
#9072 = CARTESIAN_POINT('',(50.8,0.));
#9073 = VECTOR('',#9074,1.);
#9074 = DIRECTION('',(0.,1.));
#9075 = ( GEOMETRIC_REPRESENTATION_CONTEXT(2) 
PARAMETRIC_REPRESENTATION_CONTEXT() REPRESENTATION_CONTEXT('2D SPACE',''
  ) );
#9076 = ORIENTED_EDGE('',*,*,#9009,.T.);
#9077 = ADVANCED_FACE('',(#9078),#6020,.F.);
#9078 = FACE_BOUND('',#9079,.F.);
#9079 = EDGE_LOOP('',(#9080,#9102,#9123,#9124));
#9080 = ORIENTED_EDGE('',*,*,#9081,.F.);
#9081 = EDGE_CURVE('',#9082,#5972,#9084,.T.);
#9082 = VERTEX_POINT('',#9083);
#9083 = CARTESIAN_POINT('',(-63.5,187.452,105.664));
#9084 = SURFACE_CURVE('',#9085,(#9089,#9095),.PCURVE_S1.);
#9085 = LINE('',#9086,#9087);
#9086 = CARTESIAN_POINT('',(-63.5,187.452,105.664));
#9087 = VECTOR('',#9088,1.);
#9088 = DIRECTION('',(0.,1.,0.));
#9089 = PCURVE('',#6020,#9090);
#9090 = DEFINITIONAL_REPRESENTATION('',(#9091),#9094);
#9091 = B_SPLINE_CURVE_WITH_KNOTS('',1,(#9092,#9093),.UNSPECIFIED.,.F.,
  .F.,(2,2),(0.,1.016),.PIECEWISE_BEZIER_KNOTS.);
#9092 = CARTESIAN_POINT('',(0.,0.));
#9093 = CARTESIAN_POINT('',(0.,1.016));
#9094 = ( GEOMETRIC_REPRESENTATION_CONTEXT(2) 
PARAMETRIC_REPRESENTATION_CONTEXT() REPRESENTATION_CONTEXT('2D SPACE',''
  ) );
#9095 = PCURVE('',#5987,#9096);
#9096 = DEFINITIONAL_REPRESENTATION('',(#9097),#9101);
#9097 = LINE('',#9098,#9099);
#9098 = CARTESIAN_POINT('',(46.99,0.));
#9099 = VECTOR('',#9100,1.);
#9100 = DIRECTION('',(0.,-1.));
#9101 = ( GEOMETRIC_REPRESENTATION_CONTEXT(2) 
PARAMETRIC_REPRESENTATION_CONTEXT() REPRESENTATION_CONTEXT('2D SPACE',''
  ) );
#9102 = ORIENTED_EDGE('',*,*,#9103,.T.);
#9103 = EDGE_CURVE('',#9082,#9035,#9104,.T.);
#9104 = SURFACE_CURVE('',#9105,(#9110,#9116),.PCURVE_S1.);
#9105 = CIRCLE('',#9106,3.81);
#9106 = AXIS2_PLACEMENT_3D('',#9107,#9108,#9109);
#9107 = CARTESIAN_POINT('',(-59.69,187.452,105.664));
#9108 = DIRECTION('',(0.,1.,0.));
#9109 = DIRECTION('',(0.,-0.,1.));
#9110 = PCURVE('',#6020,#9111);
#9111 = DEFINITIONAL_REPRESENTATION('',(#9112),#9115);
#9112 = B_SPLINE_CURVE_WITH_KNOTS('',1,(#9113,#9114),.UNSPECIFIED.,.F.,
  .F.,(2,2),(4.712388980385,6.28318530718),.PIECEWISE_BEZIER_KNOTS.);
#9113 = CARTESIAN_POINT('',(0.,0.));
#9114 = CARTESIAN_POINT('',(1.570796326795,0.));
#9115 = ( GEOMETRIC_REPRESENTATION_CONTEXT(2) 
PARAMETRIC_REPRESENTATION_CONTEXT() REPRESENTATION_CONTEXT('2D SPACE',''
  ) );
#9116 = PCURVE('',#8797,#9117);
#9117 = DEFINITIONAL_REPRESENTATION('',(#9118),#9122);
#9118 = CIRCLE('',#9119,3.81);
#9119 = AXIS2_PLACEMENT_2D('',#9120,#9121);
#9120 = CARTESIAN_POINT('',(46.99,3.81));
#9121 = DIRECTION('',(1.,0.));
#9122 = ( GEOMETRIC_REPRESENTATION_CONTEXT(2) 
PARAMETRIC_REPRESENTATION_CONTEXT() REPRESENTATION_CONTEXT('2D SPACE',''
  ) );
#9123 = ORIENTED_EDGE('',*,*,#9034,.T.);
#9124 = ORIENTED_EDGE('',*,*,#5999,.F.);
#9125 = ADVANCED_FACE('',(#9126),#5987,.T.);
#9126 = FACE_BOUND('',#9127,.T.);
#9127 = EDGE_LOOP('',(#9128,#9149,#9150,#9151));
#9128 = ORIENTED_EDGE('',*,*,#9129,.F.);
#9129 = EDGE_CURVE('',#8760,#9082,#9130,.T.);
#9130 = SURFACE_CURVE('',#9131,(#9135,#9142),.PCURVE_S1.);
#9131 = LINE('',#9132,#9133);
#9132 = CARTESIAN_POINT('',(-63.5,187.452,58.674));
#9133 = VECTOR('',#9134,1.);
#9134 = DIRECTION('',(0.,0.,1.));
#9135 = PCURVE('',#5987,#9136);
#9136 = DEFINITIONAL_REPRESENTATION('',(#9137),#9141);
#9137 = LINE('',#9138,#9139);
#9138 = CARTESIAN_POINT('',(0.,0.));
#9139 = VECTOR('',#9140,1.);
#9140 = DIRECTION('',(1.,0.));
#9141 = ( GEOMETRIC_REPRESENTATION_CONTEXT(2) 
PARAMETRIC_REPRESENTATION_CONTEXT() REPRESENTATION_CONTEXT('2D SPACE',''
  ) );
#9142 = PCURVE('',#8797,#9143);
#9143 = DEFINITIONAL_REPRESENTATION('',(#9144),#9148);
#9144 = LINE('',#9145,#9146);
#9145 = CARTESIAN_POINT('',(0.,0.));
#9146 = VECTOR('',#9147,1.);
#9147 = DIRECTION('',(1.,0.));
#9148 = ( GEOMETRIC_REPRESENTATION_CONTEXT(2) 
PARAMETRIC_REPRESENTATION_CONTEXT() REPRESENTATION_CONTEXT('2D SPACE',''
  ) );
#9149 = ORIENTED_EDGE('',*,*,#8759,.T.);
#9150 = ORIENTED_EDGE('',*,*,#5971,.T.);
#9151 = ORIENTED_EDGE('',*,*,#9081,.F.);
#9152 = ADVANCED_FACE('',(#9153),#6687,.F.);
#9153 = FACE_BOUND('',#9154,.T.);
#9154 = EDGE_LOOP('',(#9155,#9177,#9178,#9179));
#9155 = ORIENTED_EDGE('',*,*,#9156,.F.);
#9156 = EDGE_CURVE('',#6643,#9157,#9159,.T.);
#9157 = VERTEX_POINT('',#9158);
#9158 = CARTESIAN_POINT('',(-140.208,-69.85,171.45));
#9159 = SURFACE_CURVE('',#9160,(#9164,#9170),.PCURVE_S1.);
#9160 = LINE('',#9161,#9162);
#9161 = CARTESIAN_POINT('',(-160.528,-69.85,171.45));
#9162 = VECTOR('',#9163,1.);
#9163 = DIRECTION('',(1.,0.,0.));
#9164 = PCURVE('',#6687,#9165);
#9165 = DEFINITIONAL_REPRESENTATION('',(#9166),#9169);
#9166 = B_SPLINE_CURVE_WITH_KNOTS('',1,(#9167,#9168),.UNSPECIFIED.,.F.,
  .F.,(2,2),(10.16,20.32),.PIECEWISE_BEZIER_KNOTS.);
#9167 = CARTESIAN_POINT('',(0.,10.16));
#9168 = CARTESIAN_POINT('',(0.,20.32));
#9169 = ( GEOMETRIC_REPRESENTATION_CONTEXT(2) 
PARAMETRIC_REPRESENTATION_CONTEXT() REPRESENTATION_CONTEXT('2D SPACE',''
  ) );
#9170 = PCURVE('',#6658,#9171);
#9171 = DEFINITIONAL_REPRESENTATION('',(#9172),#9176);
#9172 = LINE('',#9173,#9174);
#9173 = CARTESIAN_POINT('',(17.78,0.));
#9174 = VECTOR('',#9175,1.);
#9175 = DIRECTION('',(0.,1.));
#9176 = ( GEOMETRIC_REPRESENTATION_CONTEXT(2) 
PARAMETRIC_REPRESENTATION_CONTEXT() REPRESENTATION_CONTEXT('2D SPACE',''
  ) );
#9177 = ORIENTED_EDGE('',*,*,#6670,.F.);
#9178 = ORIENTED_EDGE('',*,*,#7180,.T.);
#9179 = ORIENTED_EDGE('',*,*,#9180,.F.);
#9180 = EDGE_CURVE('',#9157,#7181,#9181,.T.);
#9181 = SURFACE_CURVE('',#9182,(#9187,#9193),.PCURVE_S1.);
#9182 = CIRCLE('',#9183,7.62);
#9183 = AXIS2_PLACEMENT_3D('',#9184,#9185,#9186);
#9184 = CARTESIAN_POINT('',(-140.208,-62.23,171.45));
#9185 = DIRECTION('',(-1.,0.,-0.));
#9186 = DIRECTION('',(-0.,0.,1.));
#9187 = PCURVE('',#6687,#9188);
#9188 = DEFINITIONAL_REPRESENTATION('',(#9189),#9192);
#9189 = B_SPLINE_CURVE_WITH_KNOTS('',1,(#9190,#9191),.UNSPECIFIED.,.F.,
  .F.,(2,2),(4.712388980385,6.28318530718),.PIECEWISE_BEZIER_KNOTS.);
#9190 = CARTESIAN_POINT('',(0.,20.32));
#9191 = CARTESIAN_POINT('',(-1.570796326795,20.32));
#9192 = ( GEOMETRIC_REPRESENTATION_CONTEXT(2) 
PARAMETRIC_REPRESENTATION_CONTEXT() REPRESENTATION_CONTEXT('2D SPACE',''
  ) );
#9193 = PCURVE('',#7218,#9194);
#9194 = DEFINITIONAL_REPRESENTATION('',(#9195),#9203);
#9195 = ( BOUNDED_CURVE() B_SPLINE_CURVE(2,(#9196,#9197,#9198,#9199,
#9200,#9201,#9202),.UNSPECIFIED.,.T.,.F.) B_SPLINE_CURVE_WITH_KNOTS((1,2
    ,2,2,2,1),(-2.094395102393,0.,2.094395102393,4.188790204786,
6.28318530718,8.377580409573),.UNSPECIFIED.) CURVE() 
GEOMETRIC_REPRESENTATION_ITEM() RATIONAL_B_SPLINE_CURVE((1.,0.5,1.,0.5,
1.,0.5,1.)) REPRESENTATION_ITEM('') );
#9196 = CARTESIAN_POINT('',(25.4,-7.62));
#9197 = CARTESIAN_POINT('',(25.4,-20.81822715367));
#9198 = CARTESIAN_POINT('',(13.97,-14.21911357683));
#9199 = CARTESIAN_POINT('',(2.54,-7.62));
#9200 = CARTESIAN_POINT('',(13.97,-1.020886423163));
#9201 = CARTESIAN_POINT('',(25.4,5.578227153675));
#9202 = CARTESIAN_POINT('',(25.4,-7.62));
#9203 = ( GEOMETRIC_REPRESENTATION_CONTEXT(2) 
PARAMETRIC_REPRESENTATION_CONTEXT() REPRESENTATION_CONTEXT('2D SPACE',''
  ) );
#9204 = ADVANCED_FACE('',(#9205),#6658,.T.);
#9205 = FACE_BOUND('',#9206,.T.);
#9206 = EDGE_LOOP('',(#9207,#9230,#9250,#9251));
#9207 = ORIENTED_EDGE('',*,*,#9208,.F.);
#9208 = EDGE_CURVE('',#9209,#9157,#9211,.T.);
#9209 = VERTEX_POINT('',#9210);
#9210 = CARTESIAN_POINT('',(-140.208,-69.85,161.29));
#9211 = SURFACE_CURVE('',#9212,(#9216,#9223),.PCURVE_S1.);
#9212 = LINE('',#9213,#9214);
#9213 = CARTESIAN_POINT('',(-140.208,-69.85,153.67));
#9214 = VECTOR('',#9215,1.);
#9215 = DIRECTION('',(0.,0.,1.));
#9216 = PCURVE('',#6658,#9217);
#9217 = DEFINITIONAL_REPRESENTATION('',(#9218),#9222);
#9218 = LINE('',#9219,#9220);
#9219 = CARTESIAN_POINT('',(0.,20.32));
#9220 = VECTOR('',#9221,1.);
#9221 = DIRECTION('',(1.,0.));
#9222 = ( GEOMETRIC_REPRESENTATION_CONTEXT(2) 
PARAMETRIC_REPRESENTATION_CONTEXT() REPRESENTATION_CONTEXT('2D SPACE',''
  ) );
#9223 = PCURVE('',#7218,#9224);
#9224 = DEFINITIONAL_REPRESENTATION('',(#9225),#9229);
#9225 = LINE('',#9226,#9227);
#9226 = CARTESIAN_POINT('',(0.,0.));
#9227 = VECTOR('',#9228,1.);
#9228 = DIRECTION('',(1.,0.));
#9229 = ( GEOMETRIC_REPRESENTATION_CONTEXT(2) 
PARAMETRIC_REPRESENTATION_CONTEXT() REPRESENTATION_CONTEXT('2D SPACE',''
  ) );
#9230 = ORIENTED_EDGE('',*,*,#9231,.F.);
#9231 = EDGE_CURVE('',#6615,#9209,#9232,.T.);
#9232 = SURFACE_CURVE('',#9233,(#9237,#9244),.PCURVE_S1.);
#9233 = LINE('',#9234,#9235);
#9234 = CARTESIAN_POINT('',(-160.528,-69.85,161.29));
#9235 = VECTOR('',#9236,1.);
#9236 = DIRECTION('',(1.,0.,0.));
#9237 = PCURVE('',#6658,#9238);
#9238 = DEFINITIONAL_REPRESENTATION('',(#9239),#9243);
#9239 = LINE('',#9240,#9241);
#9240 = CARTESIAN_POINT('',(7.62,0.));
#9241 = VECTOR('',#9242,1.);
#9242 = DIRECTION('',(0.,1.));
#9243 = ( GEOMETRIC_REPRESENTATION_CONTEXT(2) 
PARAMETRIC_REPRESENTATION_CONTEXT() REPRESENTATION_CONTEXT('2D SPACE',''
  ) );
#9244 = PCURVE('',#6631,#9245);
#9245 = DEFINITIONAL_REPRESENTATION('',(#9246),#9249);
#9246 = B_SPLINE_CURVE_WITH_KNOTS('',1,(#9247,#9248),.UNSPECIFIED.,.F.,
  .F.,(2,2),(10.16,20.32),.PIECEWISE_BEZIER_KNOTS.);
#9247 = CARTESIAN_POINT('',(0.,10.16));
#9248 = CARTESIAN_POINT('',(0.,20.32));
#9249 = ( GEOMETRIC_REPRESENTATION_CONTEXT(2) 
PARAMETRIC_REPRESENTATION_CONTEXT() REPRESENTATION_CONTEXT('2D SPACE',''
  ) );
#9250 = ORIENTED_EDGE('',*,*,#6642,.T.);
#9251 = ORIENTED_EDGE('',*,*,#9156,.T.);
#9252 = ADVANCED_FACE('',(#9253),#6631,.F.);
#9253 = FACE_BOUND('',#9254,.F.);
#9254 = EDGE_LOOP('',(#9255,#9256,#9257,#9279));
#9255 = ORIENTED_EDGE('',*,*,#9231,.F.);
#9256 = ORIENTED_EDGE('',*,*,#6614,.T.);
#9257 = ORIENTED_EDGE('',*,*,#9258,.T.);
#9258 = EDGE_CURVE('',#6587,#9259,#9261,.T.);
#9259 = VERTEX_POINT('',#9260);
#9260 = CARTESIAN_POINT('',(-140.208,-62.23,153.67));
#9261 = SURFACE_CURVE('',#9262,(#9266,#9272),.PCURVE_S1.);
#9262 = LINE('',#9263,#9264);
#9263 = CARTESIAN_POINT('',(-160.528,-62.23,153.67));
#9264 = VECTOR('',#9265,1.);
#9265 = DIRECTION('',(1.,0.,0.));
#9266 = PCURVE('',#6631,#9267);
#9267 = DEFINITIONAL_REPRESENTATION('',(#9268),#9271);
#9268 = B_SPLINE_CURVE_WITH_KNOTS('',1,(#9269,#9270),.UNSPECIFIED.,.F.,
  .F.,(2,2),(10.16,20.32),.PIECEWISE_BEZIER_KNOTS.);
#9269 = CARTESIAN_POINT('',(1.570796326795,10.16));
#9270 = CARTESIAN_POINT('',(1.570796326795,20.32));
#9271 = ( GEOMETRIC_REPRESENTATION_CONTEXT(2) 
PARAMETRIC_REPRESENTATION_CONTEXT() REPRESENTATION_CONTEXT('2D SPACE',''
  ) );
#9272 = PCURVE('',#6602,#9273);
#9273 = DEFINITIONAL_REPRESENTATION('',(#9274),#9278);
#9274 = LINE('',#9275,#9276);
#9275 = CARTESIAN_POINT('',(0.,7.62));
#9276 = VECTOR('',#9277,1.);
#9277 = DIRECTION('',(1.,0.));
#9278 = ( GEOMETRIC_REPRESENTATION_CONTEXT(2) 
PARAMETRIC_REPRESENTATION_CONTEXT() REPRESENTATION_CONTEXT('2D SPACE',''
  ) );
#9279 = ORIENTED_EDGE('',*,*,#9280,.F.);
#9280 = EDGE_CURVE('',#9209,#9259,#9281,.T.);
#9281 = SURFACE_CURVE('',#9282,(#9287,#9293),.PCURVE_S1.);
#9282 = CIRCLE('',#9283,7.62);
#9283 = AXIS2_PLACEMENT_3D('',#9284,#9285,#9286);
#9284 = CARTESIAN_POINT('',(-140.208,-62.23,161.29));
#9285 = DIRECTION('',(1.,0.,0.));
#9286 = DIRECTION('',(-0.,0.,1.));
#9287 = PCURVE('',#6631,#9288);
#9288 = DEFINITIONAL_REPRESENTATION('',(#9289),#9292);
#9289 = B_SPLINE_CURVE_WITH_KNOTS('',1,(#9290,#9291),.UNSPECIFIED.,.F.,
  .F.,(2,2),(1.570796326795,3.14159265359),.PIECEWISE_BEZIER_KNOTS.);
#9290 = CARTESIAN_POINT('',(0.,20.32));
#9291 = CARTESIAN_POINT('',(1.570796326795,20.32));
#9292 = ( GEOMETRIC_REPRESENTATION_CONTEXT(2) 
PARAMETRIC_REPRESENTATION_CONTEXT() REPRESENTATION_CONTEXT('2D SPACE',''
  ) );
#9293 = PCURVE('',#7218,#9294);
#9294 = DEFINITIONAL_REPRESENTATION('',(#9295),#9299);
#9295 = CIRCLE('',#9296,7.62);
#9296 = AXIS2_PLACEMENT_2D('',#9297,#9298);
#9297 = CARTESIAN_POINT('',(7.62,-7.62));
#9298 = DIRECTION('',(1.,0.));
#9299 = ( GEOMETRIC_REPRESENTATION_CONTEXT(2) 
PARAMETRIC_REPRESENTATION_CONTEXT() REPRESENTATION_CONTEXT('2D SPACE',''
  ) );
#9300 = ADVANCED_FACE('',(#9301),#6602,.T.);
#9301 = FACE_BOUND('',#9302,.T.);
#9302 = EDGE_LOOP('',(#9303,#9304,#9305,#9328));
#9303 = ORIENTED_EDGE('',*,*,#6586,.T.);
#9304 = ORIENTED_EDGE('',*,*,#9258,.T.);
#9305 = ORIENTED_EDGE('',*,*,#9306,.T.);
#9306 = EDGE_CURVE('',#9259,#9307,#9309,.T.);
#9307 = VERTEX_POINT('',#9308);
#9308 = CARTESIAN_POINT('',(-140.208,62.23,153.67));
#9309 = SURFACE_CURVE('',#9310,(#9314,#9321),.PCURVE_S1.);
#9310 = LINE('',#9311,#9312);
#9311 = CARTESIAN_POINT('',(-140.208,-69.85,153.67));
#9312 = VECTOR('',#9313,1.);
#9313 = DIRECTION('',(0.,1.,0.));
#9314 = PCURVE('',#6602,#9315);
#9315 = DEFINITIONAL_REPRESENTATION('',(#9316),#9320);
#9316 = LINE('',#9317,#9318);
#9317 = CARTESIAN_POINT('',(20.32,0.));
#9318 = VECTOR('',#9319,1.);
#9319 = DIRECTION('',(0.,1.));
#9320 = ( GEOMETRIC_REPRESENTATION_CONTEXT(2) 
PARAMETRIC_REPRESENTATION_CONTEXT() REPRESENTATION_CONTEXT('2D SPACE',''
  ) );
#9321 = PCURVE('',#7218,#9322);
#9322 = DEFINITIONAL_REPRESENTATION('',(#9323),#9327);
#9323 = LINE('',#9324,#9325);
#9324 = CARTESIAN_POINT('',(0.,0.));
#9325 = VECTOR('',#9326,1.);
#9326 = DIRECTION('',(0.,-1.));
#9327 = ( GEOMETRIC_REPRESENTATION_CONTEXT(2) 
PARAMETRIC_REPRESENTATION_CONTEXT() REPRESENTATION_CONTEXT('2D SPACE',''
  ) );
#9328 = ORIENTED_EDGE('',*,*,#9329,.F.);
#9329 = EDGE_CURVE('',#6559,#9307,#9330,.T.);
#9330 = SURFACE_CURVE('',#9331,(#9335,#9342),.PCURVE_S1.);
#9331 = LINE('',#9332,#9333);
#9332 = CARTESIAN_POINT('',(-160.528,62.23,153.67));
#9333 = VECTOR('',#9334,1.);
#9334 = DIRECTION('',(1.,0.,0.));
#9335 = PCURVE('',#6602,#9336);
#9336 = DEFINITIONAL_REPRESENTATION('',(#9337),#9341);
#9337 = LINE('',#9338,#9339);
#9338 = CARTESIAN_POINT('',(0.,132.08));
#9339 = VECTOR('',#9340,1.);
#9340 = DIRECTION('',(1.,0.));
#9341 = ( GEOMETRIC_REPRESENTATION_CONTEXT(2) 
PARAMETRIC_REPRESENTATION_CONTEXT() REPRESENTATION_CONTEXT('2D SPACE',''
  ) );
#9342 = PCURVE('',#6575,#9343);
#9343 = DEFINITIONAL_REPRESENTATION('',(#9344),#9347);
#9344 = B_SPLINE_CURVE_WITH_KNOTS('',1,(#9345,#9346),.UNSPECIFIED.,.F.,
  .F.,(2,2),(10.16,20.32),.PIECEWISE_BEZIER_KNOTS.);
#9345 = CARTESIAN_POINT('',(-1.570796326795,10.16));
#9346 = CARTESIAN_POINT('',(-1.570796326795,20.32));
#9347 = ( GEOMETRIC_REPRESENTATION_CONTEXT(2) 
PARAMETRIC_REPRESENTATION_CONTEXT() REPRESENTATION_CONTEXT('2D SPACE',''
  ) );
#9348 = ADVANCED_FACE('',(#9349),#6575,.F.);
#9349 = FACE_BOUND('',#9350,.T.);
#9350 = EDGE_LOOP('',(#9351,#9373,#9374,#9375));
#9351 = ORIENTED_EDGE('',*,*,#9352,.F.);
#9352 = EDGE_CURVE('',#6531,#9353,#9355,.T.);
#9353 = VERTEX_POINT('',#9354);
#9354 = CARTESIAN_POINT('',(-140.208,69.85,161.29));
#9355 = SURFACE_CURVE('',#9356,(#9360,#9366),.PCURVE_S1.);
#9356 = LINE('',#9357,#9358);
#9357 = CARTESIAN_POINT('',(-160.528,69.85,161.29));
#9358 = VECTOR('',#9359,1.);
#9359 = DIRECTION('',(1.,0.,0.));
#9360 = PCURVE('',#6575,#9361);
#9361 = DEFINITIONAL_REPRESENTATION('',(#9362),#9365);
#9362 = B_SPLINE_CURVE_WITH_KNOTS('',1,(#9363,#9364),.UNSPECIFIED.,.F.,
  .F.,(2,2),(10.16,20.32),.PIECEWISE_BEZIER_KNOTS.);
#9363 = CARTESIAN_POINT('',(0.,10.16));
#9364 = CARTESIAN_POINT('',(0.,20.32));
#9365 = ( GEOMETRIC_REPRESENTATION_CONTEXT(2) 
PARAMETRIC_REPRESENTATION_CONTEXT() REPRESENTATION_CONTEXT('2D SPACE',''
  ) );
#9366 = PCURVE('',#6546,#9367);
#9367 = DEFINITIONAL_REPRESENTATION('',(#9368),#9372);
#9368 = LINE('',#9369,#9370);
#9369 = CARTESIAN_POINT('',(7.62,0.));
#9370 = VECTOR('',#9371,1.);
#9371 = DIRECTION('',(0.,1.));
#9372 = ( GEOMETRIC_REPRESENTATION_CONTEXT(2) 
PARAMETRIC_REPRESENTATION_CONTEXT() REPRESENTATION_CONTEXT('2D SPACE',''
  ) );
#9373 = ORIENTED_EDGE('',*,*,#6558,.F.);
#9374 = ORIENTED_EDGE('',*,*,#9329,.T.);
#9375 = ORIENTED_EDGE('',*,*,#9376,.F.);
#9376 = EDGE_CURVE('',#9353,#9307,#9377,.T.);
#9377 = SURFACE_CURVE('',#9378,(#9383,#9389),.PCURVE_S1.);
#9378 = CIRCLE('',#9379,7.62);
#9379 = AXIS2_PLACEMENT_3D('',#9380,#9381,#9382);
#9380 = CARTESIAN_POINT('',(-140.208,62.23,161.29));
#9381 = DIRECTION('',(-1.,0.,-0.));
#9382 = DIRECTION('',(-0.,0.,1.));
#9383 = PCURVE('',#6575,#9384);
#9384 = DEFINITIONAL_REPRESENTATION('',(#9385),#9388);
#9385 = B_SPLINE_CURVE_WITH_KNOTS('',1,(#9386,#9387),.UNSPECIFIED.,.F.,
  .F.,(2,2),(1.570796326795,3.14159265359),.PIECEWISE_BEZIER_KNOTS.);
#9386 = CARTESIAN_POINT('',(0.,20.32));
#9387 = CARTESIAN_POINT('',(-1.570796326795,20.32));
#9388 = ( GEOMETRIC_REPRESENTATION_CONTEXT(2) 
PARAMETRIC_REPRESENTATION_CONTEXT() REPRESENTATION_CONTEXT('2D SPACE',''
  ) );
#9389 = PCURVE('',#7218,#9390);
#9390 = DEFINITIONAL_REPRESENTATION('',(#9391),#9399);
#9391 = ( BOUNDED_CURVE() B_SPLINE_CURVE(2,(#9392,#9393,#9394,#9395,
#9396,#9397,#9398),.UNSPECIFIED.,.T.,.F.) B_SPLINE_CURVE_WITH_KNOTS((1,2
    ,2,2,2,1),(-2.094395102393,0.,2.094395102393,4.188790204786,
6.28318530718,8.377580409573),.UNSPECIFIED.) CURVE() 
GEOMETRIC_REPRESENTATION_ITEM() RATIONAL_B_SPLINE_CURVE((1.,0.5,1.,0.5,
1.,0.5,1.)) REPRESENTATION_ITEM('') );
#9392 = CARTESIAN_POINT('',(15.24,-132.08));
#9393 = CARTESIAN_POINT('',(15.24,-145.2782271536));
#9394 = CARTESIAN_POINT('',(3.81,-138.6791135768));
#9395 = CARTESIAN_POINT('',(-7.62,-132.08));
#9396 = CARTESIAN_POINT('',(3.81,-125.4808864231));
#9397 = CARTESIAN_POINT('',(15.24,-118.8817728463));
#9398 = CARTESIAN_POINT('',(15.24,-132.08));
#9399 = ( GEOMETRIC_REPRESENTATION_CONTEXT(2) 
PARAMETRIC_REPRESENTATION_CONTEXT() REPRESENTATION_CONTEXT('2D SPACE',''
  ) );
#9400 = ADVANCED_FACE('',(#9401),#6546,.F.);
#9401 = FACE_BOUND('',#9402,.F.);
#9402 = EDGE_LOOP('',(#9403,#9426,#9427,#9428));
#9403 = ORIENTED_EDGE('',*,*,#9404,.F.);
#9404 = EDGE_CURVE('',#9353,#9405,#9407,.T.);
#9405 = VERTEX_POINT('',#9406);
#9406 = CARTESIAN_POINT('',(-140.208,69.85,171.45));
#9407 = SURFACE_CURVE('',#9408,(#9412,#9419),.PCURVE_S1.);
#9408 = LINE('',#9409,#9410);
#9409 = CARTESIAN_POINT('',(-140.208,69.85,153.67));
#9410 = VECTOR('',#9411,1.);
#9411 = DIRECTION('',(0.,0.,1.));
#9412 = PCURVE('',#6546,#9413);
#9413 = DEFINITIONAL_REPRESENTATION('',(#9414),#9418);
#9414 = LINE('',#9415,#9416);
#9415 = CARTESIAN_POINT('',(0.,20.32));
#9416 = VECTOR('',#9417,1.);
#9417 = DIRECTION('',(1.,0.));
#9418 = ( GEOMETRIC_REPRESENTATION_CONTEXT(2) 
PARAMETRIC_REPRESENTATION_CONTEXT() REPRESENTATION_CONTEXT('2D SPACE',''
  ) );
#9419 = PCURVE('',#7218,#9420);
#9420 = DEFINITIONAL_REPRESENTATION('',(#9421),#9425);
#9421 = LINE('',#9422,#9423);
#9422 = CARTESIAN_POINT('',(0.,-139.7));
#9423 = VECTOR('',#9424,1.);
#9424 = DIRECTION('',(1.,0.));
#9425 = ( GEOMETRIC_REPRESENTATION_CONTEXT(2) 
PARAMETRIC_REPRESENTATION_CONTEXT() REPRESENTATION_CONTEXT('2D SPACE',''
  ) );
#9426 = ORIENTED_EDGE('',*,*,#9352,.F.);
#9427 = ORIENTED_EDGE('',*,*,#6530,.T.);
#9428 = ORIENTED_EDGE('',*,*,#9429,.T.);
#9429 = EDGE_CURVE('',#6503,#9405,#9430,.T.);
#9430 = SURFACE_CURVE('',#9431,(#9435,#9442),.PCURVE_S1.);
#9431 = LINE('',#9432,#9433);
#9432 = CARTESIAN_POINT('',(-160.528,69.85,171.45));
#9433 = VECTOR('',#9434,1.);
#9434 = DIRECTION('',(1.,0.,0.));
#9435 = PCURVE('',#6546,#9436);
#9436 = DEFINITIONAL_REPRESENTATION('',(#9437),#9441);
#9437 = LINE('',#9438,#9439);
#9438 = CARTESIAN_POINT('',(17.78,0.));
#9439 = VECTOR('',#9440,1.);
#9440 = DIRECTION('',(0.,1.));
#9441 = ( GEOMETRIC_REPRESENTATION_CONTEXT(2) 
PARAMETRIC_REPRESENTATION_CONTEXT() REPRESENTATION_CONTEXT('2D SPACE',''
  ) );
#9442 = PCURVE('',#6519,#9443);
#9443 = DEFINITIONAL_REPRESENTATION('',(#9444),#9447);
#9444 = B_SPLINE_CURVE_WITH_KNOTS('',1,(#9445,#9446),.UNSPECIFIED.,.F.,
  .F.,(2,2),(10.16,20.32),.PIECEWISE_BEZIER_KNOTS.);
#9445 = CARTESIAN_POINT('',(0.,10.16));
#9446 = CARTESIAN_POINT('',(0.,20.32));
#9447 = ( GEOMETRIC_REPRESENTATION_CONTEXT(2) 
PARAMETRIC_REPRESENTATION_CONTEXT() REPRESENTATION_CONTEXT('2D SPACE',''
  ) );
#9448 = ADVANCED_FACE('',(#9449),#6519,.F.);
#9449 = FACE_BOUND('',#9450,.F.);
#9450 = EDGE_LOOP('',(#9451,#9452,#9453,#9454));
#9451 = ORIENTED_EDGE('',*,*,#9429,.F.);
#9452 = ORIENTED_EDGE('',*,*,#6502,.T.);
#9453 = ORIENTED_EDGE('',*,*,#7230,.T.);
#9454 = ORIENTED_EDGE('',*,*,#9455,.F.);
#9455 = EDGE_CURVE('',#9405,#7203,#9456,.T.);
#9456 = SURFACE_CURVE('',#9457,(#9462,#9468),.PCURVE_S1.);
#9457 = CIRCLE('',#9458,7.62);
#9458 = AXIS2_PLACEMENT_3D('',#9459,#9460,#9461);
#9459 = CARTESIAN_POINT('',(-140.208,62.23,171.45));
#9460 = DIRECTION('',(1.,0.,0.));
#9461 = DIRECTION('',(-0.,0.,1.));
#9462 = PCURVE('',#6519,#9463);
#9463 = DEFINITIONAL_REPRESENTATION('',(#9464),#9467);
#9464 = B_SPLINE_CURVE_WITH_KNOTS('',1,(#9465,#9466),.UNSPECIFIED.,.F.,
  .F.,(2,2),(4.712388980385,6.28318530718),.PIECEWISE_BEZIER_KNOTS.);
#9465 = CARTESIAN_POINT('',(0.,20.32));
#9466 = CARTESIAN_POINT('',(1.570796326795,20.32));
#9467 = ( GEOMETRIC_REPRESENTATION_CONTEXT(2) 
PARAMETRIC_REPRESENTATION_CONTEXT() REPRESENTATION_CONTEXT('2D SPACE',''
  ) );
#9468 = PCURVE('',#7218,#9469);
#9469 = DEFINITIONAL_REPRESENTATION('',(#9470),#9474);
#9470 = CIRCLE('',#9471,7.62);
#9471 = AXIS2_PLACEMENT_2D('',#9472,#9473);
#9472 = CARTESIAN_POINT('',(17.78,-132.08));
#9473 = DIRECTION('',(1.,0.));
#9474 = ( GEOMETRIC_REPRESENTATION_CONTEXT(2) 
PARAMETRIC_REPRESENTATION_CONTEXT() REPRESENTATION_CONTEXT('2D SPACE',''
  ) );
#9475 = ADVANCED_FACE('',(#9476),#6790,.F.);
#9476 = FACE_BOUND('',#9477,.F.);
#9477 = EDGE_LOOP('',(#9478,#9479,#9480,#9481,#9482,#9483,#9484,#9485));
#9478 = ORIENTED_EDGE('',*,*,#7038,.T.);
#9479 = ORIENTED_EDGE('',*,*,#6990,.T.);
#9480 = ORIENTED_EDGE('',*,*,#6942,.T.);
#9481 = ORIENTED_EDGE('',*,*,#6894,.T.);
#9482 = ORIENTED_EDGE('',*,*,#6846,.T.);
#9483 = ORIENTED_EDGE('',*,*,#6772,.T.);
#9484 = ORIENTED_EDGE('',*,*,#7138,.T.);
#9485 = ORIENTED_EDGE('',*,*,#7086,.F.);
#9486 = ADVANCED_FACE('',(#9487),#7218,.F.);
#9487 = FACE_BOUND('',#9488,.F.);
#9488 = EDGE_LOOP('',(#9489,#9490,#9491,#9492,#9493,#9494,#9495,#9496));
#9489 = ORIENTED_EDGE('',*,*,#9208,.F.);
#9490 = ORIENTED_EDGE('',*,*,#9280,.T.);
#9491 = ORIENTED_EDGE('',*,*,#9306,.T.);
#9492 = ORIENTED_EDGE('',*,*,#9376,.F.);
#9493 = ORIENTED_EDGE('',*,*,#9404,.T.);
#9494 = ORIENTED_EDGE('',*,*,#9455,.T.);
#9495 = ORIENTED_EDGE('',*,*,#7202,.F.);
#9496 = ORIENTED_EDGE('',*,*,#9180,.F.);
#9497 = ADVANCED_FACE('',(#9498),#7308,.T.);
#9498 = FACE_BOUND('',#9499,.T.);
#9499 = EDGE_LOOP('',(#9500,#9501,#9502,#9503,#9504,#9505,#9506,#9507));
#9500 = ORIENTED_EDGE('',*,*,#8682,.F.);
#9501 = ORIENTED_EDGE('',*,*,#8654,.T.);
#9502 = ORIENTED_EDGE('',*,*,#8584,.T.);
#9503 = ORIENTED_EDGE('',*,*,#8533,.F.);
#9504 = ORIENTED_EDGE('',*,*,#8507,.T.);
#9505 = ORIENTED_EDGE('',*,*,#8458,.T.);
#9506 = ORIENTED_EDGE('',*,*,#7292,.F.);
#9507 = ORIENTED_EDGE('',*,*,#8729,.F.);
#9508 = ADVANCED_FACE('',(#9509),#7403,.F.);
#9509 = FACE_BOUND('',#9510,.F.);
#9510 = EDGE_LOOP('',(#9511,#9512,#9513,#9514,#9515,#9516,#9517,#9518));
#9511 = ORIENTED_EDGE('',*,*,#7972,.F.);
#9512 = ORIENTED_EDGE('',*,*,#7892,.F.);
#9513 = ORIENTED_EDGE('',*,*,#7800,.F.);
#9514 = ORIENTED_EDGE('',*,*,#7720,.F.);
#9515 = ORIENTED_EDGE('',*,*,#7628,.F.);
#9516 = ORIENTED_EDGE('',*,*,#7548,.F.);
#9517 = ORIENTED_EDGE('',*,*,#7456,.F.);
#9518 = ORIENTED_EDGE('',*,*,#7371,.F.);
#9519 = ADVANCED_FACE('',(#9520),#8098,.F.);
#9520 = FACE_BOUND('',#9521,.F.);
#9521 = EDGE_LOOP('',(#9522,#9523,#9524,#9525,#9526,#9527,#9528,#9529));
#9522 = ORIENTED_EDGE('',*,*,#8309,.F.);
#9523 = ORIENTED_EDGE('',*,*,#8381,.F.);
#9524 = ORIENTED_EDGE('',*,*,#8411,.T.);
#9525 = ORIENTED_EDGE('',*,*,#8084,.T.);
#9526 = ORIENTED_EDGE('',*,*,#8113,.T.);
#9527 = ORIENTED_EDGE('',*,*,#8185,.F.);
#9528 = ORIENTED_EDGE('',*,*,#8236,.F.);
#9529 = ORIENTED_EDGE('',*,*,#8285,.T.);
#9530 = ADVANCED_FACE('',(#9531),#8797,.T.);
#9531 = FACE_BOUND('',#9532,.T.);
#9532 = EDGE_LOOP('',(#9533,#9534,#9535,#9536,#9537,#9538,#9539,#9540));
#9533 = ORIENTED_EDGE('',*,*,#8839,.F.);
#9534 = ORIENTED_EDGE('',*,*,#8781,.F.);
#9535 = ORIENTED_EDGE('',*,*,#9129,.T.);
#9536 = ORIENTED_EDGE('',*,*,#9103,.T.);
#9537 = ORIENTED_EDGE('',*,*,#9056,.T.);
#9538 = ORIENTED_EDGE('',*,*,#8982,.F.);
#9539 = ORIENTED_EDGE('',*,*,#8933,.F.);
#9540 = ORIENTED_EDGE('',*,*,#8907,.T.);
#9541 = ( GEOMETRIC_REPRESENTATION_CONTEXT(3) 
GLOBAL_UNCERTAINTY_ASSIGNED_CONTEXT((#9545)) 
GLOBAL_UNIT_ASSIGNED_CONTEXT((#9542,#9543,#9544)) REPRESENTATION_CONTEXT
('Context #1','3D Context with UNIT and UNCERTAINTY') );
#9542 = ( LENGTH_UNIT() NAMED_UNIT(*) SI_UNIT(.MILLI.,.METRE.) );
#9543 = ( NAMED_UNIT(*) PLANE_ANGLE_UNIT() SI_UNIT($,.RADIAN.) );
#9544 = ( NAMED_UNIT(*) SI_UNIT($,.STERADIAN.) SOLID_ANGLE_UNIT() );
#9545 = UNCERTAINTY_MEASURE_WITH_UNIT(LENGTH_MEASURE(2.E-04),#9542,
  'distance_accuracy_value','confusion accuracy');
#9546 = PRODUCT_RELATED_PRODUCT_CATEGORY('part',$,(#7));
ENDSEC;
END-ISO-10303-21;
