ISO-10303-21;
HEADER;
FILE_DESCRIPTION(('Open CASCADE Model'),'2;1');
FILE_NAME('Open CASCADE Shape Model','2026-10-02T12:45:02',('Author'),(
    'Open CASCADE'),'Open CASCADE STEP processor 7.9','Open CASCADE 7.9'
  ,'Unknown');
FILE_SCHEMA(('AUTOMOTIVE_DESIGN { 1 0 10303 214 1 1 1 1 }'));
ENDSEC;
DATA;
#1 = APPLICATION_PROTOCOL_DEFINITION('international standard',
  'automotive_design',2000,#2);
#2 = APPLICATION_CONTEXT(
  'core data for automotive mechanical design processes');
#3 = SHAPE_DEFINITION_REPRESENTATION(#4,#10);
#4 = PRODUCT_DEFINITION_SHAPE('','',#5);
#5 = PRODUCT_DEFINITION('design','',#6,#9);
#6 = PRODUCT_DEFINITION_FORMATION('','',#7);
#7 = PRODUCT('Open CASCADE STEP translator 7.9 1',
  'Open CASCADE STEP translator 7.9 1','',(#8));
#8 = PRODUCT_CONTEXT('',#2,'mechanical');
#9 = PRODUCT_DEFINITION_CONTEXT('part definition',#2,'design');
#10 = ADVANCED_BREP_SHAPE_REPRESENTATION('',(#11,#15),#9529);
#11 = AXIS2_PLACEMENT_3D('',#12,#13,#14);
#12 = CARTESIAN_POINT('',(0.,0.,0.));
#13 = DIRECTION('',(0.,0.,1.));
#14 = DIRECTION('',(1.,0.,-0.));
#15 = MANIFOLD_SOLID_BREP('',#16);
#16 = CLOSED_SHELL('',(#17,#354,#550,#602,#1285,#1333,#1494,#1543,#2730,
    #2779,#2828,#2855,#2882,#3054,#3081,#3107,#3133,#3140,#3312,#3360,
    #3408,#3576,#3769,#3947,#4113,#4291,#4457,#4635,#4783,#4924,#4950,
    #4976,#5003,#5010,#5243,#5292,#5576,#5603,#5652,#5700,#5748,#5797,
    #5824,#5873,#6164,#6191,#6240,#6288,#6336,#6385,#6412,#6461,#6729,
    #6756,#6830,#6878,#6926,#6974,#7022,#7070,#7122,#7149,#7160,#7238,
    #7249,#7327,#7334,#7439,#7531,#7611,#7703,#7783,#7875,#7955,#8023,
    #8097,#8145,#8197,#8245,#8293,#8341,#8393,#8420,#8468,#8516,#8568,
    #8616,#8664,#8712,#8743,#8821,#8869,#8917,#8965,#9017,#9065,#9113,
    #9140,#9192,#9240,#9288,#9336,#9388,#9436,#9463,#9474,#9485,#9496,
    #9507,#9518));
#17 = ADVANCED_FACE('',(#18),#32,.F.);
#18 = FACE_BOUND('',#19,.F.);
#19 = EDGE_LOOP('',(#20,#55,#82,#110,#137,#165,#193,#221,#249,#277,#305,
    #328));
#20 = ORIENTED_EDGE('',*,*,#21,.F.);
#21 = EDGE_CURVE('',#22,#24,#26,.T.);
#22 = VERTEX_POINT('',#23);
#23 = CARTESIAN_POINT('',(-139.7,-190.5,115.57));
#24 = VERTEX_POINT('',#25);
#25 = CARTESIAN_POINT('',(-92.075,-190.5,115.57));
#26 = SURFACE_CURVE('',#27,(#31,#43),.PCURVE_S1.);
#27 = LINE('',#28,#29);
#28 = CARTESIAN_POINT('',(-152.4,-190.5,115.57));
#29 = VECTOR('',#30,1.);
#30 = DIRECTION('',(1.,0.,0.));
#31 = PCURVE('',#32,#37);
#32 = PLANE('',#33);
#33 = AXIS2_PLACEMENT_3D('',#34,#35,#36);
#34 = CARTESIAN_POINT('',(-152.4,-190.5,115.57));
#35 = DIRECTION('',(0.,1.,0.));
#36 = DIRECTION('',(1.,0.,0.));
#37 = DEFINITIONAL_REPRESENTATION('',(#38),#42);
#38 = LINE('',#39,#40);
#39 = CARTESIAN_POINT('',(0.,0.));
#40 = VECTOR('',#41,1.);
#41 = DIRECTION('',(1.,0.));
#42 = ( GEOMETRIC_REPRESENTATION_CONTEXT(2) 
PARAMETRIC_REPRESENTATION_CONTEXT() REPRESENTATION_CONTEXT('2D SPACE',''
  ) );
#43 = PCURVE('',#44,#49);
#44 = PLANE('',#45);
#45 = AXIS2_PLACEMENT_3D('',#46,#47,#48);
#46 = CARTESIAN_POINT('',(0.,0.,115.57));
#47 = DIRECTION('',(0.,0.,1.));
#48 = DIRECTION('',(1.,0.,-0.));
#49 = DEFINITIONAL_REPRESENTATION('',(#50),#54);
#50 = LINE('',#51,#52);
#51 = CARTESIAN_POINT('',(-152.4,-190.5));
#52 = VECTOR('',#53,1.);
#53 = DIRECTION('',(1.,0.));
#54 = ( GEOMETRIC_REPRESENTATION_CONTEXT(2) 
PARAMETRIC_REPRESENTATION_CONTEXT() REPRESENTATION_CONTEXT('2D SPACE',''
  ) );
#55 = ORIENTED_EDGE('',*,*,#56,.T.);
#56 = EDGE_CURVE('',#22,#57,#59,.T.);
#57 = VERTEX_POINT('',#58);
#58 = CARTESIAN_POINT('',(-139.7,-190.5,127.));
#59 = SURFACE_CURVE('',#60,(#64,#71),.PCURVE_S1.);
#60 = LINE('',#61,#62);
#61 = CARTESIAN_POINT('',(-139.7,-190.5,115.57));
#62 = VECTOR('',#63,1.);
#63 = DIRECTION('',(0.,0.,1.));
#64 = PCURVE('',#32,#65);
#65 = DEFINITIONAL_REPRESENTATION('',(#66),#70);
#66 = LINE('',#67,#68);
#67 = CARTESIAN_POINT('',(12.7,0.));
#68 = VECTOR('',#69,1.);
#69 = DIRECTION('',(0.,-1.));
#70 = ( GEOMETRIC_REPRESENTATION_CONTEXT(2) 
PARAMETRIC_REPRESENTATION_CONTEXT() REPRESENTATION_CONTEXT('2D SPACE',''
  ) );
#71 = PCURVE('',#72,#77);
#72 = CYLINDRICAL_SURFACE('',#73,12.7);
#73 = AXIS2_PLACEMENT_3D('',#74,#75,#76);
#74 = CARTESIAN_POINT('',(-139.7,-177.8,115.57));
#75 = DIRECTION('',(0.,0.,1.));
#76 = DIRECTION('',(0.,-1.,0.));
#77 = DEFINITIONAL_REPRESENTATION('',(#78),#81);
#78 = B_SPLINE_CURVE_WITH_KNOTS('',1,(#79,#80),.UNSPECIFIED.,.F.,.F.,(2,
    2),(0.,11.43),.PIECEWISE_BEZIER_KNOTS.);
#79 = CARTESIAN_POINT('',(0.,0.));
#80 = CARTESIAN_POINT('',(0.,11.43));
#81 = ( GEOMETRIC_REPRESENTATION_CONTEXT(2) 
PARAMETRIC_REPRESENTATION_CONTEXT() REPRESENTATION_CONTEXT('2D SPACE',''
  ) );
#82 = ORIENTED_EDGE('',*,*,#83,.T.);
#83 = EDGE_CURVE('',#57,#84,#86,.T.);
#84 = VERTEX_POINT('',#85);
#85 = CARTESIAN_POINT('',(139.7,-190.5,127.));
#86 = SURFACE_CURVE('',#87,(#91,#98),.PCURVE_S1.);
#87 = LINE('',#88,#89);
#88 = CARTESIAN_POINT('',(-152.4,-190.5,127.));
#89 = VECTOR('',#90,1.);
#90 = DIRECTION('',(1.,0.,0.));
#91 = PCURVE('',#32,#92);
#92 = DEFINITIONAL_REPRESENTATION('',(#93),#97);
#93 = LINE('',#94,#95);
#94 = CARTESIAN_POINT('',(0.,-11.43));
#95 = VECTOR('',#96,1.);
#96 = DIRECTION('',(1.,0.));
#97 = ( GEOMETRIC_REPRESENTATION_CONTEXT(2) 
PARAMETRIC_REPRESENTATION_CONTEXT() REPRESENTATION_CONTEXT('2D SPACE',''
  ) );
#98 = PCURVE('',#99,#104);
#99 = PLANE('',#100);
#100 = AXIS2_PLACEMENT_3D('',#101,#102,#103);
#101 = CARTESIAN_POINT('',(0.,0.,127.));
#102 = DIRECTION('',(0.,0.,1.));
#103 = DIRECTION('',(1.,0.,-0.));
#104 = DEFINITIONAL_REPRESENTATION('',(#105),#109);
#105 = LINE('',#106,#107);
#106 = CARTESIAN_POINT('',(-152.4,-190.5));
#107 = VECTOR('',#108,1.);
#108 = DIRECTION('',(1.,0.));
#109 = ( GEOMETRIC_REPRESENTATION_CONTEXT(2) 
PARAMETRIC_REPRESENTATION_CONTEXT() REPRESENTATION_CONTEXT('2D SPACE',''
  ) );
#110 = ORIENTED_EDGE('',*,*,#111,.F.);
#111 = EDGE_CURVE('',#112,#84,#114,.T.);
#112 = VERTEX_POINT('',#113);
#113 = CARTESIAN_POINT('',(139.7,-190.5,115.57));
#114 = SURFACE_CURVE('',#115,(#119,#126),.PCURVE_S1.);
#115 = LINE('',#116,#117);
#116 = CARTESIAN_POINT('',(139.7,-190.5,115.57));
#117 = VECTOR('',#118,1.);
#118 = DIRECTION('',(0.,0.,1.));
#119 = PCURVE('',#32,#120);
#120 = DEFINITIONAL_REPRESENTATION('',(#121),#125);
#121 = LINE('',#122,#123);
#122 = CARTESIAN_POINT('',(292.1,0.));
#123 = VECTOR('',#124,1.);
#124 = DIRECTION('',(0.,-1.));
#125 = ( GEOMETRIC_REPRESENTATION_CONTEXT(2) 
PARAMETRIC_REPRESENTATION_CONTEXT() REPRESENTATION_CONTEXT('2D SPACE',''
  ) );
#126 = PCURVE('',#127,#132);
#127 = CYLINDRICAL_SURFACE('',#128,12.7);
#128 = AXIS2_PLACEMENT_3D('',#129,#130,#131);
#129 = CARTESIAN_POINT('',(139.7,-177.8,115.57));
#130 = DIRECTION('',(0.,0.,1.));
#131 = DIRECTION('',(0.,-1.,0.));
#132 = DEFINITIONAL_REPRESENTATION('',(#133),#136);
#133 = B_SPLINE_CURVE_WITH_KNOTS('',1,(#134,#135),.UNSPECIFIED.,.F.,.F.,
  (2,2),(0.,11.43),.PIECEWISE_BEZIER_KNOTS.);
#134 = CARTESIAN_POINT('',(0.,0.));
#135 = CARTESIAN_POINT('',(0.,11.43));
#136 = ( GEOMETRIC_REPRESENTATION_CONTEXT(2) 
PARAMETRIC_REPRESENTATION_CONTEXT() REPRESENTATION_CONTEXT('2D SPACE',''
  ) );
#137 = ORIENTED_EDGE('',*,*,#138,.F.);
#138 = EDGE_CURVE('',#139,#112,#141,.T.);
#139 = VERTEX_POINT('',#140);
#140 = CARTESIAN_POINT('',(92.075,-190.5,115.57));
#141 = SURFACE_CURVE('',#142,(#146,#153),.PCURVE_S1.);
#142 = LINE('',#143,#144);
#143 = CARTESIAN_POINT('',(-152.4,-190.5,115.57));
#144 = VECTOR('',#145,1.);
#145 = DIRECTION('',(1.,0.,0.));
#146 = PCURVE('',#32,#147);
#147 = DEFINITIONAL_REPRESENTATION('',(#148),#152);
#148 = LINE('',#149,#150);
#149 = CARTESIAN_POINT('',(0.,0.));
#150 = VECTOR('',#151,1.);
#151 = DIRECTION('',(1.,0.));
#152 = ( GEOMETRIC_REPRESENTATION_CONTEXT(2) 
PARAMETRIC_REPRESENTATION_CONTEXT() REPRESENTATION_CONTEXT('2D SPACE',''
  ) );
#153 = PCURVE('',#154,#159);
#154 = PLANE('',#155);
#155 = AXIS2_PLACEMENT_3D('',#156,#157,#158);
#156 = CARTESIAN_POINT('',(0.,0.,115.57));
#157 = DIRECTION('',(0.,0.,1.));
#158 = DIRECTION('',(1.,0.,-0.));
#159 = DEFINITIONAL_REPRESENTATION('',(#160),#164);
#160 = LINE('',#161,#162);
#161 = CARTESIAN_POINT('',(-152.4,-190.5));
#162 = VECTOR('',#163,1.);
#163 = DIRECTION('',(1.,0.));
#164 = ( GEOMETRIC_REPRESENTATION_CONTEXT(2) 
PARAMETRIC_REPRESENTATION_CONTEXT() REPRESENTATION_CONTEXT('2D SPACE',''
  ) );
#165 = ORIENTED_EDGE('',*,*,#166,.F.);
#166 = EDGE_CURVE('',#167,#139,#169,.T.);
#167 = VERTEX_POINT('',#168);
#168 = CARTESIAN_POINT('',(92.075,-190.5,6.35));
#169 = SURFACE_CURVE('',#170,(#174,#181),.PCURVE_S1.);
#170 = LINE('',#171,#172);
#171 = CARTESIAN_POINT('',(92.075,-190.5,6.35));
#172 = VECTOR('',#173,1.);
#173 = DIRECTION('',(0.,0.,1.));
#174 = PCURVE('',#32,#175);
#175 = DEFINITIONAL_REPRESENTATION('',(#176),#180);
#176 = LINE('',#177,#178);
#177 = CARTESIAN_POINT('',(244.475,109.22));
#178 = VECTOR('',#179,1.);
#179 = DIRECTION('',(0.,-1.));
#180 = ( GEOMETRIC_REPRESENTATION_CONTEXT(2) 
PARAMETRIC_REPRESENTATION_CONTEXT() REPRESENTATION_CONTEXT('2D SPACE',''
  ) );
#181 = PCURVE('',#182,#187);
#182 = PLANE('',#183);
#183 = AXIS2_PLACEMENT_3D('',#184,#185,#186);
#184 = CARTESIAN_POINT('',(92.075,-190.5,6.35));
#185 = DIRECTION('',(1.,0.,0.));
#186 = DIRECTION('',(0.,0.,1.));
#187 = DEFINITIONAL_REPRESENTATION('',(#188),#192);
#188 = LINE('',#189,#190);
#189 = CARTESIAN_POINT('',(0.,0.));
#190 = VECTOR('',#191,1.);
#191 = DIRECTION('',(1.,0.));
#192 = ( GEOMETRIC_REPRESENTATION_CONTEXT(2) 
PARAMETRIC_REPRESENTATION_CONTEXT() REPRESENTATION_CONTEXT('2D SPACE',''
  ) );
#193 = ORIENTED_EDGE('',*,*,#194,.F.);
#194 = EDGE_CURVE('',#195,#167,#197,.T.);
#195 = VERTEX_POINT('',#196);
#196 = CARTESIAN_POINT('',(85.725,-190.5,6.35));
#197 = SURFACE_CURVE('',#198,(#202,#209),.PCURVE_S1.);
#198 = LINE('',#199,#200);
#199 = CARTESIAN_POINT('',(85.725,-190.5,6.35));
#200 = VECTOR('',#201,1.);
#201 = DIRECTION('',(1.,0.,0.));
#202 = PCURVE('',#32,#203);
#203 = DEFINITIONAL_REPRESENTATION('',(#204),#208);
#204 = LINE('',#205,#206);
#205 = CARTESIAN_POINT('',(238.125,109.22));
#206 = VECTOR('',#207,1.);
#207 = DIRECTION('',(1.,0.));
#208 = ( GEOMETRIC_REPRESENTATION_CONTEXT(2) 
PARAMETRIC_REPRESENTATION_CONTEXT() REPRESENTATION_CONTEXT('2D SPACE',''
  ) );
#209 = PCURVE('',#210,#215);
#210 = PLANE('',#211);
#211 = AXIS2_PLACEMENT_3D('',#212,#213,#214);
#212 = CARTESIAN_POINT('',(-92.075,-190.5,6.35));
#213 = DIRECTION('',(0.,0.,1.));
#214 = DIRECTION('',(1.,0.,0.));
#215 = DEFINITIONAL_REPRESENTATION('',(#216),#220);
#216 = LINE('',#217,#218);
#217 = CARTESIAN_POINT('',(177.8,0.));
#218 = VECTOR('',#219,1.);
#219 = DIRECTION('',(1.,0.));
#220 = ( GEOMETRIC_REPRESENTATION_CONTEXT(2) 
PARAMETRIC_REPRESENTATION_CONTEXT() REPRESENTATION_CONTEXT('2D SPACE',''
  ) );
#221 = ORIENTED_EDGE('',*,*,#222,.T.);
#222 = EDGE_CURVE('',#195,#223,#225,.T.);
#223 = VERTEX_POINT('',#224);
#224 = CARTESIAN_POINT('',(85.725,-190.5,115.57));
#225 = SURFACE_CURVE('',#226,(#230,#237),.PCURVE_S1.);
#226 = LINE('',#227,#228);
#227 = CARTESIAN_POINT('',(85.725,-190.5,6.35));
#228 = VECTOR('',#229,1.);
#229 = DIRECTION('',(0.,0.,1.));
#230 = PCURVE('',#32,#231);
#231 = DEFINITIONAL_REPRESENTATION('',(#232),#236);
#232 = LINE('',#233,#234);
#233 = CARTESIAN_POINT('',(238.125,109.22));
#234 = VECTOR('',#235,1.);
#235 = DIRECTION('',(0.,-1.));
#236 = ( GEOMETRIC_REPRESENTATION_CONTEXT(2) 
PARAMETRIC_REPRESENTATION_CONTEXT() REPRESENTATION_CONTEXT('2D SPACE',''
  ) );
#237 = PCURVE('',#238,#243);
#238 = PLANE('',#239);
#239 = AXIS2_PLACEMENT_3D('',#240,#241,#242);
#240 = CARTESIAN_POINT('',(85.725,-190.5,6.35));
#241 = DIRECTION('',(1.,0.,0.));
#242 = DIRECTION('',(0.,0.,1.));
#243 = DEFINITIONAL_REPRESENTATION('',(#244),#248);
#244 = LINE('',#245,#246);
#245 = CARTESIAN_POINT('',(0.,0.));
#246 = VECTOR('',#247,1.);
#247 = DIRECTION('',(1.,0.));
#248 = ( GEOMETRIC_REPRESENTATION_CONTEXT(2) 
PARAMETRIC_REPRESENTATION_CONTEXT() REPRESENTATION_CONTEXT('2D SPACE',''
  ) );
#249 = ORIENTED_EDGE('',*,*,#250,.F.);
#250 = EDGE_CURVE('',#251,#223,#253,.T.);
#251 = VERTEX_POINT('',#252);
#252 = CARTESIAN_POINT('',(-85.725,-190.5,115.57));
#253 = SURFACE_CURVE('',#254,(#258,#265),.PCURVE_S1.);
#254 = LINE('',#255,#256);
#255 = CARTESIAN_POINT('',(-152.4,-190.5,115.57));
#256 = VECTOR('',#257,1.);
#257 = DIRECTION('',(1.,0.,0.));
#258 = PCURVE('',#32,#259);
#259 = DEFINITIONAL_REPRESENTATION('',(#260),#264);
#260 = LINE('',#261,#262);
#261 = CARTESIAN_POINT('',(0.,0.));
#262 = VECTOR('',#263,1.);
#263 = DIRECTION('',(1.,0.));
#264 = ( GEOMETRIC_REPRESENTATION_CONTEXT(2) 
PARAMETRIC_REPRESENTATION_CONTEXT() REPRESENTATION_CONTEXT('2D SPACE',''
  ) );
#265 = PCURVE('',#266,#271);
#266 = PLANE('',#267);
#267 = AXIS2_PLACEMENT_3D('',#268,#269,#270);
#268 = CARTESIAN_POINT('',(0.,0.,115.57));
#269 = DIRECTION('',(0.,0.,1.));
#270 = DIRECTION('',(1.,0.,-0.));
#271 = DEFINITIONAL_REPRESENTATION('',(#272),#276);
#272 = LINE('',#273,#274);
#273 = CARTESIAN_POINT('',(-152.4,-190.5));
#274 = VECTOR('',#275,1.);
#275 = DIRECTION('',(1.,0.));
#276 = ( GEOMETRIC_REPRESENTATION_CONTEXT(2) 
PARAMETRIC_REPRESENTATION_CONTEXT() REPRESENTATION_CONTEXT('2D SPACE',''
  ) );
#277 = ORIENTED_EDGE('',*,*,#278,.F.);
#278 = EDGE_CURVE('',#279,#251,#281,.T.);
#279 = VERTEX_POINT('',#280);
#280 = CARTESIAN_POINT('',(-85.725,-190.5,6.35));
#281 = SURFACE_CURVE('',#282,(#286,#293),.PCURVE_S1.);
#282 = LINE('',#283,#284);
#283 = CARTESIAN_POINT('',(-85.725,-190.5,6.35));
#284 = VECTOR('',#285,1.);
#285 = DIRECTION('',(0.,0.,1.));
#286 = PCURVE('',#32,#287);
#287 = DEFINITIONAL_REPRESENTATION('',(#288),#292);
#288 = LINE('',#289,#290);
#289 = CARTESIAN_POINT('',(66.675,109.22));
#290 = VECTOR('',#291,1.);
#291 = DIRECTION('',(0.,-1.));
#292 = ( GEOMETRIC_REPRESENTATION_CONTEXT(2) 
PARAMETRIC_REPRESENTATION_CONTEXT() REPRESENTATION_CONTEXT('2D SPACE',''
  ) );
#293 = PCURVE('',#294,#299);
#294 = PLANE('',#295);
#295 = AXIS2_PLACEMENT_3D('',#296,#297,#298);
#296 = CARTESIAN_POINT('',(-85.725,-190.5,6.35));
#297 = DIRECTION('',(1.,0.,0.));
#298 = DIRECTION('',(0.,0.,1.));
#299 = DEFINITIONAL_REPRESENTATION('',(#300),#304);
#300 = LINE('',#301,#302);
#301 = CARTESIAN_POINT('',(0.,0.));
#302 = VECTOR('',#303,1.);
#303 = DIRECTION('',(1.,0.));
#304 = ( GEOMETRIC_REPRESENTATION_CONTEXT(2) 
PARAMETRIC_REPRESENTATION_CONTEXT() REPRESENTATION_CONTEXT('2D SPACE',''
  ) );
#305 = ORIENTED_EDGE('',*,*,#306,.F.);
#306 = EDGE_CURVE('',#307,#279,#309,.T.);
#307 = VERTEX_POINT('',#308);
#308 = CARTESIAN_POINT('',(-92.075,-190.5,6.35));
#309 = SURFACE_CURVE('',#310,(#314,#321),.PCURVE_S1.);
#310 = LINE('',#311,#312);
#311 = CARTESIAN_POINT('',(-92.075,-190.5,6.35));
#312 = VECTOR('',#313,1.);
#313 = DIRECTION('',(1.,0.,0.));
#314 = PCURVE('',#32,#315);
#315 = DEFINITIONAL_REPRESENTATION('',(#316),#320);
#316 = LINE('',#317,#318);
#317 = CARTESIAN_POINT('',(60.325,109.22));
#318 = VECTOR('',#319,1.);
#319 = DIRECTION('',(1.,0.));
#320 = ( GEOMETRIC_REPRESENTATION_CONTEXT(2) 
PARAMETRIC_REPRESENTATION_CONTEXT() REPRESENTATION_CONTEXT('2D SPACE',''
  ) );
#321 = PCURVE('',#210,#322);
#322 = DEFINITIONAL_REPRESENTATION('',(#323),#327);
#323 = LINE('',#324,#325);
#324 = CARTESIAN_POINT('',(0.,0.));
#325 = VECTOR('',#326,1.);
#326 = DIRECTION('',(1.,0.));
#327 = ( GEOMETRIC_REPRESENTATION_CONTEXT(2) 
PARAMETRIC_REPRESENTATION_CONTEXT() REPRESENTATION_CONTEXT('2D SPACE',''
  ) );
#328 = ORIENTED_EDGE('',*,*,#329,.T.);
#329 = EDGE_CURVE('',#307,#24,#330,.T.);
#330 = SURFACE_CURVE('',#331,(#335,#342),.PCURVE_S1.);
#331 = LINE('',#332,#333);
#332 = CARTESIAN_POINT('',(-92.075,-190.5,6.35));
#333 = VECTOR('',#334,1.);
#334 = DIRECTION('',(0.,0.,1.));
#335 = PCURVE('',#32,#336);
#336 = DEFINITIONAL_REPRESENTATION('',(#337),#341);
#337 = LINE('',#338,#339);
#338 = CARTESIAN_POINT('',(60.325,109.22));
#339 = VECTOR('',#340,1.);
#340 = DIRECTION('',(0.,-1.));
#341 = ( GEOMETRIC_REPRESENTATION_CONTEXT(2) 
PARAMETRIC_REPRESENTATION_CONTEXT() REPRESENTATION_CONTEXT('2D SPACE',''
  ) );
#342 = PCURVE('',#343,#348);
#343 = PLANE('',#344);
#344 = AXIS2_PLACEMENT_3D('',#345,#346,#347);
#345 = CARTESIAN_POINT('',(-92.075,-190.5,6.35));
#346 = DIRECTION('',(1.,0.,0.));
#347 = DIRECTION('',(0.,0.,1.));
#348 = DEFINITIONAL_REPRESENTATION('',(#349),#353);
#349 = LINE('',#350,#351);
#350 = CARTESIAN_POINT('',(0.,0.));
#351 = VECTOR('',#352,1.);
#352 = DIRECTION('',(1.,0.));
#353 = ( GEOMETRIC_REPRESENTATION_CONTEXT(2) 
PARAMETRIC_REPRESENTATION_CONTEXT() REPRESENTATION_CONTEXT('2D SPACE',''
  ) );
#354 = ADVANCED_FACE('',(#355),#44,.F.);
#355 = FACE_BOUND('',#356,.F.);
#356 = EDGE_LOOP('',(#357,#384,#385,#408,#436,#468,#496,#524));
#357 = ORIENTED_EDGE('',*,*,#358,.F.);
#358 = EDGE_CURVE('',#22,#359,#361,.T.);
#359 = VERTEX_POINT('',#360);
#360 = CARTESIAN_POINT('',(-152.4,-177.8,115.57));
#361 = SURFACE_CURVE('',#362,(#367,#378),.PCURVE_S1.);
#362 = CIRCLE('',#363,12.7);
#363 = AXIS2_PLACEMENT_3D('',#364,#365,#366);
#364 = CARTESIAN_POINT('',(-139.7,-177.8,115.57));
#365 = DIRECTION('',(-0.,-0.,-1.));
#366 = DIRECTION('',(0.,-1.,0.));
#367 = PCURVE('',#44,#368);
#368 = DEFINITIONAL_REPRESENTATION('',(#369),#377);
#369 = ( BOUNDED_CURVE() B_SPLINE_CURVE(2,(#370,#371,#372,#373,#374,#375
,#376),.UNSPECIFIED.,.T.,.F.) B_SPLINE_CURVE_WITH_KNOTS((1,2,2,2,2,1),(
    -2.094395102393,0.,2.094395102393,4.188790204786,6.28318530718,
8.377580409573),.UNSPECIFIED.) CURVE() GEOMETRIC_REPRESENTATION_ITEM() 
RATIONAL_B_SPLINE_CURVE((1.,0.5,1.,0.5,1.,0.5,1.)) REPRESENTATION_ITEM(
  '') );
#370 = CARTESIAN_POINT('',(-139.7,-190.5));
#371 = CARTESIAN_POINT('',(-161.6970452561,-190.5));
#372 = CARTESIAN_POINT('',(-150.698522628,-171.45));
#373 = CARTESIAN_POINT('',(-139.7,-152.4));
#374 = CARTESIAN_POINT('',(-128.7014773719,-171.45));
#375 = CARTESIAN_POINT('',(-117.7029547438,-190.5));
#376 = CARTESIAN_POINT('',(-139.7,-190.5));
#377 = ( GEOMETRIC_REPRESENTATION_CONTEXT(2) 
PARAMETRIC_REPRESENTATION_CONTEXT() REPRESENTATION_CONTEXT('2D SPACE',''
  ) );
#378 = PCURVE('',#72,#379);
#379 = DEFINITIONAL_REPRESENTATION('',(#380),#383);
#380 = B_SPLINE_CURVE_WITH_KNOTS('',1,(#381,#382),.UNSPECIFIED.,.F.,.F.,
  (2,2),(0.,1.570796326795),.PIECEWISE_BEZIER_KNOTS.);
#381 = CARTESIAN_POINT('',(0.,0.));
#382 = CARTESIAN_POINT('',(-1.570796326795,0.));
#383 = ( GEOMETRIC_REPRESENTATION_CONTEXT(2) 
PARAMETRIC_REPRESENTATION_CONTEXT() REPRESENTATION_CONTEXT('2D SPACE',''
  ) );
#384 = ORIENTED_EDGE('',*,*,#21,.T.);
#385 = ORIENTED_EDGE('',*,*,#386,.T.);
#386 = EDGE_CURVE('',#24,#387,#389,.T.);
#387 = VERTEX_POINT('',#388);
#388 = CARTESIAN_POINT('',(-92.075,-188.468,115.57));
#389 = SURFACE_CURVE('',#390,(#394,#401),.PCURVE_S1.);
#390 = LINE('',#391,#392);
#391 = CARTESIAN_POINT('',(-92.075,-190.5,115.57));
#392 = VECTOR('',#393,1.);
#393 = DIRECTION('',(0.,1.,0.));
#394 = PCURVE('',#44,#395);
#395 = DEFINITIONAL_REPRESENTATION('',(#396),#400);
#396 = LINE('',#397,#398);
#397 = CARTESIAN_POINT('',(-92.075,-190.5));
#398 = VECTOR('',#399,1.);
#399 = DIRECTION('',(0.,1.));
#400 = ( GEOMETRIC_REPRESENTATION_CONTEXT(2) 
PARAMETRIC_REPRESENTATION_CONTEXT() REPRESENTATION_CONTEXT('2D SPACE',''
  ) );
#401 = PCURVE('',#343,#402);
#402 = DEFINITIONAL_REPRESENTATION('',(#403),#407);
#403 = LINE('',#404,#405);
#404 = CARTESIAN_POINT('',(109.22,0.));
#405 = VECTOR('',#406,1.);
#406 = DIRECTION('',(0.,-1.));
#407 = ( GEOMETRIC_REPRESENTATION_CONTEXT(2) 
PARAMETRIC_REPRESENTATION_CONTEXT() REPRESENTATION_CONTEXT('2D SPACE',''
  ) );
#408 = ORIENTED_EDGE('',*,*,#409,.F.);
#409 = EDGE_CURVE('',#410,#387,#412,.T.);
#410 = VERTEX_POINT('',#411);
#411 = CARTESIAN_POINT('',(-139.7,-188.468,115.57));
#412 = SURFACE_CURVE('',#413,(#417,#424),.PCURVE_S1.);
#413 = LINE('',#414,#415);
#414 = CARTESIAN_POINT('',(-150.368,-188.468,115.57));
#415 = VECTOR('',#416,1.);
#416 = DIRECTION('',(1.,0.,0.));
#417 = PCURVE('',#44,#418);
#418 = DEFINITIONAL_REPRESENTATION('',(#419),#423);
#419 = LINE('',#420,#421);
#420 = CARTESIAN_POINT('',(-150.368,-188.468));
#421 = VECTOR('',#422,1.);
#422 = DIRECTION('',(1.,0.));
#423 = ( GEOMETRIC_REPRESENTATION_CONTEXT(2) 
PARAMETRIC_REPRESENTATION_CONTEXT() REPRESENTATION_CONTEXT('2D SPACE',''
  ) );
#424 = PCURVE('',#425,#430);
#425 = PLANE('',#426);
#426 = AXIS2_PLACEMENT_3D('',#427,#428,#429);
#427 = CARTESIAN_POINT('',(-150.368,-188.468,6.35));
#428 = DIRECTION('',(0.,1.,0.));
#429 = DIRECTION('',(1.,0.,0.));
#430 = DEFINITIONAL_REPRESENTATION('',(#431),#435);
#431 = LINE('',#432,#433);
#432 = CARTESIAN_POINT('',(0.,-109.22));
#433 = VECTOR('',#434,1.);
#434 = DIRECTION('',(1.,0.));
#435 = ( GEOMETRIC_REPRESENTATION_CONTEXT(2) 
PARAMETRIC_REPRESENTATION_CONTEXT() REPRESENTATION_CONTEXT('2D SPACE',''
  ) );
#436 = ORIENTED_EDGE('',*,*,#437,.T.);
#437 = EDGE_CURVE('',#410,#438,#440,.T.);
#438 = VERTEX_POINT('',#439);
#439 = CARTESIAN_POINT('',(-150.368,-177.8,115.57));
#440 = SURFACE_CURVE('',#441,(#446,#457),.PCURVE_S1.);
#441 = CIRCLE('',#442,10.668);
#442 = AXIS2_PLACEMENT_3D('',#443,#444,#445);
#443 = CARTESIAN_POINT('',(-139.7,-177.8,115.57));
#444 = DIRECTION('',(-0.,-0.,-1.));
#445 = DIRECTION('',(0.,-1.,0.));
#446 = PCURVE('',#44,#447);
#447 = DEFINITIONAL_REPRESENTATION('',(#448),#456);
#448 = ( BOUNDED_CURVE() B_SPLINE_CURVE(2,(#449,#450,#451,#452,#453,#454
,#455),.UNSPECIFIED.,.T.,.F.) B_SPLINE_CURVE_WITH_KNOTS((1,2,2,2,2,1),(
    -2.094395102393,0.,2.094395102393,4.188790204786,6.28318530718,
8.377580409573),.UNSPECIFIED.) CURVE() GEOMETRIC_REPRESENTATION_ITEM() 
RATIONAL_B_SPLINE_CURVE((1.,0.5,1.,0.5,1.,0.5,1.)) REPRESENTATION_ITEM(
  '') );
#449 = CARTESIAN_POINT('',(-139.7,-188.468));
#450 = CARTESIAN_POINT('',(-158.1775180151,-188.468));
#451 = CARTESIAN_POINT('',(-148.9387590075,-172.466));
#452 = CARTESIAN_POINT('',(-139.7,-156.464));
#453 = CARTESIAN_POINT('',(-130.4612409924,-172.466));
#454 = CARTESIAN_POINT('',(-121.2224819848,-188.468));
#455 = CARTESIAN_POINT('',(-139.7,-188.468));
#456 = ( GEOMETRIC_REPRESENTATION_CONTEXT(2) 
PARAMETRIC_REPRESENTATION_CONTEXT() REPRESENTATION_CONTEXT('2D SPACE',''
  ) );
#457 = PCURVE('',#458,#463);
#458 = CYLINDRICAL_SURFACE('',#459,10.668);
#459 = AXIS2_PLACEMENT_3D('',#460,#461,#462);
#460 = CARTESIAN_POINT('',(-139.7,-177.8,6.35));
#461 = DIRECTION('',(0.,0.,1.));
#462 = DIRECTION('',(0.,-1.,0.));
#463 = DEFINITIONAL_REPRESENTATION('',(#464),#467);
#464 = B_SPLINE_CURVE_WITH_KNOTS('',1,(#465,#466),.UNSPECIFIED.,.F.,.F.,
  (2,2),(0.,1.570796326795),.PIECEWISE_BEZIER_KNOTS.);
#465 = CARTESIAN_POINT('',(0.,109.22));
#466 = CARTESIAN_POINT('',(-1.570796326795,109.22));
#467 = ( GEOMETRIC_REPRESENTATION_CONTEXT(2) 
PARAMETRIC_REPRESENTATION_CONTEXT() REPRESENTATION_CONTEXT('2D SPACE',''
  ) );
#468 = ORIENTED_EDGE('',*,*,#469,.F.);
#469 = EDGE_CURVE('',#470,#438,#472,.T.);
#470 = VERTEX_POINT('',#471);
#471 = CARTESIAN_POINT('',(-150.368,-117.475,115.57));
#472 = SURFACE_CURVE('',#473,(#477,#484),.PCURVE_S1.);
#473 = LINE('',#474,#475);
#474 = CARTESIAN_POINT('',(-150.368,188.468,115.57));
#475 = VECTOR('',#476,1.);
#476 = DIRECTION('',(0.,-1.,0.));
#477 = PCURVE('',#44,#478);
#478 = DEFINITIONAL_REPRESENTATION('',(#479),#483);
#479 = LINE('',#480,#481);
#480 = CARTESIAN_POINT('',(-150.368,188.468));
#481 = VECTOR('',#482,1.);
#482 = DIRECTION('',(0.,-1.));
#483 = ( GEOMETRIC_REPRESENTATION_CONTEXT(2) 
PARAMETRIC_REPRESENTATION_CONTEXT() REPRESENTATION_CONTEXT('2D SPACE',''
  ) );
#484 = PCURVE('',#485,#490);
#485 = PLANE('',#486);
#486 = AXIS2_PLACEMENT_3D('',#487,#488,#489);
#487 = CARTESIAN_POINT('',(-150.368,188.468,6.35));
#488 = DIRECTION('',(1.,0.,-0.));
#489 = DIRECTION('',(0.,-1.,0.));
#490 = DEFINITIONAL_REPRESENTATION('',(#491),#495);
#491 = LINE('',#492,#493);
#492 = CARTESIAN_POINT('',(0.,-109.22));
#493 = VECTOR('',#494,1.);
#494 = DIRECTION('',(1.,0.));
#495 = ( GEOMETRIC_REPRESENTATION_CONTEXT(2) 
PARAMETRIC_REPRESENTATION_CONTEXT() REPRESENTATION_CONTEXT('2D SPACE',''
  ) );
#496 = ORIENTED_EDGE('',*,*,#497,.F.);
#497 = EDGE_CURVE('',#498,#470,#500,.T.);
#498 = VERTEX_POINT('',#499);
#499 = CARTESIAN_POINT('',(-152.4,-117.475,115.57));
#500 = SURFACE_CURVE('',#501,(#505,#512),.PCURVE_S1.);
#501 = LINE('',#502,#503);
#502 = CARTESIAN_POINT('',(-152.4,-117.475,115.57));
#503 = VECTOR('',#504,1.);
#504 = DIRECTION('',(1.,0.,0.));
#505 = PCURVE('',#44,#506);
#506 = DEFINITIONAL_REPRESENTATION('',(#507),#511);
#507 = LINE('',#508,#509);
#508 = CARTESIAN_POINT('',(-152.4,-117.475));
#509 = VECTOR('',#510,1.);
#510 = DIRECTION('',(1.,0.));
#511 = ( GEOMETRIC_REPRESENTATION_CONTEXT(2) 
PARAMETRIC_REPRESENTATION_CONTEXT() REPRESENTATION_CONTEXT('2D SPACE',''
  ) );
#512 = PCURVE('',#513,#518);
#513 = PLANE('',#514);
#514 = AXIS2_PLACEMENT_3D('',#515,#516,#517);
#515 = CARTESIAN_POINT('',(-152.4,-117.475,6.35));
#516 = DIRECTION('',(0.,1.,0.));
#517 = DIRECTION('',(0.,0.,1.));
#518 = DEFINITIONAL_REPRESENTATION('',(#519),#523);
#519 = LINE('',#520,#521);
#520 = CARTESIAN_POINT('',(109.22,0.));
#521 = VECTOR('',#522,1.);
#522 = DIRECTION('',(0.,1.));
#523 = ( GEOMETRIC_REPRESENTATION_CONTEXT(2) 
PARAMETRIC_REPRESENTATION_CONTEXT() REPRESENTATION_CONTEXT('2D SPACE',''
  ) );
#524 = ORIENTED_EDGE('',*,*,#525,.T.);
#525 = EDGE_CURVE('',#498,#359,#526,.T.);
#526 = SURFACE_CURVE('',#527,(#531,#538),.PCURVE_S1.);
#527 = LINE('',#528,#529);
#528 = CARTESIAN_POINT('',(-152.4,190.5,115.57));
#529 = VECTOR('',#530,1.);
#530 = DIRECTION('',(0.,-1.,0.));
#531 = PCURVE('',#44,#532);
#532 = DEFINITIONAL_REPRESENTATION('',(#533),#537);
#533 = LINE('',#534,#535);
#534 = CARTESIAN_POINT('',(-152.4,190.5));
#535 = VECTOR('',#536,1.);
#536 = DIRECTION('',(0.,-1.));
#537 = ( GEOMETRIC_REPRESENTATION_CONTEXT(2) 
PARAMETRIC_REPRESENTATION_CONTEXT() REPRESENTATION_CONTEXT('2D SPACE',''
  ) );
#538 = PCURVE('',#539,#544);
#539 = PLANE('',#540);
#540 = AXIS2_PLACEMENT_3D('',#541,#542,#543);
#541 = CARTESIAN_POINT('',(-152.4,190.5,115.57));
#542 = DIRECTION('',(1.,0.,-0.));
#543 = DIRECTION('',(0.,-1.,0.));
#544 = DEFINITIONAL_REPRESENTATION('',(#545),#549);
#545 = LINE('',#546,#547);
#546 = CARTESIAN_POINT('',(0.,0.));
#547 = VECTOR('',#548,1.);
#548 = DIRECTION('',(1.,0.));
#549 = ( GEOMETRIC_REPRESENTATION_CONTEXT(2) 
PARAMETRIC_REPRESENTATION_CONTEXT() REPRESENTATION_CONTEXT('2D SPACE',''
  ) );
#550 = ADVANCED_FACE('',(#551),#72,.T.);
#551 = FACE_BOUND('',#552,.F.);
#552 = EDGE_LOOP('',(#553,#554,#576,#601));
#553 = ORIENTED_EDGE('',*,*,#358,.T.);
#554 = ORIENTED_EDGE('',*,*,#555,.T.);
#555 = EDGE_CURVE('',#359,#556,#558,.T.);
#556 = VERTEX_POINT('',#557);
#557 = CARTESIAN_POINT('',(-152.4,-177.8,127.));
#558 = SURFACE_CURVE('',#559,(#563,#569),.PCURVE_S1.);
#559 = LINE('',#560,#561);
#560 = CARTESIAN_POINT('',(-152.4,-177.8,115.57));
#561 = VECTOR('',#562,1.);
#562 = DIRECTION('',(0.,0.,1.));
#563 = PCURVE('',#72,#564);
#564 = DEFINITIONAL_REPRESENTATION('',(#565),#568);
#565 = B_SPLINE_CURVE_WITH_KNOTS('',1,(#566,#567),.UNSPECIFIED.,.F.,.F.,
  (2,2),(0.,11.43),.PIECEWISE_BEZIER_KNOTS.);
#566 = CARTESIAN_POINT('',(-1.570796326795,0.));
#567 = CARTESIAN_POINT('',(-1.570796326795,11.43));
#568 = ( GEOMETRIC_REPRESENTATION_CONTEXT(2) 
PARAMETRIC_REPRESENTATION_CONTEXT() REPRESENTATION_CONTEXT('2D SPACE',''
  ) );
#569 = PCURVE('',#539,#570);
#570 = DEFINITIONAL_REPRESENTATION('',(#571),#575);
#571 = LINE('',#572,#573);
#572 = CARTESIAN_POINT('',(368.3,0.));
#573 = VECTOR('',#574,1.);
#574 = DIRECTION('',(0.,-1.));
#575 = ( GEOMETRIC_REPRESENTATION_CONTEXT(2) 
PARAMETRIC_REPRESENTATION_CONTEXT() REPRESENTATION_CONTEXT('2D SPACE',''
  ) );
#576 = ORIENTED_EDGE('',*,*,#577,.F.);
#577 = EDGE_CURVE('',#57,#556,#578,.T.);
#578 = SURFACE_CURVE('',#579,(#584,#590),.PCURVE_S1.);
#579 = CIRCLE('',#580,12.7);
#580 = AXIS2_PLACEMENT_3D('',#581,#582,#583);
#581 = CARTESIAN_POINT('',(-139.7,-177.8,127.));
#582 = DIRECTION('',(-0.,-0.,-1.));
#583 = DIRECTION('',(0.,-1.,0.));
#584 = PCURVE('',#72,#585);
#585 = DEFINITIONAL_REPRESENTATION('',(#586),#589);
#586 = B_SPLINE_CURVE_WITH_KNOTS('',1,(#587,#588),.UNSPECIFIED.,.F.,.F.,
  (2,2),(0.,1.570796326795),.PIECEWISE_BEZIER_KNOTS.);
#587 = CARTESIAN_POINT('',(0.,11.43));
#588 = CARTESIAN_POINT('',(-1.570796326795,11.43));
#589 = ( GEOMETRIC_REPRESENTATION_CONTEXT(2) 
PARAMETRIC_REPRESENTATION_CONTEXT() REPRESENTATION_CONTEXT('2D SPACE',''
  ) );
#590 = PCURVE('',#99,#591);
#591 = DEFINITIONAL_REPRESENTATION('',(#592),#600);
#592 = ( BOUNDED_CURVE() B_SPLINE_CURVE(2,(#593,#594,#595,#596,#597,#598
,#599),.UNSPECIFIED.,.T.,.F.) B_SPLINE_CURVE_WITH_KNOTS((1,2,2,2,2,1),(
    -2.094395102393,0.,2.094395102393,4.188790204786,6.28318530718,
8.377580409573),.UNSPECIFIED.) CURVE() GEOMETRIC_REPRESENTATION_ITEM() 
RATIONAL_B_SPLINE_CURVE((1.,0.5,1.,0.5,1.,0.5,1.)) REPRESENTATION_ITEM(
  '') );
#593 = CARTESIAN_POINT('',(-139.7,-190.5));
#594 = CARTESIAN_POINT('',(-161.6970452561,-190.5));
#595 = CARTESIAN_POINT('',(-150.698522628,-171.45));
#596 = CARTESIAN_POINT('',(-139.7,-152.4));
#597 = CARTESIAN_POINT('',(-128.7014773719,-171.45));
#598 = CARTESIAN_POINT('',(-117.7029547438,-190.5));
#599 = CARTESIAN_POINT('',(-139.7,-190.5));
#600 = ( GEOMETRIC_REPRESENTATION_CONTEXT(2) 
PARAMETRIC_REPRESENTATION_CONTEXT() REPRESENTATION_CONTEXT('2D SPACE',''
  ) );
#601 = ORIENTED_EDGE('',*,*,#56,.F.);
#602 = ADVANCED_FACE('',(#603,#763),#99,.T.);
#603 = FACE_BOUND('',#604,.T.);
#604 = EDGE_LOOP('',(#605,#606,#629,#657,#685,#713,#741,#762));
#605 = ORIENTED_EDGE('',*,*,#83,.T.);
#606 = ORIENTED_EDGE('',*,*,#607,.T.);
#607 = EDGE_CURVE('',#84,#608,#610,.T.);
#608 = VERTEX_POINT('',#609);
#609 = CARTESIAN_POINT('',(152.4,-177.8,127.));
#610 = SURFACE_CURVE('',#611,(#616,#623),.PCURVE_S1.);
#611 = CIRCLE('',#612,12.7);
#612 = AXIS2_PLACEMENT_3D('',#613,#614,#615);
#613 = CARTESIAN_POINT('',(139.7,-177.8,127.));
#614 = DIRECTION('',(0.,0.,1.));
#615 = DIRECTION('',(0.,-1.,0.));
#616 = PCURVE('',#99,#617);
#617 = DEFINITIONAL_REPRESENTATION('',(#618),#622);
#618 = CIRCLE('',#619,12.7);
#619 = AXIS2_PLACEMENT_2D('',#620,#621);
#620 = CARTESIAN_POINT('',(139.7,-177.8));
#621 = DIRECTION('',(0.,-1.));
#622 = ( GEOMETRIC_REPRESENTATION_CONTEXT(2) 
PARAMETRIC_REPRESENTATION_CONTEXT() REPRESENTATION_CONTEXT('2D SPACE',''
  ) );
#623 = PCURVE('',#127,#624);
#624 = DEFINITIONAL_REPRESENTATION('',(#625),#628);
#625 = B_SPLINE_CURVE_WITH_KNOTS('',1,(#626,#627),.UNSPECIFIED.,.F.,.F.,
  (2,2),(0.,1.570796326795),.PIECEWISE_BEZIER_KNOTS.);
#626 = CARTESIAN_POINT('',(0.,11.43));
#627 = CARTESIAN_POINT('',(1.570796326795,11.43));
#628 = ( GEOMETRIC_REPRESENTATION_CONTEXT(2) 
PARAMETRIC_REPRESENTATION_CONTEXT() REPRESENTATION_CONTEXT('2D SPACE',''
  ) );
#629 = ORIENTED_EDGE('',*,*,#630,.T.);
#630 = EDGE_CURVE('',#608,#631,#633,.T.);
#631 = VERTEX_POINT('',#632);
#632 = CARTESIAN_POINT('',(152.4,177.8,127.));
#633 = SURFACE_CURVE('',#634,(#638,#645),.PCURVE_S1.);
#634 = LINE('',#635,#636);
#635 = CARTESIAN_POINT('',(152.4,-190.5,127.));
#636 = VECTOR('',#637,1.);
#637 = DIRECTION('',(0.,1.,0.));
#638 = PCURVE('',#99,#639);
#639 = DEFINITIONAL_REPRESENTATION('',(#640),#644);
#640 = LINE('',#641,#642);
#641 = CARTESIAN_POINT('',(152.4,-190.5));
#642 = VECTOR('',#643,1.);
#643 = DIRECTION('',(0.,1.));
#644 = ( GEOMETRIC_REPRESENTATION_CONTEXT(2) 
PARAMETRIC_REPRESENTATION_CONTEXT() REPRESENTATION_CONTEXT('2D SPACE',''
  ) );
#645 = PCURVE('',#646,#651);
#646 = PLANE('',#647);
#647 = AXIS2_PLACEMENT_3D('',#648,#649,#650);
#648 = CARTESIAN_POINT('',(152.4,-190.5,115.57));
#649 = DIRECTION('',(-1.,0.,0.));
#650 = DIRECTION('',(0.,1.,0.));
#651 = DEFINITIONAL_REPRESENTATION('',(#652),#656);
#652 = LINE('',#653,#654);
#653 = CARTESIAN_POINT('',(0.,-11.43));
#654 = VECTOR('',#655,1.);
#655 = DIRECTION('',(1.,0.));
#656 = ( GEOMETRIC_REPRESENTATION_CONTEXT(2) 
PARAMETRIC_REPRESENTATION_CONTEXT() REPRESENTATION_CONTEXT('2D SPACE',''
  ) );
#657 = ORIENTED_EDGE('',*,*,#658,.T.);
#658 = EDGE_CURVE('',#631,#659,#661,.T.);
#659 = VERTEX_POINT('',#660);
#660 = CARTESIAN_POINT('',(139.7,190.5,127.));
#661 = SURFACE_CURVE('',#662,(#667,#674),.PCURVE_S1.);
#662 = CIRCLE('',#663,12.7);
#663 = AXIS2_PLACEMENT_3D('',#664,#665,#666);
#664 = CARTESIAN_POINT('',(139.7,177.8,127.));
#665 = DIRECTION('',(0.,0.,1.));
#666 = DIRECTION('',(0.,-1.,0.));
#667 = PCURVE('',#99,#668);
#668 = DEFINITIONAL_REPRESENTATION('',(#669),#673);
#669 = CIRCLE('',#670,12.7);
#670 = AXIS2_PLACEMENT_2D('',#671,#672);
#671 = CARTESIAN_POINT('',(139.7,177.8));
#672 = DIRECTION('',(0.,-1.));
#673 = ( GEOMETRIC_REPRESENTATION_CONTEXT(2) 
PARAMETRIC_REPRESENTATION_CONTEXT() REPRESENTATION_CONTEXT('2D SPACE',''
  ) );
#674 = PCURVE('',#675,#680);
#675 = CYLINDRICAL_SURFACE('',#676,12.7);
#676 = AXIS2_PLACEMENT_3D('',#677,#678,#679);
#677 = CARTESIAN_POINT('',(139.7,177.8,115.57));
#678 = DIRECTION('',(0.,0.,1.));
#679 = DIRECTION('',(1.,0.,-0.));
#680 = DEFINITIONAL_REPRESENTATION('',(#681),#684);
#681 = B_SPLINE_CURVE_WITH_KNOTS('',1,(#682,#683),.UNSPECIFIED.,.F.,.F.,
  (2,2),(1.570796326795,3.14159265359),.PIECEWISE_BEZIER_KNOTS.);
#682 = CARTESIAN_POINT('',(0.,11.43));
#683 = CARTESIAN_POINT('',(1.570796326795,11.43));
#684 = ( GEOMETRIC_REPRESENTATION_CONTEXT(2) 
PARAMETRIC_REPRESENTATION_CONTEXT() REPRESENTATION_CONTEXT('2D SPACE',''
  ) );
#685 = ORIENTED_EDGE('',*,*,#686,.T.);
#686 = EDGE_CURVE('',#659,#687,#689,.T.);
#687 = VERTEX_POINT('',#688);
#688 = CARTESIAN_POINT('',(-139.7,190.5,127.));
#689 = SURFACE_CURVE('',#690,(#694,#701),.PCURVE_S1.);
#690 = LINE('',#691,#692);
#691 = CARTESIAN_POINT('',(152.4,190.5,127.));
#692 = VECTOR('',#693,1.);
#693 = DIRECTION('',(-1.,0.,0.));
#694 = PCURVE('',#99,#695);
#695 = DEFINITIONAL_REPRESENTATION('',(#696),#700);
#696 = LINE('',#697,#698);
#697 = CARTESIAN_POINT('',(152.4,190.5));
#698 = VECTOR('',#699,1.);
#699 = DIRECTION('',(-1.,0.));
#700 = ( GEOMETRIC_REPRESENTATION_CONTEXT(2) 
PARAMETRIC_REPRESENTATION_CONTEXT() REPRESENTATION_CONTEXT('2D SPACE',''
  ) );
#701 = PCURVE('',#702,#707);
#702 = PLANE('',#703);
#703 = AXIS2_PLACEMENT_3D('',#704,#705,#706);
#704 = CARTESIAN_POINT('',(152.4,190.5,115.57));
#705 = DIRECTION('',(0.,-1.,0.));
#706 = DIRECTION('',(-1.,0.,0.));
#707 = DEFINITIONAL_REPRESENTATION('',(#708),#712);
#708 = LINE('',#709,#710);
#709 = CARTESIAN_POINT('',(0.,-11.43));
#710 = VECTOR('',#711,1.);
#711 = DIRECTION('',(1.,0.));
#712 = ( GEOMETRIC_REPRESENTATION_CONTEXT(2) 
PARAMETRIC_REPRESENTATION_CONTEXT() REPRESENTATION_CONTEXT('2D SPACE',''
  ) );
#713 = ORIENTED_EDGE('',*,*,#714,.T.);
#714 = EDGE_CURVE('',#687,#715,#717,.T.);
#715 = VERTEX_POINT('',#716);
#716 = CARTESIAN_POINT('',(-152.4,177.8,127.));
#717 = SURFACE_CURVE('',#718,(#723,#730),.PCURVE_S1.);
#718 = CIRCLE('',#719,12.7);
#719 = AXIS2_PLACEMENT_3D('',#720,#721,#722);
#720 = CARTESIAN_POINT('',(-139.7,177.8,127.));
#721 = DIRECTION('',(0.,0.,1.));
#722 = DIRECTION('',(0.,-1.,0.));
#723 = PCURVE('',#99,#724);
#724 = DEFINITIONAL_REPRESENTATION('',(#725),#729);
#725 = CIRCLE('',#726,12.7);
#726 = AXIS2_PLACEMENT_2D('',#727,#728);
#727 = CARTESIAN_POINT('',(-139.7,177.8));
#728 = DIRECTION('',(0.,-1.));
#729 = ( GEOMETRIC_REPRESENTATION_CONTEXT(2) 
PARAMETRIC_REPRESENTATION_CONTEXT() REPRESENTATION_CONTEXT('2D SPACE',''
  ) );
#730 = PCURVE('',#731,#736);
#731 = CYLINDRICAL_SURFACE('',#732,12.7);
#732 = AXIS2_PLACEMENT_3D('',#733,#734,#735);
#733 = CARTESIAN_POINT('',(-139.7,177.8,115.57));
#734 = DIRECTION('',(0.,0.,1.));
#735 = DIRECTION('',(-0.,1.,0.));
#736 = DEFINITIONAL_REPRESENTATION('',(#737),#740);
#737 = B_SPLINE_CURVE_WITH_KNOTS('',1,(#738,#739),.UNSPECIFIED.,.F.,.F.,
  (2,2),(3.14159265359,4.712388980385),.PIECEWISE_BEZIER_KNOTS.);
#738 = CARTESIAN_POINT('',(0.,11.43));
#739 = CARTESIAN_POINT('',(1.570796326795,11.43));
#740 = ( GEOMETRIC_REPRESENTATION_CONTEXT(2) 
PARAMETRIC_REPRESENTATION_CONTEXT() REPRESENTATION_CONTEXT('2D SPACE',''
  ) );
#741 = ORIENTED_EDGE('',*,*,#742,.T.);
#742 = EDGE_CURVE('',#715,#556,#743,.T.);
#743 = SURFACE_CURVE('',#744,(#748,#755),.PCURVE_S1.);
#744 = LINE('',#745,#746);
#745 = CARTESIAN_POINT('',(-152.4,190.5,127.));
#746 = VECTOR('',#747,1.);
#747 = DIRECTION('',(0.,-1.,0.));
#748 = PCURVE('',#99,#749);
#749 = DEFINITIONAL_REPRESENTATION('',(#750),#754);
#750 = LINE('',#751,#752);
#751 = CARTESIAN_POINT('',(-152.4,190.5));
#752 = VECTOR('',#753,1.);
#753 = DIRECTION('',(0.,-1.));
#754 = ( GEOMETRIC_REPRESENTATION_CONTEXT(2) 
PARAMETRIC_REPRESENTATION_CONTEXT() REPRESENTATION_CONTEXT('2D SPACE',''
  ) );
#755 = PCURVE('',#539,#756);
#756 = DEFINITIONAL_REPRESENTATION('',(#757),#761);
#757 = LINE('',#758,#759);
#758 = CARTESIAN_POINT('',(0.,-11.43));
#759 = VECTOR('',#760,1.);
#760 = DIRECTION('',(1.,0.));
#761 = ( GEOMETRIC_REPRESENTATION_CONTEXT(2) 
PARAMETRIC_REPRESENTATION_CONTEXT() REPRESENTATION_CONTEXT('2D SPACE',''
  ) );
#762 = ORIENTED_EDGE('',*,*,#577,.F.);
#763 = FACE_BOUND('',#764,.T.);
#764 = EDGE_LOOP('',(#765,#872,#897,#1002,#1027,#1132,#1157,#1262));
#765 = ORIENTED_EDGE('',*,*,#766,.T.);
#766 = EDGE_CURVE('',#767,#769,#771,.T.);
#767 = VERTEX_POINT('',#768);
#768 = CARTESIAN_POINT('',(132.05274678111,-162.6197214813,127.));
#769 = VERTEX_POINT('',#770);
#770 = CARTESIAN_POINT('',(116.8997214813,-177.7727467811,127.));
#771 = SURFACE_CURVE('',#772,(#795,#821),.PCURVE_S1.);
#772 = B_SPLINE_CURVE_WITH_KNOTS('',6,(#773,#774,#775,#776,#777,#778,
    #779,#780,#781,#782,#783,#784,#785,#786,#787,#788,#789,#790,#791,
    #792,#793,#794),.UNSPECIFIED.,.F.,.F.,(7,5,5,5,7),(0.,0.249653957433
    ,0.500000090196,0.749980095626,1.),.UNSPECIFIED.);
#773 = CARTESIAN_POINT('',(132.05274678111,-162.6197214813,127.));
#774 = CARTESIAN_POINT('',(132.05274678111,-163.5194880864,127.));
#775 = CARTESIAN_POINT('',(131.98935422949,-164.4438055237,127.));
#776 = CARTESIAN_POINT('',(131.85590381316,-165.3855651463,127.));
#777 = CARTESIAN_POINT('',(131.64670315377,-166.3354891976,127.));
#778 = CARTESIAN_POINT('',(131.35835151167,-167.2821900298,127.));
#779 = CARTESIAN_POINT('',(130.62187300224,-169.1476516677,127.));
#780 = CARTESIAN_POINT('',(130.17329603271,-170.0663439289,127.));
#781 = CARTESIAN_POINT('',(129.64465393502,-170.9575607187,127.));
#782 = CARTESIAN_POINT('',(129.03883621474,-171.8084904638,127.));
#783 = CARTESIAN_POINT('',(128.36251739237,-172.6073548464,127.));
#784 = CARTESIAN_POINT('',(126.88843010688,-174.0814416864,127.));
#785 = CARTESIAN_POINT('',(126.09082336816,-174.7568605819,127.));
#786 = CARTESIAN_POINT('',(125.24129009776,-175.3619979308,127.));
#787 = CARTESIAN_POINT('',(124.35155303892,-175.8902046935,127.));
#788 = CARTESIAN_POINT('',(123.43436496215,-176.3385929915,127.));
#789 = CARTESIAN_POINT('',(121.56912846103,-177.0762364574,127.));
#790 = CARTESIAN_POINT('',(120.62105902453,-177.3654755248,127.));
#791 = CARTESIAN_POINT('',(119.66970667097,-177.5753165432,127.));
#792 = CARTESIAN_POINT('',(118.7265153663,-177.7091682379,127.));
#793 = CARTESIAN_POINT('',(117.80080697075,-177.7727467811,127.));
#794 = CARTESIAN_POINT('',(116.8997214813,-177.7727467811,127.));
#795 = PCURVE('',#99,#796);
#796 = DEFINITIONAL_REPRESENTATION('',(#797),#820);
#797 = B_SPLINE_CURVE_WITH_KNOTS('',6,(#798,#799,#800,#801,#802,#803,
    #804,#805,#806,#807,#808,#809,#810,#811,#812,#813,#814,#815,#816,
    #817,#818,#819),.UNSPECIFIED.,.F.,.F.,(7,5,5,5,7),(0.,0.249653957433
    ,0.500000090196,0.749980095626,1.),.UNSPECIFIED.);
#798 = CARTESIAN_POINT('',(132.05274678111,-162.6197214813));
#799 = CARTESIAN_POINT('',(132.05274678111,-163.5194880864));
#800 = CARTESIAN_POINT('',(131.98935422949,-164.4438055237));
#801 = CARTESIAN_POINT('',(131.85590381316,-165.3855651463));
#802 = CARTESIAN_POINT('',(131.64670315377,-166.3354891976));
#803 = CARTESIAN_POINT('',(131.35835151167,-167.2821900298));
#804 = CARTESIAN_POINT('',(130.62187300224,-169.1476516677));
#805 = CARTESIAN_POINT('',(130.17329603271,-170.0663439289));
#806 = CARTESIAN_POINT('',(129.64465393502,-170.9575607187));
#807 = CARTESIAN_POINT('',(129.03883621474,-171.8084904638));
#808 = CARTESIAN_POINT('',(128.36251739237,-172.6073548464));
#809 = CARTESIAN_POINT('',(126.88843010688,-174.0814416864));
#810 = CARTESIAN_POINT('',(126.09082336816,-174.7568605819));
#811 = CARTESIAN_POINT('',(125.24129009776,-175.3619979308));
#812 = CARTESIAN_POINT('',(124.35155303892,-175.8902046935));
#813 = CARTESIAN_POINT('',(123.43436496215,-176.3385929915));
#814 = CARTESIAN_POINT('',(121.56912846103,-177.0762364574));
#815 = CARTESIAN_POINT('',(120.62105902453,-177.3654755248));
#816 = CARTESIAN_POINT('',(119.66970667097,-177.5753165432));
#817 = CARTESIAN_POINT('',(118.7265153663,-177.7091682379));
#818 = CARTESIAN_POINT('',(117.80080697075,-177.7727467811));
#819 = CARTESIAN_POINT('',(116.8997214813,-177.7727467811));
#820 = ( GEOMETRIC_REPRESENTATION_CONTEXT(2) 
PARAMETRIC_REPRESENTATION_CONTEXT() REPRESENTATION_CONTEXT('2D SPACE',''
  ) );
#821 = PCURVE('',#822,#847);
#822 = ( BOUNDED_SURFACE() B_SPLINE_SURFACE(2,3,(
    (#823,#824,#825,#826,#827,#828,#829,#830)
    ,(#831,#832,#833,#834,#835,#836,#837,#838)
    ,(#839,#840,#841,#842,#843,#844,#845,#846
)),.UNSPECIFIED.,.F.,.F.,.F.) B_SPLINE_SURFACE_WITH_KNOTS((3,3),(4,2,2,4
    ),(0.,4.713342762838),(-0.351742426346,-6.328584926061E-02,
    4.650056913578,4.938513490663),.UNSPECIFIED.) 
GEOMETRIC_REPRESENTATION_ITEM() RATIONAL_B_SPLINE_SURFACE((
    (1.,1.,1.,1.,1.,1.,1.,1.)
    ,(0.711119340472,0.711119340472,0.711119340472,0.711119340472
      ,0.711119340472,0.711119340472,0.711119340472,0.711119340472)
,(1.,1.,1.,1.,1.,1.,1.,1.))) REPRESENTATION_ITEM('') SURFACE() );
#823 = CARTESIAN_POINT('',(103.44973470019,-164.32276,1.6461232));
#824 = CARTESIAN_POINT('',(103.70881470019,-164.58184,4.0607488));
#825 = CARTESIAN_POINT('',(103.96789470019,-164.84092,6.4753744));
#826 = CARTESIAN_POINT('',(108.46030803352,-169.3333333333,
    48.344666666667));
#827 = CARTESIAN_POINT('',(112.69364136685,-173.5666666666,
    87.799333333333));
#828 = CARTESIAN_POINT('',(117.18605470019,-178.05908,129.6686256));
#829 = CARTESIAN_POINT('',(117.44513470019,-178.31816,132.0832512));
#830 = CARTESIAN_POINT('',(117.70421470019,-178.57724,134.4978768));
#831 = CARTESIAN_POINT('',(118.43223764971,-164.1522376497,
    5.685489536039E-02));
#832 = CARTESIAN_POINT('',(118.69131764971,-164.4113176497,2.47148049536
    ));
#833 = CARTESIAN_POINT('',(118.95039764971,-164.6703976497,4.88610609536
    ));
#834 = CARTESIAN_POINT('',(123.44281098305,-169.162810983,
    46.755398362027));
#835 = CARTESIAN_POINT('',(127.67614431638,-173.3961443163,
    86.210065028694));
#836 = CARTESIAN_POINT('',(132.16855764971,-177.8885576497,
    128.07935729536));
#837 = CARTESIAN_POINT('',(132.42763764971,-178.1476376497,
    130.49398289536));
#838 = CARTESIAN_POINT('',(132.68671764971,-178.4067176497,
    132.90860849536));
#839 = CARTESIAN_POINT('',(118.60276,-149.1697347001,1.6461232));
#840 = CARTESIAN_POINT('',(118.86184,-149.4288147001,4.0607488));
#841 = CARTESIAN_POINT('',(119.12092,-149.6878947001,6.4753744));
#842 = CARTESIAN_POINT('',(123.61333333333,-154.1803080335,
    48.344666666667));
#843 = CARTESIAN_POINT('',(127.84666666666,-158.4136413668,
    87.799333333333));
#844 = CARTESIAN_POINT('',(132.33908,-162.9060547001,129.6686256));
#845 = CARTESIAN_POINT('',(132.59816,-163.1651347001,132.0832512));
#846 = CARTESIAN_POINT('',(132.85724,-163.4242147001,134.4978768));
#847 = DEFINITIONAL_REPRESENTATION('',(#848),#871);
#848 = B_SPLINE_CURVE_WITH_KNOTS('',6,(#849,#850,#851,#852,#853,#854,
    #855,#856,#857,#858,#859,#860,#861,#862,#863,#864,#865,#866,#867,
    #868,#869,#870),.UNSPECIFIED.,.F.,.F.,(7,5,5,5,7),(0.,0.249653957433
    ,0.500000090196,0.749980095626,1.),.UNSPECIFIED.);
#849 = CARTESIAN_POINT('',(4.713342762838,4.63994244413));
#850 = CARTESIAN_POINT('',(4.516559997441,4.643700274174));
#851 = CARTESIAN_POINT('',(4.319946152808,4.647295883728));
#852 = CARTESIAN_POINT('',(4.123498764638,4.650671746539));
#853 = CARTESIAN_POINT('',(3.92720689206,4.653765340591));
#854 = CARTESIAN_POINT('',(3.731049730887,4.656514902924));
#855 = CARTESIAN_POINT('',(3.338420358147,4.661230044269));
#856 = CARTESIAN_POINT('',(3.141944858874,4.663193457178));
#857 = CARTESIAN_POINT('',(2.945563963798,4.664707732173));
#858 = CARTESIAN_POINT('',(2.749246938335,4.665731430236));
#859 = CARTESIAN_POINT('',(2.552957623818,4.666243235615));
#860 = CARTESIAN_POINT('',(2.160671348229,4.666243233754));
#861 = CARTESIAN_POINT('',(1.96466911747,4.665732922363));
#862 = CARTESIAN_POINT('',(1.768639286115,4.664712215069));
#863 = CARTESIAN_POINT('',(1.572545869529,4.663202301941));
#864 = CARTESIAN_POINT('',(1.376358261546,4.661244383206));
#865 = CARTESIAN_POINT('',(0.983730691595,4.656535047516));
#866 = CARTESIAN_POINT('',(0.787286794233,4.653783475562));
#867 = CARTESIAN_POINT('',(0.590707878793,4.650686590706));
#868 = CARTESIAN_POINT('',(0.393973016276,4.647306424465));
#869 = CARTESIAN_POINT('',(0.197071210989,4.643705782428));
#870 = CARTESIAN_POINT('',(0.,4.63994244413));
#871 = ( GEOMETRIC_REPRESENTATION_CONTEXT(2) 
PARAMETRIC_REPRESENTATION_CONTEXT() REPRESENTATION_CONTEXT('2D SPACE',''
  ) );
#872 = ORIENTED_EDGE('',*,*,#873,.T.);
#873 = EDGE_CURVE('',#769,#874,#876,.T.);
#874 = VERTEX_POINT('',#875);
#875 = CARTESIAN_POINT('',(-116.8997214813,-177.7727467811,127.));
#876 = SURFACE_CURVE('',#877,(#880,#886),.PCURVE_S1.);
#877 = B_SPLINE_CURVE_WITH_KNOTS('',1,(#878,#879),.UNSPECIFIED.,.F.,.F.,
  (2,2),(0.,1.),.PIECEWISE_BEZIER_KNOTS.);
#878 = CARTESIAN_POINT('',(116.90286337409,-177.7727467811,127.));
#879 = CARTESIAN_POINT('',(-116.902863374,-177.7727467811,127.));
#880 = PCURVE('',#99,#881);
#881 = DEFINITIONAL_REPRESENTATION('',(#882),#885);
#882 = B_SPLINE_CURVE_WITH_KNOTS('',1,(#883,#884),.UNSPECIFIED.,.F.,.F.,
  (2,2),(0.,1.),.PIECEWISE_BEZIER_KNOTS.);
#883 = CARTESIAN_POINT('',(116.90286337409,-177.7727467811));
#884 = CARTESIAN_POINT('',(-116.902863374,-177.7727467811));
#885 = ( GEOMETRIC_REPRESENTATION_CONTEXT(2) 
PARAMETRIC_REPRESENTATION_CONTEXT() REPRESENTATION_CONTEXT('2D SPACE',''
  ) );
#886 = PCURVE('',#887,#892);
#887 = B_SPLINE_SURFACE_WITH_KNOTS('',1,1,(
    (#888,#889)
    ,(#890,#891
    )),.UNSPECIFIED.,.F.,.F.,.F.,(2,2),(2,2),(0.,10.4),(0.,1.),
  .PIECEWISE_BEZIER_KNOTS.);
#888 = CARTESIAN_POINT('',(-119.38,-165.1,8.89));
#889 = CARTESIAN_POINT('',(-132.08,-177.8,127.254));
#890 = CARTESIAN_POINT('',(119.38,-165.1,8.89));
#891 = CARTESIAN_POINT('',(132.08,-177.8,127.254));
#892 = DEFINITIONAL_REPRESENTATION('',(#893),#896);
#893 = B_SPLINE_CURVE_WITH_KNOTS('',1,(#894,#895),.UNSPECIFIED.,.F.,.F.,
  (2,2),(1.343804888485E-05,0.999986561951),.PIECEWISE_BEZIER_KNOTS.);
#894 = CARTESIAN_POINT('',(9.8033010787,0.997854077253));
#895 = CARTESIAN_POINT('',(0.5966989213,0.997854077253));
#896 = ( GEOMETRIC_REPRESENTATION_CONTEXT(2) 
PARAMETRIC_REPRESENTATION_CONTEXT() REPRESENTATION_CONTEXT('2D SPACE',''
  ) );
#897 = ORIENTED_EDGE('',*,*,#898,.F.);
#898 = EDGE_CURVE('',#899,#874,#901,.T.);
#899 = VERTEX_POINT('',#900);
#900 = CARTESIAN_POINT('',(-132.0527467811,-162.6197214813,127.));
#901 = SURFACE_CURVE('',#902,(#925,#951),.PCURVE_S1.);
#902 = B_SPLINE_CURVE_WITH_KNOTS('',6,(#903,#904,#905,#906,#907,#908,
    #909,#910,#911,#912,#913,#914,#915,#916,#917,#918,#919,#920,#921,
    #922,#923,#924),.UNSPECIFIED.,.F.,.F.,(7,5,5,5,7),(0.,0.249653957434
    ,0.500000090196,0.749980095635,1.),.UNSPECIFIED.);
#903 = CARTESIAN_POINT('',(-132.0527467811,-162.6197214813,127.));
#904 = CARTESIAN_POINT('',(-132.0527467811,-163.5194880864,127.));
#905 = CARTESIAN_POINT('',(-131.9893542294,-164.4438055237,127.));
#906 = CARTESIAN_POINT('',(-131.8559038131,-165.3855651462,127.));
#907 = CARTESIAN_POINT('',(-131.6467031537,-166.3354891976,127.));
#908 = CARTESIAN_POINT('',(-131.3583515116,-167.2821900298,127.));
#909 = CARTESIAN_POINT('',(-130.6218730022,-169.1476516677,127.));
#910 = CARTESIAN_POINT('',(-130.1732960327,-170.0663439289,127.));
#911 = CARTESIAN_POINT('',(-129.644653935,-170.9575607187,127.));
#912 = CARTESIAN_POINT('',(-129.0388362147,-171.8084904638,127.));
#913 = CARTESIAN_POINT('',(-128.3625173923,-172.6073548464,127.));
#914 = CARTESIAN_POINT('',(-126.8884301068,-174.0814416864,127.));
#915 = CARTESIAN_POINT('',(-126.0908233681,-174.7568605819,127.));
#916 = CARTESIAN_POINT('',(-125.2412900976,-175.3619979309,127.));
#917 = CARTESIAN_POINT('',(-124.3515530388,-175.8902046936,127.));
#918 = CARTESIAN_POINT('',(-123.4343649619,-176.3385929915,127.));
#919 = CARTESIAN_POINT('',(-121.5691284608,-177.0762364574,127.));
#920 = CARTESIAN_POINT('',(-120.6210590244,-177.3654755249,127.));
#921 = CARTESIAN_POINT('',(-119.6697066708,-177.5753165432,127.));
#922 = CARTESIAN_POINT('',(-118.7265153662,-177.7091682379,127.));
#923 = CARTESIAN_POINT('',(-117.8008069707,-177.7727467811,127.));
#924 = CARTESIAN_POINT('',(-116.8997214813,-177.7727467811,127.));
#925 = PCURVE('',#99,#926);
#926 = DEFINITIONAL_REPRESENTATION('',(#927),#950);
#927 = B_SPLINE_CURVE_WITH_KNOTS('',6,(#928,#929,#930,#931,#932,#933,
    #934,#935,#936,#937,#938,#939,#940,#941,#942,#943,#944,#945,#946,
    #947,#948,#949),.UNSPECIFIED.,.F.,.F.,(7,5,5,5,7),(0.,0.249653957434
    ,0.500000090196,0.749980095635,1.),.UNSPECIFIED.);
#928 = CARTESIAN_POINT('',(-132.0527467811,-162.6197214813));
#929 = CARTESIAN_POINT('',(-132.0527467811,-163.5194880864));
#930 = CARTESIAN_POINT('',(-131.9893542294,-164.4438055237));
#931 = CARTESIAN_POINT('',(-131.8559038131,-165.3855651462));
#932 = CARTESIAN_POINT('',(-131.6467031537,-166.3354891976));
#933 = CARTESIAN_POINT('',(-131.3583515116,-167.2821900298));
#934 = CARTESIAN_POINT('',(-130.6218730022,-169.1476516677));
#935 = CARTESIAN_POINT('',(-130.1732960327,-170.0663439289));
#936 = CARTESIAN_POINT('',(-129.644653935,-170.9575607187));
#937 = CARTESIAN_POINT('',(-129.0388362147,-171.8084904638));
#938 = CARTESIAN_POINT('',(-128.3625173923,-172.6073548464));
#939 = CARTESIAN_POINT('',(-126.8884301068,-174.0814416864));
#940 = CARTESIAN_POINT('',(-126.0908233681,-174.7568605819));
#941 = CARTESIAN_POINT('',(-125.2412900976,-175.3619979309));
#942 = CARTESIAN_POINT('',(-124.3515530388,-175.8902046936));
#943 = CARTESIAN_POINT('',(-123.4343649619,-176.3385929915));
#944 = CARTESIAN_POINT('',(-121.5691284608,-177.0762364574));
#945 = CARTESIAN_POINT('',(-120.6210590244,-177.3654755249));
#946 = CARTESIAN_POINT('',(-119.6697066708,-177.5753165432));
#947 = CARTESIAN_POINT('',(-118.7265153662,-177.7091682379));
#948 = CARTESIAN_POINT('',(-117.8008069707,-177.7727467811));
#949 = CARTESIAN_POINT('',(-116.8997214813,-177.7727467811));
#950 = ( GEOMETRIC_REPRESENTATION_CONTEXT(2) 
PARAMETRIC_REPRESENTATION_CONTEXT() REPRESENTATION_CONTEXT('2D SPACE',''
  ) );
#951 = PCURVE('',#952,#977);
#952 = ( BOUNDED_SURFACE() B_SPLINE_SURFACE(2,3,(
    (#953,#954,#955,#956,#957,#958,#959,#960)
    ,(#961,#962,#963,#964,#965,#966,#967,#968)
    ,(#969,#970,#971,#972,#973,#974,#975,#976
)),.UNSPECIFIED.,.F.,.F.,.F.) B_SPLINE_SURFACE_WITH_KNOTS((3,3),(4,2,2,4
    ),(0.,4.713342762838),(-0.351742426346,-6.328584926061E-02,
    4.650056913578,4.938513490663),.UNSPECIFIED.) 
GEOMETRIC_REPRESENTATION_ITEM() RATIONAL_B_SPLINE_SURFACE((
    (1.,1.,1.,1.,1.,1.,1.,1.)
    ,(0.711119340472,0.711119340472,0.711119340472,0.711119340472
      ,0.711119340472,0.711119340472,0.711119340472,0.711119340472)
,(1.,1.,1.,1.,1.,1.,1.,1.))) REPRESENTATION_ITEM('') SURFACE() );
#953 = CARTESIAN_POINT('',(-103.4497347001,-164.32276,1.6461232));
#954 = CARTESIAN_POINT('',(-103.7088147001,-164.58184,4.0607488));
#955 = CARTESIAN_POINT('',(-103.9678947001,-164.84092,6.4753744));
#956 = CARTESIAN_POINT('',(-108.4603080335,-169.3333333333,
    48.344666666667));
#957 = CARTESIAN_POINT('',(-112.6936413668,-173.5666666666,
    87.799333333333));
#958 = CARTESIAN_POINT('',(-117.1860547001,-178.05908,129.6686256));
#959 = CARTESIAN_POINT('',(-117.4451347001,-178.31816,132.0832512));
#960 = CARTESIAN_POINT('',(-117.7042147001,-178.57724,134.4978768));
#961 = CARTESIAN_POINT('',(-118.4322376497,-164.1522376497,
    5.685489536038E-02));
#962 = CARTESIAN_POINT('',(-118.6913176497,-164.4113176497,2.47148049536
    ));
#963 = CARTESIAN_POINT('',(-118.9503976497,-164.6703976497,4.88610609536
    ));
#964 = CARTESIAN_POINT('',(-123.442810983,-169.162810983,46.755398362027
    ));
#965 = CARTESIAN_POINT('',(-127.6761443163,-173.3961443163,
    86.210065028694));
#966 = CARTESIAN_POINT('',(-132.1685576497,-177.8885576497,
    128.07935729536));
#967 = CARTESIAN_POINT('',(-132.4276376497,-178.1476376497,
    130.49398289536));
#968 = CARTESIAN_POINT('',(-132.6867176497,-178.4067176497,
    132.90860849536));
#969 = CARTESIAN_POINT('',(-118.60276,-149.1697347001,1.6461232));
#970 = CARTESIAN_POINT('',(-118.86184,-149.4288147001,4.0607488));
#971 = CARTESIAN_POINT('',(-119.12092,-149.6878947001,6.4753744));
#972 = CARTESIAN_POINT('',(-123.6133333333,-154.1803080335,
    48.344666666667));
#973 = CARTESIAN_POINT('',(-127.8466666666,-158.4136413668,
    87.799333333333));
#974 = CARTESIAN_POINT('',(-132.33908,-162.9060547001,129.6686256));
#975 = CARTESIAN_POINT('',(-132.59816,-163.1651347001,132.0832512));
#976 = CARTESIAN_POINT('',(-132.85724,-163.4242147001,134.4978768));
#977 = DEFINITIONAL_REPRESENTATION('',(#978),#1001);
#978 = B_SPLINE_CURVE_WITH_KNOTS('',6,(#979,#980,#981,#982,#983,#984,
    #985,#986,#987,#988,#989,#990,#991,#992,#993,#994,#995,#996,#997,
    #998,#999,#1000),.UNSPECIFIED.,.F.,.F.,(7,5,5,5,7),(0.,
    0.249653957434,0.500000090196,0.749980095635,1.),.UNSPECIFIED.);
#979 = CARTESIAN_POINT('',(4.713342762838,4.63994244413));
#980 = CARTESIAN_POINT('',(4.516559997441,4.643700274174));
#981 = CARTESIAN_POINT('',(4.319946152807,4.647295883728));
#982 = CARTESIAN_POINT('',(4.123498764639,4.650671746539));
#983 = CARTESIAN_POINT('',(3.927206892059,4.653765340591));
#984 = CARTESIAN_POINT('',(3.731049730888,4.656514902924));
#985 = CARTESIAN_POINT('',(3.338420358147,4.661230044269));
#986 = CARTESIAN_POINT('',(3.141944858874,4.663193457178));
#987 = CARTESIAN_POINT('',(2.945563963798,4.664707732173));
#988 = CARTESIAN_POINT('',(2.749246938334,4.665731430236));
#989 = CARTESIAN_POINT('',(2.552957623818,4.666243235615));
#990 = CARTESIAN_POINT('',(2.160671348222,4.666243233754));
#991 = CARTESIAN_POINT('',(1.964669117457,4.665732922363));
#992 = CARTESIAN_POINT('',(1.768639286094,4.664712215069));
#993 = CARTESIAN_POINT('',(1.572545869502,4.663202301941));
#994 = CARTESIAN_POINT('',(1.376358261511,4.661244383205));
#995 = CARTESIAN_POINT('',(0.98373069156,4.656535047515));
#996 = CARTESIAN_POINT('',(0.787286794205,4.653783475562));
#997 = CARTESIAN_POINT('',(0.590707878771,4.650686590705));
#998 = CARTESIAN_POINT('',(0.393973016262,4.647306424465));
#999 = CARTESIAN_POINT('',(0.197071210982,4.643705782428));
#1000 = CARTESIAN_POINT('',(0.,4.63994244413));
#1001 = ( GEOMETRIC_REPRESENTATION_CONTEXT(2) 
PARAMETRIC_REPRESENTATION_CONTEXT() REPRESENTATION_CONTEXT('2D SPACE',''
  ) );
#1002 = ORIENTED_EDGE('',*,*,#1003,.T.);
#1003 = EDGE_CURVE('',#899,#1004,#1006,.T.);
#1004 = VERTEX_POINT('',#1005);
#1005 = CARTESIAN_POINT('',(-132.0527467811,162.6197214813,127.));
#1006 = SURFACE_CURVE('',#1007,(#1010,#1016),.PCURVE_S1.);
#1007 = B_SPLINE_CURVE_WITH_KNOTS('',1,(#1008,#1009),.UNSPECIFIED.,.F.,
  .F.,(2,2),(0.,1.),.PIECEWISE_BEZIER_KNOTS.);
#1008 = CARTESIAN_POINT('',(-132.0527467811,-162.6220593776,127.));
#1009 = CARTESIAN_POINT('',(-132.0527467811,162.62205937766,127.));
#1010 = PCURVE('',#99,#1011);
#1011 = DEFINITIONAL_REPRESENTATION('',(#1012),#1015);
#1012 = B_SPLINE_CURVE_WITH_KNOTS('',1,(#1013,#1014),.UNSPECIFIED.,.F.,
  .F.,(2,2),(0.,1.),.PIECEWISE_BEZIER_KNOTS.);
#1013 = CARTESIAN_POINT('',(-132.0527467811,-162.6220593776));
#1014 = CARTESIAN_POINT('',(-132.0527467811,162.62205937766));
#1015 = ( GEOMETRIC_REPRESENTATION_CONTEXT(2) 
PARAMETRIC_REPRESENTATION_CONTEXT() REPRESENTATION_CONTEXT('2D SPACE',''
  ) );
#1016 = PCURVE('',#1017,#1022);
#1017 = B_SPLINE_SURFACE_WITH_KNOTS('',1,1,(
    (#1018,#1019)
    ,(#1020,#1021
    )),.UNSPECIFIED.,.F.,.F.,.F.,(2,2),(2,2),(0.,14.),(0.,1.),
  .PIECEWISE_BEZIER_KNOTS.);
#1018 = CARTESIAN_POINT('',(-119.38,165.1,8.89));
#1019 = CARTESIAN_POINT('',(-132.08,177.8,127.254));
#1020 = CARTESIAN_POINT('',(-119.38,-165.1,8.89));
#1021 = CARTESIAN_POINT('',(-132.08,-177.8,127.254));
#1022 = DEFINITIONAL_REPRESENTATION('',(#1023),#1026);
#1023 = B_SPLINE_CURVE_WITH_KNOTS('',1,(#1024,#1025),.UNSPECIFIED.,.F.,
  .F.,(2,2),(7.188127994125E-06,0.999992811872),
  .PIECEWISE_BEZIER_KNOTS.);
#1024 = CARTESIAN_POINT('',(13.403332743521,0.997854077253));
#1025 = CARTESIAN_POINT('',(0.596667256479,0.997854077253));
#1026 = ( GEOMETRIC_REPRESENTATION_CONTEXT(2) 
PARAMETRIC_REPRESENTATION_CONTEXT() REPRESENTATION_CONTEXT('2D SPACE',''
  ) );
#1027 = ORIENTED_EDGE('',*,*,#1028,.T.);
#1028 = EDGE_CURVE('',#1004,#1029,#1031,.T.);
#1029 = VERTEX_POINT('',#1030);
#1030 = CARTESIAN_POINT('',(-116.8997214813,177.77274678111,127.));
#1031 = SURFACE_CURVE('',#1032,(#1055,#1081),.PCURVE_S1.);
#1032 = B_SPLINE_CURVE_WITH_KNOTS('',6,(#1033,#1034,#1035,#1036,#1037,
    #1038,#1039,#1040,#1041,#1042,#1043,#1044,#1045,#1046,#1047,#1048,
    #1049,#1050,#1051,#1052,#1053,#1054),.UNSPECIFIED.,.F.,.F.,(7,5,5,5,
    7),(0.,0.249653957434,0.500000090197,0.749980095626,1.),
  .UNSPECIFIED.);
#1033 = CARTESIAN_POINT('',(-132.0527467811,162.6197214813,127.));
#1034 = CARTESIAN_POINT('',(-132.0527467811,163.5194880864,127.));
#1035 = CARTESIAN_POINT('',(-131.9893542294,164.44380552373,127.));
#1036 = CARTESIAN_POINT('',(-131.8559038131,165.38556514629,127.));
#1037 = CARTESIAN_POINT('',(-131.6467031537,166.33548919769,127.));
#1038 = CARTESIAN_POINT('',(-131.3583515116,167.28219002985,127.));
#1039 = CARTESIAN_POINT('',(-130.6218730022,169.14765166771,127.));
#1040 = CARTESIAN_POINT('',(-130.1732960327,170.06634392892,127.));
#1041 = CARTESIAN_POINT('',(-129.644653935,170.95756071876,127.));
#1042 = CARTESIAN_POINT('',(-129.0388362147,171.80849046385,127.));
#1043 = CARTESIAN_POINT('',(-128.3625173923,172.60735484647,127.));
#1044 = CARTESIAN_POINT('',(-126.8884301068,174.08144168641,127.));
#1045 = CARTESIAN_POINT('',(-126.0908233681,174.75686058195,127.));
#1046 = CARTESIAN_POINT('',(-125.2412900977,175.36199793084,127.));
#1047 = CARTESIAN_POINT('',(-124.3515530389,175.89020469357,127.));
#1048 = CARTESIAN_POINT('',(-123.4343649621,176.3385929915,127.));
#1049 = CARTESIAN_POINT('',(-121.569128461,177.07623645741,127.));
#1050 = CARTESIAN_POINT('',(-120.6210590245,177.36547552487,127.));
#1051 = CARTESIAN_POINT('',(-119.6697066709,177.57531654327,127.));
#1052 = CARTESIAN_POINT('',(-118.7265153663,177.70916823794,127.));
#1053 = CARTESIAN_POINT('',(-117.8008069707,177.77274678111,127.));
#1054 = CARTESIAN_POINT('',(-116.8997214813,177.77274678111,127.));
#1055 = PCURVE('',#99,#1056);
#1056 = DEFINITIONAL_REPRESENTATION('',(#1057),#1080);
#1057 = B_SPLINE_CURVE_WITH_KNOTS('',6,(#1058,#1059,#1060,#1061,#1062,
    #1063,#1064,#1065,#1066,#1067,#1068,#1069,#1070,#1071,#1072,#1073,
    #1074,#1075,#1076,#1077,#1078,#1079),.UNSPECIFIED.,.F.,.F.,(7,5,5,5,
    7),(0.,0.249653957434,0.500000090197,0.749980095626,1.),
  .UNSPECIFIED.);
#1058 = CARTESIAN_POINT('',(-132.0527467811,162.6197214813));
#1059 = CARTESIAN_POINT('',(-132.0527467811,163.5194880864));
#1060 = CARTESIAN_POINT('',(-131.9893542294,164.44380552373));
#1061 = CARTESIAN_POINT('',(-131.8559038131,165.38556514629));
#1062 = CARTESIAN_POINT('',(-131.6467031537,166.33548919769));
#1063 = CARTESIAN_POINT('',(-131.3583515116,167.28219002985));
#1064 = CARTESIAN_POINT('',(-130.6218730022,169.14765166771));
#1065 = CARTESIAN_POINT('',(-130.1732960327,170.06634392892));
#1066 = CARTESIAN_POINT('',(-129.644653935,170.95756071876));
#1067 = CARTESIAN_POINT('',(-129.0388362147,171.80849046385));
#1068 = CARTESIAN_POINT('',(-128.3625173923,172.60735484647));
#1069 = CARTESIAN_POINT('',(-126.8884301068,174.08144168641));
#1070 = CARTESIAN_POINT('',(-126.0908233681,174.75686058195));
#1071 = CARTESIAN_POINT('',(-125.2412900977,175.36199793084));
#1072 = CARTESIAN_POINT('',(-124.3515530389,175.89020469357));
#1073 = CARTESIAN_POINT('',(-123.4343649621,176.3385929915));
#1074 = CARTESIAN_POINT('',(-121.569128461,177.07623645741));
#1075 = CARTESIAN_POINT('',(-120.6210590245,177.36547552487));
#1076 = CARTESIAN_POINT('',(-119.6697066709,177.57531654327));
#1077 = CARTESIAN_POINT('',(-118.7265153663,177.70916823794));
#1078 = CARTESIAN_POINT('',(-117.8008069707,177.77274678111));
#1079 = CARTESIAN_POINT('',(-116.8997214813,177.77274678111));
#1080 = ( GEOMETRIC_REPRESENTATION_CONTEXT(2) 
PARAMETRIC_REPRESENTATION_CONTEXT() REPRESENTATION_CONTEXT('2D SPACE',''
  ) );
#1081 = PCURVE('',#1082,#1107);
#1082 = ( BOUNDED_SURFACE() B_SPLINE_SURFACE(2,3,(
    (#1083,#1084,#1085,#1086,#1087,#1088,#1089,#1090)
    ,(#1091,#1092,#1093,#1094,#1095,#1096,#1097,#1098)
    ,(#1099,#1100,#1101,#1102,#1103,#1104,#1105,#1106
)),.UNSPECIFIED.,.F.,.F.,.F.) B_SPLINE_SURFACE_WITH_KNOTS((3,3),(4,2,2,4
    ),(0.,4.713342762838),(-0.351742426346,-6.328584926061E-02,
    4.650056913578,4.938513490663),.UNSPECIFIED.) 
GEOMETRIC_REPRESENTATION_ITEM() RATIONAL_B_SPLINE_SURFACE((
    (1.,1.,1.,1.,1.,1.,1.,1.)
    ,(0.711119340472,0.711119340472,0.711119340472,0.711119340472
      ,0.711119340472,0.711119340472,0.711119340472,0.711119340472)
,(1.,1.,1.,1.,1.,1.,1.,1.))) REPRESENTATION_ITEM('') SURFACE() );
#1083 = CARTESIAN_POINT('',(-103.4497347001,164.32276,1.6461232));
#1084 = CARTESIAN_POINT('',(-103.7088147001,164.58184,4.0607488));
#1085 = CARTESIAN_POINT('',(-103.9678947001,164.84092,6.4753744));
#1086 = CARTESIAN_POINT('',(-108.4603080335,169.33333333333,
    48.344666666667));
#1087 = CARTESIAN_POINT('',(-112.6936413668,173.56666666666,
    87.799333333333));
#1088 = CARTESIAN_POINT('',(-117.1860547001,178.05908,129.6686256));
#1089 = CARTESIAN_POINT('',(-117.4451347001,178.31816,132.0832512));
#1090 = CARTESIAN_POINT('',(-117.7042147001,178.57724,134.4978768));
#1091 = CARTESIAN_POINT('',(-118.4322376497,164.15223764971,
    5.685489536039E-02));
#1092 = CARTESIAN_POINT('',(-118.6913176497,164.41131764971,
    2.47148049536));
#1093 = CARTESIAN_POINT('',(-118.9503976497,164.67039764971,
    4.88610609536));
#1094 = CARTESIAN_POINT('',(-123.442810983,169.16281098305,
    46.755398362027));
#1095 = CARTESIAN_POINT('',(-127.6761443163,173.39614431638,
    86.210065028694));
#1096 = CARTESIAN_POINT('',(-132.1685576497,177.88855764971,
    128.07935729536));
#1097 = CARTESIAN_POINT('',(-132.4276376497,178.14763764971,
    130.49398289536));
#1098 = CARTESIAN_POINT('',(-132.6867176497,178.40671764971,
    132.90860849536));
#1099 = CARTESIAN_POINT('',(-118.60276,149.16973470019,1.6461232));
#1100 = CARTESIAN_POINT('',(-118.86184,149.42881470019,4.0607488));
#1101 = CARTESIAN_POINT('',(-119.12092,149.68789470019,6.4753744));
#1102 = CARTESIAN_POINT('',(-123.6133333333,154.18030803352,
    48.344666666667));
#1103 = CARTESIAN_POINT('',(-127.8466666666,158.41364136685,
    87.799333333333));
#1104 = CARTESIAN_POINT('',(-132.33908,162.90605470019,129.6686256));
#1105 = CARTESIAN_POINT('',(-132.59816,163.16513470019,132.0832512));
#1106 = CARTESIAN_POINT('',(-132.85724,163.42421470019,134.4978768));
#1107 = DEFINITIONAL_REPRESENTATION('',(#1108),#1131);
#1108 = B_SPLINE_CURVE_WITH_KNOTS('',6,(#1109,#1110,#1111,#1112,#1113,
    #1114,#1115,#1116,#1117,#1118,#1119,#1120,#1121,#1122,#1123,#1124,
    #1125,#1126,#1127,#1128,#1129,#1130),.UNSPECIFIED.,.F.,.F.,(7,5,5,5,
    7),(0.,0.249653957434,0.500000090197,0.749980095626,1.),
  .UNSPECIFIED.);
#1109 = CARTESIAN_POINT('',(4.713342762838,4.63994244413));
#1110 = CARTESIAN_POINT('',(4.516559997441,4.643700274174));
#1111 = CARTESIAN_POINT('',(4.319946152807,4.647295883728));
#1112 = CARTESIAN_POINT('',(4.123498764639,4.650671746539));
#1113 = CARTESIAN_POINT('',(3.927206892059,4.653765340591));
#1114 = CARTESIAN_POINT('',(3.731049730888,4.656514902924));
#1115 = CARTESIAN_POINT('',(3.338420358148,4.661230044269));
#1116 = CARTESIAN_POINT('',(3.141944858873,4.663193457178));
#1117 = CARTESIAN_POINT('',(2.945563963799,4.664707732173));
#1118 = CARTESIAN_POINT('',(2.749246938334,4.665731430236));
#1119 = CARTESIAN_POINT('',(2.552957623818,4.666243235615));
#1120 = CARTESIAN_POINT('',(2.160671348229,4.666243233754));
#1121 = CARTESIAN_POINT('',(1.96466911747,4.665732922363));
#1122 = CARTESIAN_POINT('',(1.768639286115,4.664712215069));
#1123 = CARTESIAN_POINT('',(1.572545869529,4.663202301941));
#1124 = CARTESIAN_POINT('',(1.376358261546,4.661244383206));
#1125 = CARTESIAN_POINT('',(0.983730691595,4.656535047516));
#1126 = CARTESIAN_POINT('',(0.787286794233,4.653783475562));
#1127 = CARTESIAN_POINT('',(0.590707878793,4.650686590706));
#1128 = CARTESIAN_POINT('',(0.393973016276,4.647306424465));
#1129 = CARTESIAN_POINT('',(0.197071210989,4.643705782428));
#1130 = CARTESIAN_POINT('',(0.,4.63994244413));
#1131 = ( GEOMETRIC_REPRESENTATION_CONTEXT(2) 
PARAMETRIC_REPRESENTATION_CONTEXT() REPRESENTATION_CONTEXT('2D SPACE',''
  ) );
#1132 = ORIENTED_EDGE('',*,*,#1133,.T.);
#1133 = EDGE_CURVE('',#1029,#1134,#1136,.T.);
#1134 = VERTEX_POINT('',#1135);
#1135 = CARTESIAN_POINT('',(116.8997214813,177.77274678111,127.));
#1136 = SURFACE_CURVE('',#1137,(#1140,#1146),.PCURVE_S1.);
#1137 = B_SPLINE_CURVE_WITH_KNOTS('',1,(#1138,#1139),.UNSPECIFIED.,.F.,
  .F.,(2,2),(0.,1.),.PIECEWISE_BEZIER_KNOTS.);
#1138 = CARTESIAN_POINT('',(-116.902863374,177.77274678111,127.));
#1139 = CARTESIAN_POINT('',(116.90286337409,177.77274678111,127.));
#1140 = PCURVE('',#99,#1141);
#1141 = DEFINITIONAL_REPRESENTATION('',(#1142),#1145);
#1142 = B_SPLINE_CURVE_WITH_KNOTS('',1,(#1143,#1144),.UNSPECIFIED.,.F.,
  .F.,(2,2),(0.,1.),.PIECEWISE_BEZIER_KNOTS.);
#1143 = CARTESIAN_POINT('',(-116.902863374,177.77274678111));
#1144 = CARTESIAN_POINT('',(116.90286337409,177.77274678111));
#1145 = ( GEOMETRIC_REPRESENTATION_CONTEXT(2) 
PARAMETRIC_REPRESENTATION_CONTEXT() REPRESENTATION_CONTEXT('2D SPACE',''
  ) );
#1146 = PCURVE('',#1147,#1152);
#1147 = B_SPLINE_SURFACE_WITH_KNOTS('',1,1,(
    (#1148,#1149)
    ,(#1150,#1151
    )),.UNSPECIFIED.,.F.,.F.,.F.,(2,2),(2,2),(0.,10.4),(0.,1.),
  .PIECEWISE_BEZIER_KNOTS.);
#1148 = CARTESIAN_POINT('',(119.38,165.1,8.89));
#1149 = CARTESIAN_POINT('',(132.08,177.8,127.254));
#1150 = CARTESIAN_POINT('',(-119.38,165.1,8.89));
#1151 = CARTESIAN_POINT('',(-132.08,177.8,127.254));
#1152 = DEFINITIONAL_REPRESENTATION('',(#1153),#1156);
#1153 = B_SPLINE_CURVE_WITH_KNOTS('',1,(#1154,#1155),.UNSPECIFIED.,.F.,
  .F.,(2,2),(1.343804888485E-05,0.999986561951),
  .PIECEWISE_BEZIER_KNOTS.);
#1154 = CARTESIAN_POINT('',(9.8033010787,0.997854077253));
#1155 = CARTESIAN_POINT('',(0.5966989213,0.997854077253));
#1156 = ( GEOMETRIC_REPRESENTATION_CONTEXT(2) 
PARAMETRIC_REPRESENTATION_CONTEXT() REPRESENTATION_CONTEXT('2D SPACE',''
  ) );
#1157 = ORIENTED_EDGE('',*,*,#1158,.T.);
#1158 = EDGE_CURVE('',#1134,#1159,#1161,.T.);
#1159 = VERTEX_POINT('',#1160);
#1160 = CARTESIAN_POINT('',(132.05274678111,162.6197214813,127.));
#1161 = SURFACE_CURVE('',#1162,(#1185,#1211),.PCURVE_S1.);
#1162 = B_SPLINE_CURVE_WITH_KNOTS('',6,(#1163,#1164,#1165,#1166,#1167,
    #1168,#1169,#1170,#1171,#1172,#1173,#1174,#1175,#1176,#1177,#1178,
    #1179,#1180,#1181,#1182,#1183,#1184),.UNSPECIFIED.,.F.,.F.,(7,5,5,5,
    7),(0.,0.249653957434,0.500000090197,0.749980095638,1.),
  .UNSPECIFIED.);
#1163 = CARTESIAN_POINT('',(116.8997214813,177.77274678111,127.));
#1164 = CARTESIAN_POINT('',(117.7994880864,177.77274678111,127.));
#1165 = CARTESIAN_POINT('',(118.72380552373,177.70935422949,127.));
#1166 = CARTESIAN_POINT('',(119.6655651463,177.57590381316,127.));
#1167 = CARTESIAN_POINT('',(120.61548919768,177.36670315378,127.));
#1168 = CARTESIAN_POINT('',(121.56219002985,177.07835151167,127.));
#1169 = CARTESIAN_POINT('',(123.42765166771,176.34187300224,127.));
#1170 = CARTESIAN_POINT('',(124.34634392891,175.89329603271,127.));
#1171 = CARTESIAN_POINT('',(125.23756071876,175.36465393502,127.));
#1172 = CARTESIAN_POINT('',(126.08849046385,174.75883621474,127.));
#1173 = CARTESIAN_POINT('',(126.88735484647,174.08251739237,127.));
#1174 = CARTESIAN_POINT('',(128.36144168645,172.60843010684,127.));
#1175 = CARTESIAN_POINT('',(129.03686058201,171.81082336808,127.));
#1176 = CARTESIAN_POINT('',(129.64199793093,170.96129009764,127.));
#1177 = CARTESIAN_POINT('',(130.17020469368,170.07155303875,127.));
#1178 = CARTESIAN_POINT('',(130.61859299161,169.15436496193,127.));
#1179 = CARTESIAN_POINT('',(131.35623645748,167.28912846081,127.));
#1180 = CARTESIAN_POINT('',(131.64547552491,166.34105902435,127.));
#1181 = CARTESIAN_POINT('',(131.85531654329,165.38970667083,127.));
#1182 = CARTESIAN_POINT('',(131.98916823794,164.44651536621,127.));
#1183 = CARTESIAN_POINT('',(132.05274678111,163.52080697071,127.));
#1184 = CARTESIAN_POINT('',(132.05274678111,162.6197214813,127.));
#1185 = PCURVE('',#99,#1186);
#1186 = DEFINITIONAL_REPRESENTATION('',(#1187),#1210);
#1187 = B_SPLINE_CURVE_WITH_KNOTS('',6,(#1188,#1189,#1190,#1191,#1192,
    #1193,#1194,#1195,#1196,#1197,#1198,#1199,#1200,#1201,#1202,#1203,
    #1204,#1205,#1206,#1207,#1208,#1209),.UNSPECIFIED.,.F.,.F.,(7,5,5,5,
    7),(0.,0.249653957434,0.500000090197,0.749980095638,1.),
  .UNSPECIFIED.);
#1188 = CARTESIAN_POINT('',(116.8997214813,177.77274678111));
#1189 = CARTESIAN_POINT('',(117.7994880864,177.77274678111));
#1190 = CARTESIAN_POINT('',(118.72380552373,177.70935422949));
#1191 = CARTESIAN_POINT('',(119.6655651463,177.57590381316));
#1192 = CARTESIAN_POINT('',(120.61548919768,177.36670315378));
#1193 = CARTESIAN_POINT('',(121.56219002985,177.07835151167));
#1194 = CARTESIAN_POINT('',(123.42765166771,176.34187300224));
#1195 = CARTESIAN_POINT('',(124.34634392891,175.89329603271));
#1196 = CARTESIAN_POINT('',(125.23756071876,175.36465393502));
#1197 = CARTESIAN_POINT('',(126.08849046385,174.75883621474));
#1198 = CARTESIAN_POINT('',(126.88735484647,174.08251739237));
#1199 = CARTESIAN_POINT('',(128.36144168645,172.60843010684));
#1200 = CARTESIAN_POINT('',(129.03686058201,171.81082336808));
#1201 = CARTESIAN_POINT('',(129.64199793093,170.96129009764));
#1202 = CARTESIAN_POINT('',(130.17020469368,170.07155303875));
#1203 = CARTESIAN_POINT('',(130.61859299161,169.15436496193));
#1204 = CARTESIAN_POINT('',(131.35623645748,167.28912846081));
#1205 = CARTESIAN_POINT('',(131.64547552491,166.34105902435));
#1206 = CARTESIAN_POINT('',(131.85531654329,165.38970667083));
#1207 = CARTESIAN_POINT('',(131.98916823794,164.44651536621));
#1208 = CARTESIAN_POINT('',(132.05274678111,163.52080697071));
#1209 = CARTESIAN_POINT('',(132.05274678111,162.6197214813));
#1210 = ( GEOMETRIC_REPRESENTATION_CONTEXT(2) 
PARAMETRIC_REPRESENTATION_CONTEXT() REPRESENTATION_CONTEXT('2D SPACE',''
  ) );
#1211 = PCURVE('',#1212,#1237);
#1212 = ( BOUNDED_SURFACE() B_SPLINE_SURFACE(2,3,(
    (#1213,#1214,#1215,#1216,#1217,#1218,#1219,#1220)
    ,(#1221,#1222,#1223,#1224,#1225,#1226,#1227,#1228)
    ,(#1229,#1230,#1231,#1232,#1233,#1234,#1235,#1236
)),.UNSPECIFIED.,.F.,.F.,.F.) B_SPLINE_SURFACE_WITH_KNOTS((3,3),(4,2,2,4
    ),(0.,4.713342762838),(-0.351742426346,-6.328584926061E-02,
    4.650056913578,4.938513490663),.UNSPECIFIED.) 
GEOMETRIC_REPRESENTATION_ITEM() RATIONAL_B_SPLINE_SURFACE((
    (1.,1.,1.,1.,1.,1.,1.,1.)
    ,(0.711119340472,0.711119340472,0.711119340472,0.711119340472
      ,0.711119340472,0.711119340472,0.711119340472,0.711119340472)
,(1.,1.,1.,1.,1.,1.,1.,1.))) REPRESENTATION_ITEM('') SURFACE() );
#1213 = CARTESIAN_POINT('',(118.60276,149.16973470019,1.6461232));
#1214 = CARTESIAN_POINT('',(118.86184,149.42881470019,4.0607488));
#1215 = CARTESIAN_POINT('',(119.12092,149.68789470019,6.4753744));
#1216 = CARTESIAN_POINT('',(123.61333333333,154.18030803352,
    48.344666666667));
#1217 = CARTESIAN_POINT('',(127.84666666666,158.41364136685,
    87.799333333333));
#1218 = CARTESIAN_POINT('',(132.33908,162.90605470019,129.6686256));
#1219 = CARTESIAN_POINT('',(132.59816,163.16513470019,132.0832512));
#1220 = CARTESIAN_POINT('',(132.85724,163.42421470019,134.4978768));
#1221 = CARTESIAN_POINT('',(118.43223764971,164.15223764971,
    5.685489536041E-02));
#1222 = CARTESIAN_POINT('',(118.69131764971,164.41131764971,
    2.47148049536));
#1223 = CARTESIAN_POINT('',(118.95039764971,164.67039764971,
    4.88610609536));
#1224 = CARTESIAN_POINT('',(123.44281098305,169.16281098305,
    46.755398362027));
#1225 = CARTESIAN_POINT('',(127.67614431638,173.39614431638,
    86.210065028694));
#1226 = CARTESIAN_POINT('',(132.16855764971,177.88855764971,
    128.07935729536));
#1227 = CARTESIAN_POINT('',(132.42763764971,178.14763764971,
    130.49398289536));
#1228 = CARTESIAN_POINT('',(132.68671764971,178.40671764971,
    132.90860849536));
#1229 = CARTESIAN_POINT('',(103.44973470019,164.32276,1.6461232));
#1230 = CARTESIAN_POINT('',(103.70881470019,164.58184,4.0607488));
#1231 = CARTESIAN_POINT('',(103.96789470019,164.84092,6.4753744));
#1232 = CARTESIAN_POINT('',(108.46030803352,169.33333333333,
    48.344666666667));
#1233 = CARTESIAN_POINT('',(112.69364136685,173.56666666666,
    87.799333333333));
#1234 = CARTESIAN_POINT('',(117.18605470019,178.05908,129.6686256));
#1235 = CARTESIAN_POINT('',(117.44513470019,178.31816,132.0832512));
#1236 = CARTESIAN_POINT('',(117.70421470019,178.57724,134.4978768));
#1237 = DEFINITIONAL_REPRESENTATION('',(#1238),#1261);
#1238 = B_SPLINE_CURVE_WITH_KNOTS('',6,(#1239,#1240,#1241,#1242,#1243,
    #1244,#1245,#1246,#1247,#1248,#1249,#1250,#1251,#1252,#1253,#1254,
    #1255,#1256,#1257,#1258,#1259,#1260),.UNSPECIFIED.,.F.,.F.,(7,5,5,5,
    7),(0.,0.249653957434,0.500000090197,0.749980095638,1.),
  .UNSPECIFIED.);
#1239 = CARTESIAN_POINT('',(4.713342762838,4.63994244413));
#1240 = CARTESIAN_POINT('',(4.516559997441,4.643700274174));
#1241 = CARTESIAN_POINT('',(4.319946152808,4.647295883728));
#1242 = CARTESIAN_POINT('',(4.123498764638,4.650671746539));
#1243 = CARTESIAN_POINT('',(3.92720689206,4.653765340591));
#1244 = CARTESIAN_POINT('',(3.731049730887,4.656514902924));
#1245 = CARTESIAN_POINT('',(3.338420358148,4.661230044269));
#1246 = CARTESIAN_POINT('',(3.141944858873,4.663193457178));
#1247 = CARTESIAN_POINT('',(2.945563963799,4.664707732173));
#1248 = CARTESIAN_POINT('',(2.749246938334,4.665731430236));
#1249 = CARTESIAN_POINT('',(2.552957623818,4.666243235615));
#1250 = CARTESIAN_POINT('',(2.16067134822,4.666243233754));
#1251 = CARTESIAN_POINT('',(1.964669117451,4.665732922363));
#1252 = CARTESIAN_POINT('',(1.768639286087,4.664712215069));
#1253 = CARTESIAN_POINT('',(1.572545869492,4.663202301941));
#1254 = CARTESIAN_POINT('',(1.376358261499,4.661244383205));
#1255 = CARTESIAN_POINT('',(0.983730691548,4.656535047515));
#1256 = CARTESIAN_POINT('',(0.787286794195,4.653783475562));
#1257 = CARTESIAN_POINT('',(0.590707878764,4.650686590705));
#1258 = CARTESIAN_POINT('',(0.393973016257,4.647306424465));
#1259 = CARTESIAN_POINT('',(0.197071210979,4.643705782428));
#1260 = CARTESIAN_POINT('',(0.,4.63994244413));
#1261 = ( GEOMETRIC_REPRESENTATION_CONTEXT(2) 
PARAMETRIC_REPRESENTATION_CONTEXT() REPRESENTATION_CONTEXT('2D SPACE',''
  ) );
#1262 = ORIENTED_EDGE('',*,*,#1263,.T.);
#1263 = EDGE_CURVE('',#1159,#767,#1264,.T.);
#1264 = SURFACE_CURVE('',#1265,(#1268,#1274),.PCURVE_S1.);
#1265 = B_SPLINE_CURVE_WITH_KNOTS('',1,(#1266,#1267),.UNSPECIFIED.,.F.,
  .F.,(2,2),(0.,1.),.PIECEWISE_BEZIER_KNOTS.);
#1266 = CARTESIAN_POINT('',(132.05274678111,162.62205937766,127.));
#1267 = CARTESIAN_POINT('',(132.05274678111,-162.6220593776,127.));
#1268 = PCURVE('',#99,#1269);
#1269 = DEFINITIONAL_REPRESENTATION('',(#1270),#1273);
#1270 = B_SPLINE_CURVE_WITH_KNOTS('',1,(#1271,#1272),.UNSPECIFIED.,.F.,
  .F.,(2,2),(0.,1.),.PIECEWISE_BEZIER_KNOTS.);
#1271 = CARTESIAN_POINT('',(132.05274678111,162.62205937766));
#1272 = CARTESIAN_POINT('',(132.05274678111,-162.6220593776));
#1273 = ( GEOMETRIC_REPRESENTATION_CONTEXT(2) 
PARAMETRIC_REPRESENTATION_CONTEXT() REPRESENTATION_CONTEXT('2D SPACE',''
  ) );
#1274 = PCURVE('',#1275,#1280);
#1275 = B_SPLINE_SURFACE_WITH_KNOTS('',1,1,(
    (#1276,#1277)
    ,(#1278,#1279
    )),.UNSPECIFIED.,.F.,.F.,.F.,(2,2),(2,2),(0.,14.),(0.,1.),
  .PIECEWISE_BEZIER_KNOTS.);
#1276 = CARTESIAN_POINT('',(119.38,-165.1,8.89));
#1277 = CARTESIAN_POINT('',(132.08,-177.8,127.254));
#1278 = CARTESIAN_POINT('',(119.38,165.1,8.89));
#1279 = CARTESIAN_POINT('',(132.08,177.8,127.254));
#1280 = DEFINITIONAL_REPRESENTATION('',(#1281),#1284);
#1281 = B_SPLINE_CURVE_WITH_KNOTS('',1,(#1282,#1283),.UNSPECIFIED.,.F.,
  .F.,(2,2),(7.188127994125E-06,0.999992811872),
  .PIECEWISE_BEZIER_KNOTS.);
#1282 = CARTESIAN_POINT('',(13.403332743521,0.997854077253));
#1283 = CARTESIAN_POINT('',(0.596667256479,0.997854077253));
#1284 = ( GEOMETRIC_REPRESENTATION_CONTEXT(2) 
PARAMETRIC_REPRESENTATION_CONTEXT() REPRESENTATION_CONTEXT('2D SPACE',''
  ) );
#1285 = ADVANCED_FACE('',(#1286),#127,.T.);
#1286 = FACE_BOUND('',#1287,.T.);
#1287 = EDGE_LOOP('',(#1288,#1311,#1331,#1332));
#1288 = ORIENTED_EDGE('',*,*,#1289,.T.);
#1289 = EDGE_CURVE('',#112,#1290,#1292,.T.);
#1290 = VERTEX_POINT('',#1291);
#1291 = CARTESIAN_POINT('',(152.4,-177.8,115.57));
#1292 = SURFACE_CURVE('',#1293,(#1298,#1304),.PCURVE_S1.);
#1293 = CIRCLE('',#1294,12.7);
#1294 = AXIS2_PLACEMENT_3D('',#1295,#1296,#1297);
#1295 = CARTESIAN_POINT('',(139.7,-177.8,115.57));
#1296 = DIRECTION('',(0.,0.,1.));
#1297 = DIRECTION('',(0.,-1.,0.));
#1298 = PCURVE('',#127,#1299);
#1299 = DEFINITIONAL_REPRESENTATION('',(#1300),#1303);
#1300 = B_SPLINE_CURVE_WITH_KNOTS('',1,(#1301,#1302),.UNSPECIFIED.,.F.,
  .F.,(2,2),(0.,1.570796326795),.PIECEWISE_BEZIER_KNOTS.);
#1301 = CARTESIAN_POINT('',(0.,0.));
#1302 = CARTESIAN_POINT('',(1.570796326795,0.));
#1303 = ( GEOMETRIC_REPRESENTATION_CONTEXT(2) 
PARAMETRIC_REPRESENTATION_CONTEXT() REPRESENTATION_CONTEXT('2D SPACE',''
  ) );
#1304 = PCURVE('',#154,#1305);
#1305 = DEFINITIONAL_REPRESENTATION('',(#1306),#1310);
#1306 = CIRCLE('',#1307,12.7);
#1307 = AXIS2_PLACEMENT_2D('',#1308,#1309);
#1308 = CARTESIAN_POINT('',(139.7,-177.8));
#1309 = DIRECTION('',(0.,-1.));
#1310 = ( GEOMETRIC_REPRESENTATION_CONTEXT(2) 
PARAMETRIC_REPRESENTATION_CONTEXT() REPRESENTATION_CONTEXT('2D SPACE',''
  ) );
#1311 = ORIENTED_EDGE('',*,*,#1312,.T.);
#1312 = EDGE_CURVE('',#1290,#608,#1313,.T.);
#1313 = SURFACE_CURVE('',#1314,(#1318,#1324),.PCURVE_S1.);
#1314 = LINE('',#1315,#1316);
#1315 = CARTESIAN_POINT('',(152.4,-177.8,115.57));
#1316 = VECTOR('',#1317,1.);
#1317 = DIRECTION('',(0.,0.,1.));
#1318 = PCURVE('',#127,#1319);
#1319 = DEFINITIONAL_REPRESENTATION('',(#1320),#1323);
#1320 = B_SPLINE_CURVE_WITH_KNOTS('',1,(#1321,#1322),.UNSPECIFIED.,.F.,
  .F.,(2,2),(0.,11.43),.PIECEWISE_BEZIER_KNOTS.);
#1321 = CARTESIAN_POINT('',(1.570796326795,0.));
#1322 = CARTESIAN_POINT('',(1.570796326795,11.43));
#1323 = ( GEOMETRIC_REPRESENTATION_CONTEXT(2) 
PARAMETRIC_REPRESENTATION_CONTEXT() REPRESENTATION_CONTEXT('2D SPACE',''
  ) );
#1324 = PCURVE('',#646,#1325);
#1325 = DEFINITIONAL_REPRESENTATION('',(#1326),#1330);
#1326 = LINE('',#1327,#1328);
#1327 = CARTESIAN_POINT('',(12.7,0.));
#1328 = VECTOR('',#1329,1.);
#1329 = DIRECTION('',(0.,-1.));
#1330 = ( GEOMETRIC_REPRESENTATION_CONTEXT(2) 
PARAMETRIC_REPRESENTATION_CONTEXT() REPRESENTATION_CONTEXT('2D SPACE',''
  ) );
#1331 = ORIENTED_EDGE('',*,*,#607,.F.);
#1332 = ORIENTED_EDGE('',*,*,#111,.F.);
#1333 = ADVANCED_FACE('',(#1334),#154,.F.);
#1334 = FACE_BOUND('',#1335,.F.);
#1335 = EDGE_LOOP('',(#1336,#1337,#1360,#1388,#1416,#1444,#1472,#1493));
#1336 = ORIENTED_EDGE('',*,*,#1289,.T.);
#1337 = ORIENTED_EDGE('',*,*,#1338,.T.);
#1338 = EDGE_CURVE('',#1290,#1339,#1341,.T.);
#1339 = VERTEX_POINT('',#1340);
#1340 = CARTESIAN_POINT('',(152.4,-117.475,115.57));
#1341 = SURFACE_CURVE('',#1342,(#1346,#1353),.PCURVE_S1.);
#1342 = LINE('',#1343,#1344);
#1343 = CARTESIAN_POINT('',(152.4,-190.5,115.57));
#1344 = VECTOR('',#1345,1.);
#1345 = DIRECTION('',(0.,1.,0.));
#1346 = PCURVE('',#154,#1347);
#1347 = DEFINITIONAL_REPRESENTATION('',(#1348),#1352);
#1348 = LINE('',#1349,#1350);
#1349 = CARTESIAN_POINT('',(152.4,-190.5));
#1350 = VECTOR('',#1351,1.);
#1351 = DIRECTION('',(0.,1.));
#1352 = ( GEOMETRIC_REPRESENTATION_CONTEXT(2) 
PARAMETRIC_REPRESENTATION_CONTEXT() REPRESENTATION_CONTEXT('2D SPACE',''
  ) );
#1353 = PCURVE('',#646,#1354);
#1354 = DEFINITIONAL_REPRESENTATION('',(#1355),#1359);
#1355 = LINE('',#1356,#1357);
#1356 = CARTESIAN_POINT('',(0.,0.));
#1357 = VECTOR('',#1358,1.);
#1358 = DIRECTION('',(1.,0.));
#1359 = ( GEOMETRIC_REPRESENTATION_CONTEXT(2) 
PARAMETRIC_REPRESENTATION_CONTEXT() REPRESENTATION_CONTEXT('2D SPACE',''
  ) );
#1360 = ORIENTED_EDGE('',*,*,#1361,.F.);
#1361 = EDGE_CURVE('',#1362,#1339,#1364,.T.);
#1362 = VERTEX_POINT('',#1363);
#1363 = CARTESIAN_POINT('',(150.368,-117.475,115.57));
#1364 = SURFACE_CURVE('',#1365,(#1369,#1376),.PCURVE_S1.);
#1365 = LINE('',#1366,#1367);
#1366 = CARTESIAN_POINT('',(149.098,-117.475,115.57));
#1367 = VECTOR('',#1368,1.);
#1368 = DIRECTION('',(1.,0.,0.));
#1369 = PCURVE('',#154,#1370);
#1370 = DEFINITIONAL_REPRESENTATION('',(#1371),#1375);
#1371 = LINE('',#1372,#1373);
#1372 = CARTESIAN_POINT('',(149.098,-117.475));
#1373 = VECTOR('',#1374,1.);
#1374 = DIRECTION('',(1.,0.));
#1375 = ( GEOMETRIC_REPRESENTATION_CONTEXT(2) 
PARAMETRIC_REPRESENTATION_CONTEXT() REPRESENTATION_CONTEXT('2D SPACE',''
  ) );
#1376 = PCURVE('',#1377,#1382);
#1377 = PLANE('',#1378);
#1378 = AXIS2_PLACEMENT_3D('',#1379,#1380,#1381);
#1379 = CARTESIAN_POINT('',(149.098,-117.475,6.35));
#1380 = DIRECTION('',(0.,1.,0.));
#1381 = DIRECTION('',(0.,0.,1.));
#1382 = DEFINITIONAL_REPRESENTATION('',(#1383),#1387);
#1383 = LINE('',#1384,#1385);
#1384 = CARTESIAN_POINT('',(109.22,0.));
#1385 = VECTOR('',#1386,1.);
#1386 = DIRECTION('',(0.,1.));
#1387 = ( GEOMETRIC_REPRESENTATION_CONTEXT(2) 
PARAMETRIC_REPRESENTATION_CONTEXT() REPRESENTATION_CONTEXT('2D SPACE',''
  ) );
#1388 = ORIENTED_EDGE('',*,*,#1389,.F.);
#1389 = EDGE_CURVE('',#1390,#1362,#1392,.T.);
#1390 = VERTEX_POINT('',#1391);
#1391 = CARTESIAN_POINT('',(150.368,-177.8,115.57));
#1392 = SURFACE_CURVE('',#1393,(#1397,#1404),.PCURVE_S1.);
#1393 = LINE('',#1394,#1395);
#1394 = CARTESIAN_POINT('',(150.368,-188.468,115.57));
#1395 = VECTOR('',#1396,1.);
#1396 = DIRECTION('',(0.,1.,0.));
#1397 = PCURVE('',#154,#1398);
#1398 = DEFINITIONAL_REPRESENTATION('',(#1399),#1403);
#1399 = LINE('',#1400,#1401);
#1400 = CARTESIAN_POINT('',(150.368,-188.468));
#1401 = VECTOR('',#1402,1.);
#1402 = DIRECTION('',(0.,1.));
#1403 = ( GEOMETRIC_REPRESENTATION_CONTEXT(2) 
PARAMETRIC_REPRESENTATION_CONTEXT() REPRESENTATION_CONTEXT('2D SPACE',''
  ) );
#1404 = PCURVE('',#1405,#1410);
#1405 = PLANE('',#1406);
#1406 = AXIS2_PLACEMENT_3D('',#1407,#1408,#1409);
#1407 = CARTESIAN_POINT('',(150.368,-188.468,6.35));
#1408 = DIRECTION('',(-1.,0.,0.));
#1409 = DIRECTION('',(0.,1.,0.));
#1410 = DEFINITIONAL_REPRESENTATION('',(#1411),#1415);
#1411 = LINE('',#1412,#1413);
#1412 = CARTESIAN_POINT('',(0.,-109.22));
#1413 = VECTOR('',#1414,1.);
#1414 = DIRECTION('',(1.,0.));
#1415 = ( GEOMETRIC_REPRESENTATION_CONTEXT(2) 
PARAMETRIC_REPRESENTATION_CONTEXT() REPRESENTATION_CONTEXT('2D SPACE',''
  ) );
#1416 = ORIENTED_EDGE('',*,*,#1417,.F.);
#1417 = EDGE_CURVE('',#1418,#1390,#1420,.T.);
#1418 = VERTEX_POINT('',#1419);
#1419 = CARTESIAN_POINT('',(139.7,-188.468,115.57));
#1420 = SURFACE_CURVE('',#1421,(#1426,#1433),.PCURVE_S1.);
#1421 = CIRCLE('',#1422,10.668);
#1422 = AXIS2_PLACEMENT_3D('',#1423,#1424,#1425);
#1423 = CARTESIAN_POINT('',(139.7,-177.8,115.57));
#1424 = DIRECTION('',(0.,0.,1.));
#1425 = DIRECTION('',(0.,-1.,0.));
#1426 = PCURVE('',#154,#1427);
#1427 = DEFINITIONAL_REPRESENTATION('',(#1428),#1432);
#1428 = CIRCLE('',#1429,10.668);
#1429 = AXIS2_PLACEMENT_2D('',#1430,#1431);
#1430 = CARTESIAN_POINT('',(139.7,-177.8));
#1431 = DIRECTION('',(0.,-1.));
#1432 = ( GEOMETRIC_REPRESENTATION_CONTEXT(2) 
PARAMETRIC_REPRESENTATION_CONTEXT() REPRESENTATION_CONTEXT('2D SPACE',''
  ) );
#1433 = PCURVE('',#1434,#1439);
#1434 = CYLINDRICAL_SURFACE('',#1435,10.668);
#1435 = AXIS2_PLACEMENT_3D('',#1436,#1437,#1438);
#1436 = CARTESIAN_POINT('',(139.7,-177.8,6.35));
#1437 = DIRECTION('',(0.,0.,1.));
#1438 = DIRECTION('',(0.,-1.,0.));
#1439 = DEFINITIONAL_REPRESENTATION('',(#1440),#1443);
#1440 = B_SPLINE_CURVE_WITH_KNOTS('',1,(#1441,#1442),.UNSPECIFIED.,.F.,
  .F.,(2,2),(0.,1.570796326795),.PIECEWISE_BEZIER_KNOTS.);
#1441 = CARTESIAN_POINT('',(0.,109.22));
#1442 = CARTESIAN_POINT('',(1.570796326795,109.22));
#1443 = ( GEOMETRIC_REPRESENTATION_CONTEXT(2) 
PARAMETRIC_REPRESENTATION_CONTEXT() REPRESENTATION_CONTEXT('2D SPACE',''
  ) );
#1444 = ORIENTED_EDGE('',*,*,#1445,.F.);
#1445 = EDGE_CURVE('',#1446,#1418,#1448,.T.);
#1446 = VERTEX_POINT('',#1447);
#1447 = CARTESIAN_POINT('',(92.075,-188.468,115.57));
#1448 = SURFACE_CURVE('',#1449,(#1453,#1460),.PCURVE_S1.);
#1449 = LINE('',#1450,#1451);
#1450 = CARTESIAN_POINT('',(-150.368,-188.468,115.57));
#1451 = VECTOR('',#1452,1.);
#1452 = DIRECTION('',(1.,0.,0.));
#1453 = PCURVE('',#154,#1454);
#1454 = DEFINITIONAL_REPRESENTATION('',(#1455),#1459);
#1455 = LINE('',#1456,#1457);
#1456 = CARTESIAN_POINT('',(-150.368,-188.468));
#1457 = VECTOR('',#1458,1.);
#1458 = DIRECTION('',(1.,0.));
#1459 = ( GEOMETRIC_REPRESENTATION_CONTEXT(2) 
PARAMETRIC_REPRESENTATION_CONTEXT() REPRESENTATION_CONTEXT('2D SPACE',''
  ) );
#1460 = PCURVE('',#1461,#1466);
#1461 = PLANE('',#1462);
#1462 = AXIS2_PLACEMENT_3D('',#1463,#1464,#1465);
#1463 = CARTESIAN_POINT('',(-150.368,-188.468,6.35));
#1464 = DIRECTION('',(0.,1.,0.));
#1465 = DIRECTION('',(1.,0.,0.));
#1466 = DEFINITIONAL_REPRESENTATION('',(#1467),#1471);
#1467 = LINE('',#1468,#1469);
#1468 = CARTESIAN_POINT('',(0.,-109.22));
#1469 = VECTOR('',#1470,1.);
#1470 = DIRECTION('',(1.,0.));
#1471 = ( GEOMETRIC_REPRESENTATION_CONTEXT(2) 
PARAMETRIC_REPRESENTATION_CONTEXT() REPRESENTATION_CONTEXT('2D SPACE',''
  ) );
#1472 = ORIENTED_EDGE('',*,*,#1473,.F.);
#1473 = EDGE_CURVE('',#139,#1446,#1474,.T.);
#1474 = SURFACE_CURVE('',#1475,(#1479,#1486),.PCURVE_S1.);
#1475 = LINE('',#1476,#1477);
#1476 = CARTESIAN_POINT('',(92.075,-190.5,115.57));
#1477 = VECTOR('',#1478,1.);
#1478 = DIRECTION('',(0.,1.,0.));
#1479 = PCURVE('',#154,#1480);
#1480 = DEFINITIONAL_REPRESENTATION('',(#1481),#1485);
#1481 = LINE('',#1482,#1483);
#1482 = CARTESIAN_POINT('',(92.075,-190.5));
#1483 = VECTOR('',#1484,1.);
#1484 = DIRECTION('',(0.,1.));
#1485 = ( GEOMETRIC_REPRESENTATION_CONTEXT(2) 
PARAMETRIC_REPRESENTATION_CONTEXT() REPRESENTATION_CONTEXT('2D SPACE',''
  ) );
#1486 = PCURVE('',#182,#1487);
#1487 = DEFINITIONAL_REPRESENTATION('',(#1488),#1492);
#1488 = LINE('',#1489,#1490);
#1489 = CARTESIAN_POINT('',(109.22,0.));
#1490 = VECTOR('',#1491,1.);
#1491 = DIRECTION('',(0.,-1.));
#1492 = ( GEOMETRIC_REPRESENTATION_CONTEXT(2) 
PARAMETRIC_REPRESENTATION_CONTEXT() REPRESENTATION_CONTEXT('2D SPACE',''
  ) );
#1493 = ORIENTED_EDGE('',*,*,#138,.T.);
#1494 = ADVANCED_FACE('',(#1495),#182,.T.);
#1495 = FACE_BOUND('',#1496,.T.);
#1496 = EDGE_LOOP('',(#1497,#1498,#1499,#1522));
#1497 = ORIENTED_EDGE('',*,*,#1473,.F.);
#1498 = ORIENTED_EDGE('',*,*,#166,.F.);
#1499 = ORIENTED_EDGE('',*,*,#1500,.T.);
#1500 = EDGE_CURVE('',#167,#1501,#1503,.T.);
#1501 = VERTEX_POINT('',#1502);
#1502 = CARTESIAN_POINT('',(92.075,-188.468,6.35));
#1503 = SURFACE_CURVE('',#1504,(#1508,#1515),.PCURVE_S1.);
#1504 = LINE('',#1505,#1506);
#1505 = CARTESIAN_POINT('',(92.075,-190.5,6.35));
#1506 = VECTOR('',#1507,1.);
#1507 = DIRECTION('',(0.,1.,0.));
#1508 = PCURVE('',#182,#1509);
#1509 = DEFINITIONAL_REPRESENTATION('',(#1510),#1514);
#1510 = LINE('',#1511,#1512);
#1511 = CARTESIAN_POINT('',(0.,0.));
#1512 = VECTOR('',#1513,1.);
#1513 = DIRECTION('',(0.,-1.));
#1514 = ( GEOMETRIC_REPRESENTATION_CONTEXT(2) 
PARAMETRIC_REPRESENTATION_CONTEXT() REPRESENTATION_CONTEXT('2D SPACE',''
  ) );
#1515 = PCURVE('',#210,#1516);
#1516 = DEFINITIONAL_REPRESENTATION('',(#1517),#1521);
#1517 = LINE('',#1518,#1519);
#1518 = CARTESIAN_POINT('',(184.15,0.));
#1519 = VECTOR('',#1520,1.);
#1520 = DIRECTION('',(0.,1.));
#1521 = ( GEOMETRIC_REPRESENTATION_CONTEXT(2) 
PARAMETRIC_REPRESENTATION_CONTEXT() REPRESENTATION_CONTEXT('2D SPACE',''
  ) );
#1522 = ORIENTED_EDGE('',*,*,#1523,.F.);
#1523 = EDGE_CURVE('',#1446,#1501,#1524,.T.);
#1524 = SURFACE_CURVE('',#1525,(#1529,#1536),.PCURVE_S1.);
#1525 = LINE('',#1526,#1527);
#1526 = CARTESIAN_POINT('',(92.075,-188.468,6.35));
#1527 = VECTOR('',#1528,1.);
#1528 = DIRECTION('',(0.,0.,-1.));
#1529 = PCURVE('',#182,#1530);
#1530 = DEFINITIONAL_REPRESENTATION('',(#1531),#1535);
#1531 = LINE('',#1532,#1533);
#1532 = CARTESIAN_POINT('',(0.,-2.032));
#1533 = VECTOR('',#1534,1.);
#1534 = DIRECTION('',(-1.,0.));
#1535 = ( GEOMETRIC_REPRESENTATION_CONTEXT(2) 
PARAMETRIC_REPRESENTATION_CONTEXT() REPRESENTATION_CONTEXT('2D SPACE',''
  ) );
#1536 = PCURVE('',#1461,#1537);
#1537 = DEFINITIONAL_REPRESENTATION('',(#1538),#1542);
#1538 = LINE('',#1539,#1540);
#1539 = CARTESIAN_POINT('',(242.443,0.));
#1540 = VECTOR('',#1541,1.);
#1541 = DIRECTION('',(0.,1.));
#1542 = ( GEOMETRIC_REPRESENTATION_CONTEXT(2) 
PARAMETRIC_REPRESENTATION_CONTEXT() REPRESENTATION_CONTEXT('2D SPACE',''
  ) );
#1543 = ADVANCED_FACE('',(#1544,#2500),#210,.F.);
#1544 = FACE_BOUND('',#1545,.F.);
#1545 = EDGE_LOOP('',(#1546,#1569,#1570,#1593,#1621,#1642,#1643,#1644,
    #1667,#1690,#1713,#1736,#1759,#1787,#1815,#1843,#1866,#1894,#1922,
    #1950,#1978,#2006,#2029,#2057,#2085,#2113,#2136,#2164,#2192,#2220,
    #2248,#2276,#2299,#2327,#2355,#2383,#2406,#2429,#2452,#2479));
#1546 = ORIENTED_EDGE('',*,*,#1547,.F.);
#1547 = EDGE_CURVE('',#307,#1548,#1550,.T.);
#1548 = VERTEX_POINT('',#1549);
#1549 = CARTESIAN_POINT('',(-92.075,-188.468,6.35));
#1550 = SURFACE_CURVE('',#1551,(#1555,#1562),.PCURVE_S1.);
#1551 = LINE('',#1552,#1553);
#1552 = CARTESIAN_POINT('',(-92.075,-190.5,6.35));
#1553 = VECTOR('',#1554,1.);
#1554 = DIRECTION('',(0.,1.,0.));
#1555 = PCURVE('',#210,#1556);
#1556 = DEFINITIONAL_REPRESENTATION('',(#1557),#1561);
#1557 = LINE('',#1558,#1559);
#1558 = CARTESIAN_POINT('',(0.,0.));
#1559 = VECTOR('',#1560,1.);
#1560 = DIRECTION('',(0.,1.));
#1561 = ( GEOMETRIC_REPRESENTATION_CONTEXT(2) 
PARAMETRIC_REPRESENTATION_CONTEXT() REPRESENTATION_CONTEXT('2D SPACE',''
  ) );
#1562 = PCURVE('',#343,#1563);
#1563 = DEFINITIONAL_REPRESENTATION('',(#1564),#1568);
#1564 = LINE('',#1565,#1566);
#1565 = CARTESIAN_POINT('',(0.,0.));
#1566 = VECTOR('',#1567,1.);
#1567 = DIRECTION('',(0.,-1.));
#1568 = ( GEOMETRIC_REPRESENTATION_CONTEXT(2) 
PARAMETRIC_REPRESENTATION_CONTEXT() REPRESENTATION_CONTEXT('2D SPACE',''
  ) );
#1569 = ORIENTED_EDGE('',*,*,#306,.T.);
#1570 = ORIENTED_EDGE('',*,*,#1571,.T.);
#1571 = EDGE_CURVE('',#279,#1572,#1574,.T.);
#1572 = VERTEX_POINT('',#1573);
#1573 = CARTESIAN_POINT('',(-85.725,-188.468,6.35));
#1574 = SURFACE_CURVE('',#1575,(#1579,#1586),.PCURVE_S1.);
#1575 = LINE('',#1576,#1577);
#1576 = CARTESIAN_POINT('',(-85.725,-190.5,6.35));
#1577 = VECTOR('',#1578,1.);
#1578 = DIRECTION('',(0.,1.,0.));
#1579 = PCURVE('',#210,#1580);
#1580 = DEFINITIONAL_REPRESENTATION('',(#1581),#1585);
#1581 = LINE('',#1582,#1583);
#1582 = CARTESIAN_POINT('',(6.35,0.));
#1583 = VECTOR('',#1584,1.);
#1584 = DIRECTION('',(0.,1.));
#1585 = ( GEOMETRIC_REPRESENTATION_CONTEXT(2) 
PARAMETRIC_REPRESENTATION_CONTEXT() REPRESENTATION_CONTEXT('2D SPACE',''
  ) );
#1586 = PCURVE('',#294,#1587);
#1587 = DEFINITIONAL_REPRESENTATION('',(#1588),#1592);
#1588 = LINE('',#1589,#1590);
#1589 = CARTESIAN_POINT('',(0.,0.));
#1590 = VECTOR('',#1591,1.);
#1591 = DIRECTION('',(0.,-1.));
#1592 = ( GEOMETRIC_REPRESENTATION_CONTEXT(2) 
PARAMETRIC_REPRESENTATION_CONTEXT() REPRESENTATION_CONTEXT('2D SPACE',''
  ) );
#1593 = ORIENTED_EDGE('',*,*,#1594,.T.);
#1594 = EDGE_CURVE('',#1572,#1595,#1597,.T.);
#1595 = VERTEX_POINT('',#1596);
#1596 = CARTESIAN_POINT('',(85.725,-188.468,6.35));
#1597 = SURFACE_CURVE('',#1598,(#1602,#1609),.PCURVE_S1.);
#1598 = LINE('',#1599,#1600);
#1599 = CARTESIAN_POINT('',(-150.368,-188.468,6.35));
#1600 = VECTOR('',#1601,1.);
#1601 = DIRECTION('',(1.,0.,0.));
#1602 = PCURVE('',#210,#1603);
#1603 = DEFINITIONAL_REPRESENTATION('',(#1604),#1608);
#1604 = LINE('',#1605,#1606);
#1605 = CARTESIAN_POINT('',(-58.293,2.032));
#1606 = VECTOR('',#1607,1.);
#1607 = DIRECTION('',(1.,0.));
#1608 = ( GEOMETRIC_REPRESENTATION_CONTEXT(2) 
PARAMETRIC_REPRESENTATION_CONTEXT() REPRESENTATION_CONTEXT('2D SPACE',''
  ) );
#1609 = PCURVE('',#1610,#1615);
#1610 = PLANE('',#1611);
#1611 = AXIS2_PLACEMENT_3D('',#1612,#1613,#1614);
#1612 = CARTESIAN_POINT('',(-150.368,-188.468,6.35));
#1613 = DIRECTION('',(0.,1.,0.));
#1614 = DIRECTION('',(1.,0.,0.));
#1615 = DEFINITIONAL_REPRESENTATION('',(#1616),#1620);
#1616 = LINE('',#1617,#1618);
#1617 = CARTESIAN_POINT('',(0.,0.));
#1618 = VECTOR('',#1619,1.);
#1619 = DIRECTION('',(1.,0.));
#1620 = ( GEOMETRIC_REPRESENTATION_CONTEXT(2) 
PARAMETRIC_REPRESENTATION_CONTEXT() REPRESENTATION_CONTEXT('2D SPACE',''
  ) );
#1621 = ORIENTED_EDGE('',*,*,#1622,.F.);
#1622 = EDGE_CURVE('',#195,#1595,#1623,.T.);
#1623 = SURFACE_CURVE('',#1624,(#1628,#1635),.PCURVE_S1.);
#1624 = LINE('',#1625,#1626);
#1625 = CARTESIAN_POINT('',(85.725,-190.5,6.35));
#1626 = VECTOR('',#1627,1.);
#1627 = DIRECTION('',(0.,1.,0.));
#1628 = PCURVE('',#210,#1629);
#1629 = DEFINITIONAL_REPRESENTATION('',(#1630),#1634);
#1630 = LINE('',#1631,#1632);
#1631 = CARTESIAN_POINT('',(177.8,0.));
#1632 = VECTOR('',#1633,1.);
#1633 = DIRECTION('',(0.,1.));
#1634 = ( GEOMETRIC_REPRESENTATION_CONTEXT(2) 
PARAMETRIC_REPRESENTATION_CONTEXT() REPRESENTATION_CONTEXT('2D SPACE',''
  ) );
#1635 = PCURVE('',#238,#1636);
#1636 = DEFINITIONAL_REPRESENTATION('',(#1637),#1641);
#1637 = LINE('',#1638,#1639);
#1638 = CARTESIAN_POINT('',(0.,0.));
#1639 = VECTOR('',#1640,1.);
#1640 = DIRECTION('',(0.,-1.));
#1641 = ( GEOMETRIC_REPRESENTATION_CONTEXT(2) 
PARAMETRIC_REPRESENTATION_CONTEXT() REPRESENTATION_CONTEXT('2D SPACE',''
  ) );
#1642 = ORIENTED_EDGE('',*,*,#194,.T.);
#1643 = ORIENTED_EDGE('',*,*,#1500,.T.);
#1644 = ORIENTED_EDGE('',*,*,#1645,.T.);
#1645 = EDGE_CURVE('',#1501,#1646,#1648,.T.);
#1646 = VERTEX_POINT('',#1647);
#1647 = CARTESIAN_POINT('',(139.7,-188.468,6.35));
#1648 = SURFACE_CURVE('',#1649,(#1653,#1660),.PCURVE_S1.);
#1649 = LINE('',#1650,#1651);
#1650 = CARTESIAN_POINT('',(-150.368,-188.468,6.35));
#1651 = VECTOR('',#1652,1.);
#1652 = DIRECTION('',(1.,0.,0.));
#1653 = PCURVE('',#210,#1654);
#1654 = DEFINITIONAL_REPRESENTATION('',(#1655),#1659);
#1655 = LINE('',#1656,#1657);
#1656 = CARTESIAN_POINT('',(-58.293,2.032));
#1657 = VECTOR('',#1658,1.);
#1658 = DIRECTION('',(1.,0.));
#1659 = ( GEOMETRIC_REPRESENTATION_CONTEXT(2) 
PARAMETRIC_REPRESENTATION_CONTEXT() REPRESENTATION_CONTEXT('2D SPACE',''
  ) );
#1660 = PCURVE('',#1461,#1661);
#1661 = DEFINITIONAL_REPRESENTATION('',(#1662),#1666);
#1662 = LINE('',#1663,#1664);
#1663 = CARTESIAN_POINT('',(0.,0.));
#1664 = VECTOR('',#1665,1.);
#1665 = DIRECTION('',(1.,0.));
#1666 = ( GEOMETRIC_REPRESENTATION_CONTEXT(2) 
PARAMETRIC_REPRESENTATION_CONTEXT() REPRESENTATION_CONTEXT('2D SPACE',''
  ) );
#1667 = ORIENTED_EDGE('',*,*,#1668,.T.);
#1668 = EDGE_CURVE('',#1646,#1669,#1671,.T.);
#1669 = VERTEX_POINT('',#1670);
#1670 = CARTESIAN_POINT('',(150.368,-177.8,6.35));
#1671 = SURFACE_CURVE('',#1672,(#1677,#1684),.PCURVE_S1.);
#1672 = CIRCLE('',#1673,10.668);
#1673 = AXIS2_PLACEMENT_3D('',#1674,#1675,#1676);
#1674 = CARTESIAN_POINT('',(139.7,-177.8,6.35));
#1675 = DIRECTION('',(0.,0.,1.));
#1676 = DIRECTION('',(0.,-1.,0.));
#1677 = PCURVE('',#210,#1678);
#1678 = DEFINITIONAL_REPRESENTATION('',(#1679),#1683);
#1679 = CIRCLE('',#1680,10.668);
#1680 = AXIS2_PLACEMENT_2D('',#1681,#1682);
#1681 = CARTESIAN_POINT('',(231.775,12.7));
#1682 = DIRECTION('',(0.,-1.));
#1683 = ( GEOMETRIC_REPRESENTATION_CONTEXT(2) 
PARAMETRIC_REPRESENTATION_CONTEXT() REPRESENTATION_CONTEXT('2D SPACE',''
  ) );
#1684 = PCURVE('',#1434,#1685);
#1685 = DEFINITIONAL_REPRESENTATION('',(#1686),#1689);
#1686 = B_SPLINE_CURVE_WITH_KNOTS('',1,(#1687,#1688),.UNSPECIFIED.,.F.,
  .F.,(2,2),(0.,1.570796326795),.PIECEWISE_BEZIER_KNOTS.);
#1687 = CARTESIAN_POINT('',(0.,0.));
#1688 = CARTESIAN_POINT('',(1.570796326795,0.));
#1689 = ( GEOMETRIC_REPRESENTATION_CONTEXT(2) 
PARAMETRIC_REPRESENTATION_CONTEXT() REPRESENTATION_CONTEXT('2D SPACE',''
  ) );
#1690 = ORIENTED_EDGE('',*,*,#1691,.T.);
#1691 = EDGE_CURVE('',#1669,#1692,#1694,.T.);
#1692 = VERTEX_POINT('',#1693);
#1693 = CARTESIAN_POINT('',(150.368,-117.475,6.35));
#1694 = SURFACE_CURVE('',#1695,(#1699,#1706),.PCURVE_S1.);
#1695 = LINE('',#1696,#1697);
#1696 = CARTESIAN_POINT('',(150.368,-188.468,6.35));
#1697 = VECTOR('',#1698,1.);
#1698 = DIRECTION('',(0.,1.,0.));
#1699 = PCURVE('',#210,#1700);
#1700 = DEFINITIONAL_REPRESENTATION('',(#1701),#1705);
#1701 = LINE('',#1702,#1703);
#1702 = CARTESIAN_POINT('',(242.443,2.032));
#1703 = VECTOR('',#1704,1.);
#1704 = DIRECTION('',(0.,1.));
#1705 = ( GEOMETRIC_REPRESENTATION_CONTEXT(2) 
PARAMETRIC_REPRESENTATION_CONTEXT() REPRESENTATION_CONTEXT('2D SPACE',''
  ) );
#1706 = PCURVE('',#1405,#1707);
#1707 = DEFINITIONAL_REPRESENTATION('',(#1708),#1712);
#1708 = LINE('',#1709,#1710);
#1709 = CARTESIAN_POINT('',(0.,0.));
#1710 = VECTOR('',#1711,1.);
#1711 = DIRECTION('',(1.,0.));
#1712 = ( GEOMETRIC_REPRESENTATION_CONTEXT(2) 
PARAMETRIC_REPRESENTATION_CONTEXT() REPRESENTATION_CONTEXT('2D SPACE',''
  ) );
#1713 = ORIENTED_EDGE('',*,*,#1714,.T.);
#1714 = EDGE_CURVE('',#1692,#1715,#1717,.T.);
#1715 = VERTEX_POINT('',#1716);
#1716 = CARTESIAN_POINT('',(152.4,-117.475,6.35));
#1717 = SURFACE_CURVE('',#1718,(#1722,#1729),.PCURVE_S1.);
#1718 = LINE('',#1719,#1720);
#1719 = CARTESIAN_POINT('',(149.098,-117.475,6.35));
#1720 = VECTOR('',#1721,1.);
#1721 = DIRECTION('',(1.,0.,0.));
#1722 = PCURVE('',#210,#1723);
#1723 = DEFINITIONAL_REPRESENTATION('',(#1724),#1728);
#1724 = LINE('',#1725,#1726);
#1725 = CARTESIAN_POINT('',(241.173,73.025));
#1726 = VECTOR('',#1727,1.);
#1727 = DIRECTION('',(1.,0.));
#1728 = ( GEOMETRIC_REPRESENTATION_CONTEXT(2) 
PARAMETRIC_REPRESENTATION_CONTEXT() REPRESENTATION_CONTEXT('2D SPACE',''
  ) );
#1729 = PCURVE('',#1377,#1730);
#1730 = DEFINITIONAL_REPRESENTATION('',(#1731),#1735);
#1731 = LINE('',#1732,#1733);
#1732 = CARTESIAN_POINT('',(0.,0.));
#1733 = VECTOR('',#1734,1.);
#1734 = DIRECTION('',(0.,1.));
#1735 = ( GEOMETRIC_REPRESENTATION_CONTEXT(2) 
PARAMETRIC_REPRESENTATION_CONTEXT() REPRESENTATION_CONTEXT('2D SPACE',''
  ) );
#1736 = ORIENTED_EDGE('',*,*,#1737,.T.);
#1737 = EDGE_CURVE('',#1715,#1738,#1740,.T.);
#1738 = VERTEX_POINT('',#1739);
#1739 = CARTESIAN_POINT('',(152.4,-111.125,6.35));
#1740 = SURFACE_CURVE('',#1741,(#1745,#1752),.PCURVE_S1.);
#1741 = LINE('',#1742,#1743);
#1742 = CARTESIAN_POINT('',(152.4,-117.475,6.35));
#1743 = VECTOR('',#1744,1.);
#1744 = DIRECTION('',(0.,1.,0.));
#1745 = PCURVE('',#210,#1746);
#1746 = DEFINITIONAL_REPRESENTATION('',(#1747),#1751);
#1747 = LINE('',#1748,#1749);
#1748 = CARTESIAN_POINT('',(244.475,73.025));
#1749 = VECTOR('',#1750,1.);
#1750 = DIRECTION('',(0.,1.));
#1751 = ( GEOMETRIC_REPRESENTATION_CONTEXT(2) 
PARAMETRIC_REPRESENTATION_CONTEXT() REPRESENTATION_CONTEXT('2D SPACE',''
  ) );
#1752 = PCURVE('',#646,#1753);
#1753 = DEFINITIONAL_REPRESENTATION('',(#1754),#1758);
#1754 = LINE('',#1755,#1756);
#1755 = CARTESIAN_POINT('',(73.025,109.22));
#1756 = VECTOR('',#1757,1.);
#1757 = DIRECTION('',(1.,0.));
#1758 = ( GEOMETRIC_REPRESENTATION_CONTEXT(2) 
PARAMETRIC_REPRESENTATION_CONTEXT() REPRESENTATION_CONTEXT('2D SPACE',''
  ) );
#1759 = ORIENTED_EDGE('',*,*,#1760,.F.);
#1760 = EDGE_CURVE('',#1761,#1738,#1763,.T.);
#1761 = VERTEX_POINT('',#1762);
#1762 = CARTESIAN_POINT('',(150.368,-111.125,6.35));
#1763 = SURFACE_CURVE('',#1764,(#1768,#1775),.PCURVE_S1.);
#1764 = LINE('',#1765,#1766);
#1765 = CARTESIAN_POINT('',(149.098,-111.125,6.35));
#1766 = VECTOR('',#1767,1.);
#1767 = DIRECTION('',(1.,0.,0.));
#1768 = PCURVE('',#210,#1769);
#1769 = DEFINITIONAL_REPRESENTATION('',(#1770),#1774);
#1770 = LINE('',#1771,#1772);
#1771 = CARTESIAN_POINT('',(241.173,79.375));
#1772 = VECTOR('',#1773,1.);
#1773 = DIRECTION('',(1.,0.));
#1774 = ( GEOMETRIC_REPRESENTATION_CONTEXT(2) 
PARAMETRIC_REPRESENTATION_CONTEXT() REPRESENTATION_CONTEXT('2D SPACE',''
  ) );
#1775 = PCURVE('',#1776,#1781);
#1776 = PLANE('',#1777);
#1777 = AXIS2_PLACEMENT_3D('',#1778,#1779,#1780);
#1778 = CARTESIAN_POINT('',(149.098,-111.125,6.35));
#1779 = DIRECTION('',(0.,1.,0.));
#1780 = DIRECTION('',(0.,0.,1.));
#1781 = DEFINITIONAL_REPRESENTATION('',(#1782),#1786);
#1782 = LINE('',#1783,#1784);
#1783 = CARTESIAN_POINT('',(0.,0.));
#1784 = VECTOR('',#1785,1.);
#1785 = DIRECTION('',(0.,1.));
#1786 = ( GEOMETRIC_REPRESENTATION_CONTEXT(2) 
PARAMETRIC_REPRESENTATION_CONTEXT() REPRESENTATION_CONTEXT('2D SPACE',''
  ) );
#1787 = ORIENTED_EDGE('',*,*,#1788,.T.);
#1788 = EDGE_CURVE('',#1761,#1789,#1791,.T.);
#1789 = VERTEX_POINT('',#1790);
#1790 = CARTESIAN_POINT('',(150.368,111.125,6.35));
#1791 = SURFACE_CURVE('',#1792,(#1796,#1803),.PCURVE_S1.);
#1792 = LINE('',#1793,#1794);
#1793 = CARTESIAN_POINT('',(150.368,-188.468,6.35));
#1794 = VECTOR('',#1795,1.);
#1795 = DIRECTION('',(0.,1.,0.));
#1796 = PCURVE('',#210,#1797);
#1797 = DEFINITIONAL_REPRESENTATION('',(#1798),#1802);
#1798 = LINE('',#1799,#1800);
#1799 = CARTESIAN_POINT('',(242.443,2.032));
#1800 = VECTOR('',#1801,1.);
#1801 = DIRECTION('',(0.,1.));
#1802 = ( GEOMETRIC_REPRESENTATION_CONTEXT(2) 
PARAMETRIC_REPRESENTATION_CONTEXT() REPRESENTATION_CONTEXT('2D SPACE',''
  ) );
#1803 = PCURVE('',#1804,#1809);
#1804 = PLANE('',#1805);
#1805 = AXIS2_PLACEMENT_3D('',#1806,#1807,#1808);
#1806 = CARTESIAN_POINT('',(150.368,-188.468,6.35));
#1807 = DIRECTION('',(-1.,0.,0.));
#1808 = DIRECTION('',(0.,1.,0.));
#1809 = DEFINITIONAL_REPRESENTATION('',(#1810),#1814);
#1810 = LINE('',#1811,#1812);
#1811 = CARTESIAN_POINT('',(0.,0.));
#1812 = VECTOR('',#1813,1.);
#1813 = DIRECTION('',(1.,0.));
#1814 = ( GEOMETRIC_REPRESENTATION_CONTEXT(2) 
PARAMETRIC_REPRESENTATION_CONTEXT() REPRESENTATION_CONTEXT('2D SPACE',''
  ) );
#1815 = ORIENTED_EDGE('',*,*,#1816,.T.);
#1816 = EDGE_CURVE('',#1789,#1817,#1819,.T.);
#1817 = VERTEX_POINT('',#1818);
#1818 = CARTESIAN_POINT('',(152.4,111.125,6.35));
#1819 = SURFACE_CURVE('',#1820,(#1824,#1831),.PCURVE_S1.);
#1820 = LINE('',#1821,#1822);
#1821 = CARTESIAN_POINT('',(149.098,111.125,6.35));
#1822 = VECTOR('',#1823,1.);
#1823 = DIRECTION('',(1.,0.,0.));
#1824 = PCURVE('',#210,#1825);
#1825 = DEFINITIONAL_REPRESENTATION('',(#1826),#1830);
#1826 = LINE('',#1827,#1828);
#1827 = CARTESIAN_POINT('',(241.173,301.625));
#1828 = VECTOR('',#1829,1.);
#1829 = DIRECTION('',(1.,0.));
#1830 = ( GEOMETRIC_REPRESENTATION_CONTEXT(2) 
PARAMETRIC_REPRESENTATION_CONTEXT() REPRESENTATION_CONTEXT('2D SPACE',''
  ) );
#1831 = PCURVE('',#1832,#1837);
#1832 = PLANE('',#1833);
#1833 = AXIS2_PLACEMENT_3D('',#1834,#1835,#1836);
#1834 = CARTESIAN_POINT('',(149.098,111.125,6.35));
#1835 = DIRECTION('',(0.,1.,0.));
#1836 = DIRECTION('',(0.,0.,1.));
#1837 = DEFINITIONAL_REPRESENTATION('',(#1838),#1842);
#1838 = LINE('',#1839,#1840);
#1839 = CARTESIAN_POINT('',(0.,0.));
#1840 = VECTOR('',#1841,1.);
#1841 = DIRECTION('',(0.,1.));
#1842 = ( GEOMETRIC_REPRESENTATION_CONTEXT(2) 
PARAMETRIC_REPRESENTATION_CONTEXT() REPRESENTATION_CONTEXT('2D SPACE',''
  ) );
#1843 = ORIENTED_EDGE('',*,*,#1844,.T.);
#1844 = EDGE_CURVE('',#1817,#1845,#1847,.T.);
#1845 = VERTEX_POINT('',#1846);
#1846 = CARTESIAN_POINT('',(152.4,117.475,6.35));
#1847 = SURFACE_CURVE('',#1848,(#1852,#1859),.PCURVE_S1.);
#1848 = LINE('',#1849,#1850);
#1849 = CARTESIAN_POINT('',(152.4,111.125,6.35));
#1850 = VECTOR('',#1851,1.);
#1851 = DIRECTION('',(0.,1.,0.));
#1852 = PCURVE('',#210,#1853);
#1853 = DEFINITIONAL_REPRESENTATION('',(#1854),#1858);
#1854 = LINE('',#1855,#1856);
#1855 = CARTESIAN_POINT('',(244.475,301.625));
#1856 = VECTOR('',#1857,1.);
#1857 = DIRECTION('',(0.,1.));
#1858 = ( GEOMETRIC_REPRESENTATION_CONTEXT(2) 
PARAMETRIC_REPRESENTATION_CONTEXT() REPRESENTATION_CONTEXT('2D SPACE',''
  ) );
#1859 = PCURVE('',#646,#1860);
#1860 = DEFINITIONAL_REPRESENTATION('',(#1861),#1865);
#1861 = LINE('',#1862,#1863);
#1862 = CARTESIAN_POINT('',(301.625,109.22));
#1863 = VECTOR('',#1864,1.);
#1864 = DIRECTION('',(1.,0.));
#1865 = ( GEOMETRIC_REPRESENTATION_CONTEXT(2) 
PARAMETRIC_REPRESENTATION_CONTEXT() REPRESENTATION_CONTEXT('2D SPACE',''
  ) );
#1866 = ORIENTED_EDGE('',*,*,#1867,.F.);
#1867 = EDGE_CURVE('',#1868,#1845,#1870,.T.);
#1868 = VERTEX_POINT('',#1869);
#1869 = CARTESIAN_POINT('',(150.368,117.475,6.35));
#1870 = SURFACE_CURVE('',#1871,(#1875,#1882),.PCURVE_S1.);
#1871 = LINE('',#1872,#1873);
#1872 = CARTESIAN_POINT('',(149.098,117.475,6.35));
#1873 = VECTOR('',#1874,1.);
#1874 = DIRECTION('',(1.,0.,0.));
#1875 = PCURVE('',#210,#1876);
#1876 = DEFINITIONAL_REPRESENTATION('',(#1877),#1881);
#1877 = LINE('',#1878,#1879);
#1878 = CARTESIAN_POINT('',(241.173,307.975));
#1879 = VECTOR('',#1880,1.);
#1880 = DIRECTION('',(1.,0.));
#1881 = ( GEOMETRIC_REPRESENTATION_CONTEXT(2) 
PARAMETRIC_REPRESENTATION_CONTEXT() REPRESENTATION_CONTEXT('2D SPACE',''
  ) );
#1882 = PCURVE('',#1883,#1888);
#1883 = PLANE('',#1884);
#1884 = AXIS2_PLACEMENT_3D('',#1885,#1886,#1887);
#1885 = CARTESIAN_POINT('',(149.098,117.475,6.35));
#1886 = DIRECTION('',(0.,1.,0.));
#1887 = DIRECTION('',(0.,0.,1.));
#1888 = DEFINITIONAL_REPRESENTATION('',(#1889),#1893);
#1889 = LINE('',#1890,#1891);
#1890 = CARTESIAN_POINT('',(0.,0.));
#1891 = VECTOR('',#1892,1.);
#1892 = DIRECTION('',(0.,1.));
#1893 = ( GEOMETRIC_REPRESENTATION_CONTEXT(2) 
PARAMETRIC_REPRESENTATION_CONTEXT() REPRESENTATION_CONTEXT('2D SPACE',''
  ) );
#1894 = ORIENTED_EDGE('',*,*,#1895,.T.);
#1895 = EDGE_CURVE('',#1868,#1896,#1898,.T.);
#1896 = VERTEX_POINT('',#1897);
#1897 = CARTESIAN_POINT('',(150.368,177.8,6.35));
#1898 = SURFACE_CURVE('',#1899,(#1903,#1910),.PCURVE_S1.);
#1899 = LINE('',#1900,#1901);
#1900 = CARTESIAN_POINT('',(150.368,-188.468,6.35));
#1901 = VECTOR('',#1902,1.);
#1902 = DIRECTION('',(0.,1.,0.));
#1903 = PCURVE('',#210,#1904);
#1904 = DEFINITIONAL_REPRESENTATION('',(#1905),#1909);
#1905 = LINE('',#1906,#1907);
#1906 = CARTESIAN_POINT('',(242.443,2.032));
#1907 = VECTOR('',#1908,1.);
#1908 = DIRECTION('',(0.,1.));
#1909 = ( GEOMETRIC_REPRESENTATION_CONTEXT(2) 
PARAMETRIC_REPRESENTATION_CONTEXT() REPRESENTATION_CONTEXT('2D SPACE',''
  ) );
#1910 = PCURVE('',#1911,#1916);
#1911 = PLANE('',#1912);
#1912 = AXIS2_PLACEMENT_3D('',#1913,#1914,#1915);
#1913 = CARTESIAN_POINT('',(150.368,-188.468,6.35));
#1914 = DIRECTION('',(-1.,0.,0.));
#1915 = DIRECTION('',(0.,1.,0.));
#1916 = DEFINITIONAL_REPRESENTATION('',(#1917),#1921);
#1917 = LINE('',#1918,#1919);
#1918 = CARTESIAN_POINT('',(0.,0.));
#1919 = VECTOR('',#1920,1.);
#1920 = DIRECTION('',(1.,0.));
#1921 = ( GEOMETRIC_REPRESENTATION_CONTEXT(2) 
PARAMETRIC_REPRESENTATION_CONTEXT() REPRESENTATION_CONTEXT('2D SPACE',''
  ) );
#1922 = ORIENTED_EDGE('',*,*,#1923,.T.);
#1923 = EDGE_CURVE('',#1896,#1924,#1926,.T.);
#1924 = VERTEX_POINT('',#1925);
#1925 = CARTESIAN_POINT('',(139.7,188.468,6.35));
#1926 = SURFACE_CURVE('',#1927,(#1932,#1939),.PCURVE_S1.);
#1927 = CIRCLE('',#1928,10.668);
#1928 = AXIS2_PLACEMENT_3D('',#1929,#1930,#1931);
#1929 = CARTESIAN_POINT('',(139.7,177.8,6.35));
#1930 = DIRECTION('',(0.,0.,1.));
#1931 = DIRECTION('',(0.,-1.,0.));
#1932 = PCURVE('',#210,#1933);
#1933 = DEFINITIONAL_REPRESENTATION('',(#1934),#1938);
#1934 = CIRCLE('',#1935,10.668);
#1935 = AXIS2_PLACEMENT_2D('',#1936,#1937);
#1936 = CARTESIAN_POINT('',(231.775,368.3));
#1937 = DIRECTION('',(0.,-1.));
#1938 = ( GEOMETRIC_REPRESENTATION_CONTEXT(2) 
PARAMETRIC_REPRESENTATION_CONTEXT() REPRESENTATION_CONTEXT('2D SPACE',''
  ) );
#1939 = PCURVE('',#1940,#1945);
#1940 = CYLINDRICAL_SURFACE('',#1941,10.668);
#1941 = AXIS2_PLACEMENT_3D('',#1942,#1943,#1944);
#1942 = CARTESIAN_POINT('',(139.7,177.8,6.35));
#1943 = DIRECTION('',(0.,0.,1.));
#1944 = DIRECTION('',(1.,0.,-0.));
#1945 = DEFINITIONAL_REPRESENTATION('',(#1946),#1949);
#1946 = B_SPLINE_CURVE_WITH_KNOTS('',1,(#1947,#1948),.UNSPECIFIED.,.F.,
  .F.,(2,2),(1.570796326795,3.14159265359),.PIECEWISE_BEZIER_KNOTS.);
#1947 = CARTESIAN_POINT('',(0.,0.));
#1948 = CARTESIAN_POINT('',(1.570796326795,0.));
#1949 = ( GEOMETRIC_REPRESENTATION_CONTEXT(2) 
PARAMETRIC_REPRESENTATION_CONTEXT() REPRESENTATION_CONTEXT('2D SPACE',''
  ) );
#1950 = ORIENTED_EDGE('',*,*,#1951,.T.);
#1951 = EDGE_CURVE('',#1924,#1952,#1954,.T.);
#1952 = VERTEX_POINT('',#1953);
#1953 = CARTESIAN_POINT('',(92.075,188.468,6.35));
#1954 = SURFACE_CURVE('',#1955,(#1959,#1966),.PCURVE_S1.);
#1955 = LINE('',#1956,#1957);
#1956 = CARTESIAN_POINT('',(150.368,188.468,6.35));
#1957 = VECTOR('',#1958,1.);
#1958 = DIRECTION('',(-1.,0.,0.));
#1959 = PCURVE('',#210,#1960);
#1960 = DEFINITIONAL_REPRESENTATION('',(#1961),#1965);
#1961 = LINE('',#1962,#1963);
#1962 = CARTESIAN_POINT('',(242.443,378.968));
#1963 = VECTOR('',#1964,1.);
#1964 = DIRECTION('',(-1.,0.));
#1965 = ( GEOMETRIC_REPRESENTATION_CONTEXT(2) 
PARAMETRIC_REPRESENTATION_CONTEXT() REPRESENTATION_CONTEXT('2D SPACE',''
  ) );
#1966 = PCURVE('',#1967,#1972);
#1967 = PLANE('',#1968);
#1968 = AXIS2_PLACEMENT_3D('',#1969,#1970,#1971);
#1969 = CARTESIAN_POINT('',(150.368,188.468,6.35));
#1970 = DIRECTION('',(0.,-1.,0.));
#1971 = DIRECTION('',(-1.,0.,0.));
#1972 = DEFINITIONAL_REPRESENTATION('',(#1973),#1977);
#1973 = LINE('',#1974,#1975);
#1974 = CARTESIAN_POINT('',(0.,-0.));
#1975 = VECTOR('',#1976,1.);
#1976 = DIRECTION('',(1.,0.));
#1977 = ( GEOMETRIC_REPRESENTATION_CONTEXT(2) 
PARAMETRIC_REPRESENTATION_CONTEXT() REPRESENTATION_CONTEXT('2D SPACE',''
  ) );
#1978 = ORIENTED_EDGE('',*,*,#1979,.T.);
#1979 = EDGE_CURVE('',#1952,#1980,#1982,.T.);
#1980 = VERTEX_POINT('',#1981);
#1981 = CARTESIAN_POINT('',(92.075,190.5,6.35));
#1982 = SURFACE_CURVE('',#1983,(#1987,#1994),.PCURVE_S1.);
#1983 = LINE('',#1984,#1985);
#1984 = CARTESIAN_POINT('',(92.075,187.198,6.35));
#1985 = VECTOR('',#1986,1.);
#1986 = DIRECTION('',(0.,1.,0.));
#1987 = PCURVE('',#210,#1988);
#1988 = DEFINITIONAL_REPRESENTATION('',(#1989),#1993);
#1989 = LINE('',#1990,#1991);
#1990 = CARTESIAN_POINT('',(184.15,377.698));
#1991 = VECTOR('',#1992,1.);
#1992 = DIRECTION('',(0.,1.));
#1993 = ( GEOMETRIC_REPRESENTATION_CONTEXT(2) 
PARAMETRIC_REPRESENTATION_CONTEXT() REPRESENTATION_CONTEXT('2D SPACE',''
  ) );
#1994 = PCURVE('',#1995,#2000);
#1995 = PLANE('',#1996);
#1996 = AXIS2_PLACEMENT_3D('',#1997,#1998,#1999);
#1997 = CARTESIAN_POINT('',(92.075,187.198,6.35));
#1998 = DIRECTION('',(1.,0.,0.));
#1999 = DIRECTION('',(0.,0.,1.));
#2000 = DEFINITIONAL_REPRESENTATION('',(#2001),#2005);
#2001 = LINE('',#2002,#2003);
#2002 = CARTESIAN_POINT('',(0.,0.));
#2003 = VECTOR('',#2004,1.);
#2004 = DIRECTION('',(0.,-1.));
#2005 = ( GEOMETRIC_REPRESENTATION_CONTEXT(2) 
PARAMETRIC_REPRESENTATION_CONTEXT() REPRESENTATION_CONTEXT('2D SPACE',''
  ) );
#2006 = ORIENTED_EDGE('',*,*,#2007,.F.);
#2007 = EDGE_CURVE('',#2008,#1980,#2010,.T.);
#2008 = VERTEX_POINT('',#2009);
#2009 = CARTESIAN_POINT('',(85.725,190.5,6.35));
#2010 = SURFACE_CURVE('',#2011,(#2015,#2022),.PCURVE_S1.);
#2011 = LINE('',#2012,#2013);
#2012 = CARTESIAN_POINT('',(85.725,190.5,6.35));
#2013 = VECTOR('',#2014,1.);
#2014 = DIRECTION('',(1.,0.,0.));
#2015 = PCURVE('',#210,#2016);
#2016 = DEFINITIONAL_REPRESENTATION('',(#2017),#2021);
#2017 = LINE('',#2018,#2019);
#2018 = CARTESIAN_POINT('',(177.8,381.));
#2019 = VECTOR('',#2020,1.);
#2020 = DIRECTION('',(1.,0.));
#2021 = ( GEOMETRIC_REPRESENTATION_CONTEXT(2) 
PARAMETRIC_REPRESENTATION_CONTEXT() REPRESENTATION_CONTEXT('2D SPACE',''
  ) );
#2022 = PCURVE('',#702,#2023);
#2023 = DEFINITIONAL_REPRESENTATION('',(#2024),#2028);
#2024 = LINE('',#2025,#2026);
#2025 = CARTESIAN_POINT('',(66.675,109.22));
#2026 = VECTOR('',#2027,1.);
#2027 = DIRECTION('',(-1.,-0.));
#2028 = ( GEOMETRIC_REPRESENTATION_CONTEXT(2) 
PARAMETRIC_REPRESENTATION_CONTEXT() REPRESENTATION_CONTEXT('2D SPACE',''
  ) );
#2029 = ORIENTED_EDGE('',*,*,#2030,.F.);
#2030 = EDGE_CURVE('',#2031,#2008,#2033,.T.);
#2031 = VERTEX_POINT('',#2032);
#2032 = CARTESIAN_POINT('',(85.725,188.468,6.35));
#2033 = SURFACE_CURVE('',#2034,(#2038,#2045),.PCURVE_S1.);
#2034 = LINE('',#2035,#2036);
#2035 = CARTESIAN_POINT('',(85.725,187.198,6.35));
#2036 = VECTOR('',#2037,1.);
#2037 = DIRECTION('',(0.,1.,0.));
#2038 = PCURVE('',#210,#2039);
#2039 = DEFINITIONAL_REPRESENTATION('',(#2040),#2044);
#2040 = LINE('',#2041,#2042);
#2041 = CARTESIAN_POINT('',(177.8,377.698));
#2042 = VECTOR('',#2043,1.);
#2043 = DIRECTION('',(0.,1.));
#2044 = ( GEOMETRIC_REPRESENTATION_CONTEXT(2) 
PARAMETRIC_REPRESENTATION_CONTEXT() REPRESENTATION_CONTEXT('2D SPACE',''
  ) );
#2045 = PCURVE('',#2046,#2051);
#2046 = PLANE('',#2047);
#2047 = AXIS2_PLACEMENT_3D('',#2048,#2049,#2050);
#2048 = CARTESIAN_POINT('',(85.725,187.198,6.35));
#2049 = DIRECTION('',(1.,0.,0.));
#2050 = DIRECTION('',(0.,0.,1.));
#2051 = DEFINITIONAL_REPRESENTATION('',(#2052),#2056);
#2052 = LINE('',#2053,#2054);
#2053 = CARTESIAN_POINT('',(0.,0.));
#2054 = VECTOR('',#2055,1.);
#2055 = DIRECTION('',(0.,-1.));
#2056 = ( GEOMETRIC_REPRESENTATION_CONTEXT(2) 
PARAMETRIC_REPRESENTATION_CONTEXT() REPRESENTATION_CONTEXT('2D SPACE',''
  ) );
#2057 = ORIENTED_EDGE('',*,*,#2058,.T.);
#2058 = EDGE_CURVE('',#2031,#2059,#2061,.T.);
#2059 = VERTEX_POINT('',#2060);
#2060 = CARTESIAN_POINT('',(-85.725,188.468,6.35));
#2061 = SURFACE_CURVE('',#2062,(#2066,#2073),.PCURVE_S1.);
#2062 = LINE('',#2063,#2064);
#2063 = CARTESIAN_POINT('',(150.368,188.468,6.35));
#2064 = VECTOR('',#2065,1.);
#2065 = DIRECTION('',(-1.,0.,0.));
#2066 = PCURVE('',#210,#2067);
#2067 = DEFINITIONAL_REPRESENTATION('',(#2068),#2072);
#2068 = LINE('',#2069,#2070);
#2069 = CARTESIAN_POINT('',(242.443,378.968));
#2070 = VECTOR('',#2071,1.);
#2071 = DIRECTION('',(-1.,0.));
#2072 = ( GEOMETRIC_REPRESENTATION_CONTEXT(2) 
PARAMETRIC_REPRESENTATION_CONTEXT() REPRESENTATION_CONTEXT('2D SPACE',''
  ) );
#2073 = PCURVE('',#2074,#2079);
#2074 = PLANE('',#2075);
#2075 = AXIS2_PLACEMENT_3D('',#2076,#2077,#2078);
#2076 = CARTESIAN_POINT('',(150.368,188.468,6.35));
#2077 = DIRECTION('',(0.,-1.,0.));
#2078 = DIRECTION('',(-1.,0.,0.));
#2079 = DEFINITIONAL_REPRESENTATION('',(#2080),#2084);
#2080 = LINE('',#2081,#2082);
#2081 = CARTESIAN_POINT('',(0.,-0.));
#2082 = VECTOR('',#2083,1.);
#2083 = DIRECTION('',(1.,0.));
#2084 = ( GEOMETRIC_REPRESENTATION_CONTEXT(2) 
PARAMETRIC_REPRESENTATION_CONTEXT() REPRESENTATION_CONTEXT('2D SPACE',''
  ) );
#2085 = ORIENTED_EDGE('',*,*,#2086,.T.);
#2086 = EDGE_CURVE('',#2059,#2087,#2089,.T.);
#2087 = VERTEX_POINT('',#2088);
#2088 = CARTESIAN_POINT('',(-85.725,190.5,6.35));
#2089 = SURFACE_CURVE('',#2090,(#2094,#2101),.PCURVE_S1.);
#2090 = LINE('',#2091,#2092);
#2091 = CARTESIAN_POINT('',(-85.725,187.198,6.35));
#2092 = VECTOR('',#2093,1.);
#2093 = DIRECTION('',(0.,1.,0.));
#2094 = PCURVE('',#210,#2095);
#2095 = DEFINITIONAL_REPRESENTATION('',(#2096),#2100);
#2096 = LINE('',#2097,#2098);
#2097 = CARTESIAN_POINT('',(6.35,377.698));
#2098 = VECTOR('',#2099,1.);
#2099 = DIRECTION('',(0.,1.));
#2100 = ( GEOMETRIC_REPRESENTATION_CONTEXT(2) 
PARAMETRIC_REPRESENTATION_CONTEXT() REPRESENTATION_CONTEXT('2D SPACE',''
  ) );
#2101 = PCURVE('',#2102,#2107);
#2102 = PLANE('',#2103);
#2103 = AXIS2_PLACEMENT_3D('',#2104,#2105,#2106);
#2104 = CARTESIAN_POINT('',(-85.725,187.198,6.35));
#2105 = DIRECTION('',(1.,0.,0.));
#2106 = DIRECTION('',(0.,0.,1.));
#2107 = DEFINITIONAL_REPRESENTATION('',(#2108),#2112);
#2108 = LINE('',#2109,#2110);
#2109 = CARTESIAN_POINT('',(0.,0.));
#2110 = VECTOR('',#2111,1.);
#2111 = DIRECTION('',(0.,-1.));
#2112 = ( GEOMETRIC_REPRESENTATION_CONTEXT(2) 
PARAMETRIC_REPRESENTATION_CONTEXT() REPRESENTATION_CONTEXT('2D SPACE',''
  ) );
#2113 = ORIENTED_EDGE('',*,*,#2114,.F.);
#2114 = EDGE_CURVE('',#2115,#2087,#2117,.T.);
#2115 = VERTEX_POINT('',#2116);
#2116 = CARTESIAN_POINT('',(-92.075,190.5,6.35));
#2117 = SURFACE_CURVE('',#2118,(#2122,#2129),.PCURVE_S1.);
#2118 = LINE('',#2119,#2120);
#2119 = CARTESIAN_POINT('',(-92.075,190.5,6.35));
#2120 = VECTOR('',#2121,1.);
#2121 = DIRECTION('',(1.,0.,0.));
#2122 = PCURVE('',#210,#2123);
#2123 = DEFINITIONAL_REPRESENTATION('',(#2124),#2128);
#2124 = LINE('',#2125,#2126);
#2125 = CARTESIAN_POINT('',(0.,381.));
#2126 = VECTOR('',#2127,1.);
#2127 = DIRECTION('',(1.,0.));
#2128 = ( GEOMETRIC_REPRESENTATION_CONTEXT(2) 
PARAMETRIC_REPRESENTATION_CONTEXT() REPRESENTATION_CONTEXT('2D SPACE',''
  ) );
#2129 = PCURVE('',#702,#2130);
#2130 = DEFINITIONAL_REPRESENTATION('',(#2131),#2135);
#2131 = LINE('',#2132,#2133);
#2132 = CARTESIAN_POINT('',(244.475,109.22));
#2133 = VECTOR('',#2134,1.);
#2134 = DIRECTION('',(-1.,-0.));
#2135 = ( GEOMETRIC_REPRESENTATION_CONTEXT(2) 
PARAMETRIC_REPRESENTATION_CONTEXT() REPRESENTATION_CONTEXT('2D SPACE',''
  ) );
#2136 = ORIENTED_EDGE('',*,*,#2137,.F.);
#2137 = EDGE_CURVE('',#2138,#2115,#2140,.T.);
#2138 = VERTEX_POINT('',#2139);
#2139 = CARTESIAN_POINT('',(-92.075,188.468,6.35));
#2140 = SURFACE_CURVE('',#2141,(#2145,#2152),.PCURVE_S1.);
#2141 = LINE('',#2142,#2143);
#2142 = CARTESIAN_POINT('',(-92.075,187.198,6.35));
#2143 = VECTOR('',#2144,1.);
#2144 = DIRECTION('',(0.,1.,0.));
#2145 = PCURVE('',#210,#2146);
#2146 = DEFINITIONAL_REPRESENTATION('',(#2147),#2151);
#2147 = LINE('',#2148,#2149);
#2148 = CARTESIAN_POINT('',(0.,377.698));
#2149 = VECTOR('',#2150,1.);
#2150 = DIRECTION('',(0.,1.));
#2151 = ( GEOMETRIC_REPRESENTATION_CONTEXT(2) 
PARAMETRIC_REPRESENTATION_CONTEXT() REPRESENTATION_CONTEXT('2D SPACE',''
  ) );
#2152 = PCURVE('',#2153,#2158);
#2153 = PLANE('',#2154);
#2154 = AXIS2_PLACEMENT_3D('',#2155,#2156,#2157);
#2155 = CARTESIAN_POINT('',(-92.075,187.198,6.35));
#2156 = DIRECTION('',(1.,0.,0.));
#2157 = DIRECTION('',(0.,0.,1.));
#2158 = DEFINITIONAL_REPRESENTATION('',(#2159),#2163);
#2159 = LINE('',#2160,#2161);
#2160 = CARTESIAN_POINT('',(0.,0.));
#2161 = VECTOR('',#2162,1.);
#2162 = DIRECTION('',(0.,-1.));
#2163 = ( GEOMETRIC_REPRESENTATION_CONTEXT(2) 
PARAMETRIC_REPRESENTATION_CONTEXT() REPRESENTATION_CONTEXT('2D SPACE',''
  ) );
#2164 = ORIENTED_EDGE('',*,*,#2165,.T.);
#2165 = EDGE_CURVE('',#2138,#2166,#2168,.T.);
#2166 = VERTEX_POINT('',#2167);
#2167 = CARTESIAN_POINT('',(-139.7,188.468,6.35));
#2168 = SURFACE_CURVE('',#2169,(#2173,#2180),.PCURVE_S1.);
#2169 = LINE('',#2170,#2171);
#2170 = CARTESIAN_POINT('',(150.368,188.468,6.35));
#2171 = VECTOR('',#2172,1.);
#2172 = DIRECTION('',(-1.,0.,0.));
#2173 = PCURVE('',#210,#2174);
#2174 = DEFINITIONAL_REPRESENTATION('',(#2175),#2179);
#2175 = LINE('',#2176,#2177);
#2176 = CARTESIAN_POINT('',(242.443,378.968));
#2177 = VECTOR('',#2178,1.);
#2178 = DIRECTION('',(-1.,0.));
#2179 = ( GEOMETRIC_REPRESENTATION_CONTEXT(2) 
PARAMETRIC_REPRESENTATION_CONTEXT() REPRESENTATION_CONTEXT('2D SPACE',''
  ) );
#2180 = PCURVE('',#2181,#2186);
#2181 = PLANE('',#2182);
#2182 = AXIS2_PLACEMENT_3D('',#2183,#2184,#2185);
#2183 = CARTESIAN_POINT('',(150.368,188.468,6.35));
#2184 = DIRECTION('',(0.,-1.,0.));
#2185 = DIRECTION('',(-1.,0.,0.));
#2186 = DEFINITIONAL_REPRESENTATION('',(#2187),#2191);
#2187 = LINE('',#2188,#2189);
#2188 = CARTESIAN_POINT('',(0.,-0.));
#2189 = VECTOR('',#2190,1.);
#2190 = DIRECTION('',(1.,0.));
#2191 = ( GEOMETRIC_REPRESENTATION_CONTEXT(2) 
PARAMETRIC_REPRESENTATION_CONTEXT() REPRESENTATION_CONTEXT('2D SPACE',''
  ) );
#2192 = ORIENTED_EDGE('',*,*,#2193,.T.);
#2193 = EDGE_CURVE('',#2166,#2194,#2196,.T.);
#2194 = VERTEX_POINT('',#2195);
#2195 = CARTESIAN_POINT('',(-150.368,177.8,6.35));
#2196 = SURFACE_CURVE('',#2197,(#2202,#2209),.PCURVE_S1.);
#2197 = CIRCLE('',#2198,10.668);
#2198 = AXIS2_PLACEMENT_3D('',#2199,#2200,#2201);
#2199 = CARTESIAN_POINT('',(-139.7,177.8,6.35));
#2200 = DIRECTION('',(0.,0.,1.));
#2201 = DIRECTION('',(0.,-1.,0.));
#2202 = PCURVE('',#210,#2203);
#2203 = DEFINITIONAL_REPRESENTATION('',(#2204),#2208);
#2204 = CIRCLE('',#2205,10.668);
#2205 = AXIS2_PLACEMENT_2D('',#2206,#2207);
#2206 = CARTESIAN_POINT('',(-47.625,368.3));
#2207 = DIRECTION('',(0.,-1.));
#2208 = ( GEOMETRIC_REPRESENTATION_CONTEXT(2) 
PARAMETRIC_REPRESENTATION_CONTEXT() REPRESENTATION_CONTEXT('2D SPACE',''
  ) );
#2209 = PCURVE('',#2210,#2215);
#2210 = CYLINDRICAL_SURFACE('',#2211,10.668);
#2211 = AXIS2_PLACEMENT_3D('',#2212,#2213,#2214);
#2212 = CARTESIAN_POINT('',(-139.7,177.8,6.35));
#2213 = DIRECTION('',(0.,0.,1.));
#2214 = DIRECTION('',(-0.,1.,0.));
#2215 = DEFINITIONAL_REPRESENTATION('',(#2216),#2219);
#2216 = B_SPLINE_CURVE_WITH_KNOTS('',1,(#2217,#2218),.UNSPECIFIED.,.F.,
  .F.,(2,2),(3.14159265359,4.712388980385),.PIECEWISE_BEZIER_KNOTS.);
#2217 = CARTESIAN_POINT('',(0.,0.));
#2218 = CARTESIAN_POINT('',(1.570796326795,0.));
#2219 = ( GEOMETRIC_REPRESENTATION_CONTEXT(2) 
PARAMETRIC_REPRESENTATION_CONTEXT() REPRESENTATION_CONTEXT('2D SPACE',''
  ) );
#2220 = ORIENTED_EDGE('',*,*,#2221,.T.);
#2221 = EDGE_CURVE('',#2194,#2222,#2224,.T.);
#2222 = VERTEX_POINT('',#2223);
#2223 = CARTESIAN_POINT('',(-150.368,117.475,6.35));
#2224 = SURFACE_CURVE('',#2225,(#2229,#2236),.PCURVE_S1.);
#2225 = LINE('',#2226,#2227);
#2226 = CARTESIAN_POINT('',(-150.368,188.468,6.35));
#2227 = VECTOR('',#2228,1.);
#2228 = DIRECTION('',(0.,-1.,0.));
#2229 = PCURVE('',#210,#2230);
#2230 = DEFINITIONAL_REPRESENTATION('',(#2231),#2235);
#2231 = LINE('',#2232,#2233);
#2232 = CARTESIAN_POINT('',(-58.293,378.968));
#2233 = VECTOR('',#2234,1.);
#2234 = DIRECTION('',(0.,-1.));
#2235 = ( GEOMETRIC_REPRESENTATION_CONTEXT(2) 
PARAMETRIC_REPRESENTATION_CONTEXT() REPRESENTATION_CONTEXT('2D SPACE',''
  ) );
#2236 = PCURVE('',#2237,#2242);
#2237 = PLANE('',#2238);
#2238 = AXIS2_PLACEMENT_3D('',#2239,#2240,#2241);
#2239 = CARTESIAN_POINT('',(-150.368,188.468,6.35));
#2240 = DIRECTION('',(1.,0.,-0.));
#2241 = DIRECTION('',(0.,-1.,0.));
#2242 = DEFINITIONAL_REPRESENTATION('',(#2243),#2247);
#2243 = LINE('',#2244,#2245);
#2244 = CARTESIAN_POINT('',(0.,0.));
#2245 = VECTOR('',#2246,1.);
#2246 = DIRECTION('',(1.,0.));
#2247 = ( GEOMETRIC_REPRESENTATION_CONTEXT(2) 
PARAMETRIC_REPRESENTATION_CONTEXT() REPRESENTATION_CONTEXT('2D SPACE',''
  ) );
#2248 = ORIENTED_EDGE('',*,*,#2249,.F.);
#2249 = EDGE_CURVE('',#2250,#2222,#2252,.T.);
#2250 = VERTEX_POINT('',#2251);
#2251 = CARTESIAN_POINT('',(-152.4,117.475,6.35));
#2252 = SURFACE_CURVE('',#2253,(#2257,#2264),.PCURVE_S1.);
#2253 = LINE('',#2254,#2255);
#2254 = CARTESIAN_POINT('',(-152.4,117.475,6.35));
#2255 = VECTOR('',#2256,1.);
#2256 = DIRECTION('',(1.,0.,0.));
#2257 = PCURVE('',#210,#2258);
#2258 = DEFINITIONAL_REPRESENTATION('',(#2259),#2263);
#2259 = LINE('',#2260,#2261);
#2260 = CARTESIAN_POINT('',(-60.325,307.975));
#2261 = VECTOR('',#2262,1.);
#2262 = DIRECTION('',(1.,0.));
#2263 = ( GEOMETRIC_REPRESENTATION_CONTEXT(2) 
PARAMETRIC_REPRESENTATION_CONTEXT() REPRESENTATION_CONTEXT('2D SPACE',''
  ) );
#2264 = PCURVE('',#2265,#2270);
#2265 = PLANE('',#2266);
#2266 = AXIS2_PLACEMENT_3D('',#2267,#2268,#2269);
#2267 = CARTESIAN_POINT('',(-152.4,117.475,6.35));
#2268 = DIRECTION('',(0.,1.,0.));
#2269 = DIRECTION('',(0.,0.,1.));
#2270 = DEFINITIONAL_REPRESENTATION('',(#2271),#2275);
#2271 = LINE('',#2272,#2273);
#2272 = CARTESIAN_POINT('',(0.,0.));
#2273 = VECTOR('',#2274,1.);
#2274 = DIRECTION('',(0.,1.));
#2275 = ( GEOMETRIC_REPRESENTATION_CONTEXT(2) 
PARAMETRIC_REPRESENTATION_CONTEXT() REPRESENTATION_CONTEXT('2D SPACE',''
  ) );
#2276 = ORIENTED_EDGE('',*,*,#2277,.F.);
#2277 = EDGE_CURVE('',#2278,#2250,#2280,.T.);
#2278 = VERTEX_POINT('',#2279);
#2279 = CARTESIAN_POINT('',(-152.4,111.125,6.35));
#2280 = SURFACE_CURVE('',#2281,(#2285,#2292),.PCURVE_S1.);
#2281 = LINE('',#2282,#2283);
#2282 = CARTESIAN_POINT('',(-152.4,111.125,6.35));
#2283 = VECTOR('',#2284,1.);
#2284 = DIRECTION('',(0.,1.,0.));
#2285 = PCURVE('',#210,#2286);
#2286 = DEFINITIONAL_REPRESENTATION('',(#2287),#2291);
#2287 = LINE('',#2288,#2289);
#2288 = CARTESIAN_POINT('',(-60.325,301.625));
#2289 = VECTOR('',#2290,1.);
#2290 = DIRECTION('',(0.,1.));
#2291 = ( GEOMETRIC_REPRESENTATION_CONTEXT(2) 
PARAMETRIC_REPRESENTATION_CONTEXT() REPRESENTATION_CONTEXT('2D SPACE',''
  ) );
#2292 = PCURVE('',#539,#2293);
#2293 = DEFINITIONAL_REPRESENTATION('',(#2294),#2298);
#2294 = LINE('',#2295,#2296);
#2295 = CARTESIAN_POINT('',(79.375,109.22));
#2296 = VECTOR('',#2297,1.);
#2297 = DIRECTION('',(-1.,0.));
#2298 = ( GEOMETRIC_REPRESENTATION_CONTEXT(2) 
PARAMETRIC_REPRESENTATION_CONTEXT() REPRESENTATION_CONTEXT('2D SPACE',''
  ) );
#2299 = ORIENTED_EDGE('',*,*,#2300,.T.);
#2300 = EDGE_CURVE('',#2278,#2301,#2303,.T.);
#2301 = VERTEX_POINT('',#2302);
#2302 = CARTESIAN_POINT('',(-150.368,111.125,6.35));
#2303 = SURFACE_CURVE('',#2304,(#2308,#2315),.PCURVE_S1.);
#2304 = LINE('',#2305,#2306);
#2305 = CARTESIAN_POINT('',(-152.4,111.125,6.35));
#2306 = VECTOR('',#2307,1.);
#2307 = DIRECTION('',(1.,0.,0.));
#2308 = PCURVE('',#210,#2309);
#2309 = DEFINITIONAL_REPRESENTATION('',(#2310),#2314);
#2310 = LINE('',#2311,#2312);
#2311 = CARTESIAN_POINT('',(-60.325,301.625));
#2312 = VECTOR('',#2313,1.);
#2313 = DIRECTION('',(1.,0.));
#2314 = ( GEOMETRIC_REPRESENTATION_CONTEXT(2) 
PARAMETRIC_REPRESENTATION_CONTEXT() REPRESENTATION_CONTEXT('2D SPACE',''
  ) );
#2315 = PCURVE('',#2316,#2321);
#2316 = PLANE('',#2317);
#2317 = AXIS2_PLACEMENT_3D('',#2318,#2319,#2320);
#2318 = CARTESIAN_POINT('',(-152.4,111.125,6.35));
#2319 = DIRECTION('',(0.,1.,0.));
#2320 = DIRECTION('',(0.,0.,1.));
#2321 = DEFINITIONAL_REPRESENTATION('',(#2322),#2326);
#2322 = LINE('',#2323,#2324);
#2323 = CARTESIAN_POINT('',(0.,0.));
#2324 = VECTOR('',#2325,1.);
#2325 = DIRECTION('',(0.,1.));
#2326 = ( GEOMETRIC_REPRESENTATION_CONTEXT(2) 
PARAMETRIC_REPRESENTATION_CONTEXT() REPRESENTATION_CONTEXT('2D SPACE',''
  ) );
#2327 = ORIENTED_EDGE('',*,*,#2328,.T.);
#2328 = EDGE_CURVE('',#2301,#2329,#2331,.T.);
#2329 = VERTEX_POINT('',#2330);
#2330 = CARTESIAN_POINT('',(-150.368,-111.125,6.35));
#2331 = SURFACE_CURVE('',#2332,(#2336,#2343),.PCURVE_S1.);
#2332 = LINE('',#2333,#2334);
#2333 = CARTESIAN_POINT('',(-150.368,188.468,6.35));
#2334 = VECTOR('',#2335,1.);
#2335 = DIRECTION('',(0.,-1.,0.));
#2336 = PCURVE('',#210,#2337);
#2337 = DEFINITIONAL_REPRESENTATION('',(#2338),#2342);
#2338 = LINE('',#2339,#2340);
#2339 = CARTESIAN_POINT('',(-58.293,378.968));
#2340 = VECTOR('',#2341,1.);
#2341 = DIRECTION('',(0.,-1.));
#2342 = ( GEOMETRIC_REPRESENTATION_CONTEXT(2) 
PARAMETRIC_REPRESENTATION_CONTEXT() REPRESENTATION_CONTEXT('2D SPACE',''
  ) );
#2343 = PCURVE('',#2344,#2349);
#2344 = PLANE('',#2345);
#2345 = AXIS2_PLACEMENT_3D('',#2346,#2347,#2348);
#2346 = CARTESIAN_POINT('',(-150.368,188.468,6.35));
#2347 = DIRECTION('',(1.,0.,-0.));
#2348 = DIRECTION('',(0.,-1.,0.));
#2349 = DEFINITIONAL_REPRESENTATION('',(#2350),#2354);
#2350 = LINE('',#2351,#2352);
#2351 = CARTESIAN_POINT('',(0.,0.));
#2352 = VECTOR('',#2353,1.);
#2353 = DIRECTION('',(1.,0.));
#2354 = ( GEOMETRIC_REPRESENTATION_CONTEXT(2) 
PARAMETRIC_REPRESENTATION_CONTEXT() REPRESENTATION_CONTEXT('2D SPACE',''
  ) );
#2355 = ORIENTED_EDGE('',*,*,#2356,.F.);
#2356 = EDGE_CURVE('',#2357,#2329,#2359,.T.);
#2357 = VERTEX_POINT('',#2358);
#2358 = CARTESIAN_POINT('',(-152.4,-111.125,6.35));
#2359 = SURFACE_CURVE('',#2360,(#2364,#2371),.PCURVE_S1.);
#2360 = LINE('',#2361,#2362);
#2361 = CARTESIAN_POINT('',(-152.4,-111.125,6.35));
#2362 = VECTOR('',#2363,1.);
#2363 = DIRECTION('',(1.,0.,0.));
#2364 = PCURVE('',#210,#2365);
#2365 = DEFINITIONAL_REPRESENTATION('',(#2366),#2370);
#2366 = LINE('',#2367,#2368);
#2367 = CARTESIAN_POINT('',(-60.325,79.375));
#2368 = VECTOR('',#2369,1.);
#2369 = DIRECTION('',(1.,0.));
#2370 = ( GEOMETRIC_REPRESENTATION_CONTEXT(2) 
PARAMETRIC_REPRESENTATION_CONTEXT() REPRESENTATION_CONTEXT('2D SPACE',''
  ) );
#2371 = PCURVE('',#2372,#2377);
#2372 = PLANE('',#2373);
#2373 = AXIS2_PLACEMENT_3D('',#2374,#2375,#2376);
#2374 = CARTESIAN_POINT('',(-152.4,-111.125,6.35));
#2375 = DIRECTION('',(0.,1.,0.));
#2376 = DIRECTION('',(0.,0.,1.));
#2377 = DEFINITIONAL_REPRESENTATION('',(#2378),#2382);
#2378 = LINE('',#2379,#2380);
#2379 = CARTESIAN_POINT('',(0.,0.));
#2380 = VECTOR('',#2381,1.);
#2381 = DIRECTION('',(0.,1.));
#2382 = ( GEOMETRIC_REPRESENTATION_CONTEXT(2) 
PARAMETRIC_REPRESENTATION_CONTEXT() REPRESENTATION_CONTEXT('2D SPACE',''
  ) );
#2383 = ORIENTED_EDGE('',*,*,#2384,.F.);
#2384 = EDGE_CURVE('',#2385,#2357,#2387,.T.);
#2385 = VERTEX_POINT('',#2386);
#2386 = CARTESIAN_POINT('',(-152.4,-117.475,6.35));
#2387 = SURFACE_CURVE('',#2388,(#2392,#2399),.PCURVE_S1.);
#2388 = LINE('',#2389,#2390);
#2389 = CARTESIAN_POINT('',(-152.4,-117.475,6.35));
#2390 = VECTOR('',#2391,1.);
#2391 = DIRECTION('',(0.,1.,0.));
#2392 = PCURVE('',#210,#2393);
#2393 = DEFINITIONAL_REPRESENTATION('',(#2394),#2398);
#2394 = LINE('',#2395,#2396);
#2395 = CARTESIAN_POINT('',(-60.325,73.025));
#2396 = VECTOR('',#2397,1.);
#2397 = DIRECTION('',(0.,1.));
#2398 = ( GEOMETRIC_REPRESENTATION_CONTEXT(2) 
PARAMETRIC_REPRESENTATION_CONTEXT() REPRESENTATION_CONTEXT('2D SPACE',''
  ) );
#2399 = PCURVE('',#539,#2400);
#2400 = DEFINITIONAL_REPRESENTATION('',(#2401),#2405);
#2401 = LINE('',#2402,#2403);
#2402 = CARTESIAN_POINT('',(307.975,109.22));
#2403 = VECTOR('',#2404,1.);
#2404 = DIRECTION('',(-1.,0.));
#2405 = ( GEOMETRIC_REPRESENTATION_CONTEXT(2) 
PARAMETRIC_REPRESENTATION_CONTEXT() REPRESENTATION_CONTEXT('2D SPACE',''
  ) );
#2406 = ORIENTED_EDGE('',*,*,#2407,.T.);
#2407 = EDGE_CURVE('',#2385,#2408,#2410,.T.);
#2408 = VERTEX_POINT('',#2409);
#2409 = CARTESIAN_POINT('',(-150.368,-117.475,6.35));
#2410 = SURFACE_CURVE('',#2411,(#2415,#2422),.PCURVE_S1.);
#2411 = LINE('',#2412,#2413);
#2412 = CARTESIAN_POINT('',(-152.4,-117.475,6.35));
#2413 = VECTOR('',#2414,1.);
#2414 = DIRECTION('',(1.,0.,0.));
#2415 = PCURVE('',#210,#2416);
#2416 = DEFINITIONAL_REPRESENTATION('',(#2417),#2421);
#2417 = LINE('',#2418,#2419);
#2418 = CARTESIAN_POINT('',(-60.325,73.025));
#2419 = VECTOR('',#2420,1.);
#2420 = DIRECTION('',(1.,0.));
#2421 = ( GEOMETRIC_REPRESENTATION_CONTEXT(2) 
PARAMETRIC_REPRESENTATION_CONTEXT() REPRESENTATION_CONTEXT('2D SPACE',''
  ) );
#2422 = PCURVE('',#513,#2423);
#2423 = DEFINITIONAL_REPRESENTATION('',(#2424),#2428);
#2424 = LINE('',#2425,#2426);
#2425 = CARTESIAN_POINT('',(0.,0.));
#2426 = VECTOR('',#2427,1.);
#2427 = DIRECTION('',(0.,1.));
#2428 = ( GEOMETRIC_REPRESENTATION_CONTEXT(2) 
PARAMETRIC_REPRESENTATION_CONTEXT() REPRESENTATION_CONTEXT('2D SPACE',''
  ) );
#2429 = ORIENTED_EDGE('',*,*,#2430,.T.);
#2430 = EDGE_CURVE('',#2408,#2431,#2433,.T.);
#2431 = VERTEX_POINT('',#2432);
#2432 = CARTESIAN_POINT('',(-150.368,-177.8,6.35));
#2433 = SURFACE_CURVE('',#2434,(#2438,#2445),.PCURVE_S1.);
#2434 = LINE('',#2435,#2436);
#2435 = CARTESIAN_POINT('',(-150.368,188.468,6.35));
#2436 = VECTOR('',#2437,1.);
#2437 = DIRECTION('',(0.,-1.,0.));
#2438 = PCURVE('',#210,#2439);
#2439 = DEFINITIONAL_REPRESENTATION('',(#2440),#2444);
#2440 = LINE('',#2441,#2442);
#2441 = CARTESIAN_POINT('',(-58.293,378.968));
#2442 = VECTOR('',#2443,1.);
#2443 = DIRECTION('',(0.,-1.));
#2444 = ( GEOMETRIC_REPRESENTATION_CONTEXT(2) 
PARAMETRIC_REPRESENTATION_CONTEXT() REPRESENTATION_CONTEXT('2D SPACE',''
  ) );
#2445 = PCURVE('',#485,#2446);
#2446 = DEFINITIONAL_REPRESENTATION('',(#2447),#2451);
#2447 = LINE('',#2448,#2449);
#2448 = CARTESIAN_POINT('',(0.,0.));
#2449 = VECTOR('',#2450,1.);
#2450 = DIRECTION('',(1.,0.));
#2451 = ( GEOMETRIC_REPRESENTATION_CONTEXT(2) 
PARAMETRIC_REPRESENTATION_CONTEXT() REPRESENTATION_CONTEXT('2D SPACE',''
  ) );
#2452 = ORIENTED_EDGE('',*,*,#2453,.F.);
#2453 = EDGE_CURVE('',#2454,#2431,#2456,.T.);
#2454 = VERTEX_POINT('',#2455);
#2455 = CARTESIAN_POINT('',(-139.7,-188.468,6.35));
#2456 = SURFACE_CURVE('',#2457,(#2462,#2473),.PCURVE_S1.);
#2457 = CIRCLE('',#2458,10.668);
#2458 = AXIS2_PLACEMENT_3D('',#2459,#2460,#2461);
#2459 = CARTESIAN_POINT('',(-139.7,-177.8,6.35));
#2460 = DIRECTION('',(-0.,-0.,-1.));
#2461 = DIRECTION('',(0.,-1.,0.));
#2462 = PCURVE('',#210,#2463);
#2463 = DEFINITIONAL_REPRESENTATION('',(#2464),#2472);
#2464 = ( BOUNDED_CURVE() B_SPLINE_CURVE(2,(#2465,#2466,#2467,#2468,
#2469,#2470,#2471),.UNSPECIFIED.,.T.,.F.) B_SPLINE_CURVE_WITH_KNOTS((1,2
    ,2,2,2,1),(-2.094395102393,0.,2.094395102393,4.188790204786,
6.28318530718,8.377580409573),.UNSPECIFIED.) CURVE() 
GEOMETRIC_REPRESENTATION_ITEM() RATIONAL_B_SPLINE_CURVE((1.,0.5,1.,0.5,
1.,0.5,1.)) REPRESENTATION_ITEM('') );
#2465 = CARTESIAN_POINT('',(-47.625,2.032));
#2466 = CARTESIAN_POINT('',(-66.10251801514,2.032));
#2467 = CARTESIAN_POINT('',(-56.86375900757,18.034));
#2468 = CARTESIAN_POINT('',(-47.625,34.036));
#2469 = CARTESIAN_POINT('',(-38.38624099242,18.034));
#2470 = CARTESIAN_POINT('',(-29.14748198485,2.032));
#2471 = CARTESIAN_POINT('',(-47.625,2.032));
#2472 = ( GEOMETRIC_REPRESENTATION_CONTEXT(2) 
PARAMETRIC_REPRESENTATION_CONTEXT() REPRESENTATION_CONTEXT('2D SPACE',''
  ) );
#2473 = PCURVE('',#458,#2474);
#2474 = DEFINITIONAL_REPRESENTATION('',(#2475),#2478);
#2475 = B_SPLINE_CURVE_WITH_KNOTS('',1,(#2476,#2477),.UNSPECIFIED.,.F.,
  .F.,(2,2),(0.,1.570796326795),.PIECEWISE_BEZIER_KNOTS.);
#2476 = CARTESIAN_POINT('',(0.,0.));
#2477 = CARTESIAN_POINT('',(-1.570796326795,0.));
#2478 = ( GEOMETRIC_REPRESENTATION_CONTEXT(2) 
PARAMETRIC_REPRESENTATION_CONTEXT() REPRESENTATION_CONTEXT('2D SPACE',''
  ) );
#2479 = ORIENTED_EDGE('',*,*,#2480,.T.);
#2480 = EDGE_CURVE('',#2454,#1548,#2481,.T.);
#2481 = SURFACE_CURVE('',#2482,(#2486,#2493),.PCURVE_S1.);
#2482 = LINE('',#2483,#2484);
#2483 = CARTESIAN_POINT('',(-150.368,-188.468,6.35));
#2484 = VECTOR('',#2485,1.);
#2485 = DIRECTION('',(1.,0.,0.));
#2486 = PCURVE('',#210,#2487);
#2487 = DEFINITIONAL_REPRESENTATION('',(#2488),#2492);
#2488 = LINE('',#2489,#2490);
#2489 = CARTESIAN_POINT('',(-58.293,2.032));
#2490 = VECTOR('',#2491,1.);
#2491 = DIRECTION('',(1.,0.));
#2492 = ( GEOMETRIC_REPRESENTATION_CONTEXT(2) 
PARAMETRIC_REPRESENTATION_CONTEXT() REPRESENTATION_CONTEXT('2D SPACE',''
  ) );
#2493 = PCURVE('',#425,#2494);
#2494 = DEFINITIONAL_REPRESENTATION('',(#2495),#2499);
#2495 = LINE('',#2496,#2497);
#2496 = CARTESIAN_POINT('',(0.,0.));
#2497 = VECTOR('',#2498,1.);
#2498 = DIRECTION('',(1.,0.));
#2499 = ( GEOMETRIC_REPRESENTATION_CONTEXT(2) 
PARAMETRIC_REPRESENTATION_CONTEXT() REPRESENTATION_CONTEXT('2D SPACE',''
  ) );
#2500 = FACE_BOUND('',#2501,.F.);
#2501 = EDGE_LOOP('',(#2502,#2532,#2560,#2588,#2616,#2644,#2672,#2704));
#2502 = ORIENTED_EDGE('',*,*,#2503,.F.);
#2503 = EDGE_CURVE('',#2504,#2506,#2508,.T.);
#2504 = VERTEX_POINT('',#2505);
#2505 = CARTESIAN_POINT('',(-117.856,176.276,6.35));
#2506 = VERTEX_POINT('',#2507);
#2507 = CARTESIAN_POINT('',(-130.556,163.576,6.35));
#2508 = SURFACE_CURVE('',#2509,(#2514,#2521),.PCURVE_S1.);
#2509 = CIRCLE('',#2510,12.7);
#2510 = AXIS2_PLACEMENT_3D('',#2511,#2512,#2513);
#2511 = CARTESIAN_POINT('',(-117.856,163.576,6.35));
#2512 = DIRECTION('',(0.,0.,1.));
#2513 = DIRECTION('',(0.,-1.,0.));
#2514 = PCURVE('',#210,#2515);
#2515 = DEFINITIONAL_REPRESENTATION('',(#2516),#2520);
#2516 = CIRCLE('',#2517,12.7);
#2517 = AXIS2_PLACEMENT_2D('',#2518,#2519);
#2518 = CARTESIAN_POINT('',(-25.781,354.076));
#2519 = DIRECTION('',(0.,-1.));
#2520 = ( GEOMETRIC_REPRESENTATION_CONTEXT(2) 
PARAMETRIC_REPRESENTATION_CONTEXT() REPRESENTATION_CONTEXT('2D SPACE',''
  ) );
#2521 = PCURVE('',#2522,#2527);
#2522 = CYLINDRICAL_SURFACE('',#2523,12.7);
#2523 = AXIS2_PLACEMENT_3D('',#2524,#2525,#2526);
#2524 = CARTESIAN_POINT('',(-117.856,163.576,0.));
#2525 = DIRECTION('',(0.,0.,1.));
#2526 = DIRECTION('',(-0.,1.,0.));
#2527 = DEFINITIONAL_REPRESENTATION('',(#2528),#2531);
#2528 = B_SPLINE_CURVE_WITH_KNOTS('',1,(#2529,#2530),.UNSPECIFIED.,.F.,
  .F.,(2,2),(3.14159265359,4.712388980385),.PIECEWISE_BEZIER_KNOTS.);
#2529 = CARTESIAN_POINT('',(0.,6.35));
#2530 = CARTESIAN_POINT('',(1.570796326795,6.35));
#2531 = ( GEOMETRIC_REPRESENTATION_CONTEXT(2) 
PARAMETRIC_REPRESENTATION_CONTEXT() REPRESENTATION_CONTEXT('2D SPACE',''
  ) );
#2532 = ORIENTED_EDGE('',*,*,#2533,.F.);
#2533 = EDGE_CURVE('',#2534,#2504,#2536,.T.);
#2534 = VERTEX_POINT('',#2535);
#2535 = CARTESIAN_POINT('',(117.856,176.276,6.35));
#2536 = SURFACE_CURVE('',#2537,(#2541,#2548),.PCURVE_S1.);
#2537 = LINE('',#2538,#2539);
#2538 = CARTESIAN_POINT('',(130.556,176.276,6.35));
#2539 = VECTOR('',#2540,1.);
#2540 = DIRECTION('',(-1.,0.,0.));
#2541 = PCURVE('',#210,#2542);
#2542 = DEFINITIONAL_REPRESENTATION('',(#2543),#2547);
#2543 = LINE('',#2544,#2545);
#2544 = CARTESIAN_POINT('',(222.631,366.776));
#2545 = VECTOR('',#2546,1.);
#2546 = DIRECTION('',(-1.,0.));
#2547 = ( GEOMETRIC_REPRESENTATION_CONTEXT(2) 
PARAMETRIC_REPRESENTATION_CONTEXT() REPRESENTATION_CONTEXT('2D SPACE',''
  ) );
#2548 = PCURVE('',#2549,#2554);
#2549 = PLANE('',#2550);
#2550 = AXIS2_PLACEMENT_3D('',#2551,#2552,#2553);
#2551 = CARTESIAN_POINT('',(130.556,176.276,0.));
#2552 = DIRECTION('',(0.,-1.,0.));
#2553 = DIRECTION('',(-1.,0.,0.));
#2554 = DEFINITIONAL_REPRESENTATION('',(#2555),#2559);
#2555 = LINE('',#2556,#2557);
#2556 = CARTESIAN_POINT('',(0.,-6.35));
#2557 = VECTOR('',#2558,1.);
#2558 = DIRECTION('',(1.,0.));
#2559 = ( GEOMETRIC_REPRESENTATION_CONTEXT(2) 
PARAMETRIC_REPRESENTATION_CONTEXT() REPRESENTATION_CONTEXT('2D SPACE',''
  ) );
#2560 = ORIENTED_EDGE('',*,*,#2561,.F.);
#2561 = EDGE_CURVE('',#2562,#2534,#2564,.T.);
#2562 = VERTEX_POINT('',#2563);
#2563 = CARTESIAN_POINT('',(130.556,163.576,6.35));
#2564 = SURFACE_CURVE('',#2565,(#2570,#2577),.PCURVE_S1.);
#2565 = CIRCLE('',#2566,12.7);
#2566 = AXIS2_PLACEMENT_3D('',#2567,#2568,#2569);
#2567 = CARTESIAN_POINT('',(117.856,163.576,6.35));
#2568 = DIRECTION('',(0.,0.,1.));
#2569 = DIRECTION('',(0.,-1.,0.));
#2570 = PCURVE('',#210,#2571);
#2571 = DEFINITIONAL_REPRESENTATION('',(#2572),#2576);
#2572 = CIRCLE('',#2573,12.7);
#2573 = AXIS2_PLACEMENT_2D('',#2574,#2575);
#2574 = CARTESIAN_POINT('',(209.931,354.076));
#2575 = DIRECTION('',(0.,-1.));
#2576 = ( GEOMETRIC_REPRESENTATION_CONTEXT(2) 
PARAMETRIC_REPRESENTATION_CONTEXT() REPRESENTATION_CONTEXT('2D SPACE',''
  ) );
#2577 = PCURVE('',#2578,#2583);
#2578 = CYLINDRICAL_SURFACE('',#2579,12.7);
#2579 = AXIS2_PLACEMENT_3D('',#2580,#2581,#2582);
#2580 = CARTESIAN_POINT('',(117.856,163.576,0.));
#2581 = DIRECTION('',(0.,0.,1.));
#2582 = DIRECTION('',(1.,0.,-0.));
#2583 = DEFINITIONAL_REPRESENTATION('',(#2584),#2587);
#2584 = B_SPLINE_CURVE_WITH_KNOTS('',1,(#2585,#2586),.UNSPECIFIED.,.F.,
  .F.,(2,2),(1.570796326795,3.14159265359),.PIECEWISE_BEZIER_KNOTS.);
#2585 = CARTESIAN_POINT('',(0.,6.35));
#2586 = CARTESIAN_POINT('',(1.570796326795,6.35));
#2587 = ( GEOMETRIC_REPRESENTATION_CONTEXT(2) 
PARAMETRIC_REPRESENTATION_CONTEXT() REPRESENTATION_CONTEXT('2D SPACE',''
  ) );
#2588 = ORIENTED_EDGE('',*,*,#2589,.F.);
#2589 = EDGE_CURVE('',#2590,#2562,#2592,.T.);
#2590 = VERTEX_POINT('',#2591);
#2591 = CARTESIAN_POINT('',(130.556,-163.576,6.35));
#2592 = SURFACE_CURVE('',#2593,(#2597,#2604),.PCURVE_S1.);
#2593 = LINE('',#2594,#2595);
#2594 = CARTESIAN_POINT('',(130.556,-176.276,6.35));
#2595 = VECTOR('',#2596,1.);
#2596 = DIRECTION('',(0.,1.,0.));
#2597 = PCURVE('',#210,#2598);
#2598 = DEFINITIONAL_REPRESENTATION('',(#2599),#2603);
#2599 = LINE('',#2600,#2601);
#2600 = CARTESIAN_POINT('',(222.631,14.224));
#2601 = VECTOR('',#2602,1.);
#2602 = DIRECTION('',(0.,1.));
#2603 = ( GEOMETRIC_REPRESENTATION_CONTEXT(2) 
PARAMETRIC_REPRESENTATION_CONTEXT() REPRESENTATION_CONTEXT('2D SPACE',''
  ) );
#2604 = PCURVE('',#2605,#2610);
#2605 = PLANE('',#2606);
#2606 = AXIS2_PLACEMENT_3D('',#2607,#2608,#2609);
#2607 = CARTESIAN_POINT('',(130.556,-176.276,0.));
#2608 = DIRECTION('',(-1.,0.,0.));
#2609 = DIRECTION('',(0.,1.,0.));
#2610 = DEFINITIONAL_REPRESENTATION('',(#2611),#2615);
#2611 = LINE('',#2612,#2613);
#2612 = CARTESIAN_POINT('',(0.,-6.35));
#2613 = VECTOR('',#2614,1.);
#2614 = DIRECTION('',(1.,0.));
#2615 = ( GEOMETRIC_REPRESENTATION_CONTEXT(2) 
PARAMETRIC_REPRESENTATION_CONTEXT() REPRESENTATION_CONTEXT('2D SPACE',''
  ) );
#2616 = ORIENTED_EDGE('',*,*,#2617,.F.);
#2617 = EDGE_CURVE('',#2618,#2590,#2620,.T.);
#2618 = VERTEX_POINT('',#2619);
#2619 = CARTESIAN_POINT('',(117.856,-176.276,6.35));
#2620 = SURFACE_CURVE('',#2621,(#2626,#2633),.PCURVE_S1.);
#2621 = CIRCLE('',#2622,12.7);
#2622 = AXIS2_PLACEMENT_3D('',#2623,#2624,#2625);
#2623 = CARTESIAN_POINT('',(117.856,-163.576,6.35));
#2624 = DIRECTION('',(0.,0.,1.));
#2625 = DIRECTION('',(0.,-1.,0.));
#2626 = PCURVE('',#210,#2627);
#2627 = DEFINITIONAL_REPRESENTATION('',(#2628),#2632);
#2628 = CIRCLE('',#2629,12.7);
#2629 = AXIS2_PLACEMENT_2D('',#2630,#2631);
#2630 = CARTESIAN_POINT('',(209.931,26.924));
#2631 = DIRECTION('',(0.,-1.));
#2632 = ( GEOMETRIC_REPRESENTATION_CONTEXT(2) 
PARAMETRIC_REPRESENTATION_CONTEXT() REPRESENTATION_CONTEXT('2D SPACE',''
  ) );
#2633 = PCURVE('',#2634,#2639);
#2634 = CYLINDRICAL_SURFACE('',#2635,12.7);
#2635 = AXIS2_PLACEMENT_3D('',#2636,#2637,#2638);
#2636 = CARTESIAN_POINT('',(117.856,-163.576,0.));
#2637 = DIRECTION('',(0.,0.,1.));
#2638 = DIRECTION('',(0.,-1.,0.));
#2639 = DEFINITIONAL_REPRESENTATION('',(#2640),#2643);
#2640 = B_SPLINE_CURVE_WITH_KNOTS('',1,(#2641,#2642),.UNSPECIFIED.,.F.,
  .F.,(2,2),(0.,1.570796326795),.PIECEWISE_BEZIER_KNOTS.);
#2641 = CARTESIAN_POINT('',(0.,6.35));
#2642 = CARTESIAN_POINT('',(1.570796326795,6.35));
#2643 = ( GEOMETRIC_REPRESENTATION_CONTEXT(2) 
PARAMETRIC_REPRESENTATION_CONTEXT() REPRESENTATION_CONTEXT('2D SPACE',''
  ) );
#2644 = ORIENTED_EDGE('',*,*,#2645,.F.);
#2645 = EDGE_CURVE('',#2646,#2618,#2648,.T.);
#2646 = VERTEX_POINT('',#2647);
#2647 = CARTESIAN_POINT('',(-117.856,-176.276,6.35));
#2648 = SURFACE_CURVE('',#2649,(#2653,#2660),.PCURVE_S1.);
#2649 = LINE('',#2650,#2651);
#2650 = CARTESIAN_POINT('',(-130.556,-176.276,6.35));
#2651 = VECTOR('',#2652,1.);
#2652 = DIRECTION('',(1.,0.,0.));
#2653 = PCURVE('',#210,#2654);
#2654 = DEFINITIONAL_REPRESENTATION('',(#2655),#2659);
#2655 = LINE('',#2656,#2657);
#2656 = CARTESIAN_POINT('',(-38.481,14.224));
#2657 = VECTOR('',#2658,1.);
#2658 = DIRECTION('',(1.,0.));
#2659 = ( GEOMETRIC_REPRESENTATION_CONTEXT(2) 
PARAMETRIC_REPRESENTATION_CONTEXT() REPRESENTATION_CONTEXT('2D SPACE',''
  ) );
#2660 = PCURVE('',#2661,#2666);
#2661 = PLANE('',#2662);
#2662 = AXIS2_PLACEMENT_3D('',#2663,#2664,#2665);
#2663 = CARTESIAN_POINT('',(-130.556,-176.276,0.));
#2664 = DIRECTION('',(0.,1.,0.));
#2665 = DIRECTION('',(1.,0.,0.));
#2666 = DEFINITIONAL_REPRESENTATION('',(#2667),#2671);
#2667 = LINE('',#2668,#2669);
#2668 = CARTESIAN_POINT('',(0.,-6.35));
#2669 = VECTOR('',#2670,1.);
#2670 = DIRECTION('',(1.,0.));
#2671 = ( GEOMETRIC_REPRESENTATION_CONTEXT(2) 
PARAMETRIC_REPRESENTATION_CONTEXT() REPRESENTATION_CONTEXT('2D SPACE',''
  ) );
#2672 = ORIENTED_EDGE('',*,*,#2673,.T.);
#2673 = EDGE_CURVE('',#2646,#2674,#2676,.T.);
#2674 = VERTEX_POINT('',#2675);
#2675 = CARTESIAN_POINT('',(-130.556,-163.576,6.35));
#2676 = SURFACE_CURVE('',#2677,(#2682,#2693),.PCURVE_S1.);
#2677 = CIRCLE('',#2678,12.7);
#2678 = AXIS2_PLACEMENT_3D('',#2679,#2680,#2681);
#2679 = CARTESIAN_POINT('',(-117.856,-163.576,6.35));
#2680 = DIRECTION('',(-0.,-0.,-1.));
#2681 = DIRECTION('',(0.,-1.,0.));
#2682 = PCURVE('',#210,#2683);
#2683 = DEFINITIONAL_REPRESENTATION('',(#2684),#2692);
#2684 = ( BOUNDED_CURVE() B_SPLINE_CURVE(2,(#2685,#2686,#2687,#2688,
#2689,#2690,#2691),.UNSPECIFIED.,.T.,.F.) B_SPLINE_CURVE_WITH_KNOTS((1,2
    ,2,2,2,1),(-2.094395102393,0.,2.094395102393,4.188790204786,
6.28318530718,8.377580409573),.UNSPECIFIED.) CURVE() 
GEOMETRIC_REPRESENTATION_ITEM() RATIONAL_B_SPLINE_CURVE((1.,0.5,1.,0.5,
1.,0.5,1.)) REPRESENTATION_ITEM('') );
#2685 = CARTESIAN_POINT('',(-25.781,14.224));
#2686 = CARTESIAN_POINT('',(-47.77804525612,14.224));
#2687 = CARTESIAN_POINT('',(-36.77952262806,33.274));
#2688 = CARTESIAN_POINT('',(-25.781,52.324));
#2689 = CARTESIAN_POINT('',(-14.78247737193,33.274));
#2690 = CARTESIAN_POINT('',(-3.783954743875,14.224));
#2691 = CARTESIAN_POINT('',(-25.781,14.224));
#2692 = ( GEOMETRIC_REPRESENTATION_CONTEXT(2) 
PARAMETRIC_REPRESENTATION_CONTEXT() REPRESENTATION_CONTEXT('2D SPACE',''
  ) );
#2693 = PCURVE('',#2694,#2699);
#2694 = CYLINDRICAL_SURFACE('',#2695,12.7);
#2695 = AXIS2_PLACEMENT_3D('',#2696,#2697,#2698);
#2696 = CARTESIAN_POINT('',(-117.856,-163.576,0.));
#2697 = DIRECTION('',(0.,0.,1.));
#2698 = DIRECTION('',(0.,-1.,0.));
#2699 = DEFINITIONAL_REPRESENTATION('',(#2700),#2703);
#2700 = B_SPLINE_CURVE_WITH_KNOTS('',1,(#2701,#2702),.UNSPECIFIED.,.F.,
  .F.,(2,2),(0.,1.570796326795),.PIECEWISE_BEZIER_KNOTS.);
#2701 = CARTESIAN_POINT('',(0.,6.35));
#2702 = CARTESIAN_POINT('',(-1.570796326795,6.35));
#2703 = ( GEOMETRIC_REPRESENTATION_CONTEXT(2) 
PARAMETRIC_REPRESENTATION_CONTEXT() REPRESENTATION_CONTEXT('2D SPACE',''
  ) );
#2704 = ORIENTED_EDGE('',*,*,#2705,.F.);
#2705 = EDGE_CURVE('',#2506,#2674,#2706,.T.);
#2706 = SURFACE_CURVE('',#2707,(#2711,#2718),.PCURVE_S1.);
#2707 = LINE('',#2708,#2709);
#2708 = CARTESIAN_POINT('',(-130.556,176.276,6.35));
#2709 = VECTOR('',#2710,1.);
#2710 = DIRECTION('',(0.,-1.,0.));
#2711 = PCURVE('',#210,#2712);
#2712 = DEFINITIONAL_REPRESENTATION('',(#2713),#2717);
#2713 = LINE('',#2714,#2715);
#2714 = CARTESIAN_POINT('',(-38.481,366.776));
#2715 = VECTOR('',#2716,1.);
#2716 = DIRECTION('',(0.,-1.));
#2717 = ( GEOMETRIC_REPRESENTATION_CONTEXT(2) 
PARAMETRIC_REPRESENTATION_CONTEXT() REPRESENTATION_CONTEXT('2D SPACE',''
  ) );
#2718 = PCURVE('',#2719,#2724);
#2719 = PLANE('',#2720);
#2720 = AXIS2_PLACEMENT_3D('',#2721,#2722,#2723);
#2721 = CARTESIAN_POINT('',(-130.556,176.276,0.));
#2722 = DIRECTION('',(1.,0.,-0.));
#2723 = DIRECTION('',(0.,-1.,0.));
#2724 = DEFINITIONAL_REPRESENTATION('',(#2725),#2729);
#2725 = LINE('',#2726,#2727);
#2726 = CARTESIAN_POINT('',(0.,-6.35));
#2727 = VECTOR('',#2728,1.);
#2728 = DIRECTION('',(1.,0.));
#2729 = ( GEOMETRIC_REPRESENTATION_CONTEXT(2) 
PARAMETRIC_REPRESENTATION_CONTEXT() REPRESENTATION_CONTEXT('2D SPACE',''
  ) );
#2730 = ADVANCED_FACE('',(#2731),#238,.F.);
#2731 = FACE_BOUND('',#2732,.F.);
#2732 = EDGE_LOOP('',(#2733,#2756,#2757,#2758));
#2733 = ORIENTED_EDGE('',*,*,#2734,.F.);
#2734 = EDGE_CURVE('',#223,#2735,#2737,.T.);
#2735 = VERTEX_POINT('',#2736);
#2736 = CARTESIAN_POINT('',(85.725,-188.468,115.57));
#2737 = SURFACE_CURVE('',#2738,(#2742,#2749),.PCURVE_S1.);
#2738 = LINE('',#2739,#2740);
#2739 = CARTESIAN_POINT('',(85.725,-190.5,115.57));
#2740 = VECTOR('',#2741,1.);
#2741 = DIRECTION('',(0.,1.,0.));
#2742 = PCURVE('',#238,#2743);
#2743 = DEFINITIONAL_REPRESENTATION('',(#2744),#2748);
#2744 = LINE('',#2745,#2746);
#2745 = CARTESIAN_POINT('',(109.22,0.));
#2746 = VECTOR('',#2747,1.);
#2747 = DIRECTION('',(0.,-1.));
#2748 = ( GEOMETRIC_REPRESENTATION_CONTEXT(2) 
PARAMETRIC_REPRESENTATION_CONTEXT() REPRESENTATION_CONTEXT('2D SPACE',''
  ) );
#2749 = PCURVE('',#266,#2750);
#2750 = DEFINITIONAL_REPRESENTATION('',(#2751),#2755);
#2751 = LINE('',#2752,#2753);
#2752 = CARTESIAN_POINT('',(85.725,-190.5));
#2753 = VECTOR('',#2754,1.);
#2754 = DIRECTION('',(0.,1.));
#2755 = ( GEOMETRIC_REPRESENTATION_CONTEXT(2) 
PARAMETRIC_REPRESENTATION_CONTEXT() REPRESENTATION_CONTEXT('2D SPACE',''
  ) );
#2756 = ORIENTED_EDGE('',*,*,#222,.F.);
#2757 = ORIENTED_EDGE('',*,*,#1622,.T.);
#2758 = ORIENTED_EDGE('',*,*,#2759,.F.);
#2759 = EDGE_CURVE('',#2735,#1595,#2760,.T.);
#2760 = SURFACE_CURVE('',#2761,(#2765,#2772),.PCURVE_S1.);
#2761 = LINE('',#2762,#2763);
#2762 = CARTESIAN_POINT('',(85.725,-188.468,6.35));
#2763 = VECTOR('',#2764,1.);
#2764 = DIRECTION('',(0.,0.,-1.));
#2765 = PCURVE('',#238,#2766);
#2766 = DEFINITIONAL_REPRESENTATION('',(#2767),#2771);
#2767 = LINE('',#2768,#2769);
#2768 = CARTESIAN_POINT('',(0.,-2.032));
#2769 = VECTOR('',#2770,1.);
#2770 = DIRECTION('',(-1.,0.));
#2771 = ( GEOMETRIC_REPRESENTATION_CONTEXT(2) 
PARAMETRIC_REPRESENTATION_CONTEXT() REPRESENTATION_CONTEXT('2D SPACE',''
  ) );
#2772 = PCURVE('',#1610,#2773);
#2773 = DEFINITIONAL_REPRESENTATION('',(#2774),#2778);
#2774 = LINE('',#2775,#2776);
#2775 = CARTESIAN_POINT('',(236.093,0.));
#2776 = VECTOR('',#2777,1.);
#2777 = DIRECTION('',(0.,1.));
#2778 = ( GEOMETRIC_REPRESENTATION_CONTEXT(2) 
PARAMETRIC_REPRESENTATION_CONTEXT() REPRESENTATION_CONTEXT('2D SPACE',''
  ) );
#2779 = ADVANCED_FACE('',(#2780),#266,.F.);
#2780 = FACE_BOUND('',#2781,.F.);
#2781 = EDGE_LOOP('',(#2782,#2783,#2784,#2807));
#2782 = ORIENTED_EDGE('',*,*,#250,.T.);
#2783 = ORIENTED_EDGE('',*,*,#2734,.T.);
#2784 = ORIENTED_EDGE('',*,*,#2785,.F.);
#2785 = EDGE_CURVE('',#2786,#2735,#2788,.T.);
#2786 = VERTEX_POINT('',#2787);
#2787 = CARTESIAN_POINT('',(-85.725,-188.468,115.57));
#2788 = SURFACE_CURVE('',#2789,(#2793,#2800),.PCURVE_S1.);
#2789 = LINE('',#2790,#2791);
#2790 = CARTESIAN_POINT('',(-150.368,-188.468,115.57));
#2791 = VECTOR('',#2792,1.);
#2792 = DIRECTION('',(1.,0.,0.));
#2793 = PCURVE('',#266,#2794);
#2794 = DEFINITIONAL_REPRESENTATION('',(#2795),#2799);
#2795 = LINE('',#2796,#2797);
#2796 = CARTESIAN_POINT('',(-150.368,-188.468));
#2797 = VECTOR('',#2798,1.);
#2798 = DIRECTION('',(1.,0.));
#2799 = ( GEOMETRIC_REPRESENTATION_CONTEXT(2) 
PARAMETRIC_REPRESENTATION_CONTEXT() REPRESENTATION_CONTEXT('2D SPACE',''
  ) );
#2800 = PCURVE('',#1610,#2801);
#2801 = DEFINITIONAL_REPRESENTATION('',(#2802),#2806);
#2802 = LINE('',#2803,#2804);
#2803 = CARTESIAN_POINT('',(0.,-109.22));
#2804 = VECTOR('',#2805,1.);
#2805 = DIRECTION('',(1.,0.));
#2806 = ( GEOMETRIC_REPRESENTATION_CONTEXT(2) 
PARAMETRIC_REPRESENTATION_CONTEXT() REPRESENTATION_CONTEXT('2D SPACE',''
  ) );
#2807 = ORIENTED_EDGE('',*,*,#2808,.F.);
#2808 = EDGE_CURVE('',#251,#2786,#2809,.T.);
#2809 = SURFACE_CURVE('',#2810,(#2814,#2821),.PCURVE_S1.);
#2810 = LINE('',#2811,#2812);
#2811 = CARTESIAN_POINT('',(-85.725,-190.5,115.57));
#2812 = VECTOR('',#2813,1.);
#2813 = DIRECTION('',(0.,1.,0.));
#2814 = PCURVE('',#266,#2815);
#2815 = DEFINITIONAL_REPRESENTATION('',(#2816),#2820);
#2816 = LINE('',#2817,#2818);
#2817 = CARTESIAN_POINT('',(-85.725,-190.5));
#2818 = VECTOR('',#2819,1.);
#2819 = DIRECTION('',(0.,1.));
#2820 = ( GEOMETRIC_REPRESENTATION_CONTEXT(2) 
PARAMETRIC_REPRESENTATION_CONTEXT() REPRESENTATION_CONTEXT('2D SPACE',''
  ) );
#2821 = PCURVE('',#294,#2822);
#2822 = DEFINITIONAL_REPRESENTATION('',(#2823),#2827);
#2823 = LINE('',#2824,#2825);
#2824 = CARTESIAN_POINT('',(109.22,0.));
#2825 = VECTOR('',#2826,1.);
#2826 = DIRECTION('',(0.,-1.));
#2827 = ( GEOMETRIC_REPRESENTATION_CONTEXT(2) 
PARAMETRIC_REPRESENTATION_CONTEXT() REPRESENTATION_CONTEXT('2D SPACE',''
  ) );
#2828 = ADVANCED_FACE('',(#2829),#294,.T.);
#2829 = FACE_BOUND('',#2830,.T.);
#2830 = EDGE_LOOP('',(#2831,#2832,#2833,#2834));
#2831 = ORIENTED_EDGE('',*,*,#2808,.F.);
#2832 = ORIENTED_EDGE('',*,*,#278,.F.);
#2833 = ORIENTED_EDGE('',*,*,#1571,.T.);
#2834 = ORIENTED_EDGE('',*,*,#2835,.F.);
#2835 = EDGE_CURVE('',#2786,#1572,#2836,.T.);
#2836 = SURFACE_CURVE('',#2837,(#2841,#2848),.PCURVE_S1.);
#2837 = LINE('',#2838,#2839);
#2838 = CARTESIAN_POINT('',(-85.725,-188.468,6.35));
#2839 = VECTOR('',#2840,1.);
#2840 = DIRECTION('',(0.,0.,-1.));
#2841 = PCURVE('',#294,#2842);
#2842 = DEFINITIONAL_REPRESENTATION('',(#2843),#2847);
#2843 = LINE('',#2844,#2845);
#2844 = CARTESIAN_POINT('',(0.,-2.032));
#2845 = VECTOR('',#2846,1.);
#2846 = DIRECTION('',(-1.,0.));
#2847 = ( GEOMETRIC_REPRESENTATION_CONTEXT(2) 
PARAMETRIC_REPRESENTATION_CONTEXT() REPRESENTATION_CONTEXT('2D SPACE',''
  ) );
#2848 = PCURVE('',#1610,#2849);
#2849 = DEFINITIONAL_REPRESENTATION('',(#2850),#2854);
#2850 = LINE('',#2851,#2852);
#2851 = CARTESIAN_POINT('',(64.643,0.));
#2852 = VECTOR('',#2853,1.);
#2853 = DIRECTION('',(0.,1.));
#2854 = ( GEOMETRIC_REPRESENTATION_CONTEXT(2) 
PARAMETRIC_REPRESENTATION_CONTEXT() REPRESENTATION_CONTEXT('2D SPACE',''
  ) );
#2855 = ADVANCED_FACE('',(#2856),#343,.F.);
#2856 = FACE_BOUND('',#2857,.F.);
#2857 = EDGE_LOOP('',(#2858,#2859,#2860,#2861));
#2858 = ORIENTED_EDGE('',*,*,#386,.F.);
#2859 = ORIENTED_EDGE('',*,*,#329,.F.);
#2860 = ORIENTED_EDGE('',*,*,#1547,.T.);
#2861 = ORIENTED_EDGE('',*,*,#2862,.F.);
#2862 = EDGE_CURVE('',#387,#1548,#2863,.T.);
#2863 = SURFACE_CURVE('',#2864,(#2868,#2875),.PCURVE_S1.);
#2864 = LINE('',#2865,#2866);
#2865 = CARTESIAN_POINT('',(-92.075,-188.468,6.35));
#2866 = VECTOR('',#2867,1.);
#2867 = DIRECTION('',(0.,0.,-1.));
#2868 = PCURVE('',#343,#2869);
#2869 = DEFINITIONAL_REPRESENTATION('',(#2870),#2874);
#2870 = LINE('',#2871,#2872);
#2871 = CARTESIAN_POINT('',(0.,-2.032));
#2872 = VECTOR('',#2873,1.);
#2873 = DIRECTION('',(-1.,0.));
#2874 = ( GEOMETRIC_REPRESENTATION_CONTEXT(2) 
PARAMETRIC_REPRESENTATION_CONTEXT() REPRESENTATION_CONTEXT('2D SPACE',''
  ) );
#2875 = PCURVE('',#425,#2876);
#2876 = DEFINITIONAL_REPRESENTATION('',(#2877),#2881);
#2877 = LINE('',#2878,#2879);
#2878 = CARTESIAN_POINT('',(58.293,0.));
#2879 = VECTOR('',#2880,1.);
#2880 = DIRECTION('',(0.,1.));
#2881 = ( GEOMETRIC_REPRESENTATION_CONTEXT(2) 
PARAMETRIC_REPRESENTATION_CONTEXT() REPRESENTATION_CONTEXT('2D SPACE',''
  ) );
#2882 = ADVANCED_FACE('',(#2883),#539,.F.);
#2883 = FACE_BOUND('',#2884,.F.);
#2884 = EDGE_LOOP('',(#2885,#2915,#2935,#2936,#2937,#2938,#2959,#2960,
    #2983,#3011,#3032,#3033));
#2885 = ORIENTED_EDGE('',*,*,#2886,.F.);
#2886 = EDGE_CURVE('',#2887,#2889,#2891,.T.);
#2887 = VERTEX_POINT('',#2888);
#2888 = CARTESIAN_POINT('',(-152.4,177.8,115.57));
#2889 = VERTEX_POINT('',#2890);
#2890 = CARTESIAN_POINT('',(-152.4,117.475,115.57));
#2891 = SURFACE_CURVE('',#2892,(#2896,#2903),.PCURVE_S1.);
#2892 = LINE('',#2893,#2894);
#2893 = CARTESIAN_POINT('',(-152.4,190.5,115.57));
#2894 = VECTOR('',#2895,1.);
#2895 = DIRECTION('',(0.,-1.,0.));
#2896 = PCURVE('',#539,#2897);
#2897 = DEFINITIONAL_REPRESENTATION('',(#2898),#2902);
#2898 = LINE('',#2899,#2900);
#2899 = CARTESIAN_POINT('',(0.,0.));
#2900 = VECTOR('',#2901,1.);
#2901 = DIRECTION('',(1.,0.));
#2902 = ( GEOMETRIC_REPRESENTATION_CONTEXT(2) 
PARAMETRIC_REPRESENTATION_CONTEXT() REPRESENTATION_CONTEXT('2D SPACE',''
  ) );
#2903 = PCURVE('',#2904,#2909);
#2904 = PLANE('',#2905);
#2905 = AXIS2_PLACEMENT_3D('',#2906,#2907,#2908);
#2906 = CARTESIAN_POINT('',(0.,0.,115.57));
#2907 = DIRECTION('',(0.,0.,1.));
#2908 = DIRECTION('',(1.,0.,-0.));
#2909 = DEFINITIONAL_REPRESENTATION('',(#2910),#2914);
#2910 = LINE('',#2911,#2912);
#2911 = CARTESIAN_POINT('',(-152.4,190.5));
#2912 = VECTOR('',#2913,1.);
#2913 = DIRECTION('',(0.,-1.));
#2914 = ( GEOMETRIC_REPRESENTATION_CONTEXT(2) 
PARAMETRIC_REPRESENTATION_CONTEXT() REPRESENTATION_CONTEXT('2D SPACE',''
  ) );
#2915 = ORIENTED_EDGE('',*,*,#2916,.T.);
#2916 = EDGE_CURVE('',#2887,#715,#2917,.T.);
#2917 = SURFACE_CURVE('',#2918,(#2922,#2929),.PCURVE_S1.);
#2918 = LINE('',#2919,#2920);
#2919 = CARTESIAN_POINT('',(-152.4,177.8,115.57));
#2920 = VECTOR('',#2921,1.);
#2921 = DIRECTION('',(0.,0.,1.));
#2922 = PCURVE('',#539,#2923);
#2923 = DEFINITIONAL_REPRESENTATION('',(#2924),#2928);
#2924 = LINE('',#2925,#2926);
#2925 = CARTESIAN_POINT('',(12.7,0.));
#2926 = VECTOR('',#2927,1.);
#2927 = DIRECTION('',(0.,-1.));
#2928 = ( GEOMETRIC_REPRESENTATION_CONTEXT(2) 
PARAMETRIC_REPRESENTATION_CONTEXT() REPRESENTATION_CONTEXT('2D SPACE',''
  ) );
#2929 = PCURVE('',#731,#2930);
#2930 = DEFINITIONAL_REPRESENTATION('',(#2931),#2934);
#2931 = B_SPLINE_CURVE_WITH_KNOTS('',1,(#2932,#2933),.UNSPECIFIED.,.F.,
  .F.,(2,2),(0.,11.43),.PIECEWISE_BEZIER_KNOTS.);
#2932 = CARTESIAN_POINT('',(1.570796326795,0.));
#2933 = CARTESIAN_POINT('',(1.570796326795,11.43));
#2934 = ( GEOMETRIC_REPRESENTATION_CONTEXT(2) 
PARAMETRIC_REPRESENTATION_CONTEXT() REPRESENTATION_CONTEXT('2D SPACE',''
  ) );
#2935 = ORIENTED_EDGE('',*,*,#742,.T.);
#2936 = ORIENTED_EDGE('',*,*,#555,.F.);
#2937 = ORIENTED_EDGE('',*,*,#525,.F.);
#2938 = ORIENTED_EDGE('',*,*,#2939,.F.);
#2939 = EDGE_CURVE('',#2385,#498,#2940,.T.);
#2940 = SURFACE_CURVE('',#2941,(#2945,#2952),.PCURVE_S1.);
#2941 = LINE('',#2942,#2943);
#2942 = CARTESIAN_POINT('',(-152.4,-117.475,6.35));
#2943 = VECTOR('',#2944,1.);
#2944 = DIRECTION('',(0.,0.,1.));
#2945 = PCURVE('',#539,#2946);
#2946 = DEFINITIONAL_REPRESENTATION('',(#2947),#2951);
#2947 = LINE('',#2948,#2949);
#2948 = CARTESIAN_POINT('',(307.975,109.22));
#2949 = VECTOR('',#2950,1.);
#2950 = DIRECTION('',(0.,-1.));
#2951 = ( GEOMETRIC_REPRESENTATION_CONTEXT(2) 
PARAMETRIC_REPRESENTATION_CONTEXT() REPRESENTATION_CONTEXT('2D SPACE',''
  ) );
#2952 = PCURVE('',#513,#2953);
#2953 = DEFINITIONAL_REPRESENTATION('',(#2954),#2958);
#2954 = LINE('',#2955,#2956);
#2955 = CARTESIAN_POINT('',(0.,0.));
#2956 = VECTOR('',#2957,1.);
#2957 = DIRECTION('',(1.,0.));
#2958 = ( GEOMETRIC_REPRESENTATION_CONTEXT(2) 
PARAMETRIC_REPRESENTATION_CONTEXT() REPRESENTATION_CONTEXT('2D SPACE',''
  ) );
#2959 = ORIENTED_EDGE('',*,*,#2384,.T.);
#2960 = ORIENTED_EDGE('',*,*,#2961,.T.);
#2961 = EDGE_CURVE('',#2357,#2962,#2964,.T.);
#2962 = VERTEX_POINT('',#2963);
#2963 = CARTESIAN_POINT('',(-152.4,-111.125,115.57));
#2964 = SURFACE_CURVE('',#2965,(#2969,#2976),.PCURVE_S1.);
#2965 = LINE('',#2966,#2967);
#2966 = CARTESIAN_POINT('',(-152.4,-111.125,6.35));
#2967 = VECTOR('',#2968,1.);
#2968 = DIRECTION('',(0.,0.,1.));
#2969 = PCURVE('',#539,#2970);
#2970 = DEFINITIONAL_REPRESENTATION('',(#2971),#2975);
#2971 = LINE('',#2972,#2973);
#2972 = CARTESIAN_POINT('',(301.625,109.22));
#2973 = VECTOR('',#2974,1.);
#2974 = DIRECTION('',(0.,-1.));
#2975 = ( GEOMETRIC_REPRESENTATION_CONTEXT(2) 
PARAMETRIC_REPRESENTATION_CONTEXT() REPRESENTATION_CONTEXT('2D SPACE',''
  ) );
#2976 = PCURVE('',#2372,#2977);
#2977 = DEFINITIONAL_REPRESENTATION('',(#2978),#2982);
#2978 = LINE('',#2979,#2980);
#2979 = CARTESIAN_POINT('',(0.,0.));
#2980 = VECTOR('',#2981,1.);
#2981 = DIRECTION('',(1.,0.));
#2982 = ( GEOMETRIC_REPRESENTATION_CONTEXT(2) 
PARAMETRIC_REPRESENTATION_CONTEXT() REPRESENTATION_CONTEXT('2D SPACE',''
  ) );
#2983 = ORIENTED_EDGE('',*,*,#2984,.F.);
#2984 = EDGE_CURVE('',#2985,#2962,#2987,.T.);
#2985 = VERTEX_POINT('',#2986);
#2986 = CARTESIAN_POINT('',(-152.4,111.125,115.57));
#2987 = SURFACE_CURVE('',#2988,(#2992,#2999),.PCURVE_S1.);
#2988 = LINE('',#2989,#2990);
#2989 = CARTESIAN_POINT('',(-152.4,111.125,115.57));
#2990 = VECTOR('',#2991,1.);
#2991 = DIRECTION('',(0.,-1.,0.));
#2992 = PCURVE('',#539,#2993);
#2993 = DEFINITIONAL_REPRESENTATION('',(#2994),#2998);
#2994 = LINE('',#2995,#2996);
#2995 = CARTESIAN_POINT('',(79.375,0.));
#2996 = VECTOR('',#2997,1.);
#2997 = DIRECTION('',(1.,0.));
#2998 = ( GEOMETRIC_REPRESENTATION_CONTEXT(2) 
PARAMETRIC_REPRESENTATION_CONTEXT() REPRESENTATION_CONTEXT('2D SPACE',''
  ) );
#2999 = PCURVE('',#3000,#3005);
#3000 = PLANE('',#3001);
#3001 = AXIS2_PLACEMENT_3D('',#3002,#3003,#3004);
#3002 = CARTESIAN_POINT('',(0.,0.,115.57));
#3003 = DIRECTION('',(0.,0.,1.));
#3004 = DIRECTION('',(1.,0.,-0.));
#3005 = DEFINITIONAL_REPRESENTATION('',(#3006),#3010);
#3006 = LINE('',#3007,#3008);
#3007 = CARTESIAN_POINT('',(-152.4,111.125));
#3008 = VECTOR('',#3009,1.);
#3009 = DIRECTION('',(0.,-1.));
#3010 = ( GEOMETRIC_REPRESENTATION_CONTEXT(2) 
PARAMETRIC_REPRESENTATION_CONTEXT() REPRESENTATION_CONTEXT('2D SPACE',''
  ) );
#3011 = ORIENTED_EDGE('',*,*,#3012,.F.);
#3012 = EDGE_CURVE('',#2278,#2985,#3013,.T.);
#3013 = SURFACE_CURVE('',#3014,(#3018,#3025),.PCURVE_S1.);
#3014 = LINE('',#3015,#3016);
#3015 = CARTESIAN_POINT('',(-152.4,111.125,6.35));
#3016 = VECTOR('',#3017,1.);
#3017 = DIRECTION('',(0.,0.,1.));
#3018 = PCURVE('',#539,#3019);
#3019 = DEFINITIONAL_REPRESENTATION('',(#3020),#3024);
#3020 = LINE('',#3021,#3022);
#3021 = CARTESIAN_POINT('',(79.375,109.22));
#3022 = VECTOR('',#3023,1.);
#3023 = DIRECTION('',(0.,-1.));
#3024 = ( GEOMETRIC_REPRESENTATION_CONTEXT(2) 
PARAMETRIC_REPRESENTATION_CONTEXT() REPRESENTATION_CONTEXT('2D SPACE',''
  ) );
#3025 = PCURVE('',#2316,#3026);
#3026 = DEFINITIONAL_REPRESENTATION('',(#3027),#3031);
#3027 = LINE('',#3028,#3029);
#3028 = CARTESIAN_POINT('',(0.,0.));
#3029 = VECTOR('',#3030,1.);
#3030 = DIRECTION('',(1.,0.));
#3031 = ( GEOMETRIC_REPRESENTATION_CONTEXT(2) 
PARAMETRIC_REPRESENTATION_CONTEXT() REPRESENTATION_CONTEXT('2D SPACE',''
  ) );
#3032 = ORIENTED_EDGE('',*,*,#2277,.T.);
#3033 = ORIENTED_EDGE('',*,*,#3034,.T.);
#3034 = EDGE_CURVE('',#2250,#2889,#3035,.T.);
#3035 = SURFACE_CURVE('',#3036,(#3040,#3047),.PCURVE_S1.);
#3036 = LINE('',#3037,#3038);
#3037 = CARTESIAN_POINT('',(-152.4,117.475,6.35));
#3038 = VECTOR('',#3039,1.);
#3039 = DIRECTION('',(0.,0.,1.));
#3040 = PCURVE('',#539,#3041);
#3041 = DEFINITIONAL_REPRESENTATION('',(#3042),#3046);
#3042 = LINE('',#3043,#3044);
#3043 = CARTESIAN_POINT('',(73.025,109.22));
#3044 = VECTOR('',#3045,1.);
#3045 = DIRECTION('',(0.,-1.));
#3046 = ( GEOMETRIC_REPRESENTATION_CONTEXT(2) 
PARAMETRIC_REPRESENTATION_CONTEXT() REPRESENTATION_CONTEXT('2D SPACE',''
  ) );
#3047 = PCURVE('',#2265,#3048);
#3048 = DEFINITIONAL_REPRESENTATION('',(#3049),#3053);
#3049 = LINE('',#3050,#3051);
#3050 = CARTESIAN_POINT('',(0.,0.));
#3051 = VECTOR('',#3052,1.);
#3052 = DIRECTION('',(1.,0.));
#3053 = ( GEOMETRIC_REPRESENTATION_CONTEXT(2) 
PARAMETRIC_REPRESENTATION_CONTEXT() REPRESENTATION_CONTEXT('2D SPACE',''
  ) );
#3054 = ADVANCED_FACE('',(#3055),#513,.F.);
#3055 = FACE_BOUND('',#3056,.F.);
#3056 = EDGE_LOOP('',(#3057,#3058,#3059,#3060));
#3057 = ORIENTED_EDGE('',*,*,#2407,.F.);
#3058 = ORIENTED_EDGE('',*,*,#2939,.T.);
#3059 = ORIENTED_EDGE('',*,*,#497,.T.);
#3060 = ORIENTED_EDGE('',*,*,#3061,.F.);
#3061 = EDGE_CURVE('',#2408,#470,#3062,.T.);
#3062 = SURFACE_CURVE('',#3063,(#3067,#3074),.PCURVE_S1.);
#3063 = LINE('',#3064,#3065);
#3064 = CARTESIAN_POINT('',(-150.368,-117.475,6.35));
#3065 = VECTOR('',#3066,1.);
#3066 = DIRECTION('',(0.,-0.,1.));
#3067 = PCURVE('',#513,#3068);
#3068 = DEFINITIONAL_REPRESENTATION('',(#3069),#3073);
#3069 = LINE('',#3070,#3071);
#3070 = CARTESIAN_POINT('',(0.,2.032));
#3071 = VECTOR('',#3072,1.);
#3072 = DIRECTION('',(1.,0.));
#3073 = ( GEOMETRIC_REPRESENTATION_CONTEXT(2) 
PARAMETRIC_REPRESENTATION_CONTEXT() REPRESENTATION_CONTEXT('2D SPACE',''
  ) );
#3074 = PCURVE('',#485,#3075);
#3075 = DEFINITIONAL_REPRESENTATION('',(#3076),#3080);
#3076 = LINE('',#3077,#3078);
#3077 = CARTESIAN_POINT('',(305.943,0.));
#3078 = VECTOR('',#3079,1.);
#3079 = DIRECTION('',(0.,-1.));
#3080 = ( GEOMETRIC_REPRESENTATION_CONTEXT(2) 
PARAMETRIC_REPRESENTATION_CONTEXT() REPRESENTATION_CONTEXT('2D SPACE',''
  ) );
#3081 = ADVANCED_FACE('',(#3082),#485,.F.);
#3082 = FACE_BOUND('',#3083,.F.);
#3083 = EDGE_LOOP('',(#3084,#3085,#3086,#3087));
#3084 = ORIENTED_EDGE('',*,*,#2430,.F.);
#3085 = ORIENTED_EDGE('',*,*,#3061,.T.);
#3086 = ORIENTED_EDGE('',*,*,#469,.T.);
#3087 = ORIENTED_EDGE('',*,*,#3088,.F.);
#3088 = EDGE_CURVE('',#2431,#438,#3089,.T.);
#3089 = SURFACE_CURVE('',#3090,(#3094,#3101),.PCURVE_S1.);
#3090 = LINE('',#3091,#3092);
#3091 = CARTESIAN_POINT('',(-150.368,-177.8,6.35));
#3092 = VECTOR('',#3093,1.);
#3093 = DIRECTION('',(0.,0.,1.));
#3094 = PCURVE('',#485,#3095);
#3095 = DEFINITIONAL_REPRESENTATION('',(#3096),#3100);
#3096 = LINE('',#3097,#3098);
#3097 = CARTESIAN_POINT('',(366.268,0.));
#3098 = VECTOR('',#3099,1.);
#3099 = DIRECTION('',(0.,-1.));
#3100 = ( GEOMETRIC_REPRESENTATION_CONTEXT(2) 
PARAMETRIC_REPRESENTATION_CONTEXT() REPRESENTATION_CONTEXT('2D SPACE',''
  ) );
#3101 = PCURVE('',#458,#3102);
#3102 = DEFINITIONAL_REPRESENTATION('',(#3103),#3106);
#3103 = B_SPLINE_CURVE_WITH_KNOTS('',1,(#3104,#3105),.UNSPECIFIED.,.F.,
  .F.,(2,2),(0.,109.22),.PIECEWISE_BEZIER_KNOTS.);
#3104 = CARTESIAN_POINT('',(-1.570796326795,0.));
#3105 = CARTESIAN_POINT('',(-1.570796326795,109.22));
#3106 = ( GEOMETRIC_REPRESENTATION_CONTEXT(2) 
PARAMETRIC_REPRESENTATION_CONTEXT() REPRESENTATION_CONTEXT('2D SPACE',''
  ) );
#3107 = ADVANCED_FACE('',(#3108),#458,.T.);
#3108 = FACE_BOUND('',#3109,.F.);
#3109 = EDGE_LOOP('',(#3110,#3111,#3112,#3113));
#3110 = ORIENTED_EDGE('',*,*,#2453,.T.);
#3111 = ORIENTED_EDGE('',*,*,#3088,.T.);
#3112 = ORIENTED_EDGE('',*,*,#437,.F.);
#3113 = ORIENTED_EDGE('',*,*,#3114,.F.);
#3114 = EDGE_CURVE('',#2454,#410,#3115,.T.);
#3115 = SURFACE_CURVE('',#3116,(#3120,#3126),.PCURVE_S1.);
#3116 = LINE('',#3117,#3118);
#3117 = CARTESIAN_POINT('',(-139.7,-188.468,6.35));
#3118 = VECTOR('',#3119,1.);
#3119 = DIRECTION('',(0.,0.,1.));
#3120 = PCURVE('',#458,#3121);
#3121 = DEFINITIONAL_REPRESENTATION('',(#3122),#3125);
#3122 = B_SPLINE_CURVE_WITH_KNOTS('',1,(#3123,#3124),.UNSPECIFIED.,.F.,
  .F.,(2,2),(0.,109.22),.PIECEWISE_BEZIER_KNOTS.);
#3123 = CARTESIAN_POINT('',(0.,0.));
#3124 = CARTESIAN_POINT('',(0.,109.22));
#3125 = ( GEOMETRIC_REPRESENTATION_CONTEXT(2) 
PARAMETRIC_REPRESENTATION_CONTEXT() REPRESENTATION_CONTEXT('2D SPACE',''
  ) );
#3126 = PCURVE('',#425,#3127);
#3127 = DEFINITIONAL_REPRESENTATION('',(#3128),#3132);
#3128 = LINE('',#3129,#3130);
#3129 = CARTESIAN_POINT('',(10.668,0.));
#3130 = VECTOR('',#3131,1.);
#3131 = DIRECTION('',(0.,-1.));
#3132 = ( GEOMETRIC_REPRESENTATION_CONTEXT(2) 
PARAMETRIC_REPRESENTATION_CONTEXT() REPRESENTATION_CONTEXT('2D SPACE',''
  ) );
#3133 = ADVANCED_FACE('',(#3134),#425,.F.);
#3134 = FACE_BOUND('',#3135,.F.);
#3135 = EDGE_LOOP('',(#3136,#3137,#3138,#3139));
#3136 = ORIENTED_EDGE('',*,*,#2480,.F.);
#3137 = ORIENTED_EDGE('',*,*,#3114,.T.);
#3138 = ORIENTED_EDGE('',*,*,#409,.T.);
#3139 = ORIENTED_EDGE('',*,*,#2862,.T.);
#3140 = ADVANCED_FACE('',(#3141),#646,.F.);
#3141 = FACE_BOUND('',#3142,.F.);
#3142 = EDGE_LOOP('',(#3143,#3144,#3145,#3146,#3168,#3196,#3217,#3218,
    #3241,#3269,#3290,#3291));
#3143 = ORIENTED_EDGE('',*,*,#1338,.F.);
#3144 = ORIENTED_EDGE('',*,*,#1312,.T.);
#3145 = ORIENTED_EDGE('',*,*,#630,.T.);
#3146 = ORIENTED_EDGE('',*,*,#3147,.F.);
#3147 = EDGE_CURVE('',#3148,#631,#3150,.T.);
#3148 = VERTEX_POINT('',#3149);
#3149 = CARTESIAN_POINT('',(152.4,177.8,115.57));
#3150 = SURFACE_CURVE('',#3151,(#3155,#3162),.PCURVE_S1.);
#3151 = LINE('',#3152,#3153);
#3152 = CARTESIAN_POINT('',(152.4,177.8,115.57));
#3153 = VECTOR('',#3154,1.);
#3154 = DIRECTION('',(0.,0.,1.));
#3155 = PCURVE('',#646,#3156);
#3156 = DEFINITIONAL_REPRESENTATION('',(#3157),#3161);
#3157 = LINE('',#3158,#3159);
#3158 = CARTESIAN_POINT('',(368.3,0.));
#3159 = VECTOR('',#3160,1.);
#3160 = DIRECTION('',(0.,-1.));
#3161 = ( GEOMETRIC_REPRESENTATION_CONTEXT(2) 
PARAMETRIC_REPRESENTATION_CONTEXT() REPRESENTATION_CONTEXT('2D SPACE',''
  ) );
#3162 = PCURVE('',#675,#3163);
#3163 = DEFINITIONAL_REPRESENTATION('',(#3164),#3167);
#3164 = B_SPLINE_CURVE_WITH_KNOTS('',1,(#3165,#3166),.UNSPECIFIED.,.F.,
  .F.,(2,2),(0.,11.43),.PIECEWISE_BEZIER_KNOTS.);
#3165 = CARTESIAN_POINT('',(0.,0.));
#3166 = CARTESIAN_POINT('',(0.,11.43));
#3167 = ( GEOMETRIC_REPRESENTATION_CONTEXT(2) 
PARAMETRIC_REPRESENTATION_CONTEXT() REPRESENTATION_CONTEXT('2D SPACE',''
  ) );
#3168 = ORIENTED_EDGE('',*,*,#3169,.F.);
#3169 = EDGE_CURVE('',#3170,#3148,#3172,.T.);
#3170 = VERTEX_POINT('',#3171);
#3171 = CARTESIAN_POINT('',(152.4,117.475,115.57));
#3172 = SURFACE_CURVE('',#3173,(#3177,#3184),.PCURVE_S1.);
#3173 = LINE('',#3174,#3175);
#3174 = CARTESIAN_POINT('',(152.4,-190.5,115.57));
#3175 = VECTOR('',#3176,1.);
#3176 = DIRECTION('',(0.,1.,0.));
#3177 = PCURVE('',#646,#3178);
#3178 = DEFINITIONAL_REPRESENTATION('',(#3179),#3183);
#3179 = LINE('',#3180,#3181);
#3180 = CARTESIAN_POINT('',(0.,0.));
#3181 = VECTOR('',#3182,1.);
#3182 = DIRECTION('',(1.,0.));
#3183 = ( GEOMETRIC_REPRESENTATION_CONTEXT(2) 
PARAMETRIC_REPRESENTATION_CONTEXT() REPRESENTATION_CONTEXT('2D SPACE',''
  ) );
#3184 = PCURVE('',#3185,#3190);
#3185 = PLANE('',#3186);
#3186 = AXIS2_PLACEMENT_3D('',#3187,#3188,#3189);
#3187 = CARTESIAN_POINT('',(0.,0.,115.57));
#3188 = DIRECTION('',(0.,0.,1.));
#3189 = DIRECTION('',(1.,0.,-0.));
#3190 = DEFINITIONAL_REPRESENTATION('',(#3191),#3195);
#3191 = LINE('',#3192,#3193);
#3192 = CARTESIAN_POINT('',(152.4,-190.5));
#3193 = VECTOR('',#3194,1.);
#3194 = DIRECTION('',(0.,1.));
#3195 = ( GEOMETRIC_REPRESENTATION_CONTEXT(2) 
PARAMETRIC_REPRESENTATION_CONTEXT() REPRESENTATION_CONTEXT('2D SPACE',''
  ) );
#3196 = ORIENTED_EDGE('',*,*,#3197,.F.);
#3197 = EDGE_CURVE('',#1845,#3170,#3198,.T.);
#3198 = SURFACE_CURVE('',#3199,(#3203,#3210),.PCURVE_S1.);
#3199 = LINE('',#3200,#3201);
#3200 = CARTESIAN_POINT('',(152.4,117.475,6.35));
#3201 = VECTOR('',#3202,1.);
#3202 = DIRECTION('',(0.,0.,1.));
#3203 = PCURVE('',#646,#3204);
#3204 = DEFINITIONAL_REPRESENTATION('',(#3205),#3209);
#3205 = LINE('',#3206,#3207);
#3206 = CARTESIAN_POINT('',(307.975,109.22));
#3207 = VECTOR('',#3208,1.);
#3208 = DIRECTION('',(0.,-1.));
#3209 = ( GEOMETRIC_REPRESENTATION_CONTEXT(2) 
PARAMETRIC_REPRESENTATION_CONTEXT() REPRESENTATION_CONTEXT('2D SPACE',''
  ) );
#3210 = PCURVE('',#1883,#3211);
#3211 = DEFINITIONAL_REPRESENTATION('',(#3212),#3216);
#3212 = LINE('',#3213,#3214);
#3213 = CARTESIAN_POINT('',(0.,3.302));
#3214 = VECTOR('',#3215,1.);
#3215 = DIRECTION('',(1.,0.));
#3216 = ( GEOMETRIC_REPRESENTATION_CONTEXT(2) 
PARAMETRIC_REPRESENTATION_CONTEXT() REPRESENTATION_CONTEXT('2D SPACE',''
  ) );
#3217 = ORIENTED_EDGE('',*,*,#1844,.F.);
#3218 = ORIENTED_EDGE('',*,*,#3219,.T.);
#3219 = EDGE_CURVE('',#1817,#3220,#3222,.T.);
#3220 = VERTEX_POINT('',#3221);
#3221 = CARTESIAN_POINT('',(152.4,111.125,115.57));
#3222 = SURFACE_CURVE('',#3223,(#3227,#3234),.PCURVE_S1.);
#3223 = LINE('',#3224,#3225);
#3224 = CARTESIAN_POINT('',(152.4,111.125,6.35));
#3225 = VECTOR('',#3226,1.);
#3226 = DIRECTION('',(0.,0.,1.));
#3227 = PCURVE('',#646,#3228);
#3228 = DEFINITIONAL_REPRESENTATION('',(#3229),#3233);
#3229 = LINE('',#3230,#3231);
#3230 = CARTESIAN_POINT('',(301.625,109.22));
#3231 = VECTOR('',#3232,1.);
#3232 = DIRECTION('',(0.,-1.));
#3233 = ( GEOMETRIC_REPRESENTATION_CONTEXT(2) 
PARAMETRIC_REPRESENTATION_CONTEXT() REPRESENTATION_CONTEXT('2D SPACE',''
  ) );
#3234 = PCURVE('',#1832,#3235);
#3235 = DEFINITIONAL_REPRESENTATION('',(#3236),#3240);
#3236 = LINE('',#3237,#3238);
#3237 = CARTESIAN_POINT('',(0.,3.302));
#3238 = VECTOR('',#3239,1.);
#3239 = DIRECTION('',(1.,0.));
#3240 = ( GEOMETRIC_REPRESENTATION_CONTEXT(2) 
PARAMETRIC_REPRESENTATION_CONTEXT() REPRESENTATION_CONTEXT('2D SPACE',''
  ) );
#3241 = ORIENTED_EDGE('',*,*,#3242,.F.);
#3242 = EDGE_CURVE('',#3243,#3220,#3245,.T.);
#3243 = VERTEX_POINT('',#3244);
#3244 = CARTESIAN_POINT('',(152.4,-111.125,115.57));
#3245 = SURFACE_CURVE('',#3246,(#3250,#3257),.PCURVE_S1.);
#3246 = LINE('',#3247,#3248);
#3247 = CARTESIAN_POINT('',(152.4,-111.125,115.57));
#3248 = VECTOR('',#3249,1.);
#3249 = DIRECTION('',(0.,1.,0.));
#3250 = PCURVE('',#646,#3251);
#3251 = DEFINITIONAL_REPRESENTATION('',(#3252),#3256);
#3252 = LINE('',#3253,#3254);
#3253 = CARTESIAN_POINT('',(79.375,0.));
#3254 = VECTOR('',#3255,1.);
#3255 = DIRECTION('',(1.,0.));
#3256 = ( GEOMETRIC_REPRESENTATION_CONTEXT(2) 
PARAMETRIC_REPRESENTATION_CONTEXT() REPRESENTATION_CONTEXT('2D SPACE',''
  ) );
#3257 = PCURVE('',#3258,#3263);
#3258 = PLANE('',#3259);
#3259 = AXIS2_PLACEMENT_3D('',#3260,#3261,#3262);
#3260 = CARTESIAN_POINT('',(0.,0.,115.57));
#3261 = DIRECTION('',(0.,0.,1.));
#3262 = DIRECTION('',(1.,0.,-0.));
#3263 = DEFINITIONAL_REPRESENTATION('',(#3264),#3268);
#3264 = LINE('',#3265,#3266);
#3265 = CARTESIAN_POINT('',(152.4,-111.125));
#3266 = VECTOR('',#3267,1.);
#3267 = DIRECTION('',(0.,1.));
#3268 = ( GEOMETRIC_REPRESENTATION_CONTEXT(2) 
PARAMETRIC_REPRESENTATION_CONTEXT() REPRESENTATION_CONTEXT('2D SPACE',''
  ) );
#3269 = ORIENTED_EDGE('',*,*,#3270,.F.);
#3270 = EDGE_CURVE('',#1738,#3243,#3271,.T.);
#3271 = SURFACE_CURVE('',#3272,(#3276,#3283),.PCURVE_S1.);
#3272 = LINE('',#3273,#3274);
#3273 = CARTESIAN_POINT('',(152.4,-111.125,6.35));
#3274 = VECTOR('',#3275,1.);
#3275 = DIRECTION('',(0.,0.,1.));
#3276 = PCURVE('',#646,#3277);
#3277 = DEFINITIONAL_REPRESENTATION('',(#3278),#3282);
#3278 = LINE('',#3279,#3280);
#3279 = CARTESIAN_POINT('',(79.375,109.22));
#3280 = VECTOR('',#3281,1.);
#3281 = DIRECTION('',(0.,-1.));
#3282 = ( GEOMETRIC_REPRESENTATION_CONTEXT(2) 
PARAMETRIC_REPRESENTATION_CONTEXT() REPRESENTATION_CONTEXT('2D SPACE',''
  ) );
#3283 = PCURVE('',#1776,#3284);
#3284 = DEFINITIONAL_REPRESENTATION('',(#3285),#3289);
#3285 = LINE('',#3286,#3287);
#3286 = CARTESIAN_POINT('',(0.,3.302));
#3287 = VECTOR('',#3288,1.);
#3288 = DIRECTION('',(1.,0.));
#3289 = ( GEOMETRIC_REPRESENTATION_CONTEXT(2) 
PARAMETRIC_REPRESENTATION_CONTEXT() REPRESENTATION_CONTEXT('2D SPACE',''
  ) );
#3290 = ORIENTED_EDGE('',*,*,#1737,.F.);
#3291 = ORIENTED_EDGE('',*,*,#3292,.T.);
#3292 = EDGE_CURVE('',#1715,#1339,#3293,.T.);
#3293 = SURFACE_CURVE('',#3294,(#3298,#3305),.PCURVE_S1.);
#3294 = LINE('',#3295,#3296);
#3295 = CARTESIAN_POINT('',(152.4,-117.475,6.35));
#3296 = VECTOR('',#3297,1.);
#3297 = DIRECTION('',(0.,0.,1.));
#3298 = PCURVE('',#646,#3299);
#3299 = DEFINITIONAL_REPRESENTATION('',(#3300),#3304);
#3300 = LINE('',#3301,#3302);
#3301 = CARTESIAN_POINT('',(73.025,109.22));
#3302 = VECTOR('',#3303,1.);
#3303 = DIRECTION('',(0.,-1.));
#3304 = ( GEOMETRIC_REPRESENTATION_CONTEXT(2) 
PARAMETRIC_REPRESENTATION_CONTEXT() REPRESENTATION_CONTEXT('2D SPACE',''
  ) );
#3305 = PCURVE('',#1377,#3306);
#3306 = DEFINITIONAL_REPRESENTATION('',(#3307),#3311);
#3307 = LINE('',#3308,#3309);
#3308 = CARTESIAN_POINT('',(0.,3.302));
#3309 = VECTOR('',#3310,1.);
#3310 = DIRECTION('',(1.,0.));
#3311 = ( GEOMETRIC_REPRESENTATION_CONTEXT(2) 
PARAMETRIC_REPRESENTATION_CONTEXT() REPRESENTATION_CONTEXT('2D SPACE',''
  ) );
#3312 = ADVANCED_FACE('',(#3313),#731,.T.);
#3313 = FACE_BOUND('',#3314,.T.);
#3314 = EDGE_LOOP('',(#3315,#3338,#3339,#3340));
#3315 = ORIENTED_EDGE('',*,*,#3316,.T.);
#3316 = EDGE_CURVE('',#3317,#2887,#3319,.T.);
#3317 = VERTEX_POINT('',#3318);
#3318 = CARTESIAN_POINT('',(-139.7,190.5,115.57));
#3319 = SURFACE_CURVE('',#3320,(#3325,#3331),.PCURVE_S1.);
#3320 = CIRCLE('',#3321,12.7);
#3321 = AXIS2_PLACEMENT_3D('',#3322,#3323,#3324);
#3322 = CARTESIAN_POINT('',(-139.7,177.8,115.57));
#3323 = DIRECTION('',(0.,0.,1.));
#3324 = DIRECTION('',(0.,-1.,0.));
#3325 = PCURVE('',#731,#3326);
#3326 = DEFINITIONAL_REPRESENTATION('',(#3327),#3330);
#3327 = B_SPLINE_CURVE_WITH_KNOTS('',1,(#3328,#3329),.UNSPECIFIED.,.F.,
  .F.,(2,2),(3.14159265359,4.712388980385),.PIECEWISE_BEZIER_KNOTS.);
#3328 = CARTESIAN_POINT('',(0.,0.));
#3329 = CARTESIAN_POINT('',(1.570796326795,0.));
#3330 = ( GEOMETRIC_REPRESENTATION_CONTEXT(2) 
PARAMETRIC_REPRESENTATION_CONTEXT() REPRESENTATION_CONTEXT('2D SPACE',''
  ) );
#3331 = PCURVE('',#2904,#3332);
#3332 = DEFINITIONAL_REPRESENTATION('',(#3333),#3337);
#3333 = CIRCLE('',#3334,12.7);
#3334 = AXIS2_PLACEMENT_2D('',#3335,#3336);
#3335 = CARTESIAN_POINT('',(-139.7,177.8));
#3336 = DIRECTION('',(0.,-1.));
#3337 = ( GEOMETRIC_REPRESENTATION_CONTEXT(2) 
PARAMETRIC_REPRESENTATION_CONTEXT() REPRESENTATION_CONTEXT('2D SPACE',''
  ) );
#3338 = ORIENTED_EDGE('',*,*,#2916,.T.);
#3339 = ORIENTED_EDGE('',*,*,#714,.F.);
#3340 = ORIENTED_EDGE('',*,*,#3341,.F.);
#3341 = EDGE_CURVE('',#3317,#687,#3342,.T.);
#3342 = SURFACE_CURVE('',#3343,(#3347,#3353),.PCURVE_S1.);
#3343 = LINE('',#3344,#3345);
#3344 = CARTESIAN_POINT('',(-139.7,190.5,115.57));
#3345 = VECTOR('',#3346,1.);
#3346 = DIRECTION('',(0.,0.,1.));
#3347 = PCURVE('',#731,#3348);
#3348 = DEFINITIONAL_REPRESENTATION('',(#3349),#3352);
#3349 = B_SPLINE_CURVE_WITH_KNOTS('',1,(#3350,#3351),.UNSPECIFIED.,.F.,
  .F.,(2,2),(0.,11.43),.PIECEWISE_BEZIER_KNOTS.);
#3350 = CARTESIAN_POINT('',(0.,0.));
#3351 = CARTESIAN_POINT('',(0.,11.43));
#3352 = ( GEOMETRIC_REPRESENTATION_CONTEXT(2) 
PARAMETRIC_REPRESENTATION_CONTEXT() REPRESENTATION_CONTEXT('2D SPACE',''
  ) );
#3353 = PCURVE('',#702,#3354);
#3354 = DEFINITIONAL_REPRESENTATION('',(#3355),#3359);
#3355 = LINE('',#3356,#3357);
#3356 = CARTESIAN_POINT('',(292.1,0.));
#3357 = VECTOR('',#3358,1.);
#3358 = DIRECTION('',(0.,-1.));
#3359 = ( GEOMETRIC_REPRESENTATION_CONTEXT(2) 
PARAMETRIC_REPRESENTATION_CONTEXT() REPRESENTATION_CONTEXT('2D SPACE',''
  ) );
#3360 = ADVANCED_FACE('',(#3361),#675,.T.);
#3361 = FACE_BOUND('',#3362,.T.);
#3362 = EDGE_LOOP('',(#3363,#3386,#3406,#3407));
#3363 = ORIENTED_EDGE('',*,*,#3364,.T.);
#3364 = EDGE_CURVE('',#3148,#3365,#3367,.T.);
#3365 = VERTEX_POINT('',#3366);
#3366 = CARTESIAN_POINT('',(139.7,190.5,115.57));
#3367 = SURFACE_CURVE('',#3368,(#3373,#3379),.PCURVE_S1.);
#3368 = CIRCLE('',#3369,12.7);
#3369 = AXIS2_PLACEMENT_3D('',#3370,#3371,#3372);
#3370 = CARTESIAN_POINT('',(139.7,177.8,115.57));
#3371 = DIRECTION('',(0.,0.,1.));
#3372 = DIRECTION('',(0.,-1.,0.));
#3373 = PCURVE('',#675,#3374);
#3374 = DEFINITIONAL_REPRESENTATION('',(#3375),#3378);
#3375 = B_SPLINE_CURVE_WITH_KNOTS('',1,(#3376,#3377),.UNSPECIFIED.,.F.,
  .F.,(2,2),(1.570796326795,3.14159265359),.PIECEWISE_BEZIER_KNOTS.);
#3376 = CARTESIAN_POINT('',(0.,0.));
#3377 = CARTESIAN_POINT('',(1.570796326795,0.));
#3378 = ( GEOMETRIC_REPRESENTATION_CONTEXT(2) 
PARAMETRIC_REPRESENTATION_CONTEXT() REPRESENTATION_CONTEXT('2D SPACE',''
  ) );
#3379 = PCURVE('',#3185,#3380);
#3380 = DEFINITIONAL_REPRESENTATION('',(#3381),#3385);
#3381 = CIRCLE('',#3382,12.7);
#3382 = AXIS2_PLACEMENT_2D('',#3383,#3384);
#3383 = CARTESIAN_POINT('',(139.7,177.8));
#3384 = DIRECTION('',(0.,-1.));
#3385 = ( GEOMETRIC_REPRESENTATION_CONTEXT(2) 
PARAMETRIC_REPRESENTATION_CONTEXT() REPRESENTATION_CONTEXT('2D SPACE',''
  ) );
#3386 = ORIENTED_EDGE('',*,*,#3387,.T.);
#3387 = EDGE_CURVE('',#3365,#659,#3388,.T.);
#3388 = SURFACE_CURVE('',#3389,(#3393,#3399),.PCURVE_S1.);
#3389 = LINE('',#3390,#3391);
#3390 = CARTESIAN_POINT('',(139.7,190.5,115.57));
#3391 = VECTOR('',#3392,1.);
#3392 = DIRECTION('',(0.,0.,1.));
#3393 = PCURVE('',#675,#3394);
#3394 = DEFINITIONAL_REPRESENTATION('',(#3395),#3398);
#3395 = B_SPLINE_CURVE_WITH_KNOTS('',1,(#3396,#3397),.UNSPECIFIED.,.F.,
  .F.,(2,2),(0.,11.43),.PIECEWISE_BEZIER_KNOTS.);
#3396 = CARTESIAN_POINT('',(1.570796326795,0.));
#3397 = CARTESIAN_POINT('',(1.570796326795,11.43));
#3398 = ( GEOMETRIC_REPRESENTATION_CONTEXT(2) 
PARAMETRIC_REPRESENTATION_CONTEXT() REPRESENTATION_CONTEXT('2D SPACE',''
  ) );
#3399 = PCURVE('',#702,#3400);
#3400 = DEFINITIONAL_REPRESENTATION('',(#3401),#3405);
#3401 = LINE('',#3402,#3403);
#3402 = CARTESIAN_POINT('',(12.7,0.));
#3403 = VECTOR('',#3404,1.);
#3404 = DIRECTION('',(0.,-1.));
#3405 = ( GEOMETRIC_REPRESENTATION_CONTEXT(2) 
PARAMETRIC_REPRESENTATION_CONTEXT() REPRESENTATION_CONTEXT('2D SPACE',''
  ) );
#3406 = ORIENTED_EDGE('',*,*,#658,.F.);
#3407 = ORIENTED_EDGE('',*,*,#3147,.F.);
#3408 = ADVANCED_FACE('',(#3409),#702,.F.);
#3409 = FACE_BOUND('',#3410,.F.);
#3410 = EDGE_LOOP('',(#3411,#3434,#3435,#3436,#3437,#3460,#3481,#3482,
    #3505,#3533,#3554,#3555));
#3411 = ORIENTED_EDGE('',*,*,#3412,.F.);
#3412 = EDGE_CURVE('',#3365,#3413,#3415,.T.);
#3413 = VERTEX_POINT('',#3414);
#3414 = CARTESIAN_POINT('',(92.075,190.5,115.57));
#3415 = SURFACE_CURVE('',#3416,(#3420,#3427),.PCURVE_S1.);
#3416 = LINE('',#3417,#3418);
#3417 = CARTESIAN_POINT('',(152.4,190.5,115.57));
#3418 = VECTOR('',#3419,1.);
#3419 = DIRECTION('',(-1.,0.,0.));
#3420 = PCURVE('',#702,#3421);
#3421 = DEFINITIONAL_REPRESENTATION('',(#3422),#3426);
#3422 = LINE('',#3423,#3424);
#3423 = CARTESIAN_POINT('',(0.,-0.));
#3424 = VECTOR('',#3425,1.);
#3425 = DIRECTION('',(1.,0.));
#3426 = ( GEOMETRIC_REPRESENTATION_CONTEXT(2) 
PARAMETRIC_REPRESENTATION_CONTEXT() REPRESENTATION_CONTEXT('2D SPACE',''
  ) );
#3427 = PCURVE('',#3185,#3428);
#3428 = DEFINITIONAL_REPRESENTATION('',(#3429),#3433);
#3429 = LINE('',#3430,#3431);
#3430 = CARTESIAN_POINT('',(152.4,190.5));
#3431 = VECTOR('',#3432,1.);
#3432 = DIRECTION('',(-1.,0.));
#3433 = ( GEOMETRIC_REPRESENTATION_CONTEXT(2) 
PARAMETRIC_REPRESENTATION_CONTEXT() REPRESENTATION_CONTEXT('2D SPACE',''
  ) );
#3434 = ORIENTED_EDGE('',*,*,#3387,.T.);
#3435 = ORIENTED_EDGE('',*,*,#686,.T.);
#3436 = ORIENTED_EDGE('',*,*,#3341,.F.);
#3437 = ORIENTED_EDGE('',*,*,#3438,.F.);
#3438 = EDGE_CURVE('',#3439,#3317,#3441,.T.);
#3439 = VERTEX_POINT('',#3440);
#3440 = CARTESIAN_POINT('',(-92.075,190.5,115.57));
#3441 = SURFACE_CURVE('',#3442,(#3446,#3453),.PCURVE_S1.);
#3442 = LINE('',#3443,#3444);
#3443 = CARTESIAN_POINT('',(152.4,190.5,115.57));
#3444 = VECTOR('',#3445,1.);
#3445 = DIRECTION('',(-1.,0.,0.));
#3446 = PCURVE('',#702,#3447);
#3447 = DEFINITIONAL_REPRESENTATION('',(#3448),#3452);
#3448 = LINE('',#3449,#3450);
#3449 = CARTESIAN_POINT('',(0.,-0.));
#3450 = VECTOR('',#3451,1.);
#3451 = DIRECTION('',(1.,0.));
#3452 = ( GEOMETRIC_REPRESENTATION_CONTEXT(2) 
PARAMETRIC_REPRESENTATION_CONTEXT() REPRESENTATION_CONTEXT('2D SPACE',''
  ) );
#3453 = PCURVE('',#2904,#3454);
#3454 = DEFINITIONAL_REPRESENTATION('',(#3455),#3459);
#3455 = LINE('',#3456,#3457);
#3456 = CARTESIAN_POINT('',(152.4,190.5));
#3457 = VECTOR('',#3458,1.);
#3458 = DIRECTION('',(-1.,0.));
#3459 = ( GEOMETRIC_REPRESENTATION_CONTEXT(2) 
PARAMETRIC_REPRESENTATION_CONTEXT() REPRESENTATION_CONTEXT('2D SPACE',''
  ) );
#3460 = ORIENTED_EDGE('',*,*,#3461,.F.);
#3461 = EDGE_CURVE('',#2115,#3439,#3462,.T.);
#3462 = SURFACE_CURVE('',#3463,(#3467,#3474),.PCURVE_S1.);
#3463 = LINE('',#3464,#3465);
#3464 = CARTESIAN_POINT('',(-92.075,190.5,6.35));
#3465 = VECTOR('',#3466,1.);
#3466 = DIRECTION('',(0.,0.,1.));
#3467 = PCURVE('',#702,#3468);
#3468 = DEFINITIONAL_REPRESENTATION('',(#3469),#3473);
#3469 = LINE('',#3470,#3471);
#3470 = CARTESIAN_POINT('',(244.475,109.22));
#3471 = VECTOR('',#3472,1.);
#3472 = DIRECTION('',(0.,-1.));
#3473 = ( GEOMETRIC_REPRESENTATION_CONTEXT(2) 
PARAMETRIC_REPRESENTATION_CONTEXT() REPRESENTATION_CONTEXT('2D SPACE',''
  ) );
#3474 = PCURVE('',#2153,#3475);
#3475 = DEFINITIONAL_REPRESENTATION('',(#3476),#3480);
#3476 = LINE('',#3477,#3478);
#3477 = CARTESIAN_POINT('',(0.,-3.302));
#3478 = VECTOR('',#3479,1.);
#3479 = DIRECTION('',(1.,0.));
#3480 = ( GEOMETRIC_REPRESENTATION_CONTEXT(2) 
PARAMETRIC_REPRESENTATION_CONTEXT() REPRESENTATION_CONTEXT('2D SPACE',''
  ) );
#3481 = ORIENTED_EDGE('',*,*,#2114,.T.);
#3482 = ORIENTED_EDGE('',*,*,#3483,.T.);
#3483 = EDGE_CURVE('',#2087,#3484,#3486,.T.);
#3484 = VERTEX_POINT('',#3485);
#3485 = CARTESIAN_POINT('',(-85.725,190.5,115.57));
#3486 = SURFACE_CURVE('',#3487,(#3491,#3498),.PCURVE_S1.);
#3487 = LINE('',#3488,#3489);
#3488 = CARTESIAN_POINT('',(-85.725,190.5,6.35));
#3489 = VECTOR('',#3490,1.);
#3490 = DIRECTION('',(0.,0.,1.));
#3491 = PCURVE('',#702,#3492);
#3492 = DEFINITIONAL_REPRESENTATION('',(#3493),#3497);
#3493 = LINE('',#3494,#3495);
#3494 = CARTESIAN_POINT('',(238.125,109.22));
#3495 = VECTOR('',#3496,1.);
#3496 = DIRECTION('',(0.,-1.));
#3497 = ( GEOMETRIC_REPRESENTATION_CONTEXT(2) 
PARAMETRIC_REPRESENTATION_CONTEXT() REPRESENTATION_CONTEXT('2D SPACE',''
  ) );
#3498 = PCURVE('',#2102,#3499);
#3499 = DEFINITIONAL_REPRESENTATION('',(#3500),#3504);
#3500 = LINE('',#3501,#3502);
#3501 = CARTESIAN_POINT('',(0.,-3.302));
#3502 = VECTOR('',#3503,1.);
#3503 = DIRECTION('',(1.,0.));
#3504 = ( GEOMETRIC_REPRESENTATION_CONTEXT(2) 
PARAMETRIC_REPRESENTATION_CONTEXT() REPRESENTATION_CONTEXT('2D SPACE',''
  ) );
#3505 = ORIENTED_EDGE('',*,*,#3506,.F.);
#3506 = EDGE_CURVE('',#3507,#3484,#3509,.T.);
#3507 = VERTEX_POINT('',#3508);
#3508 = CARTESIAN_POINT('',(85.725,190.5,115.57));
#3509 = SURFACE_CURVE('',#3510,(#3514,#3521),.PCURVE_S1.);
#3510 = LINE('',#3511,#3512);
#3511 = CARTESIAN_POINT('',(152.4,190.5,115.57));
#3512 = VECTOR('',#3513,1.);
#3513 = DIRECTION('',(-1.,0.,0.));
#3514 = PCURVE('',#702,#3515);
#3515 = DEFINITIONAL_REPRESENTATION('',(#3516),#3520);
#3516 = LINE('',#3517,#3518);
#3517 = CARTESIAN_POINT('',(0.,-0.));
#3518 = VECTOR('',#3519,1.);
#3519 = DIRECTION('',(1.,0.));
#3520 = ( GEOMETRIC_REPRESENTATION_CONTEXT(2) 
PARAMETRIC_REPRESENTATION_CONTEXT() REPRESENTATION_CONTEXT('2D SPACE',''
  ) );
#3521 = PCURVE('',#3522,#3527);
#3522 = PLANE('',#3523);
#3523 = AXIS2_PLACEMENT_3D('',#3524,#3525,#3526);
#3524 = CARTESIAN_POINT('',(0.,0.,115.57));
#3525 = DIRECTION('',(0.,0.,1.));
#3526 = DIRECTION('',(1.,0.,-0.));
#3527 = DEFINITIONAL_REPRESENTATION('',(#3528),#3532);
#3528 = LINE('',#3529,#3530);
#3529 = CARTESIAN_POINT('',(152.4,190.5));
#3530 = VECTOR('',#3531,1.);
#3531 = DIRECTION('',(-1.,0.));
#3532 = ( GEOMETRIC_REPRESENTATION_CONTEXT(2) 
PARAMETRIC_REPRESENTATION_CONTEXT() REPRESENTATION_CONTEXT('2D SPACE',''
  ) );
#3533 = ORIENTED_EDGE('',*,*,#3534,.F.);
#3534 = EDGE_CURVE('',#2008,#3507,#3535,.T.);
#3535 = SURFACE_CURVE('',#3536,(#3540,#3547),.PCURVE_S1.);
#3536 = LINE('',#3537,#3538);
#3537 = CARTESIAN_POINT('',(85.725,190.5,6.35));
#3538 = VECTOR('',#3539,1.);
#3539 = DIRECTION('',(0.,0.,1.));
#3540 = PCURVE('',#702,#3541);
#3541 = DEFINITIONAL_REPRESENTATION('',(#3542),#3546);
#3542 = LINE('',#3543,#3544);
#3543 = CARTESIAN_POINT('',(66.675,109.22));
#3544 = VECTOR('',#3545,1.);
#3545 = DIRECTION('',(0.,-1.));
#3546 = ( GEOMETRIC_REPRESENTATION_CONTEXT(2) 
PARAMETRIC_REPRESENTATION_CONTEXT() REPRESENTATION_CONTEXT('2D SPACE',''
  ) );
#3547 = PCURVE('',#2046,#3548);
#3548 = DEFINITIONAL_REPRESENTATION('',(#3549),#3553);
#3549 = LINE('',#3550,#3551);
#3550 = CARTESIAN_POINT('',(0.,-3.302));
#3551 = VECTOR('',#3552,1.);
#3552 = DIRECTION('',(1.,0.));
#3553 = ( GEOMETRIC_REPRESENTATION_CONTEXT(2) 
PARAMETRIC_REPRESENTATION_CONTEXT() REPRESENTATION_CONTEXT('2D SPACE',''
  ) );
#3554 = ORIENTED_EDGE('',*,*,#2007,.T.);
#3555 = ORIENTED_EDGE('',*,*,#3556,.T.);
#3556 = EDGE_CURVE('',#1980,#3413,#3557,.T.);
#3557 = SURFACE_CURVE('',#3558,(#3562,#3569),.PCURVE_S1.);
#3558 = LINE('',#3559,#3560);
#3559 = CARTESIAN_POINT('',(92.075,190.5,6.35));
#3560 = VECTOR('',#3561,1.);
#3561 = DIRECTION('',(0.,0.,1.));
#3562 = PCURVE('',#702,#3563);
#3563 = DEFINITIONAL_REPRESENTATION('',(#3564),#3568);
#3564 = LINE('',#3565,#3566);
#3565 = CARTESIAN_POINT('',(60.325,109.22));
#3566 = VECTOR('',#3567,1.);
#3567 = DIRECTION('',(0.,-1.));
#3568 = ( GEOMETRIC_REPRESENTATION_CONTEXT(2) 
PARAMETRIC_REPRESENTATION_CONTEXT() REPRESENTATION_CONTEXT('2D SPACE',''
  ) );
#3569 = PCURVE('',#1995,#3570);
#3570 = DEFINITIONAL_REPRESENTATION('',(#3571),#3575);
#3571 = LINE('',#3572,#3573);
#3572 = CARTESIAN_POINT('',(0.,-3.302));
#3573 = VECTOR('',#3574,1.);
#3574 = DIRECTION('',(1.,0.));
#3575 = ( GEOMETRIC_REPRESENTATION_CONTEXT(2) 
PARAMETRIC_REPRESENTATION_CONTEXT() REPRESENTATION_CONTEXT('2D SPACE',''
  ) );
#3576 = ADVANCED_FACE('',(#3577),#822,.F.);
#3577 = FACE_BOUND('',#3578,.F.);
#3578 = EDGE_LOOP('',(#3579,#3607,#3742,#3768));
#3579 = ORIENTED_EDGE('',*,*,#3580,.F.);
#3580 = EDGE_CURVE('',#3581,#769,#3583,.T.);
#3581 = VERTEX_POINT('',#3582);
#3582 = CARTESIAN_POINT('',(104.59213001513,-165.4651540784,
    12.293236011419));
#3583 = SURFACE_CURVE('',#3584,(#3593,#3599),.PCURVE_S1.);
#3584 = B_SPLINE_CURVE_WITH_KNOTS('',3,(#3585,#3586,#3587,#3588,#3589,
    #3590,#3591,#3592),.UNSPECIFIED.,.F.,.F.,(4,2,2,4),(-0.351742426346,
    -6.328584926061E-02,4.650056913578,4.938513490663),.UNSPECIFIED.);
#3585 = CARTESIAN_POINT('',(103.44973470019,-164.32276,1.6461232));
#3586 = CARTESIAN_POINT('',(103.70881470019,-164.58184,4.0607488));
#3587 = CARTESIAN_POINT('',(103.96789470019,-164.84092,6.4753744));
#3588 = CARTESIAN_POINT('',(108.46030803352,-169.3333333333,
    48.344666666667));
#3589 = CARTESIAN_POINT('',(112.69364136685,-173.5666666666,
    87.799333333333));
#3590 = CARTESIAN_POINT('',(117.18605470019,-178.05908,129.6686256));
#3591 = CARTESIAN_POINT('',(117.44513470019,-178.31816,132.0832512));
#3592 = CARTESIAN_POINT('',(117.70421470019,-178.57724,134.4978768));
#3593 = PCURVE('',#822,#3594);
#3594 = DEFINITIONAL_REPRESENTATION('',(#3595),#3598);
#3595 = B_SPLINE_CURVE_WITH_KNOTS('',1,(#3596,#3597),.UNSPECIFIED.,.F.,
  .F.,(2,2),(7.223354704782E-02,4.63994244413),
  .PIECEWISE_BEZIER_KNOTS.);
#3596 = CARTESIAN_POINT('',(0.,7.223354704782E-02));
#3597 = CARTESIAN_POINT('',(0.,4.63994244413));
#3598 = ( GEOMETRIC_REPRESENTATION_CONTEXT(2) 
PARAMETRIC_REPRESENTATION_CONTEXT() REPRESENTATION_CONTEXT('2D SPACE',''
  ) );
#3599 = PCURVE('',#887,#3600);
#3600 = DEFINITIONAL_REPRESENTATION('',(#3601),#3606);
#3601 = B_SPLINE_CURVE_WITH_KNOTS('',3,(#3602,#3603,#3604,#3605),
  .UNSPECIFIED.,.F.,.F.,(4,4),(7.223354704782E-02,4.63994244413),
  .PIECEWISE_BEZIER_KNOTS.);
#3602 = CARTESIAN_POINT('',(9.741971491575,2.875228964397E-02));
#3603 = CARTESIAN_POINT('',(9.764517059349,0.351786218847));
#3604 = CARTESIAN_POINT('',(9.784763301739,0.67482014805));
#3605 = CARTESIAN_POINT('',(9.803301078986,0.997854077253));
#3606 = ( GEOMETRIC_REPRESENTATION_CONTEXT(2) 
PARAMETRIC_REPRESENTATION_CONTEXT() REPRESENTATION_CONTEXT('2D SPACE',''
  ) );
#3607 = ORIENTED_EDGE('',*,*,#3608,.T.);
#3608 = EDGE_CURVE('',#3581,#3609,#3611,.T.);
#3609 = VERTEX_POINT('',#3610);
#3610 = CARTESIAN_POINT('',(119.74515435981,-150.31212906,
    12.293238633466));
#3611 = SURFACE_CURVE('',#3612,(#3633,#3675),.PCURVE_S1.);
#3612 = ( BOUNDED_CURVE() B_SPLINE_CURVE(10,(#3613,#3614,#3615,#3616,
    #3617,#3618,#3619,#3620,#3621,#3622,#3623,#3624,#3625,#3626,#3627,
    #3628,#3629,#3630,#3631,#3632),.UNSPECIFIED.,.F.,.F.) 
B_SPLINE_CURVE_WITH_KNOTS((11,9,11),(8.28574255957,8.701076012351,
9.116904299108),.UNSPECIFIED.) CURVE() GEOMETRIC_REPRESENTATION_ITEM() 
RATIONAL_B_SPLINE_CURVE((1.,1.,1.,1.,1.,1.,1.,1.,1.,1.,1.,1.,1.,1.,1.,1.
,1.,1.,1.,1.)) REPRESENTATION_ITEM('') );
#3613 = CARTESIAN_POINT('',(104.59212877871,-165.4651540785,
    12.29323601187));
#3614 = CARTESIAN_POINT('',(105.66519110819,-165.4621994437,
    12.265698816112));
#3615 = CARTESIAN_POINT('',(106.77395822088,-165.3751483872,
    12.237679081188));
#3616 = CARTESIAN_POINT('',(107.91450587329,-165.1957377751,
    12.213946212181));
#3617 = CARTESIAN_POINT('',(109.06647196713,-164.9089917132,
    12.188873959375));
#3618 = CARTESIAN_POINT('',(110.20261701045,-164.523140865,
    12.171562941476));
#3619 = CARTESIAN_POINT('',(111.33341972741,-164.0216376089,
    12.153109847886));
#3620 = CARTESIAN_POINT('',(112.41768478362,-163.4154251763,
    12.141486791396));
#3621 = CARTESIAN_POINT('',(113.45177508013,-162.7057220111,
    12.13262882697));
#3622 = CARTESIAN_POINT('',(114.41613672882,-161.9031800878,
    12.128414839574));
#3623 = CARTESIAN_POINT('',(116.18422781436,-160.1350898852,
    12.128414815339));
#3624 = CARTESIAN_POINT('',(116.98766149102,-159.1695925228,
    12.132742867891));
#3625 = CARTESIAN_POINT('',(117.69780200181,-158.1338508708,
    12.141028745415));
#3626 = CARTESIAN_POINT('',(118.30530145467,-157.0470787119,
    12.15426974753));
#3627 = CARTESIAN_POINT('',(118.80463171578,-155.9194219037,
    12.17022216288));
#3628 = CARTESIAN_POINT('',(119.19399553511,-154.7730321581,
    12.190119847087));
#3629 = CARTESIAN_POINT('',(119.47551408679,-153.6278269838,
    12.213813277795));
#3630 = CARTESIAN_POINT('',(119.65527805782,-152.4914320053,
    12.237818825041));
#3631 = CARTESIAN_POINT('',(119.7422056709,-151.3854615696,
    12.26575685284));
#3632 = CARTESIAN_POINT('',(119.74515435981,-150.31212906,
    12.293238633466));
#3633 = PCURVE('',#822,#3634);
#3634 = DEFINITIONAL_REPRESENTATION('',(#3635),#3674);
#3635 = B_SPLINE_CURVE_WITH_KNOTS('',10,(#3636,#3637,#3638,#3639,#3640,
    #3641,#3642,#3643,#3644,#3645,#3646,#3647,#3648,#3649,#3650,#3651,
    #3652,#3653,#3654,#3655,#3656,#3657,#3658,#3659,#3660,#3661,#3662,
    #3663,#3664,#3665,#3666,#3667,#3668,#3669,#3670,#3671,#3672,#3673),
  .UNSPECIFIED.,.F.,.F.,(11,9,9,9,11),(8.28574255957,8.701323429339,
    8.909113864224,9.013009081666,9.116904299108),.UNSPECIFIED.);
#3636 = CARTESIAN_POINT('',(7.254575865464E-15,7.223354706581E-02));
#3637 = CARTESIAN_POINT('',(0.235469652411,7.563295005313E-02));
#3638 = CARTESIAN_POINT('',(0.47142587003,7.881121923849E-02));
#3639 = CARTESIAN_POINT('',(0.70888714745,8.190319988992E-02));
#3640 = CARTESIAN_POINT('',(0.94587537708,8.454190487018E-02));
#3641 = CARTESIAN_POINT('',(1.180262135813,8.700210052205E-02));
#3642 = CARTESIAN_POINT('',(1.417196697794,8.891228563824E-02));
#3643 = CARTESIAN_POINT('',(1.65207654548,9.045541978281E-02));
#3644 = CARTESIAN_POINT('',(1.887568252032,9.146414560037E-02));
#3645 = CARTESIAN_POINT('',(2.122807211844,9.197374670245E-02));
#3646 = CARTESIAN_POINT('',(2.475703366463,9.196966719734E-02));
#3647 = CARTESIAN_POINT('',(2.593325974529,9.184133988762E-02));
#3648 = CARTESIAN_POINT('',(2.710982812104,9.158350260687E-02));
#3649 = CARTESIAN_POINT('',(2.828634851533,9.119997105317E-02));
#3650 = CARTESIAN_POINT('',(2.946332327894,9.069277467785E-02));
#3651 = CARTESIAN_POINT('',(3.064038250545,9.006440957351E-02));
#3652 = CARTESIAN_POINT('',(3.181805633659,8.931878197086E-02));
#3653 = CARTESIAN_POINT('',(3.299613144544,8.846130538999E-02));
#3654 = CARTESIAN_POINT('',(3.417458304618,8.749820826686E-02));
#3655 = CARTESIAN_POINT('',(3.594262929007,8.590520361964E-02));
#3656 = CARTESIAN_POINT('',(3.653204093446,8.534947305383E-02));
#3657 = CARTESIAN_POINT('',(3.712149690737,8.47698613402E-02));
#3658 = CARTESIAN_POINT('',(3.771098035455,8.416723592129E-02));
#3659 = CARTESIAN_POINT('',(3.830047397394,8.354248406507E-02));
#3660 = CARTESIAN_POINT('',(3.888995881332,8.289651360104E-02));
#3661 = CARTESIAN_POINT('',(3.94794140279,8.223025414033E-02));
#3662 = CARTESIAN_POINT('',(4.006881759711,8.154465878032E-02));
#3663 = CARTESIAN_POINT('',(4.065814800102,8.084070629315E-02));
#3664 = CARTESIAN_POINT('',(4.183662571158,7.93981013042E-02));
#3665 = CARTESIAN_POINT('',(4.242577321809,7.865943200251E-02));
#3666 = CARTESIAN_POINT('',(4.301479406471,7.79044636329E-02));
#3667 = CARTESIAN_POINT('',(4.3603669334,7.713417025828E-02));
#3668 = CARTESIAN_POINT('',(4.419237821395,7.634954440371E-02));
#3669 = CARTESIAN_POINT('',(4.478089478647,7.555157616268E-02));
#3670 = CARTESIAN_POINT('',(4.536919989438,7.474109927314E-02));
#3671 = CARTESIAN_POINT('',(4.595730808466,7.391850416107E-02));
#3672 = CARTESIAN_POINT('',(4.654530963024,7.30833179535E-02));
#3673 = CARTESIAN_POINT('',(4.713342762838,7.22336514597E-02));
#3674 = ( GEOMETRIC_REPRESENTATION_CONTEXT(2) 
PARAMETRIC_REPRESENTATION_CONTEXT() REPRESENTATION_CONTEXT('2D SPACE',''
  ) );
#3675 = PCURVE('',#3676,#3737);
#3676 = ( BOUNDED_SURFACE() B_SPLINE_SURFACE(2,10,(
    (#3677,#3678,#3679,#3680,#3681,#3682,#3683,#3684,#3685,#3686,#3687
      ,#3688,#3689,#3690,#3691,#3692,#3693,#3694,#3695,#3696)
    ,(#3697,#3698,#3699,#3700,#3701,#3702,#3703,#3704,#3705,#3706,#3707
      ,#3708,#3709,#3710,#3711,#3712,#3713,#3714,#3715,#3716)
    ,(#3717,#3718,#3719,#3720,#3721,#3722,#3723,#3724,#3725,#3726,#3727
      ,#3728,#3729,#3730,#3731,#3732,#3733,#3734,#3735,#3736
)),.UNSPECIFIED.,.F.,.F.,.F.) B_SPLINE_SURFACE_WITH_KNOTS((3,3),(11,9,11
    ),(0.,0.831161739538),(8.28574255957,8.701076012351,9.116904299108),
.UNSPECIFIED.) GEOMETRIC_REPRESENTATION_ITEM() RATIONAL_B_SPLINE_SURFACE
((
    (1.,1.,1.,1.,1.,1.,1.,1.,1.,1.,1.,1.,1.,1.,1.,1.,1.,1.,1.,1.)
    ,(0.743895893795,0.746324866214,0.748787508639,0.750863507179
      ,0.753052745019,0.754554889087,0.756158352006,0.757163314274
      ,0.757930353255,0.758294913545,0.758294915643,0.757920288141
      ,0.757203844509,0.756056057367,0.754673280601,0.752943161605
      ,0.750875400027,0.748775181373,0.746319747724,0.743895662552)
    ,(1.,1.,1.,1.,1.,1.,1.,1.,1.,1.,1.,1.,1.,1.,1.,1.,1.,1.,1.,1.
))) REPRESENTATION_ITEM('') SURFACE() );
#3677 = CARTESIAN_POINT('',(104.59212877871,-165.4651540785,
    12.29323601187));
#3678 = CARTESIAN_POINT('',(105.66519110819,-165.4621994437,
    12.265698816112));
#3679 = CARTESIAN_POINT('',(106.77395822088,-165.3751483872,
    12.237679081188));
#3680 = CARTESIAN_POINT('',(107.91450587329,-165.1957377751,
    12.213946212181));
#3681 = CARTESIAN_POINT('',(109.06647196713,-164.9089917132,
    12.188873959375));
#3682 = CARTESIAN_POINT('',(110.20261701045,-164.523140865,
    12.171562941476));
#3683 = CARTESIAN_POINT('',(111.33341972741,-164.0216376089,
    12.153109847886));
#3684 = CARTESIAN_POINT('',(112.41768478362,-163.4154251763,
    12.141486791396));
#3685 = CARTESIAN_POINT('',(113.45177508013,-162.7057220111,
    12.13262882697));
#3686 = CARTESIAN_POINT('',(114.41613672882,-161.9031800878,
    12.128414839574));
#3687 = CARTESIAN_POINT('',(116.18422781436,-160.1350898852,
    12.128414815339));
#3688 = CARTESIAN_POINT('',(116.98766149102,-159.1695925228,
    12.132742867891));
#3689 = CARTESIAN_POINT('',(117.69780200181,-158.1338508708,
    12.141028745415));
#3690 = CARTESIAN_POINT('',(118.30530145467,-157.0470787119,
    12.15426974753));
#3691 = CARTESIAN_POINT('',(118.80463171578,-155.9194219037,
    12.17022216288));
#3692 = CARTESIAN_POINT('',(119.19399553511,-154.7730321581,
    12.190119847087));
#3693 = CARTESIAN_POINT('',(119.47551408679,-153.6278269838,
    12.213813277795));
#3694 = CARTESIAN_POINT('',(119.65527805782,-152.4914320053,
    12.237818825041));
#3695 = CARTESIAN_POINT('',(119.7422056709,-151.3854615696,
    12.26575685284));
#3696 = CARTESIAN_POINT('',(119.74515435981,-150.31212906,
    12.293238633466));
#3697 = CARTESIAN_POINT('',(104.57804631545,-165.1,8.89));
#3698 = CARTESIAN_POINT('',(105.63756189363,-165.0754311538,8.89));
#3699 = CARTESIAN_POINT('',(106.70719290484,-164.9684655954,8.89));
#3700 = CARTESIAN_POINT('',(107.80329276852,-164.7767736775,8.89));
#3701 = CARTESIAN_POINT('',(108.92592813741,-164.4855383565,8.89));
#3702 = CARTESIAN_POINT('',(110.02680008388,-164.0910344721,8.89));
#3703 = CARTESIAN_POINT('',(111.11308851696,-163.5995090105,8.89));
#3704 = CARTESIAN_POINT('',(112.16607710979,-163.000277452,8.89));
#3705 = CARTESIAN_POINT('',(113.16357665044,-162.3081046003,8.89));
#3706 = CARTESIAN_POINT('',(114.09657199444,-161.5278060626,8.89));
#3707 = CARTESIAN_POINT('',(115.80882089622,-159.8155579545,8.89));
#3708 = CARTESIAN_POINT('',(116.58968947817,-158.881942325,8.89));
#3709 = CARTESIAN_POINT('',(117.28388516697,-157.8804433283,8.89));
#3710 = CARTESIAN_POINT('',(117.88008851508,-156.8307110623,8.89));
#3711 = CARTESIAN_POINT('',(118.37623077449,-155.7412166746,8.89));
#3712 = CARTESIAN_POINT('',(118.76808530368,-154.631091961,8.89));
#3713 = CARTESIAN_POINT('',(119.05549964563,-153.5230062248,8.89));
#3714 = CARTESIAN_POINT('',(119.24834730369,-152.4303892936,8.89));
#3715 = CARTESIAN_POINT('',(119.35542060387,-151.3594373863,8.89));
#3716 = CARTESIAN_POINT('',(119.38,-150.2981085408,8.89));
#3717 = CARTESIAN_POINT('',(104.44614136169,-161.6797438323,8.89));
#3718 = CARTESIAN_POINT('',(105.42356317806,-161.6834366807,8.89));
#3719 = CARTESIAN_POINT('',(106.17675699582,-161.6146431445,8.89));
#3720 = CARTESIAN_POINT('',(106.96287924294,-161.4910588804,8.89));
#3721 = CARTESIAN_POINT('',(107.93344879514,-161.3185222228,8.89));
#3722 = CARTESIAN_POINT('',(108.77213924619,-160.9629436642,8.89));
#3723 = CARTESIAN_POINT('',(109.60803854213,-160.6495076409,8.89));
#3724 = CARTESIAN_POINT('',(110.45798124879,-160.1593837229,8.89));
#3725 = CARTESIAN_POINT('',(111.23256493835,-159.6347830372,8.89));
#3726 = CARTESIAN_POINT('',(111.96645784983,-159.0256854023,8.89));
#3727 = CARTESIAN_POINT('',(113.30648109884,-157.6856625488,8.89));
#3728 = CARTESIAN_POINT('',(113.91308414687,-156.9530848836,8.89));
#3729 = CARTESIAN_POINT('',(114.45515436903,-156.16713872,8.89));
#3730 = CARTESIAN_POINT('',(114.89990658318,-155.3366503905,8.89));
#3731 = CARTESIAN_POINT('',(115.28336143236,-154.4920962188,8.89));
#3732 = CARTESIAN_POINT('',(115.57739694123,-153.6109367855,8.89));
#3733 = CARTESIAN_POINT('',(115.76086039367,-152.730588286,8.89));
#3734 = CARTESIAN_POINT('',(115.89118196651,-151.9509146983,8.89));
#3735 = CARTESIAN_POINT('',(115.96278414958,-151.1604030618,8.89));
#3736 = CARTESIAN_POINT('',(115.95971915389,-150.1667829472,8.89));
#3737 = DEFINITIONAL_REPRESENTATION('',(#3738),#3741);
#3738 = B_SPLINE_CURVE_WITH_KNOTS('',1,(#3739,#3740),.UNSPECIFIED.,.F.,
  .F.,(2,2),(8.28574255957,9.116904299108),.PIECEWISE_BEZIER_KNOTS.);
#3739 = CARTESIAN_POINT('',(0.,8.28574255957));
#3740 = CARTESIAN_POINT('',(0.,9.116904299108));
#3741 = ( GEOMETRIC_REPRESENTATION_CONTEXT(2) 
PARAMETRIC_REPRESENTATION_CONTEXT() REPRESENTATION_CONTEXT('2D SPACE',''
  ) );
#3742 = ORIENTED_EDGE('',*,*,#3743,.T.);
#3743 = EDGE_CURVE('',#3609,#767,#3744,.T.);
#3744 = SURFACE_CURVE('',#3745,(#3754,#3760),.PCURVE_S1.);
#3745 = B_SPLINE_CURVE_WITH_KNOTS('',3,(#3746,#3747,#3748,#3749,#3750,
    #3751,#3752,#3753),.UNSPECIFIED.,.F.,.F.,(4,2,2,4),(-0.351742426346,
    -6.328584926061E-02,4.650056913578,4.938513490663),.UNSPECIFIED.);
#3746 = CARTESIAN_POINT('',(118.60276,-149.1697347001,1.6461232));
#3747 = CARTESIAN_POINT('',(118.86184,-149.4288147001,4.0607488));
#3748 = CARTESIAN_POINT('',(119.12092,-149.6878947001,6.4753744));
#3749 = CARTESIAN_POINT('',(123.61333333333,-154.1803080335,
    48.344666666667));
#3750 = CARTESIAN_POINT('',(127.84666666666,-158.4136413668,
    87.799333333333));
#3751 = CARTESIAN_POINT('',(132.33908,-162.9060547001,129.6686256));
#3752 = CARTESIAN_POINT('',(132.59816,-163.1651347001,132.0832512));
#3753 = CARTESIAN_POINT('',(132.85724,-163.4242147001,134.4978768));
#3754 = PCURVE('',#822,#3755);
#3755 = DEFINITIONAL_REPRESENTATION('',(#3756),#3759);
#3756 = B_SPLINE_CURVE_WITH_KNOTS('',1,(#3757,#3758),.UNSPECIFIED.,.F.,
  .F.,(2,2),(7.22336514597E-02,4.63994244413),.PIECEWISE_BEZIER_KNOTS.);
#3757 = CARTESIAN_POINT('',(4.713342762838,7.22336514597E-02));
#3758 = CARTESIAN_POINT('',(4.713342762838,4.63994244413));
#3759 = ( GEOMETRIC_REPRESENTATION_CONTEXT(2) 
PARAMETRIC_REPRESENTATION_CONTEXT() REPRESENTATION_CONTEXT('2D SPACE',''
  ) );
#3760 = PCURVE('',#1275,#3761);
#3761 = DEFINITIONAL_REPRESENTATION('',(#3762),#3767);
#3762 = B_SPLINE_CURVE_WITH_KNOTS('',3,(#3763,#3764,#3765,#3766),
  .UNSPECIFIED.,.F.,.F.,(4,4),(7.22336514597E-02,4.63994244413),
  .PIECEWISE_BEZIER_KNOTS.);
#3763 = CARTESIAN_POINT('',(0.641048412953,2.875231179637E-02));
#3764 = CARTESIAN_POINT('',(0.625153976899,0.351786233615));
#3765 = CARTESIAN_POINT('',(0.610436753882,0.674820155434));
#3766 = CARTESIAN_POINT('',(0.596667256397,0.997854077253));
#3767 = ( GEOMETRIC_REPRESENTATION_CONTEXT(2) 
PARAMETRIC_REPRESENTATION_CONTEXT() REPRESENTATION_CONTEXT('2D SPACE',''
  ) );
#3768 = ORIENTED_EDGE('',*,*,#766,.T.);
#3769 = ADVANCED_FACE('',(#3770),#1275,.F.);
#3770 = FACE_BOUND('',#3771,.F.);
#3771 = EDGE_LOOP('',(#3772,#3773,#3920,#3946));
#3772 = ORIENTED_EDGE('',*,*,#3743,.F.);
#3773 = ORIENTED_EDGE('',*,*,#3774,.T.);
#3774 = EDGE_CURVE('',#3609,#3775,#3777,.T.);
#3775 = VERTEX_POINT('',#3776);
#3776 = CARTESIAN_POINT('',(119.74515387727,150.31212893421,
    12.29323413623));
#3777 = SURFACE_CURVE('',#3778,(#3805,#3835),.PCURVE_S1.);
#3778 = ( BOUNDED_CURVE() B_SPLINE_CURVE(9,(#3779,#3780,#3781,#3782,
    #3783,#3784,#3785,#3786,#3787,#3788,#3789,#3790,#3791,#3792,#3793,
    #3794,#3795,#3796,#3797,#3798,#3799,#3800,#3801,#3802,#3803,#3804),
.UNSPECIFIED.,.F.,.F.) B_SPLINE_CURVE_WITH_KNOTS((10,8,8,10),(
    9.116904285289,9.130132220533,21.030740093698,21.044459813265),
.UNSPECIFIED.) CURVE() GEOMETRIC_REPRESENTATION_ITEM() 
RATIONAL_B_SPLINE_CURVE((1.,1.,1.,1.,1.,1.,1.,1.,1.,1.,1.,1.,1.,1.,1.,1.
,1.,1.,1.,1.,1.,1.,1.,1.,1.,1.)) REPRESENTATION_ITEM('') );
#3779 = CARTESIAN_POINT('',(119.7451543598,-150.3121294167,
    12.293238633358));
#3780 = CARTESIAN_POINT('',(119.74515559459,-150.2741878661,
    12.293250141659));
#3781 = CARTESIAN_POINT('',(119.74515667608,-150.236290728,
    12.293260221071));
#3782 = CARTESIAN_POINT('',(119.74515760619,-150.1984372788,
    12.29326888975));
#3783 = CARTESIAN_POINT('',(119.74515838689,-150.1606267952,
    12.293276165857));
#3784 = CARTESIAN_POINT('',(119.74515902012,-150.1228585538,
    12.293282067546));
#3785 = CARTESIAN_POINT('',(119.74515950783,-150.085131831,
    12.293286612979));
#3786 = CARTESIAN_POINT('',(119.74515985196,-150.0474459036,
    12.293289820309));
#3787 = CARTESIAN_POINT('',(119.74516005447,-150.009800048,
    12.293291707696));
#3788 = CARTESIAN_POINT('',(119.74521664532,-116.1392266505,
    12.29381913444));
#3789 = CARTESIAN_POINT('',(119.74516356754,-83.03194437096,
    12.29332444951));
#3790 = CARTESIAN_POINT('',(119.74519096635,-49.785931986,
    12.293579806428));
#3791 = CARTESIAN_POINT('',(119.74518740928,-16.6617466564,
    12.293546654527));
#3792 = CARTESIAN_POINT('',(119.74518731962,16.661765923555,
    12.293545818908));
#3793 = CARTESIAN_POINT('',(119.74519105367,49.786240025102,
    12.293580620225));
#3794 = CARTESIAN_POINT('',(119.74516357323,83.031098938964,
    12.29332450253));
#3795 = CARTESIAN_POINT('',(119.74521617172,116.13752964852,
    12.29381472046));
#3796 = CARTESIAN_POINT('',(119.74516086578,149.99845335424,
    12.293299269143));
#3797 = CARTESIAN_POINT('',(119.74516062851,150.03749159106,
    12.293297057719));
#3798 = CARTESIAN_POINT('',(119.7451602149,150.07657701887,
    12.293293202938));
#3799 = CARTESIAN_POINT('',(119.74515962224,150.11571050079,
    12.293287679309));
#3800 = CARTESIAN_POINT('',(119.74515884778,150.15489290012,
    12.29328046134));
#3801 = CARTESIAN_POINT('',(119.74515788879,150.19412507989,
    12.293271523539));
#3802 = CARTESIAN_POINT('',(119.74515674253,150.23340790341,
    12.293260840415));
#3803 = CARTESIAN_POINT('',(119.74515540627,150.27274223378,
    12.293248386476));
#3804 = CARTESIAN_POINT('',(119.74515387727,150.31212893421,
    12.29323413623));
#3805 = PCURVE('',#1275,#3806);
#3806 = DEFINITIONAL_REPRESENTATION('',(#3807),#3834);
#3807 = B_SPLINE_CURVE_WITH_KNOTS('',9,(#3808,#3809,#3810,#3811,#3812,
    #3813,#3814,#3815,#3816,#3817,#3818,#3819,#3820,#3821,#3822,#3823,
    #3824,#3825,#3826,#3827,#3828,#3829,#3830,#3831,#3832,#3833),
  .UNSPECIFIED.,.F.,.F.,(10,8,8,10),(9.116904285289,9.130132220533,
    21.030740093698,21.044459813265),.UNSPECIFIED.);
#3808 = CARTESIAN_POINT('',(0.641048412953,2.875231179546E-02));
#3809 = CARTESIAN_POINT('',(0.642653576935,2.875240902351E-02));
#3810 = CARTESIAN_POINT('',(0.644256856131,2.875249417957E-02));
#3811 = CARTESIAN_POINT('',(0.645858281228,2.875256741703E-02));
#3812 = CARTESIAN_POINT('',(0.647457882909,2.875262888934E-02));
#3813 = CARTESIAN_POINT('',(0.64905569186,2.875267874984E-02));
#3814 = CARTESIAN_POINT('',(0.650651738765,2.8752717152E-02));
#3815 = CARTESIAN_POINT('',(0.652246054309,2.875274424917E-02));
#3816 = CARTESIAN_POINT('',(0.653838669177,2.875276019479E-02));
#3817 = CARTESIAN_POINT('',(2.086734710004,2.875721616742E-02));
#3818 = CARTESIAN_POINT('',(3.48733443504,2.875303681449E-02));
#3819 = CARTESIAN_POINT('',(4.893808783815,2.875519420118E-02));
#3820 = CARTESIAN_POINT('',(6.295124376104,2.875491411685E-02));
#3821 = CARTESIAN_POINT('',(7.704876438323,2.875490705711E-02));
#3822 = CARTESIAN_POINT('',(9.106204251521,2.875520107655E-02));
#3823 = CARTESIAN_POINT('',(10.512629787132,2.875303726243E-02));
#3824 = CARTESIAN_POINT('',(11.913193523727,2.875717887584E-02));
#3825 = CARTESIAN_POINT('',(13.345681278075,2.875282407778E-02));
#3826 = CARTESIAN_POINT('',(13.347332798924,2.875280539454E-02));
#3827 = CARTESIAN_POINT('',(13.348986322956,2.875277282737E-02));
#3828 = CARTESIAN_POINT('',(13.350641886796,2.87527261609E-02));
#3829 = CARTESIAN_POINT('',(13.352299527079,2.875266517979E-02));
#3830 = CARTESIAN_POINT('',(13.353959280428,2.875258966864E-02));
#3831 = CARTESIAN_POINT('',(13.355621183476,2.875249941211E-02));
#3832 = CARTESIAN_POINT('',(13.357285272849,2.875239419482E-02));
#3833 = CARTESIAN_POINT('',(13.358951585177,2.875227380141E-02));
#3834 = ( GEOMETRIC_REPRESENTATION_CONTEXT(2) 
PARAMETRIC_REPRESENTATION_CONTEXT() REPRESENTATION_CONTEXT('2D SPACE',''
  ) );
#3835 = PCURVE('',#3836,#3915);
#3836 = ( BOUNDED_SURFACE() B_SPLINE_SURFACE(2,9,(
    (#3837,#3838,#3839,#3840,#3841,#3842,#3843,#3844,#3845,#3846,#3847
      ,#3848,#3849,#3850,#3851,#3852,#3853,#3854,#3855,#3856,#3857,#3858
      ,#3859,#3860,#3861,#3862)
    ,(#3863,#3864,#3865,#3866,#3867,#3868,#3869,#3870,#3871,#3872,#3873
      ,#3874,#3875,#3876,#3877,#3878,#3879,#3880,#3881,#3882,#3883,#3884
      ,#3885,#3886,#3887,#3888)
    ,(#3889,#3890,#3891,#3892,#3893,#3894,#3895,#3896,#3897,#3898,#3899
      ,#3900,#3901,#3902,#3903,#3904,#3905,#3906,#3907,#3908,#3909,#3910
      ,#3911,#3912,#3913,#3914
)),.UNSPECIFIED.,.F.,.F.,.F.) B_SPLINE_SURFACE_WITH_KNOTS((3,3),(10,8,8,
    10),(0.,11.927555527976),(9.116904285289,9.130132220533,
    21.030740093698,21.044459813265),.UNSPECIFIED.) 
GEOMETRIC_REPRESENTATION_ITEM() RATIONAL_B_SPLINE_SURFACE((
    (1.,1.,1.,1.,1.,1.,1.,1.,1.,1.,1.,1.,1.,1.,1.,1.,1.,1.,1.,1.,1.,1.
      ,1.,1.,1.,1.)
    ,(0.743895662561,0.743894647448,0.743893758373,0.743892993732
      ,0.743892351927,0.743891831353,0.743891430412,0.743891147501
      ,0.743890981019,0.743844457997,0.743888091016,0.743865570726
      ,0.743868491131,0.743868565127,0.743865498728,0.743888086459
      ,0.743844847302,0.743890314042,0.743890509107,0.743890849128
      ,0.743891336355,0.743891973034,0.743892761414,0.743893703743
      ,0.743894802268,0.743896059239)
    ,(1.,1.,1.,1.,1.,1.,1.,1.,1.,1.,1.,1.,1.,1.,1.,1.,1.,1.,1.,1.,1.,1.
,1.,1.,1.,1.))) REPRESENTATION_ITEM('') SURFACE() );
#3837 = CARTESIAN_POINT('',(119.7451543598,-150.3121294167,
    12.293238633358));
#3838 = CARTESIAN_POINT('',(119.74515559459,-150.2741878661,
    12.293250141659));
#3839 = CARTESIAN_POINT('',(119.74515667608,-150.236290728,
    12.293260221071));
#3840 = CARTESIAN_POINT('',(119.74515760619,-150.1984372788,
    12.29326888975));
#3841 = CARTESIAN_POINT('',(119.74515838689,-150.1606267952,
    12.293276165857));
#3842 = CARTESIAN_POINT('',(119.74515902012,-150.1228585538,
    12.293282067546));
#3843 = CARTESIAN_POINT('',(119.74515950783,-150.085131831,
    12.293286612979));
#3844 = CARTESIAN_POINT('',(119.74515985196,-150.0474459036,
    12.293289820309));
#3845 = CARTESIAN_POINT('',(119.74516005447,-150.009800048,
    12.293291707696));
#3846 = CARTESIAN_POINT('',(119.74521664532,-116.1392266505,
    12.29381913444));
#3847 = CARTESIAN_POINT('',(119.74516356754,-83.03194437096,
    12.29332444951));
#3848 = CARTESIAN_POINT('',(119.74519096635,-49.785931986,
    12.293579806428));
#3849 = CARTESIAN_POINT('',(119.74518740928,-16.6617466564,
    12.293546654527));
#3850 = CARTESIAN_POINT('',(119.74518731962,16.661765923555,
    12.293545818908));
#3851 = CARTESIAN_POINT('',(119.74519105367,49.786240025102,
    12.293580620225));
#3852 = CARTESIAN_POINT('',(119.74516357323,83.031098938964,
    12.29332450253));
#3853 = CARTESIAN_POINT('',(119.74521617172,116.13752964852,
    12.29381472046));
#3854 = CARTESIAN_POINT('',(119.74516086578,149.99845335424,
    12.293299269143));
#3855 = CARTESIAN_POINT('',(119.74516062851,150.03749159106,
    12.293297057719));
#3856 = CARTESIAN_POINT('',(119.7451602149,150.07657701887,
    12.293293202938));
#3857 = CARTESIAN_POINT('',(119.74515962224,150.11571050079,
    12.293287679309));
#3858 = CARTESIAN_POINT('',(119.74515884778,150.15489290012,
    12.29328046134));
#3859 = CARTESIAN_POINT('',(119.74515788879,150.19412507989,
    12.293271523539));
#3860 = CARTESIAN_POINT('',(119.74515674253,150.23340790341,
    12.293260840415));
#3861 = CARTESIAN_POINT('',(119.74515540627,150.27274223378,
    12.293248386476));
#3862 = CARTESIAN_POINT('',(119.74515387727,150.31212893421,
    12.29323413623));
#3863 = CARTESIAN_POINT('',(119.38,-150.298108895,8.89));
#3864 = CARTESIAN_POINT('',(119.38,-150.260439816,8.89));
#3865 = CARTESIAN_POINT('',(119.38,-150.2227862576,8.89));
#3866 = CARTESIAN_POINT('',(119.38,-150.1851465682,8.89));
#3867 = CARTESIAN_POINT('',(119.38,-150.1475190958,8.89));
#3868 = CARTESIAN_POINT('',(119.38,-150.1099021879,8.89));
#3869 = CARTESIAN_POINT('',(119.38,-150.0722941919,8.89));
#3870 = CARTESIAN_POINT('',(119.38,-150.0346934547,8.89));
#3871 = CARTESIAN_POINT('',(119.38,-149.997098323,8.89));
#3872 = CARTESIAN_POINT('',(119.38,-116.1382142576,8.89));
#3873 = CARTESIAN_POINT('',(119.38,-83.04147230391,8.89));
#3874 = CARTESIAN_POINT('',(119.37999999999,-49.78475798222,8.89));
#3875 = CARTESIAN_POINT('',(119.38,-16.66711446249,8.89));
#3876 = CARTESIAN_POINT('',(119.37999999999,16.667132995783,8.89));
#3877 = CARTESIAN_POINT('',(119.38,49.78510081834,8.89));
#3878 = CARTESIAN_POINT('',(119.38,83.040615577801,8.89));
#3879 = CARTESIAN_POINT('',(119.38,116.13666732307,8.89));
#3880 = CARTESIAN_POINT('',(119.38,149.98595082552,8.89));
#3881 = CARTESIAN_POINT('',(119.38,150.02492822682,8.89));
#3882 = CARTESIAN_POINT('',(119.38,150.06390924479,8.89));
#3883 = CARTESIAN_POINT('',(119.38,150.10289621955,8.89));
#3884 = CARTESIAN_POINT('',(119.38,150.14189149095,8.89));
#3885 = CARTESIAN_POINT('',(119.38,150.18089739806,8.89));
#3886 = CARTESIAN_POINT('',(119.38,150.21991627976,8.89));
#3887 = CARTESIAN_POINT('',(119.38,150.25895047418,8.89));
#3888 = CARTESIAN_POINT('',(119.38,150.2980023191,8.89));
#3889 = CARTESIAN_POINT('',(115.95971915491,-150.1667832774,8.89));
#3890 = CARTESIAN_POINT('',(115.95961082064,-150.1316631672,8.89));
#3891 = CARTESIAN_POINT('',(115.95951593214,-150.0962882999,8.89));
#3892 = CARTESIAN_POINT('',(115.95943431991,-150.0606483318,8.89));
#3893 = CARTESIAN_POINT('',(115.95936581445,-150.0247329188,8.89));
#3894 = CARTESIAN_POINT('',(115.95931024627,-149.9885317172,8.89));
#3895 = CARTESIAN_POINT('',(115.95926744586,-149.9520343832,8.89));
#3896 = CARTESIAN_POINT('',(115.95923724373,-149.9152305727,8.89));
#3897 = CARTESIAN_POINT('',(115.95921947039,-149.8781099421,8.89));
#3898 = CARTESIAN_POINT('',(115.95425318831,-116.1504820229,8.89));
#3899 = CARTESIAN_POINT('',(115.95890263288,-83.08459789217,8.89));
#3900 = CARTESIAN_POINT('',(115.95651642221,-49.8252702631,8.89));
#3901 = CARTESIAN_POINT('',(115.95681156128,-16.67730713985,8.89));
#3902 = CARTESIAN_POINT('',(115.95682070052,16.677362911214,8.89));
#3903 = CARTESIAN_POINT('',(115.95650780566,49.825728502675,8.89));
#3904 = CARTESIAN_POINT('',(115.9589026652,83.084153251581,8.89));
#3905 = CARTESIAN_POINT('',(115.95429456883,116.14984180386,8.89));
#3906 = CARTESIAN_POINT('',(115.95914827024,149.86882631764,8.89));
#3907 = CARTESIAN_POINT('',(115.95916909641,149.90723459158,8.89));
#3908 = CARTESIAN_POINT('',(115.95920539736,149.94523883462,8.89));
#3909 = CARTESIAN_POINT('',(115.95925741085,149.98285520348,8.89));
#3910 = CARTESIAN_POINT('',(115.95932537465,150.02009985499,8.89));
#3911 = CARTESIAN_POINT('',(115.95940952654,150.05698894584,8.89));
#3912 = CARTESIAN_POINT('',(115.95951010429,150.09353863287,8.89));
#3913 = CARTESIAN_POINT('',(115.95962734569,150.12976507277,8.89));
#3914 = CARTESIAN_POINT('',(115.9597614885,150.16568442235,8.89));
#3915 = DEFINITIONAL_REPRESENTATION('',(#3916),#3919);
#3916 = B_SPLINE_CURVE_WITH_KNOTS('',1,(#3917,#3918),.UNSPECIFIED.,.F.,
  .F.,(2,2),(9.116904285289,21.044459813265),.PIECEWISE_BEZIER_KNOTS.);
#3917 = CARTESIAN_POINT('',(0.,9.116904285289));
#3918 = CARTESIAN_POINT('',(0.,21.044459813265));
#3919 = ( GEOMETRIC_REPRESENTATION_CONTEXT(2) 
PARAMETRIC_REPRESENTATION_CONTEXT() REPRESENTATION_CONTEXT('2D SPACE',''
  ) );
#3920 = ORIENTED_EDGE('',*,*,#3921,.T.);
#3921 = EDGE_CURVE('',#3775,#1159,#3922,.T.);
#3922 = SURFACE_CURVE('',#3923,(#3932,#3940),.PCURVE_S1.);
#3923 = B_SPLINE_CURVE_WITH_KNOTS('',3,(#3924,#3925,#3926,#3927,#3928,
    #3929,#3930,#3931),.UNSPECIFIED.,.F.,.F.,(4,2,2,4),(-0.351742426346,
    -6.328584926061E-02,4.650056913578,4.938513490663),.UNSPECIFIED.);
#3924 = CARTESIAN_POINT('',(118.60276,149.16973470019,1.6461232));
#3925 = CARTESIAN_POINT('',(118.86184,149.42881470019,4.0607488));
#3926 = CARTESIAN_POINT('',(119.12092,149.68789470019,6.4753744));
#3927 = CARTESIAN_POINT('',(123.61333333333,154.18030803352,
    48.344666666667));
#3928 = CARTESIAN_POINT('',(127.84666666666,158.41364136685,
    87.799333333333));
#3929 = CARTESIAN_POINT('',(132.33908,162.90605470019,129.6686256));
#3930 = CARTESIAN_POINT('',(132.59816,163.16513470019,132.0832512));
#3931 = CARTESIAN_POINT('',(132.85724,163.42421470019,134.4978768));
#3932 = PCURVE('',#1275,#3933);
#3933 = DEFINITIONAL_REPRESENTATION('',(#3934),#3939);
#3934 = B_SPLINE_CURVE_WITH_KNOTS('',3,(#3935,#3936,#3937,#3938),
  .UNSPECIFIED.,.F.,.F.,(4,4),(7.223347237642E-02,4.63994244413),
  .PIECEWISE_BEZIER_KNOTS.);
#3935 = CARTESIAN_POINT('',(13.358951585177,2.875227380141E-02));
#3936 = CARTESIAN_POINT('',(13.374846021947,0.351786208285));
#3937 = CARTESIAN_POINT('',(13.389563245578,0.674820142769));
#3938 = CARTESIAN_POINT('',(13.403332743603,0.997854077253));
#3939 = ( GEOMETRIC_REPRESENTATION_CONTEXT(2) 
PARAMETRIC_REPRESENTATION_CONTEXT() REPRESENTATION_CONTEXT('2D SPACE',''
  ) );
#3940 = PCURVE('',#1212,#3941);
#3941 = DEFINITIONAL_REPRESENTATION('',(#3942),#3945);
#3942 = B_SPLINE_CURVE_WITH_KNOTS('',1,(#3943,#3944),.UNSPECIFIED.,.F.,
  .F.,(2,2),(7.223347237642E-02,4.63994244413),
  .PIECEWISE_BEZIER_KNOTS.);
#3943 = CARTESIAN_POINT('',(0.,7.223347237642E-02));
#3944 = CARTESIAN_POINT('',(0.,4.63994244413));
#3945 = ( GEOMETRIC_REPRESENTATION_CONTEXT(2) 
PARAMETRIC_REPRESENTATION_CONTEXT() REPRESENTATION_CONTEXT('2D SPACE',''
  ) );
#3946 = ORIENTED_EDGE('',*,*,#1263,.T.);
#3947 = ADVANCED_FACE('',(#3948),#1212,.F.);
#3948 = FACE_BOUND('',#3949,.F.);
#3949 = EDGE_LOOP('',(#3950,#3951,#4086,#4112));
#3950 = ORIENTED_EDGE('',*,*,#3921,.F.);
#3951 = ORIENTED_EDGE('',*,*,#3952,.T.);
#3952 = EDGE_CURVE('',#3775,#3953,#3955,.T.);
#3953 = VERTEX_POINT('',#3954);
#3954 = CARTESIAN_POINT('',(104.59212887648,165.46515417629,
    12.293236923067));
#3955 = SURFACE_CURVE('',#3956,(#3977,#4019),.PCURVE_S1.);
#3956 = ( BOUNDED_CURVE() B_SPLINE_CURVE(10,(#3957,#3958,#3959,#3960,
    #3961,#3962,#3963,#3964,#3965,#3966,#3967,#3968,#3969,#3970,#3971,
    #3972,#3973,#3974,#3975,#3976),.UNSPECIFIED.,.F.,.F.) 
B_SPLINE_CURVE_WITH_KNOTS((11,9,11),(21.044459799458,21.459796143003,
21.875611545946),.UNSPECIFIED.) CURVE() GEOMETRIC_REPRESENTATION_ITEM() 
RATIONAL_B_SPLINE_CURVE((1.,1.,1.,1.,1.,1.,1.,1.,1.,1.,1.,1.,1.,1.,1.,1.
,1.,1.,1.,1.)) REPRESENTATION_ITEM('') );
#3957 = CARTESIAN_POINT('',(119.74515387729,150.31212857748,
    12.293234136359));
#3958 = CARTESIAN_POINT('',(119.74220019031,151.38513225495,
    12.265705773758));
#3959 = CARTESIAN_POINT('',(119.65515675162,152.49384945877,
    12.237671961075));
#3960 = CARTESIAN_POINT('',(119.47576529094,153.63448114481,
    12.213962716948));
#3961 = CARTESIAN_POINT('',(119.18899017118,154.78640946093,
    12.188854857408));
#3962 = CARTESIAN_POINT('',(118.80317114845,155.92258790138,
    12.171581065821));
#3963 = CARTESIAN_POINT('',(118.30164871252,157.0533811416,
    12.153099866772));
#3964 = CARTESIAN_POINT('',(117.69544159128,158.13766746756,
    12.141490764361));
#3965 = CARTESIAN_POINT('',(116.98573299354,159.17176062957,
    12.13262819758));
#3966 = CARTESIAN_POINT('',(116.18318624561,160.13613057104,
    12.128414839574));
#3967 = CARTESIAN_POINT('',(114.41511728391,161.90420041564,
    12.128414815339));
#3968 = CARTESIAN_POINT('',(113.4496470852,162.70761202123,
    12.132741536047));
#3969 = CARTESIAN_POINT('',(112.413966347,163.41773476237,
    12.141032203828));
#3970 = CARTESIAN_POINT('',(111.32718562567,164.02522846266,
    12.154261066398));
#3971 = CARTESIAN_POINT('',(110.19960610593,164.52455209394,
    12.170223816979));
#3972 = CARTESIAN_POINT('',(109.053271039,164.9139243039,12.190121071155
    ));
#3973 = CARTESIAN_POINT('',(107.90801520689,165.19547090668,
    12.213795574736));
#3974 = CARTESIAN_POINT('',(106.77164440465,165.37525393567,
    12.23782427194));
#3975 = CARTESIAN_POINT('',(105.6656108807,165.46220470532,
    12.265747853622));
#3976 = CARTESIAN_POINT('',(104.59212887648,165.46515417629,
    12.293236923067));
#3977 = PCURVE('',#1212,#3978);
#3978 = DEFINITIONAL_REPRESENTATION('',(#3979),#4018);
#3979 = B_SPLINE_CURVE_WITH_KNOTS('',10,(#3980,#3981,#3982,#3983,#3984,
    #3985,#3986,#3987,#3988,#3989,#3990,#3991,#3992,#3993,#3994,#3995,
    #3996,#3997,#3998,#3999,#4000,#4001,#4002,#4003,#4004,#4005,#4006,
    #4007,#4008,#4009,#4010,#4011,#4012,#4013,#4014,#4015,#4016,#4017),
  .UNSPECIFIED.,.F.,.F.,(11,9,9,9,11),(21.044459799458,21.460035672702,
    21.667823609324,21.771717577635,21.875611545946),.UNSPECIFIED.);
#3980 = CARTESIAN_POINT('',(-5.995204332976E-15,7.223347238155E-02));
#3981 = CARTESIAN_POINT('',(0.23545214026,7.563291372488E-02));
#3982 = CARTESIAN_POINT('',(0.47139415456,7.881040081402E-02));
#3983 = CARTESIAN_POINT('',(0.708869224554,8.190368280517E-02));
#3984 = CARTESIAN_POINT('',(0.945843726791,8.454068273587E-02));
#3985 = CARTESIAN_POINT('',(1.180234361157,8.700259367013E-02));
#3986 = CARTESIAN_POINT('',(1.417161123707,8.891154840895E-02));
#3987 = CARTESIAN_POINT('',(1.652041434603,9.045537692099E-02));
#3988 = CARTESIAN_POINT('',(1.887528977831,9.146394865831E-02));
#3989 = CARTESIAN_POINT('',(2.122765397069,9.197366074336E-02));
#3990 = CARTESIAN_POINT('',(2.475657298151,9.196971093741E-02));
#3991 = CARTESIAN_POINT('',(2.593278719123,9.184141562207E-02));
#3992 = CARTESIAN_POINT('',(2.710933755116,9.158365044924E-02));
#3993 = CARTESIAN_POINT('',(2.828584533535,9.120017516504E-02));
#3994 = CARTESIAN_POINT('',(2.946280334961,9.069302302687E-02));
#3995 = CARTESIAN_POINT('',(3.063985240633,9.006470486108E-02));
#3996 = CARTESIAN_POINT('',(3.181751127608,8.931913470889E-02));
#3997 = CARTESIAN_POINT('',(3.299557362786,8.846171817337E-02));
#3998 = CARTESIAN_POINT('',(3.417401522955,8.749867615376E-02));
#3999 = CARTESIAN_POINT('',(3.594205502392,8.590573882587E-02));
#4000 = CARTESIAN_POINT('',(3.653146591926,8.535002818094E-02));
#4001 = CARTESIAN_POINT('',(3.712092290225,8.477043310737E-02));
#4002 = CARTESIAN_POINT('',(3.771040943682,8.416782060394E-02));
#4003 = CARTESIAN_POINT('',(3.829990850046,8.354307781486E-02));
#4004 = CARTESIAN_POINT('',(3.888940139093,8.289711267391E-02));
#4005 = CARTESIAN_POINT('',(3.947886750093,8.223085493949E-02));
#4006 = CARTESIAN_POINT('',(4.006828505921,8.154525762027E-02));
#4007 = CARTESIAN_POINT('',(4.065763283953,8.084129879156E-02));
#4008 = CARTESIAN_POINT('',(4.18361528334,7.939866881349E-02));
#4009 = CARTESIAN_POINT('',(4.242532526286,7.865998114876E-02));
#4010 = CARTESIAN_POINT('',(4.301437548126,7.790498566076E-02));
#4011 = CARTESIAN_POINT('',(4.360328512081,7.713465464543E-02));
#4012 = CARTESIAN_POINT('',(4.419203420967,7.634997746239E-02));
#4013 = CARTESIAN_POINT('',(4.478059815053,7.555193944066E-02));
#4014 = CARTESIAN_POINT('',(4.536895955981,7.474137007281E-02));
#4015 = CARTESIAN_POINT('',(4.595713496471,7.391866049418E-02));
#4016 = CARTESIAN_POINT('',(4.654521636085,7.308335025034E-02));
#4017 = CARTESIAN_POINT('',(4.713342762838,7.223358335034E-02));
#4018 = ( GEOMETRIC_REPRESENTATION_CONTEXT(2) 
PARAMETRIC_REPRESENTATION_CONTEXT() REPRESENTATION_CONTEXT('2D SPACE',''
  ) );
#4019 = PCURVE('',#4020,#4081);
#4020 = ( BOUNDED_SURFACE() B_SPLINE_SURFACE(2,10,(
    (#4021,#4022,#4023,#4024,#4025,#4026,#4027,#4028,#4029,#4030,#4031
      ,#4032,#4033,#4034,#4035,#4036,#4037,#4038,#4039,#4040)
    ,(#4041,#4042,#4043,#4044,#4045,#4046,#4047,#4048,#4049,#4050,#4051
      ,#4052,#4053,#4054,#4055,#4056,#4057,#4058,#4059,#4060)
    ,(#4061,#4062,#4063,#4064,#4065,#4066,#4067,#4068,#4069,#4070,#4071
      ,#4072,#4073,#4074,#4075,#4076,#4077,#4078,#4079,#4080
)),.UNSPECIFIED.,.F.,.F.,.F.) B_SPLINE_SURFACE_WITH_KNOTS((3,3),(11,9,11
    ),(0.,0.831151746488),(21.044459799458,21.459796143003,
21.875611545946),.UNSPECIFIED.) GEOMETRIC_REPRESENTATION_ITEM() 
RATIONAL_B_SPLINE_SURFACE((
    (1.,1.,1.,1.,1.,1.,1.,1.,1.,1.,1.,1.,1.,1.,1.,1.,1.,1.,1.,1.)
    ,(0.743896059228,0.746324251961,0.748788140035,0.750862050169
      ,0.753054432948,0.754553289497,0.756159234185,0.757162963601
      ,0.757930408982,0.758294913545,0.758294915643,0.75792040559
      ,0.757203536697,0.756056822377,0.754673130812,0.752943046924
      ,0.75087695825,0.748774697605,0.746320541026,0.743895813421)
    ,(1.,1.,1.,1.,1.,1.,1.,1.,1.,1.,1.,1.,1.,1.,1.,1.,1.,1.,1.,1.
))) REPRESENTATION_ITEM('') SURFACE() );
#4021 = CARTESIAN_POINT('',(119.74515387729,150.31212857748,
    12.293234136359));
#4022 = CARTESIAN_POINT('',(119.74220019031,151.38513225495,
    12.265705773758));
#4023 = CARTESIAN_POINT('',(119.65515675162,152.49384945877,
    12.237671961075));
#4024 = CARTESIAN_POINT('',(119.47576529094,153.63448114481,
    12.213962716948));
#4025 = CARTESIAN_POINT('',(119.18899017118,154.78640946093,
    12.188854857408));
#4026 = CARTESIAN_POINT('',(118.80317114845,155.92258790138,
    12.171581065821));
#4027 = CARTESIAN_POINT('',(118.30164871252,157.0533811416,
    12.153099866772));
#4028 = CARTESIAN_POINT('',(117.69544159128,158.13766746756,
    12.141490764361));
#4029 = CARTESIAN_POINT('',(116.98573299354,159.17176062957,
    12.13262819758));
#4030 = CARTESIAN_POINT('',(116.18318624561,160.13613057104,
    12.128414839574));
#4031 = CARTESIAN_POINT('',(114.41511728391,161.90420041564,
    12.128414815339));
#4032 = CARTESIAN_POINT('',(113.4496470852,162.70761202123,
    12.132741536047));
#4033 = CARTESIAN_POINT('',(112.413966347,163.41773476237,
    12.141032203828));
#4034 = CARTESIAN_POINT('',(111.32718562567,164.02522846266,
    12.154261066398));
#4035 = CARTESIAN_POINT('',(110.19960610593,164.52455209394,
    12.170223816979));
#4036 = CARTESIAN_POINT('',(109.053271039,164.9139243039,12.190121071155
    ));
#4037 = CARTESIAN_POINT('',(107.90801520689,165.19547090668,
    12.213795574736));
#4038 = CARTESIAN_POINT('',(106.77164440465,165.37525393567,
    12.23782427194));
#4039 = CARTESIAN_POINT('',(105.6656108807,165.46220470532,
    12.265747853622));
#4040 = CARTESIAN_POINT('',(104.59212887648,165.46515417629,
    12.293236923067));
#4041 = CARTESIAN_POINT('',(119.38,150.2980019654,8.89));
#4042 = CARTESIAN_POINT('',(119.35543559257,151.35758110251,8.89));
#4043 = CARTESIAN_POINT('',(119.24846424205,152.42711306674,8.89));
#4044 = CARTESIAN_POINT('',(119.05679569397,153.52321829455,8.89));
#4045 = CARTESIAN_POINT('',(118.76556355019,154.64587650489,8.89));
#4046 = CARTESIAN_POINT('',(118.37103346137,155.74679926483,8.89));
#4047 = CARTESIAN_POINT('',(117.87954046195,156.83302214836,8.89));
#4048 = CARTESIAN_POINT('',(117.28028548579,157.88607402164,8.89));
#4049 = CARTESIAN_POINT('',(116.58811680106,158.88355982558,8.89));
#4050 = CARTESIAN_POINT('',(115.80781202591,159.81656603114,8.89));
#4051 = CARTESIAN_POINT('',(114.0955844879,161.52879436284,8.89));
#4052 = CARTESIAN_POINT('',(113.16199355854,162.30964287504,8.89));
#4053 = CARTESIAN_POINT('',(112.16055951612,163.00381393932,8.89));
#4054 = CARTESIAN_POINT('',(111.11081194337,163.6000245987,8.89));
#4055 = CARTESIAN_POINT('',(110.02138749356,164.09614952625,8.89));
#4056 = CARTESIAN_POINT('',(108.91132872346,164.48800869752,8.89));
#4057 = CARTESIAN_POINT('',(107.80318306933,164.77547664695,8.89));
#4058 = CARTESIAN_POINT('',(106.71047817383,164.9683455696,8.89));
#4059 = CARTESIAN_POINT('',(105.63941119701,165.07542003748,8.89));
#4060 = CARTESIAN_POINT('',(104.57806791243,165.1,8.89));
#4061 = CARTESIAN_POINT('',(115.95976148728,150.16568409702,8.89));
#4062 = CARTESIAN_POINT('',(115.96341629175,151.14433027459,8.89));
#4063 = CARTESIAN_POINT('',(115.89460926155,151.89684843594,8.89));
#4064 = CARTESIAN_POINT('',(115.77093631868,152.68230319192,8.89));
#4065 = CARTESIAN_POINT('',(115.59887924787,153.65371936164,8.89));
#4066 = CARTESIAN_POINT('',(115.24257902393,154.49211317157,8.89));
#4067 = CARTESIAN_POINT('',(114.92976381329,155.32791009497,8.89));
#4068 = CARTESIAN_POINT('',(114.43930170891,156.17802736294,8.89));
#4069 = CARTESIAN_POINT('',(113.91480876946,156.95254060518,8.89));
#4070 = CARTESIAN_POINT('',(113.30569006925,157.68645318289,8.89));
#4071 = CARTESIAN_POINT('',(111.96568331415,159.02646033355,8.89));
#4072 = CARTESIAN_POINT('',(111.23312881186,159.63306619316,8.89));
#4073 = CARTESIAN_POINT('',(110.44720605474,160.17502892671,8.89));
#4074 = CARTESIAN_POINT('',(109.61679786414,160.61996636043,8.89));
#4075 = CARTESIAN_POINT('',(108.77213136371,161.00326087683,8.89));
#4076 = CARTESIAN_POINT('',(107.89109971793,161.29725493527,8.89));
#4077 = CARTESIAN_POINT('',(107.01082236706,161.48110060915,8.89));
#4078 = CARTESIAN_POINT('',(106.23007421101,161.61133883252,8.89));
#4079 = CARTESIAN_POINT('',(105.43877177588,161.68286154883,8.89));
#4080 = CARTESIAN_POINT('',(104.44636403836,161.6797352548,8.89));
#4081 = DEFINITIONAL_REPRESENTATION('',(#4082),#4085);
#4082 = B_SPLINE_CURVE_WITH_KNOTS('',1,(#4083,#4084),.UNSPECIFIED.,.F.,
  .F.,(2,2),(21.044459799458,21.875611545946),.PIECEWISE_BEZIER_KNOTS.);
#4083 = CARTESIAN_POINT('',(0.,21.044459799458));
#4084 = CARTESIAN_POINT('',(0.,21.875611545946));
#4085 = ( GEOMETRIC_REPRESENTATION_CONTEXT(2) 
PARAMETRIC_REPRESENTATION_CONTEXT() REPRESENTATION_CONTEXT('2D SPACE',''
  ) );
#4086 = ORIENTED_EDGE('',*,*,#4087,.T.);
#4087 = EDGE_CURVE('',#3953,#1134,#4088,.T.);
#4088 = SURFACE_CURVE('',#4089,(#4098,#4104),.PCURVE_S1.);
#4089 = B_SPLINE_CURVE_WITH_KNOTS('',3,(#4090,#4091,#4092,#4093,#4094,
    #4095,#4096,#4097),.UNSPECIFIED.,.F.,.F.,(4,2,2,4),(-0.351742426346,
    -6.328584926061E-02,4.650056913578,4.938513490663),.UNSPECIFIED.);
#4090 = CARTESIAN_POINT('',(103.44973470019,164.32276,1.6461232));
#4091 = CARTESIAN_POINT('',(103.70881470019,164.58184,4.0607488));
#4092 = CARTESIAN_POINT('',(103.96789470019,164.84092,6.4753744));
#4093 = CARTESIAN_POINT('',(108.46030803352,169.33333333333,
    48.344666666667));
#4094 = CARTESIAN_POINT('',(112.69364136685,173.56666666666,
    87.799333333333));
#4095 = CARTESIAN_POINT('',(117.18605470019,178.05908,129.6686256));
#4096 = CARTESIAN_POINT('',(117.44513470019,178.31816,132.0832512));
#4097 = CARTESIAN_POINT('',(117.70421470019,178.57724,134.4978768));
#4098 = PCURVE('',#1212,#4099);
#4099 = DEFINITIONAL_REPRESENTATION('',(#4100),#4103);
#4100 = B_SPLINE_CURVE_WITH_KNOTS('',1,(#4101,#4102),.UNSPECIFIED.,.F.,
  .F.,(2,2),(7.223358335034E-02,4.63994244413),
  .PIECEWISE_BEZIER_KNOTS.);
#4101 = CARTESIAN_POINT('',(4.713342762838,7.223358335034E-02));
#4102 = CARTESIAN_POINT('',(4.713342762838,4.63994244413));
#4103 = ( GEOMETRIC_REPRESENTATION_CONTEXT(2) 
PARAMETRIC_REPRESENTATION_CONTEXT() REPRESENTATION_CONTEXT('2D SPACE',''
  ) );
#4104 = PCURVE('',#1147,#4105);
#4105 = DEFINITIONAL_REPRESENTATION('',(#4106),#4111);
#4106 = B_SPLINE_CURVE_WITH_KNOTS('',3,(#4107,#4108,#4109,#4110),
  .UNSPECIFIED.,.F.,.F.,(4,4),(7.223358335034E-02,4.63994244413),
  .PIECEWISE_BEZIER_KNOTS.);
#4107 = CARTESIAN_POINT('',(0.658028507887,2.875229734604E-02));
#4108 = CARTESIAN_POINT('',(0.635482940329,0.351786223982));
#4109 = CARTESIAN_POINT('',(0.615236698114,0.674820150617));
#4110 = CARTESIAN_POINT('',(0.596698921014,0.997854077253));
#4111 = ( GEOMETRIC_REPRESENTATION_CONTEXT(2) 
PARAMETRIC_REPRESENTATION_CONTEXT() REPRESENTATION_CONTEXT('2D SPACE',''
  ) );
#4112 = ORIENTED_EDGE('',*,*,#1158,.T.);
#4113 = ADVANCED_FACE('',(#4114),#1147,.F.);
#4114 = FACE_BOUND('',#4115,.F.);
#4115 = EDGE_LOOP('',(#4116,#4117,#4264,#4290));
#4116 = ORIENTED_EDGE('',*,*,#4087,.F.);
#4117 = ORIENTED_EDGE('',*,*,#4118,.T.);
#4118 = EDGE_CURVE('',#3953,#4119,#4121,.T.);
#4119 = VERTEX_POINT('',#4120);
#4120 = CARTESIAN_POINT('',(-104.5921300151,165.46515407847,
    12.293236011418));
#4121 = SURFACE_CURVE('',#4122,(#4149,#4179),.PCURVE_S1.);
#4122 = ( BOUNDED_CURVE() B_SPLINE_CURVE(9,(#4123,#4124,#4125,#4126,
    #4127,#4128,#4129,#4130,#4131,#4132,#4133,#4134,#4135,#4136,#4137,
    #4138,#4139,#4140,#4141,#4142,#4143,#4144,#4145,#4146,#4147,#4148),
.UNSPECIFIED.,.F.,.F.) B_SPLINE_CURVE_WITH_KNOTS((10,8,8,10),(
    21.875611498058,21.888852347106,30.160872148805,30.174594796998),
.UNSPECIFIED.) CURVE() GEOMETRIC_REPRESENTATION_ITEM() 
RATIONAL_B_SPLINE_CURVE((1.,1.,1.,1.,1.,1.,1.,1.,1.,1.,1.,1.,1.,1.,1.,1.
,1.,1.,1.,1.,1.,1.,1.,1.,1.,1.)) REPRESENTATION_ITEM('') );
#4123 = CARTESIAN_POINT('',(104.59213011291,165.46515417625,
    12.293236922684));
#4124 = CARTESIAN_POINT('',(104.55414504332,165.46515543702,
    12.293248673098));
#4125 = CARTESIAN_POINT('',(104.51620440175,165.46515654391,
    12.293258989266));
#4126 = CARTESIAN_POINT('',(104.47830746863,165.46515749906,
    12.293267891276));
#4127 = CARTESIAN_POINT('',(104.44045352437,165.46515830463,
    12.29327539922));
#4128 = CARTESIAN_POINT('',(104.40264184942,165.46515896278,
    12.293281533187));
#4129 = CARTESIAN_POINT('',(104.36487172418,165.46515947567,
    12.293286313267));
#4130 = CARTESIAN_POINT('',(104.32714242909,165.46515984544,
    12.29328975955));
#4131 = CARTESIAN_POINT('',(104.28945324458,165.46516007426,
    12.293291892126));
#4132 = CARTESIAN_POINT('',(80.730665468975,165.46521640107,
    12.293816858035));
#4133 = CARTESIAN_POINT('',(57.714889818936,165.46516387094,
    12.293327277214));
#4134 = CARTESIAN_POINT('',(34.605907066362,165.46519089438,
    12.293579135654));
#4135 = CARTESIAN_POINT('',(11.580889668219,165.46518739627,
    12.293546533303));
#4136 = CARTESIAN_POINT('',(-11.58088333215,165.46518727843,
    12.293545434968));
#4137 = CARTESIAN_POINT('',(-34.60614447602,165.46519100657,
    12.293580181284));
#4138 = CARTESIAN_POINT('',(-57.71384522165,165.46516389772,
    12.293327526776));
#4139 = CARTESIAN_POINT('',(-80.7287488066,165.46521572234,
    12.293810532259));
#4140 = CARTESIAN_POINT('',(-104.2783687889,165.46516122103,
    12.29330258002));
#4141 = CARTESIAN_POINT('',(-104.3174175278,165.46516095947,
    12.293300142317));
#4142 = CARTESIAN_POINT('',(-104.3565135402,165.4651605236,
    12.293296079997));
#4143 = CARTESIAN_POINT('',(-104.3956576771,165.46515991039,
    12.293290364886));
#4144 = CARTESIAN_POINT('',(-104.4348507894,165.46515911682,
    12.293282968812));
#4145 = CARTESIAN_POINT('',(-104.4740937284,165.46515813987,
    12.293273863601));
#4146 = CARTESIAN_POINT('',(-104.5133873449,165.46515697651,
    12.293263021081));
#4147 = CARTESIAN_POINT('',(-104.5527324902,165.46515562372,
    12.293250413077));
#4148 = CARTESIAN_POINT('',(-104.5921300151,165.46515407847,
    12.293236011418));
#4149 = PCURVE('',#1147,#4150);
#4150 = DEFINITIONAL_REPRESENTATION('',(#4151),#4178);
#4151 = B_SPLINE_CURVE_WITH_KNOTS('',9,(#4152,#4153,#4154,#4155,#4156,
    #4157,#4158,#4159,#4160,#4161,#4162,#4163,#4164,#4165,#4166,#4167,
    #4168,#4169,#4170,#4171,#4172,#4173,#4174,#4175,#4176,#4177),
  .UNSPECIFIED.,.F.,.F.,(10,8,8,10),(21.875611498058,21.888852347106,
    30.160872148805,30.174594796998),.UNSPECIFIED.);
#4152 = CARTESIAN_POINT('',(0.658028507888,2.875229734281E-02));
#4153 = CARTESIAN_POINT('',(0.659678078508,2.875239661636E-02));
#4154 = CARTESIAN_POINT('',(0.661325713941,2.875248377265E-02));
#4155 = CARTESIAN_POINT('',(0.662971445525,2.875255898142E-02));
#4156 = CARTESIAN_POINT('',(0.664615304597,2.875262241239E-02));
#4157 = CARTESIAN_POINT('',(0.666257322494,2.87526742353E-02));
#4158 = CARTESIAN_POINT('',(0.667897530553,2.875271461987E-02));
#4159 = CARTESIAN_POINT('',(0.669535960111,2.875274373585E-02));
#4160 = CARTESIAN_POINT('',(0.671172642507,2.875276175295E-02));
#4161 = CARTESIAN_POINT('',(1.694228198718,2.875719693518E-02));
#4162 = CARTESIAN_POINT('',(2.693697960847,2.875306070439E-02));
#4163 = CARTESIAN_POINT('',(3.697220807544,2.875518853413E-02));
#4164 = CARTESIAN_POINT('',(4.697092669869,2.875491309269E-02));
#4165 = CARTESIAN_POINT('',(5.702907053764,2.875490381339E-02));
#4166 = CARTESIAN_POINT('',(6.702789508062,2.875519736815E-02));
#4167 = CARTESIAN_POINT('',(7.706256659623,2.875306281282E-02));
#4168 = CARTESIAN_POINT('',(8.705688604846,2.875714349176E-02));
#4169 = CARTESIAN_POINT('',(9.728345965489,2.875285204978E-02));
#4170 = CARTESIAN_POINT('',(9.730041688511,2.875283145481E-02));
#4171 = CARTESIAN_POINT('',(9.731739471009,2.875279713423E-02));
#4172 = CARTESIAN_POINT('',(9.733439350066,2.875274885004E-02));
#4173 = CARTESIAN_POINT('',(9.735141362761,2.87526863642E-02));
#4174 = CARTESIAN_POINT('',(9.736845546179,2.875260943869E-02));
#4175 = CARTESIAN_POINT('',(9.738551937399,2.875251783549E-02));
#4176 = CARTESIAN_POINT('',(9.740260573504,2.875241131659E-02));
#4177 = CARTESIAN_POINT('',(9.741971491575,2.875228964397E-02));
#4178 = ( GEOMETRIC_REPRESENTATION_CONTEXT(2) 
PARAMETRIC_REPRESENTATION_CONTEXT() REPRESENTATION_CONTEXT('2D SPACE',''
  ) );
#4179 = PCURVE('',#4180,#4259);
#4180 = ( BOUNDED_SURFACE() B_SPLINE_SURFACE(2,9,(
    (#4181,#4182,#4183,#4184,#4185,#4186,#4187,#4188,#4189,#4190,#4191
      ,#4192,#4193,#4194,#4195,#4196,#4197,#4198,#4199,#4200,#4201,#4202
      ,#4203,#4204,#4205,#4206)
    ,(#4207,#4208,#4209,#4210,#4211,#4212,#4213,#4214,#4215,#4216,#4217
      ,#4218,#4219,#4220,#4221,#4222,#4223,#4224,#4225,#4226,#4227,#4228
      ,#4229,#4230,#4231,#4232)
    ,(#4233,#4234,#4235,#4236,#4237,#4238,#4239,#4240,#4241,#4242,#4243
      ,#4244,#4245,#4246,#4247,#4248,#4249,#4250,#4251,#4252,#4253,#4254
      ,#4255,#4256,#4257,#4258
)),.UNSPECIFIED.,.F.,.F.,.F.) B_SPLINE_SURFACE_WITH_KNOTS((3,3),(10,8,8,
    10),(0.,8.29898329894),(21.875611498058,21.888852347106,
    30.160872148805,30.174594796998),.UNSPECIFIED.) 
GEOMETRIC_REPRESENTATION_ITEM() RATIONAL_B_SPLINE_SURFACE((
    (1.,1.,1.,1.,1.,1.,1.,1.,1.,1.,1.,1.,1.,1.,1.,1.,1.,1.,1.,1.,1.,1.
      ,1.,1.,1.,1.)
    ,(0.743895813454,0.743894776986,0.743893867027,0.743893081805
      ,0.74389241955,0.743891878488,0.743891456849,0.74389115286
      ,0.743890964751,0.74384465879,0.7438878416,0.743865629889
      ,0.74386850179,0.743868599075,0.743865537354,0.743887819755
      ,0.743845216714,0.743890021997,0.743890237022,0.74389059535
      ,0.743891099467,0.743891751856,0.743892555003,0.743893511392
      ,0.743894623508,0.743895893834)
    ,(1.,1.,1.,1.,1.,1.,1.,1.,1.,1.,1.,1.,1.,1.,1.,1.,1.,1.,1.,1.,1.,1.
,1.,1.,1.,1.))) REPRESENTATION_ITEM('') SURFACE() );
#4181 = CARTESIAN_POINT('',(104.59213011291,165.46515417625,
    12.293236922684));
#4182 = CARTESIAN_POINT('',(104.55414504332,165.46515543702,
    12.293248673098));
#4183 = CARTESIAN_POINT('',(104.51620440175,165.46515654391,
    12.293258989266));
#4184 = CARTESIAN_POINT('',(104.47830746863,165.46515749906,
    12.293267891276));
#4185 = CARTESIAN_POINT('',(104.44045352437,165.46515830463,
    12.29327539922));
#4186 = CARTESIAN_POINT('',(104.40264184942,165.46515896278,
    12.293281533187));
#4187 = CARTESIAN_POINT('',(104.36487172418,165.46515947567,
    12.293286313267));
#4188 = CARTESIAN_POINT('',(104.32714242909,165.46515984544,
    12.29328975955));
#4189 = CARTESIAN_POINT('',(104.28945324458,165.46516007426,
    12.293291892126));
#4190 = CARTESIAN_POINT('',(80.730665468975,165.46521640107,
    12.293816858035));
#4191 = CARTESIAN_POINT('',(57.714889818936,165.46516387094,
    12.293327277214));
#4192 = CARTESIAN_POINT('',(34.605907066362,165.46519089438,
    12.293579135654));
#4193 = CARTESIAN_POINT('',(11.580889668219,165.46518739627,
    12.293546533303));
#4194 = CARTESIAN_POINT('',(-11.58088333215,165.46518727843,
    12.293545434968));
#4195 = CARTESIAN_POINT('',(-34.60614447602,165.46519100657,
    12.293580181284));
#4196 = CARTESIAN_POINT('',(-57.71384522165,165.46516389772,
    12.293327526776));
#4197 = CARTESIAN_POINT('',(-80.7287488066,165.46521572234,
    12.293810532259));
#4198 = CARTESIAN_POINT('',(-104.2783687889,165.46516122103,
    12.29330258002));
#4199 = CARTESIAN_POINT('',(-104.3174175278,165.46516095947,
    12.293300142317));
#4200 = CARTESIAN_POINT('',(-104.3565135402,165.4651605236,
    12.293296079997));
#4201 = CARTESIAN_POINT('',(-104.3956576771,165.46515991039,
    12.293290364886));
#4202 = CARTESIAN_POINT('',(-104.4348507894,165.46515911682,
    12.293282968812));
#4203 = CARTESIAN_POINT('',(-104.4740937284,165.46515813987,
    12.293273863601));
#4204 = CARTESIAN_POINT('',(-104.5133873449,165.46515697651,
    12.293263021081));
#4205 = CARTESIAN_POINT('',(-104.5527324902,165.46515562372,
    12.293250413077));
#4206 = CARTESIAN_POINT('',(-104.5921300151,165.46515407847,
    12.293236011418));
#4207 = CARTESIAN_POINT('',(104.57806913982,165.1,8.89));
#4208 = CARTESIAN_POINT('',(104.54036147418,165.1,8.89));
#4209 = CARTESIAN_POINT('',(104.50266954179,165.1,8.89));
#4210 = CARTESIAN_POINT('',(104.46499169999,165.1,8.89));
#4211 = CARTESIAN_POINT('',(104.42732630573,165.1,8.89));
#4212 = CARTESIAN_POINT('',(104.3896717156,165.1,8.89));
#4213 = CARTESIAN_POINT('',(104.35202628579,165.1,8.89));
#4214 = CARTESIAN_POINT('',(104.31438837215,165.1,8.89));
#4215 = CARTESIAN_POINT('',(104.27675633012,165.1,8.89));
#4216 = CARTESIAN_POINT('',(80.73025769445,165.1,8.89));
#4217 = CARTESIAN_POINT('',(57.722966829713,165.1,8.89));
#4218 = CARTESIAN_POINT('',(34.606270140297,165.09999999999,8.89));
#4219 = CARTESIAN_POINT('',(11.585014601189,165.1,8.89));
#4220 = CARTESIAN_POINT('',(-11.58500747987,165.09999999999,8.89));
#4221 = CARTESIAN_POINT('',(-34.60654785569,165.1,8.89));
#4222 = CARTESIAN_POINT('',(-57.72192444939,165.1,8.89));
#4223 = CARTESIAN_POINT('',(-80.7285298774,165.1,8.89));
#4224 = CARTESIAN_POINT('',(-104.265954475,165.1,8.89));
#4225 = CARTESIAN_POINT('',(-104.3049359177,165.1,8.89));
#4226 = CARTESIAN_POINT('',(-104.3439213485,165.1,8.89));
#4227 = CARTESIAN_POINT('',(-104.382913087,165.1,8.89));
#4228 = CARTESIAN_POINT('',(-104.4219134521,165.1,8.89));
#4229 = CARTESIAN_POINT('',(-104.4609247623,165.1,8.89));
#4230 = CARTESIAN_POINT('',(-104.4999493358,165.1,8.89));
#4231 = CARTESIAN_POINT('',(-104.5389894897,165.1,8.89));
#4232 = CARTESIAN_POINT('',(-104.5780475412,165.1,8.89));
#4233 = CARTESIAN_POINT('',(104.44636518127,161.6797352584,8.89));
#4234 = CARTESIAN_POINT('',(104.41125259629,161.67962464591,8.89));
#4235 = CARTESIAN_POINT('',(104.37588732114,161.67952752923,8.89));
#4236 = CARTESIAN_POINT('',(104.34025906643,161.67944372074,8.89));
#4237 = CARTESIAN_POINT('',(104.30435754277,161.67937303279,8.89));
#4238 = CARTESIAN_POINT('',(104.26817246082,161.67931527775,8.89));
#4239 = CARTESIAN_POINT('',(104.23169353114,161.679270268,8.89));
#4240 = CARTESIAN_POINT('',(104.19491046439,161.67923781589,8.89));
#4241 = CARTESIAN_POINT('',(104.15781297117,161.6792177338,8.89));
#4242 = CARTESIAN_POINT('',(80.741432714263,161.67427461246,8.89));
#4243 = CARTESIAN_POINT('',(57.76697680067,161.67887604848,8.89));
#4244 = CARTESIAN_POINT('',(34.644906437961,161.67652271714,8.89));
#4245 = CARTESIAN_POINT('',(11.596315413289,161.6768125512,8.89));
#4246 = CARTESIAN_POINT('',(-11.59635084227,161.67682468043,8.89));
#4247 = CARTESIAN_POINT('',(-34.6453392413,161.67651153125,8.89));
#4248 = CARTESIAN_POINT('',(-57.7664737754,161.67887444347,8.89));
#4249 = CARTESIAN_POINT('',(-80.7409842971,161.6743339228,8.89));
#4250 = CARTESIAN_POINT('',(-104.1496554346,161.6791170935,8.89));
#4251 = CARTESIAN_POINT('',(-104.1880072908,161.67914005078,8.89));
#4252 = CARTESIAN_POINT('',(-104.2259581809,161.67917830656,8.89));
#4253 = CARTESIAN_POINT('',(-104.263524163,161.67923212381,8.89));
#4254 = CARTESIAN_POINT('',(-104.3007212953,161.67930176552,8.89));
#4255 = CARTESIAN_POINT('',(-104.3375656357,161.67938749466,8.89));
#4256 = CARTESIAN_POINT('',(-104.3740732426,161.67948957423,8.89));
#4257 = CARTESIAN_POINT('',(-104.4102601739,161.67960826721,8.89));
#4258 = CARTESIAN_POINT('',(-104.4461424877,161.67974383658,8.89));
#4259 = DEFINITIONAL_REPRESENTATION('',(#4260),#4263);
#4260 = B_SPLINE_CURVE_WITH_KNOTS('',1,(#4261,#4262),.UNSPECIFIED.,.F.,
  .F.,(2,2),(21.875611498058,30.174594796998),.PIECEWISE_BEZIER_KNOTS.);
#4261 = CARTESIAN_POINT('',(0.,21.875611498058));
#4262 = CARTESIAN_POINT('',(0.,30.174594796998));
#4263 = ( GEOMETRIC_REPRESENTATION_CONTEXT(2) 
PARAMETRIC_REPRESENTATION_CONTEXT() REPRESENTATION_CONTEXT('2D SPACE',''
  ) );
#4264 = ORIENTED_EDGE('',*,*,#4265,.T.);
#4265 = EDGE_CURVE('',#4119,#1029,#4266,.T.);
#4266 = SURFACE_CURVE('',#4267,(#4276,#4284),.PCURVE_S1.);
#4267 = B_SPLINE_CURVE_WITH_KNOTS('',3,(#4268,#4269,#4270,#4271,#4272,
    #4273,#4274,#4275),.UNSPECIFIED.,.F.,.F.,(4,2,2,4),(-0.351742426346,
    -6.328584926061E-02,4.650056913578,4.938513490663),.UNSPECIFIED.);
#4268 = CARTESIAN_POINT('',(-103.4497347001,164.32276,1.6461232));
#4269 = CARTESIAN_POINT('',(-103.7088147001,164.58184,4.0607488));
#4270 = CARTESIAN_POINT('',(-103.9678947001,164.84092,6.4753744));
#4271 = CARTESIAN_POINT('',(-108.4603080335,169.33333333333,
    48.344666666667));
#4272 = CARTESIAN_POINT('',(-112.6936413668,173.56666666666,
    87.799333333333));
#4273 = CARTESIAN_POINT('',(-117.1860547001,178.05908,129.6686256));
#4274 = CARTESIAN_POINT('',(-117.4451347001,178.31816,132.0832512));
#4275 = CARTESIAN_POINT('',(-117.7042147001,178.57724,134.4978768));
#4276 = PCURVE('',#1147,#4277);
#4277 = DEFINITIONAL_REPRESENTATION('',(#4278),#4283);
#4278 = B_SPLINE_CURVE_WITH_KNOTS('',3,(#4279,#4280,#4281,#4282),
  .UNSPECIFIED.,.F.,.F.,(4,4),(7.223354704781E-02,4.63994244413),
  .PIECEWISE_BEZIER_KNOTS.);
#4279 = CARTESIAN_POINT('',(9.741971491575,2.875228964397E-02));
#4280 = CARTESIAN_POINT('',(9.764517059349,0.351786218847));
#4281 = CARTESIAN_POINT('',(9.784763301739,0.67482014805));
#4282 = CARTESIAN_POINT('',(9.803301078986,0.997854077253));
#4283 = ( GEOMETRIC_REPRESENTATION_CONTEXT(2) 
PARAMETRIC_REPRESENTATION_CONTEXT() REPRESENTATION_CONTEXT('2D SPACE',''
  ) );
#4284 = PCURVE('',#1082,#4285);
#4285 = DEFINITIONAL_REPRESENTATION('',(#4286),#4289);
#4286 = B_SPLINE_CURVE_WITH_KNOTS('',1,(#4287,#4288),.UNSPECIFIED.,.F.,
  .F.,(2,2),(7.223354704781E-02,4.63994244413),
  .PIECEWISE_BEZIER_KNOTS.);
#4287 = CARTESIAN_POINT('',(0.,7.223354704781E-02));
#4288 = CARTESIAN_POINT('',(0.,4.63994244413));
#4289 = ( GEOMETRIC_REPRESENTATION_CONTEXT(2) 
PARAMETRIC_REPRESENTATION_CONTEXT() REPRESENTATION_CONTEXT('2D SPACE',''
  ) );
#4290 = ORIENTED_EDGE('',*,*,#1133,.T.);
#4291 = ADVANCED_FACE('',(#4292),#1082,.F.);
#4292 = FACE_BOUND('',#4293,.F.);
#4293 = EDGE_LOOP('',(#4294,#4295,#4430,#4456));
#4294 = ORIENTED_EDGE('',*,*,#4265,.F.);
#4295 = ORIENTED_EDGE('',*,*,#4296,.T.);
#4296 = EDGE_CURVE('',#4119,#4297,#4299,.T.);
#4297 = VERTEX_POINT('',#4298);
#4298 = CARTESIAN_POINT('',(-119.7451543598,150.31212906,12.293238633466
    ));
#4299 = SURFACE_CURVE('',#4300,(#4321,#4363),.PCURVE_S1.);
#4300 = ( BOUNDED_CURVE() B_SPLINE_CURVE(10,(#4301,#4302,#4303,#4304,
    #4305,#4306,#4307,#4308,#4309,#4310,#4311,#4312,#4313,#4314,#4315,
    #4316,#4317,#4318,#4319,#4320),.UNSPECIFIED.,.F.,.F.) 
B_SPLINE_CURVE_WITH_KNOTS((11,9,11),(30.174594749147,30.589928194033,
31.005756472884),.UNSPECIFIED.) CURVE() GEOMETRIC_REPRESENTATION_ITEM() 
RATIONAL_B_SPLINE_CURVE((1.,1.,1.,0.999999999999,1.000000000001,
    0.999999999999,1.000000000001,0.999999999999,1.,1.,1.,1.,1.,1.,1.,1.
,1.,1.,1.,1.)) REPRESENTATION_ITEM('') );
#4301 = CARTESIAN_POINT('',(-104.5921287787,165.46515407852,
    12.29323601187));
#4302 = CARTESIAN_POINT('',(-105.6651911081,165.46219944378,
    12.265698816112));
#4303 = CARTESIAN_POINT('',(-106.7739582208,165.37514838725,
    12.237679081188));
#4304 = CARTESIAN_POINT('',(-107.9145058732,165.19573777514,
    12.213946212182));
#4305 = CARTESIAN_POINT('',(-109.0664719671,164.90899171324,
    12.188873959373));
#4306 = CARTESIAN_POINT('',(-110.2026170104,164.52314086502,
    12.171562941478));
#4307 = CARTESIAN_POINT('',(-111.3334197274,164.02163760896,
    12.153109847884));
#4308 = CARTESIAN_POINT('',(-112.4176847836,163.4154251763,
    12.141486791397));
#4309 = CARTESIAN_POINT('',(-113.4517750801,162.70572201113,
    12.13262882697));
#4310 = CARTESIAN_POINT('',(-114.4161367288,161.90318008784,
    12.128414839574));
#4311 = CARTESIAN_POINT('',(-116.1842278143,160.1350898852,
    12.128414815339));
#4312 = CARTESIAN_POINT('',(-116.987661491,159.16959252283,
    12.132742867891));
#4313 = CARTESIAN_POINT('',(-117.6978020018,158.13385087086,
    12.141028745414));
#4314 = CARTESIAN_POINT('',(-118.3053014546,157.04707871192,
    12.15426974753));
#4315 = CARTESIAN_POINT('',(-118.8046317157,155.91942190372,
    12.17022216288));
#4316 = CARTESIAN_POINT('',(-119.1939955351,154.77303215816,
    12.190119847087));
#4317 = CARTESIAN_POINT('',(-119.4755140867,153.62782698382,
    12.213813277795));
#4318 = CARTESIAN_POINT('',(-119.6552780578,152.49143200535,
    12.237818825041));
#4319 = CARTESIAN_POINT('',(-119.7422056709,151.38546156962,
    12.26575685284));
#4320 = CARTESIAN_POINT('',(-119.7451543598,150.31212906,12.293238633466
    ));
#4321 = PCURVE('',#1082,#4322);
#4322 = DEFINITIONAL_REPRESENTATION('',(#4323),#4362);
#4323 = B_SPLINE_CURVE_WITH_KNOTS('',10,(#4324,#4325,#4326,#4327,#4328,
    #4329,#4330,#4331,#4332,#4333,#4334,#4335,#4336,#4337,#4338,#4339,
    #4340,#4341,#4342,#4343,#4344,#4345,#4346,#4347,#4348,#4349,#4350,
    #4351,#4352,#4353,#4354,#4355,#4356,#4357,#4358,#4359,#4360,#4361),
  .UNSPECIFIED.,.F.,.F.,(11,9,9,9,11),(30.174594749147,30.590175611016,
    30.79796604195,30.901861257417,31.005756472884),.UNSPECIFIED.);
#4324 = CARTESIAN_POINT('',(9.624170039876E-15,7.223354706581E-02));
#4325 = CARTESIAN_POINT('',(0.235469652412,7.563295005313E-02));
#4326 = CARTESIAN_POINT('',(0.471425870031,7.881121923851E-02));
#4327 = CARTESIAN_POINT('',(0.708887147447,8.190319988988E-02));
#4328 = CARTESIAN_POINT('',(0.945875377087,8.454190487027E-02));
#4329 = CARTESIAN_POINT('',(1.180262135805,8.700210052198E-02));
#4330 = CARTESIAN_POINT('',(1.417196697802,8.891228563829E-02));
#4331 = CARTESIAN_POINT('',(1.652076545478,9.04554197828E-02));
#4332 = CARTESIAN_POINT('',(1.887568252034,9.146414560038E-02));
#4333 = CARTESIAN_POINT('',(2.122807211844,9.197374670245E-02));
#4334 = CARTESIAN_POINT('',(2.475703366464,9.196966719733E-02));
#4335 = CARTESIAN_POINT('',(2.59332597453,9.184133988761E-02));
#4336 = CARTESIAN_POINT('',(2.710982812104,9.158350260687E-02));
#4337 = CARTESIAN_POINT('',(2.828634851537,9.119997105314E-02));
#4338 = CARTESIAN_POINT('',(2.946332327892,9.069277467787E-02));
#4339 = CARTESIAN_POINT('',(3.064038250549,9.006440957348E-02));
#4340 = CARTESIAN_POINT('',(3.18180563366,8.931878197085E-02));
#4341 = CARTESIAN_POINT('',(3.299613144546,8.846130538997E-02));
#4342 = CARTESIAN_POINT('',(3.41745830462,8.749820826685E-02));
#4343 = CARTESIAN_POINT('',(3.594262929009,8.590520361962E-02));
#4344 = CARTESIAN_POINT('',(3.653204093449,8.534947305382E-02));
#4345 = CARTESIAN_POINT('',(3.712149690737,8.476986134017E-02));
#4346 = CARTESIAN_POINT('',(3.771098035458,8.416723592128E-02));
#4347 = CARTESIAN_POINT('',(3.830047397394,8.354248406505E-02));
#4348 = CARTESIAN_POINT('',(3.888995881333,8.289651360103E-02));
#4349 = CARTESIAN_POINT('',(3.947941402791,8.223025414032E-02));
#4350 = CARTESIAN_POINT('',(4.006881759711,8.154465878031E-02));
#4351 = CARTESIAN_POINT('',(4.065814800103,8.084070629314E-02));
#4352 = CARTESIAN_POINT('',(4.183662571159,7.939810130419E-02));
#4353 = CARTESIAN_POINT('',(4.242577321809,7.865943200252E-02));
#4354 = CARTESIAN_POINT('',(4.30147940647,7.790446363287E-02));
#4355 = CARTESIAN_POINT('',(4.360366933403,7.713417025832E-02));
#4356 = CARTESIAN_POINT('',(4.419237821393,7.634954440366E-02));
#4357 = CARTESIAN_POINT('',(4.478089478649,7.555157616271E-02));
#4358 = CARTESIAN_POINT('',(4.536919989436,7.474109927313E-02));
#4359 = CARTESIAN_POINT('',(4.595730808466,7.391850416108E-02));
#4360 = CARTESIAN_POINT('',(4.654530963023,7.30833179535E-02));
#4361 = CARTESIAN_POINT('',(4.713342762838,7.22336514597E-02));
#4362 = ( GEOMETRIC_REPRESENTATION_CONTEXT(2) 
PARAMETRIC_REPRESENTATION_CONTEXT() REPRESENTATION_CONTEXT('2D SPACE',''
  ) );
#4363 = PCURVE('',#4364,#4425);
#4364 = ( BOUNDED_SURFACE() B_SPLINE_SURFACE(2,10,(
    (#4365,#4366,#4367,#4368,#4369,#4370,#4371,#4372,#4373,#4374,#4375
      ,#4376,#4377,#4378,#4379,#4380,#4381,#4382,#4383,#4384)
    ,(#4385,#4386,#4387,#4388,#4389,#4390,#4391,#4392,#4393,#4394,#4395
      ,#4396,#4397,#4398,#4399,#4400,#4401,#4402,#4403,#4404)
    ,(#4405,#4406,#4407,#4408,#4409,#4410,#4411,#4412,#4413,#4414,#4415
      ,#4416,#4417,#4418,#4419,#4420,#4421,#4422,#4423,#4424
)),.UNSPECIFIED.,.F.,.F.,.F.) B_SPLINE_SURFACE_WITH_KNOTS((3,3),(11,9,11
    ),(0.,0.831161723737),(30.174594749147,30.589928194033,
31.005756472884),.UNSPECIFIED.) GEOMETRIC_REPRESENTATION_ITEM() 
RATIONAL_B_SPLINE_SURFACE((
    (1.,1.,1.,0.999999999999,1.000000000001,0.999999999999
      ,1.000000000001,0.999999999999,1.,1.,1.,1.,1.,1.,1.,1.,1.,1.,1.,1.
      )
    ,(0.743895893795,0.746324866214,0.748787508639,0.750863507178
      ,0.75305274502,0.754554889086,0.756158352006,0.757163314274
      ,0.757930353255,0.758294913545,0.758294915643,0.757920288141
      ,0.757203844509,0.756056057367,0.754673280601,0.752943161605
      ,0.750875400027,0.748775181373,0.746319747724,0.743895662552)
    ,(1.,1.,1.,0.999999999999,1.000000000001,0.999999999999
      ,1.000000000001,0.999999999999,1.,1.,1.,1.,1.,1.,1.,1.,1.,1.,1.,1.
))) REPRESENTATION_ITEM('') SURFACE() );
#4365 = CARTESIAN_POINT('',(-104.5921287787,165.46515407852,
    12.29323601187));
#4366 = CARTESIAN_POINT('',(-105.6651911081,165.46219944378,
    12.265698816112));
#4367 = CARTESIAN_POINT('',(-106.7739582208,165.37514838725,
    12.237679081188));
#4368 = CARTESIAN_POINT('',(-107.9145058732,165.19573777514,
    12.213946212182));
#4369 = CARTESIAN_POINT('',(-109.0664719671,164.90899171324,
    12.188873959373));
#4370 = CARTESIAN_POINT('',(-110.2026170104,164.52314086502,
    12.171562941478));
#4371 = CARTESIAN_POINT('',(-111.3334197274,164.02163760896,
    12.153109847884));
#4372 = CARTESIAN_POINT('',(-112.4176847836,163.4154251763,
    12.141486791397));
#4373 = CARTESIAN_POINT('',(-113.4517750801,162.70572201113,
    12.13262882697));
#4374 = CARTESIAN_POINT('',(-114.4161367288,161.90318008784,
    12.128414839574));
#4375 = CARTESIAN_POINT('',(-116.1842278143,160.1350898852,
    12.128414815339));
#4376 = CARTESIAN_POINT('',(-116.987661491,159.16959252283,
    12.132742867891));
#4377 = CARTESIAN_POINT('',(-117.6978020018,158.13385087086,
    12.141028745414));
#4378 = CARTESIAN_POINT('',(-118.3053014546,157.04707871192,
    12.15426974753));
#4379 = CARTESIAN_POINT('',(-118.8046317157,155.91942190372,
    12.17022216288));
#4380 = CARTESIAN_POINT('',(-119.1939955351,154.77303215816,
    12.190119847087));
#4381 = CARTESIAN_POINT('',(-119.4755140867,153.62782698382,
    12.213813277795));
#4382 = CARTESIAN_POINT('',(-119.6552780578,152.49143200535,
    12.237818825041));
#4383 = CARTESIAN_POINT('',(-119.7422056709,151.38546156962,
    12.26575685284));
#4384 = CARTESIAN_POINT('',(-119.7451543598,150.31212906,12.293238633466
    ));
#4385 = CARTESIAN_POINT('',(-104.5780463154,165.1,8.89));
#4386 = CARTESIAN_POINT('',(-105.6375618936,165.07543115385,8.89));
#4387 = CARTESIAN_POINT('',(-106.7071929048,164.96846559548,8.89));
#4388 = CARTESIAN_POINT('',(-107.8032927685,164.77677367755,8.89));
#4389 = CARTESIAN_POINT('',(-108.9259281374,164.48553835655,8.89));
#4390 = CARTESIAN_POINT('',(-110.0268000838,164.0910344721,8.89));
#4391 = CARTESIAN_POINT('',(-111.1130885169,163.59950901058,8.89));
#4392 = CARTESIAN_POINT('',(-112.1660771097,163.00027745205,8.89));
#4393 = CARTESIAN_POINT('',(-113.1635766504,162.30810460036,8.89));
#4394 = CARTESIAN_POINT('',(-114.0965719944,161.52780606261,8.89));
#4395 = CARTESIAN_POINT('',(-115.8088208962,159.81555795454,8.89));
#4396 = CARTESIAN_POINT('',(-116.5896894781,158.88194232508,8.89));
#4397 = CARTESIAN_POINT('',(-117.2838851669,157.88044332837,8.89));
#4398 = CARTESIAN_POINT('',(-117.880088515,156.83071106231,8.89));
#4399 = CARTESIAN_POINT('',(-118.3762307745,155.74121667459,8.89));
#4400 = CARTESIAN_POINT('',(-118.7680853036,154.63109196101,8.89));
#4401 = CARTESIAN_POINT('',(-119.0554996456,153.52300622489,8.89));
#4402 = CARTESIAN_POINT('',(-119.2483473036,152.43038929369,8.89));
#4403 = CARTESIAN_POINT('',(-119.3554206038,151.35943738635,8.89));
#4404 = CARTESIAN_POINT('',(-119.38,150.29810854086,8.89));
#4405 = CARTESIAN_POINT('',(-104.4461413616,161.67974383232,8.89));
#4406 = CARTESIAN_POINT('',(-105.423563178,161.68343668079,8.89));
#4407 = CARTESIAN_POINT('',(-106.1767569958,161.61464314452,8.89));
#4408 = CARTESIAN_POINT('',(-106.9628792429,161.49105888045,8.89));
#4409 = CARTESIAN_POINT('',(-107.9334487951,161.31852222288,8.89));
#4410 = CARTESIAN_POINT('',(-108.7721392461,160.9629436642,8.89));
#4411 = CARTESIAN_POINT('',(-109.6080385421,160.64950764095,8.89));
#4412 = CARTESIAN_POINT('',(-110.4579812487,160.15938372293,8.89));
#4413 = CARTESIAN_POINT('',(-111.2325649383,159.63478303724,8.89));
#4414 = CARTESIAN_POINT('',(-111.9664578498,159.02568540231,8.89));
#4415 = CARTESIAN_POINT('',(-113.3064810988,157.68566254886,8.89));
#4416 = CARTESIAN_POINT('',(-113.9130841468,156.95308488363,8.89));
#4417 = CARTESIAN_POINT('',(-114.455154369,156.16713872001,8.89));
#4418 = CARTESIAN_POINT('',(-114.8999065831,155.33665039058,8.89));
#4419 = CARTESIAN_POINT('',(-115.2833614323,154.49209621884,8.89));
#4420 = CARTESIAN_POINT('',(-115.5773969412,153.61093678555,8.89));
#4421 = CARTESIAN_POINT('',(-115.7608603936,152.7305882861,8.89));
#4422 = CARTESIAN_POINT('',(-115.8911819665,151.95091469833,8.89));
#4423 = CARTESIAN_POINT('',(-115.9627841495,151.16040306181,8.89));
#4424 = CARTESIAN_POINT('',(-115.9597191538,150.16678294724,8.89));
#4425 = DEFINITIONAL_REPRESENTATION('',(#4426),#4429);
#4426 = B_SPLINE_CURVE_WITH_KNOTS('',1,(#4427,#4428),.UNSPECIFIED.,.F.,
  .F.,(2,2),(30.174594749147,31.005756472884),.PIECEWISE_BEZIER_KNOTS.);
#4427 = CARTESIAN_POINT('',(0.,30.174594749147));
#4428 = CARTESIAN_POINT('',(0.,31.005756472884));
#4429 = ( GEOMETRIC_REPRESENTATION_CONTEXT(2) 
PARAMETRIC_REPRESENTATION_CONTEXT() REPRESENTATION_CONTEXT('2D SPACE',''
  ) );
#4430 = ORIENTED_EDGE('',*,*,#4431,.T.);
#4431 = EDGE_CURVE('',#4297,#1004,#4432,.T.);
#4432 = SURFACE_CURVE('',#4433,(#4442,#4448),.PCURVE_S1.);
#4433 = B_SPLINE_CURVE_WITH_KNOTS('',3,(#4434,#4435,#4436,#4437,#4438,
    #4439,#4440,#4441),.UNSPECIFIED.,.F.,.F.,(4,2,2,4),(-0.351742426346,
    -6.328584926061E-02,4.650056913578,4.938513490663),.UNSPECIFIED.);
#4434 = CARTESIAN_POINT('',(-118.60276,149.16973470019,1.6461232));
#4435 = CARTESIAN_POINT('',(-118.86184,149.42881470019,4.0607488));
#4436 = CARTESIAN_POINT('',(-119.12092,149.68789470019,6.4753744));
#4437 = CARTESIAN_POINT('',(-123.6133333333,154.18030803352,
    48.344666666667));
#4438 = CARTESIAN_POINT('',(-127.8466666666,158.41364136685,
    87.799333333333));
#4439 = CARTESIAN_POINT('',(-132.33908,162.90605470019,129.6686256));
#4440 = CARTESIAN_POINT('',(-132.59816,163.16513470019,132.0832512));
#4441 = CARTESIAN_POINT('',(-132.85724,163.42421470019,134.4978768));
#4442 = PCURVE('',#1082,#4443);
#4443 = DEFINITIONAL_REPRESENTATION('',(#4444),#4447);
#4444 = B_SPLINE_CURVE_WITH_KNOTS('',1,(#4445,#4446),.UNSPECIFIED.,.F.,
  .F.,(2,2),(7.22336514597E-02,4.63994244413),.PIECEWISE_BEZIER_KNOTS.);
#4445 = CARTESIAN_POINT('',(4.713342762838,7.22336514597E-02));
#4446 = CARTESIAN_POINT('',(4.713342762838,4.63994244413));
#4447 = ( GEOMETRIC_REPRESENTATION_CONTEXT(2) 
PARAMETRIC_REPRESENTATION_CONTEXT() REPRESENTATION_CONTEXT('2D SPACE',''
  ) );
#4448 = PCURVE('',#1017,#4449);
#4449 = DEFINITIONAL_REPRESENTATION('',(#4450),#4455);
#4450 = B_SPLINE_CURVE_WITH_KNOTS('',3,(#4451,#4452,#4453,#4454),
  .UNSPECIFIED.,.F.,.F.,(4,4),(7.22336514597E-02,4.63994244413),
  .PIECEWISE_BEZIER_KNOTS.);
#4451 = CARTESIAN_POINT('',(0.641048412953,2.875231179637E-02));
#4452 = CARTESIAN_POINT('',(0.625153976899,0.351786233615));
#4453 = CARTESIAN_POINT('',(0.610436753882,0.674820155434));
#4454 = CARTESIAN_POINT('',(0.596667256397,0.997854077253));
#4455 = ( GEOMETRIC_REPRESENTATION_CONTEXT(2) 
PARAMETRIC_REPRESENTATION_CONTEXT() REPRESENTATION_CONTEXT('2D SPACE',''
  ) );
#4456 = ORIENTED_EDGE('',*,*,#1028,.T.);
#4457 = ADVANCED_FACE('',(#4458),#1017,.F.);
#4458 = FACE_BOUND('',#4459,.F.);
#4459 = EDGE_LOOP('',(#4460,#4461,#4608,#4634));
#4460 = ORIENTED_EDGE('',*,*,#4431,.F.);
#4461 = ORIENTED_EDGE('',*,*,#4462,.T.);
#4462 = EDGE_CURVE('',#4297,#4463,#4465,.T.);
#4463 = VERTEX_POINT('',#4464);
#4464 = CARTESIAN_POINT('',(-119.7451539492,-150.3121290061,
    12.293234806905));
#4465 = SURFACE_CURVE('',#4466,(#4493,#4523),.PCURVE_S1.);
#4466 = ( BOUNDED_CURVE() B_SPLINE_CURVE(9,(#4467,#4468,#4469,#4470,
    #4471,#4472,#4473,#4474,#4475,#4476,#4477,#4478,#4479,#4480,#4481,
    #4482,#4483,#4484,#4485,#4486,#4487,#4488,#4489,#4490,#4491,#4492),
.UNSPECIFIED.,.F.,.F.) B_SPLINE_CURVE_WITH_KNOTS((10,8,8,10),(
    31.005756459065,31.018984394057,42.919592040979,42.933312677929),
.UNSPECIFIED.) CURVE() GEOMETRIC_REPRESENTATION_ITEM() 
RATIONAL_B_SPLINE_CURVE((1.,1.,1.,1.,1.,1.,1.,1.,1.,1.,1.,1.,1.,1.,1.,1.
,1.,1.,1.,1.,1.,1.,1.,1.,1.,1.)) REPRESENTATION_ITEM('') );
#4467 = CARTESIAN_POINT('',(-119.7451543598,150.31212941674,
    12.293238633358));
#4468 = CARTESIAN_POINT('',(-119.7451555945,150.27418786618,
    12.293250141659));
#4469 = CARTESIAN_POINT('',(-119.745156676,150.23629072803,
    12.29326022107));
#4470 = CARTESIAN_POINT('',(-119.7451576061,150.19843727887,
    12.293268889751));
#4471 = CARTESIAN_POINT('',(-119.7451583868,150.16062679527,
    12.293276165857));
#4472 = CARTESIAN_POINT('',(-119.7451590201,150.12285855381,
    12.293282067547));
#4473 = CARTESIAN_POINT('',(-119.7451595078,150.08513183107,
    12.293286612978));
#4474 = CARTESIAN_POINT('',(-119.7451598519,150.04744590361,
    12.293289820309));
#4475 = CARTESIAN_POINT('',(-119.7451600544,150.00980004802,
    12.293291707696));
#4476 = CARTESIAN_POINT('',(-119.7452166453,116.13922665051,
    12.29381913444));
#4477 = CARTESIAN_POINT('',(-119.7451635676,83.031942432992,
    12.293324450733));
#4478 = CARTESIAN_POINT('',(-119.7451909662,49.78594213141,
    12.293579805135));
#4479 = CARTESIAN_POINT('',(-119.7451874102,16.661719568216,
    12.293546663068));
#4480 = CARTESIAN_POINT('',(-119.7451873132,-16.66174983737,
    12.293545759429));
#4481 = CARTESIAN_POINT('',(-119.745191044,-49.78657623376,
    12.293580530436));
#4482 = CARTESIAN_POINT('',(-119.7451636339,-83.03139931935,
    12.293325068858));
#4483 = CARTESIAN_POINT('',(-119.7452160876,-116.1382876633,
    12.293813936909));
#4484 = CARTESIAN_POINT('',(-119.7451609374,-149.9984373523,
    12.293299936624));
#4485 = CARTESIAN_POINT('',(-119.7451607003,-150.0374773718,
    12.293297726814));
#4486 = CARTESIAN_POINT('',(-119.7451602868,-150.07656465,
    12.293293873519));
#4487 = CARTESIAN_POINT('',(-119.7451596943,-150.1157000485,
    12.293288351139));
#4488 = CARTESIAN_POINT('',(-119.7451589199,-150.1548844291,
    12.293281134071));
#4489 = CARTESIAN_POINT('',(-119.745157961,-150.1941186535,
    12.293272196715));
#4490 = CARTESIAN_POINT('',(-119.7451568147,-150.2334035833,
    12.29326151347));
#4491 = CARTESIAN_POINT('',(-119.7451554784,-150.2727400803,
    12.293249058733));
#4492 = CARTESIAN_POINT('',(-119.7451539492,-150.3121290061,
    12.293234806905));
#4493 = PCURVE('',#1017,#4494);
#4494 = DEFINITIONAL_REPRESENTATION('',(#4495),#4522);
#4495 = B_SPLINE_CURVE_WITH_KNOTS('',9,(#4496,#4497,#4498,#4499,#4500,
    #4501,#4502,#4503,#4504,#4505,#4506,#4507,#4508,#4509,#4510,#4511,
    #4512,#4513,#4514,#4515,#4516,#4517,#4518,#4519,#4520,#4521),
  .UNSPECIFIED.,.F.,.F.,(10,8,8,10),(31.005756459065,31.018984394057,
    42.919592040979,42.933312677929),.UNSPECIFIED.);
#4496 = CARTESIAN_POINT('',(0.641048412953,2.875231179546E-02));
#4497 = CARTESIAN_POINT('',(0.642653576935,2.875240902351E-02));
#4498 = CARTESIAN_POINT('',(0.644256856131,2.875249417957E-02));
#4499 = CARTESIAN_POINT('',(0.645858281228,2.875256741704E-02));
#4500 = CARTESIAN_POINT('',(0.647457882909,2.875262888933E-02));
#4501 = CARTESIAN_POINT('',(0.64905569186,2.875267874985E-02));
#4502 = CARTESIAN_POINT('',(0.650651738765,2.875271715199E-02));
#4503 = CARTESIAN_POINT('',(0.652246054309,2.875274424917E-02));
#4504 = CARTESIAN_POINT('',(0.653838669177,2.875276019479E-02));
#4505 = CARTESIAN_POINT('',(2.086734710007,2.875721616742E-02));
#4506 = CARTESIAN_POINT('',(3.487334517063,2.875303682482E-02));
#4507 = CARTESIAN_POINT('',(4.893808354417,2.875519419026E-02));
#4508 = CARTESIAN_POINT('',(6.295125522684,2.8754914189E-02));
#4509 = CARTESIAN_POINT('',(7.704875756225,2.875490655462E-02));
#4510 = CARTESIAN_POINT('',(9.106218477808,2.875520031796E-02));
#4511 = CARTESIAN_POINT('',(10.512642490618,2.875304204706E-02));
#4512 = CARTESIAN_POINT('',(11.913225595368,2.8757172256E-02));
#4513 = CARTESIAN_POINT('',(13.345680598367,2.875282971701E-02));
#4514 = CARTESIAN_POINT('',(13.347332194627,2.875281104739E-02));
#4515 = CARTESIAN_POINT('',(13.348985796934,2.875277849278E-02));
#4516 = CARTESIAN_POINT('',(13.350641441848,2.875273183686E-02));
#4517 = CARTESIAN_POINT('',(13.352299165947,2.875267086337E-02));
#4518 = CARTESIAN_POINT('',(13.353959005785,2.875259535598E-02));
#4519 = CARTESIAN_POINT('',(13.355620997941,2.875250509843E-02));
#4520 = CARTESIAN_POINT('',(13.357285178975,2.87523998744E-02));
#4521 = CARTESIAN_POINT('',(13.358951585456,2.875227946761E-02));
#4522 = ( GEOMETRIC_REPRESENTATION_CONTEXT(2) 
PARAMETRIC_REPRESENTATION_CONTEXT() REPRESENTATION_CONTEXT('2D SPACE',''
  ) );
#4523 = PCURVE('',#4524,#4603);
#4524 = ( BOUNDED_SURFACE() B_SPLINE_SURFACE(2,9,(
    (#4525,#4526,#4527,#4528,#4529,#4530,#4531,#4532,#4533,#4534,#4535
      ,#4536,#4537,#4538,#4539,#4540,#4541,#4542,#4543,#4544,#4545,#4546
      ,#4547,#4548,#4549,#4550)
    ,(#4551,#4552,#4553,#4554,#4555,#4556,#4557,#4558,#4559,#4560,#4561
      ,#4562,#4563,#4564,#4565,#4566,#4567,#4568,#4569,#4570,#4571,#4572
      ,#4573,#4574,#4575,#4576)
    ,(#4577,#4578,#4579,#4580,#4581,#4582,#4583,#4584,#4585,#4586,#4587
      ,#4588,#4589,#4590,#4591,#4592,#4593,#4594,#4595,#4596,#4597,#4598
      ,#4599,#4600,#4601,#4602
)),.UNSPECIFIED.,.F.,.F.,.F.) B_SPLINE_SURFACE_WITH_KNOTS((3,3),(10,8,8,
    10),(0.,11.927556218864),(31.005756459065,31.018984394057,
    42.919592040979,42.933312677929),.UNSPECIFIED.) 
GEOMETRIC_REPRESENTATION_ITEM() RATIONAL_B_SPLINE_SURFACE((
    (1.,1.,1.,1.,1.,1.,1.,1.,1.,1.,1.,1.,1.,1.,1.,1.,1.,1.,1.,1.,1.,1.
      ,1.,1.,1.,1.)
    ,(0.743895662561,0.743894647448,0.743893758373,0.743892993733
      ,0.743892351927,0.743891831353,0.743891430412,0.743891147501
      ,0.743890981019,0.743844457997,0.743888090906,0.743865570847
      ,0.743868490363,0.743868570395,0.743865506628,0.743888036516
      ,0.743844916414,0.743890255165,0.743890450087,0.743890789978
      ,0.743891277094,0.743891913694,0.743892702035,0.743893644374
      ,0.743894742971,0.743896000081)
    ,(1.,1.,1.,1.,1.,1.,1.,1.,1.,1.,1.,1.,1.,1.,1.,1.,1.,1.,1.,1.,1.,1.
,1.,1.,1.,1.))) REPRESENTATION_ITEM('') SURFACE() );
#4525 = CARTESIAN_POINT('',(-119.7451543598,150.31212941674,
    12.293238633358));
#4526 = CARTESIAN_POINT('',(-119.7451555945,150.27418786618,
    12.293250141659));
#4527 = CARTESIAN_POINT('',(-119.745156676,150.23629072803,
    12.29326022107));
#4528 = CARTESIAN_POINT('',(-119.7451576061,150.19843727887,
    12.293268889751));
#4529 = CARTESIAN_POINT('',(-119.7451583868,150.16062679527,
    12.293276165857));
#4530 = CARTESIAN_POINT('',(-119.7451590201,150.12285855381,
    12.293282067547));
#4531 = CARTESIAN_POINT('',(-119.7451595078,150.08513183107,
    12.293286612978));
#4532 = CARTESIAN_POINT('',(-119.7451598519,150.04744590361,
    12.293289820309));
#4533 = CARTESIAN_POINT('',(-119.7451600544,150.00980004802,
    12.293291707696));
#4534 = CARTESIAN_POINT('',(-119.7452166453,116.13922665051,
    12.29381913444));
#4535 = CARTESIAN_POINT('',(-119.7451635676,83.031942432992,
    12.293324450733));
#4536 = CARTESIAN_POINT('',(-119.7451909662,49.78594213141,
    12.293579805135));
#4537 = CARTESIAN_POINT('',(-119.7451874102,16.661719568216,
    12.293546663068));
#4538 = CARTESIAN_POINT('',(-119.7451873132,-16.66174983737,
    12.293545759429));
#4539 = CARTESIAN_POINT('',(-119.745191044,-49.78657623376,
    12.293580530436));
#4540 = CARTESIAN_POINT('',(-119.7451636339,-83.03139931935,
    12.293325068858));
#4541 = CARTESIAN_POINT('',(-119.7452160876,-116.1382876633,
    12.293813936909));
#4542 = CARTESIAN_POINT('',(-119.7451609374,-149.9984373523,
    12.293299936624));
#4543 = CARTESIAN_POINT('',(-119.7451607003,-150.0374773718,
    12.293297726814));
#4544 = CARTESIAN_POINT('',(-119.7451602868,-150.07656465,
    12.293293873519));
#4545 = CARTESIAN_POINT('',(-119.7451596943,-150.1157000485,
    12.293288351139));
#4546 = CARTESIAN_POINT('',(-119.7451589199,-150.1548844291,
    12.293281134071));
#4547 = CARTESIAN_POINT('',(-119.745157961,-150.1941186535,
    12.293272196715));
#4548 = CARTESIAN_POINT('',(-119.7451568147,-150.2334035833,
    12.29326151347));
#4549 = CARTESIAN_POINT('',(-119.7451554784,-150.2727400803,
    12.293249058733));
#4550 = CARTESIAN_POINT('',(-119.7451539492,-150.3121290061,
    12.293234806905));
#4551 = CARTESIAN_POINT('',(-119.38,150.29810889504,8.89));
#4552 = CARTESIAN_POINT('',(-119.38,150.26043981602,8.89));
#4553 = CARTESIAN_POINT('',(-119.38,150.22278625766,8.89));
#4554 = CARTESIAN_POINT('',(-119.38,150.18514656827,8.89));
#4555 = CARTESIAN_POINT('',(-119.38,150.14751909583,8.89));
#4556 = CARTESIAN_POINT('',(-119.38,150.10990218796,8.89));
#4557 = CARTESIAN_POINT('',(-119.38,150.07229419196,8.89));
#4558 = CARTESIAN_POINT('',(-119.38,150.03469345478,8.89));
#4559 = CARTESIAN_POINT('',(-119.38,149.99709832306,8.89));
#4560 = CARTESIAN_POINT('',(-119.38,116.13821425755,8.89));
#4561 = CARTESIAN_POINT('',(-119.38,83.041470216813,8.89));
#4562 = CARTESIAN_POINT('',(-119.38,49.784768970986,8.89));
#4563 = CARTESIAN_POINT('',(-119.38,16.66708544611,8.89));
#4564 = CARTESIAN_POINT('',(-119.38,-16.66710720187,8.89));
#4565 = CARTESIAN_POINT('',(-119.38,-49.78544393765,8.89));
#4566 = CARTESIAN_POINT('',(-119.38,-83.04089628243,8.89));
#4567 = CARTESIAN_POINT('',(-119.38,-116.1374297557,8.89));
#4568 = CARTESIAN_POINT('',(-119.38,-149.9859525601,8.89));
#4569 = CARTESIAN_POINT('',(-119.38,-150.0249316955,8.89));
#4570 = CARTESIAN_POINT('',(-119.38,-150.0639144499,8.89));
#4571 = CARTESIAN_POINT('',(-119.38,-150.1029031667,8.89));
#4572 = CARTESIAN_POINT('',(-119.38,-150.1419001884,8.89));
#4573 = CARTESIAN_POINT('',(-119.38,-150.1809078574,8.89));
#4574 = CARTESIAN_POINT('',(-119.38,-150.2199285153,8.89));
#4575 = CARTESIAN_POINT('',(-119.38,-150.2589645035,8.89));
#4576 = CARTESIAN_POINT('',(-119.38,-150.2980181626,8.89));
#4577 = CARTESIAN_POINT('',(-115.9597191549,150.16678327743,8.89));
#4578 = CARTESIAN_POINT('',(-115.9596108206,150.13166316722,8.89));
#4579 = CARTESIAN_POINT('',(-115.9595159321,150.09628829996,8.89));
#4580 = CARTESIAN_POINT('',(-115.9594343199,150.06064833182,8.89));
#4581 = CARTESIAN_POINT('',(-115.9593658144,150.02473291885,8.89));
#4582 = CARTESIAN_POINT('',(-115.9593102462,149.98853171731,8.89));
#4583 = CARTESIAN_POINT('',(-115.9592674458,149.95203438321,8.89));
#4584 = CARTESIAN_POINT('',(-115.9592372437,149.9152305728,8.89));
#4585 = CARTESIAN_POINT('',(-115.9592194703,149.87810994213,8.89));
#4586 = CARTESIAN_POINT('',(-115.9542531883,116.15048202285,8.89));
#4587 = CARTESIAN_POINT('',(-115.9589026153,83.084595860233,8.89));
#4588 = CARTESIAN_POINT('',(-115.9565164631,49.825280893266,8.89));
#4589 = CARTESIAN_POINT('',(-115.9568114138,16.67728627403,8.89));
#4590 = CARTESIAN_POINT('',(-115.9568213566,-16.67731612776,8.89));
#4591 = CARTESIAN_POINT('',(-115.9565085624,-49.82600957203,8.89));
#4592 = CARTESIAN_POINT('',(-115.9588973831,-83.08437425257,8.89));
#4593 = CARTESIAN_POINT('',(-115.9543019312,-116.1505855426,8.89));
#4594 = CARTESIAN_POINT('',(-115.9591419849,-149.8689940175,8.89));
#4595 = CARTESIAN_POINT('',(-115.959162796,-149.9074035672,8.89));
#4596 = CARTESIAN_POINT('',(-115.9591990831,-149.9454084762,8.89));
#4597 = CARTESIAN_POINT('',(-115.959251085,-149.9830249461,8.89));
#4598 = CARTESIAN_POINT('',(-115.9593190405,-150.0202691789,8.89));
#4599 = CARTESIAN_POINT('',(-115.9594031885,-150.0571573762,8.89));
#4600 = CARTESIAN_POINT('',(-115.9595037677,-150.0937057398,8.89));
#4601 = CARTESIAN_POINT('',(-115.959621017,-150.1299304716,8.89));
#4602 = CARTESIAN_POINT('',(-115.9597551751,-150.1658477733,8.89));
#4603 = DEFINITIONAL_REPRESENTATION('',(#4604),#4607);
#4604 = B_SPLINE_CURVE_WITH_KNOTS('',1,(#4605,#4606),.UNSPECIFIED.,.F.,
  .F.,(2,2),(31.005756459065,42.933312677929),.PIECEWISE_BEZIER_KNOTS.);
#4605 = CARTESIAN_POINT('',(0.,31.005756459065));
#4606 = CARTESIAN_POINT('',(0.,42.933312677929));
#4607 = ( GEOMETRIC_REPRESENTATION_CONTEXT(2) 
PARAMETRIC_REPRESENTATION_CONTEXT() REPRESENTATION_CONTEXT('2D SPACE',''
  ) );
#4608 = ORIENTED_EDGE('',*,*,#4609,.T.);
#4609 = EDGE_CURVE('',#4463,#899,#4610,.T.);
#4610 = SURFACE_CURVE('',#4611,(#4620,#4628),.PCURVE_S1.);
#4611 = B_SPLINE_CURVE_WITH_KNOTS('',3,(#4612,#4613,#4614,#4615,#4616,
    #4617,#4618,#4619),.UNSPECIFIED.,.F.,.F.,(4,2,2,4),(-0.351742426346,
    -6.328584926061E-02,4.650056913578,4.938513490663),.UNSPECIFIED.);
#4612 = CARTESIAN_POINT('',(-118.60276,-149.1697347001,1.6461232));
#4613 = CARTESIAN_POINT('',(-118.86184,-149.4288147001,4.0607488));
#4614 = CARTESIAN_POINT('',(-119.12092,-149.6878947001,6.4753744));
#4615 = CARTESIAN_POINT('',(-123.6133333333,-154.1803080335,
    48.344666666667));
#4616 = CARTESIAN_POINT('',(-127.8466666666,-158.4136413668,
    87.799333333333));
#4617 = CARTESIAN_POINT('',(-132.33908,-162.9060547001,129.6686256));
#4618 = CARTESIAN_POINT('',(-132.59816,-163.1651347001,132.0832512));
#4619 = CARTESIAN_POINT('',(-132.85724,-163.4242147001,134.4978768));
#4620 = PCURVE('',#1017,#4621);
#4621 = DEFINITIONAL_REPRESENTATION('',(#4622),#4627);
#4622 = B_SPLINE_CURVE_WITH_KNOTS('',3,(#4623,#4624,#4625,#4626),
  .UNSPECIFIED.,.F.,.F.,(4,4),(7.223349908317E-02,4.63994244413),
  .PIECEWISE_BEZIER_KNOTS.);
#4623 = CARTESIAN_POINT('',(13.358951585456,2.875227946761E-02));
#4624 = CARTESIAN_POINT('',(13.374846022119,0.351786212063));
#4625 = CARTESIAN_POINT('',(13.389563245658,0.674820144658));
#4626 = CARTESIAN_POINT('',(13.403332743603,0.997854077253));
#4627 = ( GEOMETRIC_REPRESENTATION_CONTEXT(2) 
PARAMETRIC_REPRESENTATION_CONTEXT() REPRESENTATION_CONTEXT('2D SPACE',''
  ) );
#4628 = PCURVE('',#952,#4629);
#4629 = DEFINITIONAL_REPRESENTATION('',(#4630),#4633);
#4630 = B_SPLINE_CURVE_WITH_KNOTS('',1,(#4631,#4632),.UNSPECIFIED.,.F.,
  .F.,(2,2),(7.223349908317E-02,4.63994244413),
  .PIECEWISE_BEZIER_KNOTS.);
#4631 = CARTESIAN_POINT('',(4.713342762838,7.223349908317E-02));
#4632 = CARTESIAN_POINT('',(4.713342762838,4.63994244413));
#4633 = ( GEOMETRIC_REPRESENTATION_CONTEXT(2) 
PARAMETRIC_REPRESENTATION_CONTEXT() REPRESENTATION_CONTEXT('2D SPACE',''
  ) );
#4634 = ORIENTED_EDGE('',*,*,#1003,.T.);
#4635 = ADVANCED_FACE('',(#4636),#952,.T.);
#4636 = FACE_BOUND('',#4637,.T.);
#4637 = EDGE_LOOP('',(#4638,#4666,#4781,#4782));
#4638 = ORIENTED_EDGE('',*,*,#4639,.F.);
#4639 = EDGE_CURVE('',#4640,#874,#4642,.T.);
#4640 = VERTEX_POINT('',#4641);
#4641 = CARTESIAN_POINT('',(-104.5921503649,-165.4651744281,
    12.293425670791));
#4642 = SURFACE_CURVE('',#4643,(#4652,#4658),.PCURVE_S1.);
#4643 = B_SPLINE_CURVE_WITH_KNOTS('',3,(#4644,#4645,#4646,#4647,#4648,
    #4649,#4650,#4651),.UNSPECIFIED.,.F.,.F.,(4,2,2,4),(-0.351742426346,
    -6.328584926061E-02,4.650056913578,4.938513490663),.UNSPECIFIED.);
#4644 = CARTESIAN_POINT('',(-103.4497347001,-164.32276,1.6461232));
#4645 = CARTESIAN_POINT('',(-103.7088147001,-164.58184,4.0607488));
#4646 = CARTESIAN_POINT('',(-103.9678947001,-164.84092,6.4753744));
#4647 = CARTESIAN_POINT('',(-108.4603080335,-169.3333333333,
    48.344666666667));
#4648 = CARTESIAN_POINT('',(-112.6936413668,-173.5666666666,
    87.799333333333));
#4649 = CARTESIAN_POINT('',(-117.1860547001,-178.05908,129.6686256));
#4650 = CARTESIAN_POINT('',(-117.4451347001,-178.31816,132.0832512));
#4651 = CARTESIAN_POINT('',(-117.7042147001,-178.57724,134.4978768));
#4652 = PCURVE('',#952,#4653);
#4653 = DEFINITIONAL_REPRESENTATION('',(#4654),#4657);
#4654 = B_SPLINE_CURVE_WITH_KNOTS('',1,(#4655,#4656),.UNSPECIFIED.,.F.,
  .F.,(2,2),(7.224109942548E-02,4.63994244413),
  .PIECEWISE_BEZIER_KNOTS.);
#4655 = CARTESIAN_POINT('',(0.,7.224109942548E-02));
#4656 = CARTESIAN_POINT('',(0.,4.63994244413));
#4657 = ( GEOMETRIC_REPRESENTATION_CONTEXT(2) 
PARAMETRIC_REPRESENTATION_CONTEXT() REPRESENTATION_CONTEXT('2D SPACE',''
  ) );
#4658 = PCURVE('',#887,#4659);
#4659 = DEFINITIONAL_REPRESENTATION('',(#4660),#4665);
#4660 = B_SPLINE_CURVE_WITH_KNOTS('',3,(#4661,#4662,#4663,#4664),
  .UNSPECIFIED.,.F.,.F.,(4,4),(7.224109942548E-02,4.63994244413),
  .PIECEWISE_BEZIER_KNOTS.);
#4661 = CARTESIAN_POINT('',(0.658028396593,2.875389198397E-02));
#4662 = CARTESIAN_POINT('',(0.635482873699,0.351787287074));
#4663 = CARTESIAN_POINT('',(0.615236667611,0.674820682163));
#4664 = CARTESIAN_POINT('',(0.596698921014,0.997854077253));
#4665 = ( GEOMETRIC_REPRESENTATION_CONTEXT(2) 
PARAMETRIC_REPRESENTATION_CONTEXT() REPRESENTATION_CONTEXT('2D SPACE',''
  ) );
#4666 = ORIENTED_EDGE('',*,*,#4667,.F.);
#4667 = EDGE_CURVE('',#4463,#4640,#4668,.T.);
#4668 = SURFACE_CURVE('',#4669,(#4690,#4714),.PCURVE_S1.);
#4669 = ( BOUNDED_CURVE() B_SPLINE_CURVE(10,(#4670,#4671,#4672,#4673,
    #4674,#4675,#4676,#4677,#4678,#4679,#4680,#4681,#4682,#4683,#4684,
    #4685,#4686,#4687,#4688,#4689),.UNSPECIFIED.,.F.,.F.) 
B_SPLINE_CURVE_WITH_KNOTS((11,9,11),(42.933312664122,43.348648241004,
43.763616291209),.UNSPECIFIED.) CURVE() GEOMETRIC_REPRESENTATION_ITEM() 
RATIONAL_B_SPLINE_CURVE((1.,1.,1.,1.,1.000000000001,0.999999999999,1.,1.
,1.,1.,1.,1.,1.,1.,1.,1.,1.,1.,1.,1.)) REPRESENTATION_ITEM('') );
#4670 = CARTESIAN_POINT('',(-119.7451539492,-150.3121286494,
    12.293234807034));
#4671 = CARTESIAN_POINT('',(-119.7422001692,-151.3851193476,
    12.265705577141));
#4672 = CARTESIAN_POINT('',(-119.6551589088,-152.4938612715,
    12.237671733024));
#4673 = CARTESIAN_POINT('',(-119.475761881,-153.6345299534,
    12.213960719259));
#4674 = CARTESIAN_POINT('',(-119.1889659747,-154.7864343642,
    12.188855539549));
#4675 = CARTESIAN_POINT('',(-118.803191831,-155.9225567077,
    12.17158139724));
#4676 = CARTESIAN_POINT('',(-118.3016222493,-157.0534372378,
    12.153098643304));
#4677 = CARTESIAN_POINT('',(-117.6954437397,-158.1376561632,
    12.141491300507));
#4678 = CARTESIAN_POINT('',(-116.9857260617,-159.1717718287,
    12.132628011667));
#4679 = CARTESIAN_POINT('',(-116.1831819159,-160.1361353985,
    12.128414826422));
#4680 = CARTESIAN_POINT('',(-114.4169164777,-161.9024007234,
    12.128414828504));
#4681 = CARTESIAN_POINT('',(-113.4531791886,-162.7048491762,
    12.13266417843));
#4682 = CARTESIAN_POINT('',(-112.420857885,-163.4136832272,
    12.141185896812));
#4683 = CARTESIAN_POINT('',(-111.3349118709,-164.019982182,
    12.153821042689));
#4684 = CARTESIAN_POINT('',(-110.2118176721,-164.5188517188,
    12.170265379112));
#4685 = CARTESIAN_POINT('',(-109.0685384219,-164.9090498526,
    12.190106037678));
#4686 = CARTESIAN_POINT('',(-107.921493245,-165.1926128991,
    12.212858183085));
#4687 = CARTESIAN_POINT('',(-106.7855266432,-165.3744814385,
    12.238001677657));
#4688 = CARTESIAN_POINT('',(-105.6728778799,-165.4621262799,
    12.265017745898));
#4689 = CARTESIAN_POINT('',(-104.5921491394,-165.4651744392,
    12.293425773505));
#4690 = PCURVE('',#952,#4691);
#4691 = DEFINITIONAL_REPRESENTATION('',(#4692),#4713);
#4692 = B_SPLINE_CURVE_WITH_KNOTS('',10,(#4693,#4694,#4695,#4696,#4697,
    #4698,#4699,#4700,#4701,#4702,#4703,#4704,#4705,#4706,#4707,#4708,
    #4709,#4710,#4711,#4712),.UNSPECIFIED.,.F.,.F.,(11,9,11),(
    42.933312664122,43.348464477666,43.763616291209),.UNSPECIFIED.);
#4693 = CARTESIAN_POINT('',(4.713342762838,7.223349908831E-02));
#4694 = CARTESIAN_POINT('',(4.478133264226,7.562938954498E-02));
#4695 = CARTESIAN_POINT('',(4.242423530677,7.880396246263E-02));
#4696 = CARTESIAN_POINT('',(4.005204510199,8.189441795163E-02));
#4697 = CARTESIAN_POINT('',(3.768420083853,8.452977157906E-02));
#4698 = CARTESIAN_POINT('',(3.534371202199,8.69903293597E-02));
#4699 = CARTESIAN_POINT('',(3.297551734936,8.889962918537E-02));
#4700 = CARTESIAN_POINT('',(3.063024800676,9.044456694963E-02));
#4701 = CARTESIAN_POINT('',(2.827709277878,9.145562715468E-02));
#4702 = CARTESIAN_POINT('',(2.592737519631,9.196899363359E-02));
#4703 = CARTESIAN_POINT('',(2.122685656768,9.197306759844E-02));
#4704 = CARTESIAN_POINT('',(1.887586593176,9.14658261283E-02));
#4705 = CARTESIAN_POINT('',(1.652523691139,9.044788601504E-02));
#4706 = CARTESIAN_POINT('',(1.417375029154,8.893778932085E-02));
#4707 = CARTESIAN_POINT('',(1.181975059494,8.697119118824E-02));
#4708 = CARTESIAN_POINT('',(0.94622603752,8.4597361022E-02));
#4709 = CARTESIAN_POINT('',(0.710133291336,8.1875034027E-02));
#4710 = CARTESIAN_POINT('',(0.473764331746,7.886761310014E-02));
#4711 = CARTESIAN_POINT('',(0.237131802554,7.563772107803E-02));
#4712 = CARTESIAN_POINT('',(2.71177301725E-07,7.224110333919E-02));
#4713 = ( GEOMETRIC_REPRESENTATION_CONTEXT(2) 
PARAMETRIC_REPRESENTATION_CONTEXT() REPRESENTATION_CONTEXT('2D SPACE',''
  ) );
#4714 = PCURVE('',#4715,#4776);
#4715 = ( BOUNDED_SURFACE() B_SPLINE_SURFACE(2,10,(
    (#4716,#4717,#4718,#4719,#4720,#4721,#4722,#4723,#4724,#4725,#4726
      ,#4727,#4728,#4729,#4730,#4731,#4732,#4733,#4734,#4735)
    ,(#4736,#4737,#4738,#4739,#4740,#4741,#4742,#4743,#4744,#4745,#4746
      ,#4747,#4748,#4749,#4750,#4751,#4752,#4753,#4754,#4755)
    ,(#4756,#4757,#4758,#4759,#4760,#4761,#4762,#4763,#4764,#4765,#4766
      ,#4767,#4768,#4769,#4770,#4771,#4772,#4773,#4774,#4775
)),.UNSPECIFIED.,.F.,.F.,.F.) B_SPLINE_SURFACE_WITH_KNOTS((3,3),(11,9,11
    ),(0.,0.830303627088),(42.933312664122,43.348648241004,
43.763616291209),.UNSPECIFIED.) GEOMETRIC_REPRESENTATION_ITEM() 
RATIONAL_B_SPLINE_SURFACE((
    (1.,1.,1.,1.,1.000000000001,0.999999999999,1.,1.,1.,1.,1.,1.,1.,1.
      ,1.,1.,1.,1.,1.,1.)
    ,(0.74389600007,0.746324269497,0.748788160182,0.750862225234
      ,0.753054371814,0.754553261939,0.756159340004,0.757162917049
      ,0.757930425126,0.758294914684,0.758294914503,0.757927178078
      ,0.757189834598,0.756095646427,0.754669167456,0.752943901546
      ,0.75095946096,0.748758724812,0.746384997505,0.743879167171)
    ,(1.,1.,1.,1.,1.000000000001,0.999999999999,1.,1.,1.,1.,1.,1.,1.,1.
,1.,1.,1.,1.,1.,1.))) REPRESENTATION_ITEM('') SURFACE() );
#4716 = CARTESIAN_POINT('',(-119.7451539492,-150.3121286494,
    12.293234807034));
#4717 = CARTESIAN_POINT('',(-119.7422001692,-151.3851193476,
    12.265705577141));
#4718 = CARTESIAN_POINT('',(-119.6551589088,-152.4938612715,
    12.237671733024));
#4719 = CARTESIAN_POINT('',(-119.475761881,-153.6345299534,
    12.213960719259));
#4720 = CARTESIAN_POINT('',(-119.1889659747,-154.7864343642,
    12.188855539549));
#4721 = CARTESIAN_POINT('',(-118.803191831,-155.9225567077,
    12.17158139724));
#4722 = CARTESIAN_POINT('',(-118.3016222493,-157.0534372378,
    12.153098643304));
#4723 = CARTESIAN_POINT('',(-117.6954437397,-158.1376561632,
    12.141491300507));
#4724 = CARTESIAN_POINT('',(-116.9857260617,-159.1717718287,
    12.132628011667));
#4725 = CARTESIAN_POINT('',(-116.1831819159,-160.1361353985,
    12.128414826422));
#4726 = CARTESIAN_POINT('',(-114.4169164777,-161.9024007234,
    12.128414828504));
#4727 = CARTESIAN_POINT('',(-113.4531791886,-162.7048491762,
    12.13266417843));
#4728 = CARTESIAN_POINT('',(-112.420857885,-163.4136832272,
    12.141185896812));
#4729 = CARTESIAN_POINT('',(-111.3349118709,-164.019982182,
    12.153821042689));
#4730 = CARTESIAN_POINT('',(-110.2118176721,-164.5188517188,
    12.170265379112));
#4731 = CARTESIAN_POINT('',(-109.0685384219,-164.9090498526,
    12.190106037678));
#4732 = CARTESIAN_POINT('',(-107.921493245,-165.1926128991,
    12.212858183085));
#4733 = CARTESIAN_POINT('',(-106.7855266432,-165.3744814385,
    12.238001677657));
#4734 = CARTESIAN_POINT('',(-105.6728778799,-165.4621262799,
    12.265017745898));
#4735 = CARTESIAN_POINT('',(-104.5921491394,-165.4651744392,
    12.293425773505));
#4736 = CARTESIAN_POINT('',(-119.38,-150.2980178089,8.89));
#4737 = CARTESIAN_POINT('',(-119.3554347806,-151.3575742644,8.89));
#4738 = CARTESIAN_POINT('',(-119.2484631652,-152.4270997356,8.89));
#4739 = CARTESIAN_POINT('',(-119.0568110864,-153.5232119382,8.89));
#4740 = CARTESIAN_POINT('',(-118.7655191324,-154.6460066412,8.89));
#4741 = CARTESIAN_POINT('',(-118.3710630687,-155.7466807385,8.89));
#4742 = CARTESIAN_POINT('',(-117.8795139634,-156.8331193967,8.89));
#4743 = CARTESIAN_POINT('',(-117.2802862887,-157.8860507485,8.89));
#4744 = CARTESIAN_POINT('',(-116.5881105039,-158.8835723361,8.89));
#4745 = CARTESIAN_POINT('',(-115.8078078116,-159.816570713,8.89));
#4746 = CARTESIAN_POINT('',(-114.0973268935,-161.5270514891,8.89));
#4747 = CARTESIAN_POINT('',(-113.1652628881,-162.3071234002,8.89));
#4748 = CARTESIAN_POINT('',(-112.167543982,-162.9994649983,8.89));
#4749 = CARTESIAN_POINT('',(-111.1181459754,-163.5954482105,8.89));
#4750 = CARTESIAN_POINT('',(-110.0325360334,-164.0902822219,8.89));
#4751 = CARTESIAN_POINT('',(-108.926721164,-164.4826017521,8.89));
#4752 = CARTESIAN_POINT('',(-107.816261435,-164.7741061855,8.89));
#4753 = CARTESIAN_POINT('',(-106.7152310774,-164.9692347384,8.89));
#4754 = CARTESIAN_POINT('',(-105.635115975,-165.0748621453,8.89));
#4755 = CARTESIAN_POINT('',(-104.5836419414,-165.0999999711,8.89));
#4756 = CARTESIAN_POINT('',(-115.9597551739,-150.165847448,8.89));
#4757 = CARTESIAN_POINT('',(-115.9634101453,-151.1443705935,8.89));
#4758 = CARTESIAN_POINT('',(-115.8945851858,-151.8965799695,8.89));
#4759 = CARTESIAN_POINT('',(-115.7711237947,-152.6819460195,8.89));
#4760 = CARTESIAN_POINT('',(-115.5986429461,-153.6546354911,8.89));
#4761 = CARTESIAN_POINT('',(-115.2427101989,-154.4912968658,8.89));
#4762 = CARTESIAN_POINT('',(-114.9297208926,-155.3283614242,8.89));
#4763 = CARTESIAN_POINT('',(-114.4392982734,-156.1778929882,8.89));
#4764 = CARTESIAN_POINT('',(-113.9148064126,-156.9525679191,8.89));
#4765 = CARTESIAN_POINT('',(-113.305686687,-157.6864569376,8.89));
#4766 = CARTESIAN_POINT('',(-111.9670471446,-159.0250961304,8.89));
#4767 = CARTESIAN_POINT('',(-111.236034795,-159.6321363604,8.89));
#4768 = CARTESIAN_POINT('',(-110.45209523,-160.1671458186,8.89));
#4769 = CARTESIAN_POINT('',(-109.6266247959,-160.6233553926,8.89));
#4770 = CARTESIAN_POINT('',(-108.7724414041,-160.997028952,8.89));
#4771 = CARTESIAN_POINT('',(-107.9028713814,-161.2872177687,8.89));
#4772 = CARTESIAN_POINT('',(-107.0308363203,-161.4955149367,8.89));
#4773 = CARTESIAN_POINT('',(-106.1679399298,-161.6258097932,8.89));
#4774 = CARTESIAN_POINT('',(-105.3235548853,-161.6840423378,8.89));
#4775 = CARTESIAN_POINT('',(-104.5039089438,-161.6779576534,8.89));
#4776 = DEFINITIONAL_REPRESENTATION('',(#4777),#4780);
#4777 = B_SPLINE_CURVE_WITH_KNOTS('',1,(#4778,#4779),.UNSPECIFIED.,.F.,
  .F.,(2,2),(42.933312664122,43.763616291209),.PIECEWISE_BEZIER_KNOTS.);
#4778 = CARTESIAN_POINT('',(0.,42.933312664122));
#4779 = CARTESIAN_POINT('',(0.,43.763616291209));
#4780 = ( GEOMETRIC_REPRESENTATION_CONTEXT(2) 
PARAMETRIC_REPRESENTATION_CONTEXT() REPRESENTATION_CONTEXT('2D SPACE',''
  ) );
#4781 = ORIENTED_EDGE('',*,*,#4609,.T.);
#4782 = ORIENTED_EDGE('',*,*,#898,.T.);
#4783 = ADVANCED_FACE('',(#4784),#887,.F.);
#4784 = FACE_BOUND('',#4785,.F.);
#4785 = EDGE_LOOP('',(#4786,#4787,#4922,#4923));
#4786 = ORIENTED_EDGE('',*,*,#4639,.F.);
#4787 = ORIENTED_EDGE('',*,*,#4788,.T.);
#4788 = EDGE_CURVE('',#4640,#3581,#4789,.T.);
#4789 = SURFACE_CURVE('',#4790,(#4815,#4843),.PCURVE_S1.);
#4790 = ( BOUNDED_CURVE() B_SPLINE_CURVE(8,(#4791,#4792,#4793,#4794,
    #4795,#4796,#4797,#4798,#4799,#4800,#4801,#4802,#4803,#4804,#4805,
    #4806,#4807,#4808,#4809,#4810,#4811,#4812,#4813,#4814),
.UNSPECIFIED.,.F.,.F.) B_SPLINE_CURVE_WITH_KNOTS((9,8,7,9),(
    -1.408799502092E-02,0.,8.272019958966,8.285742607421),
.UNSPECIFIED.) CURVE() GEOMETRIC_REPRESENTATION_ITEM() 
RATIONAL_B_SPLINE_CURVE((1.,1.,1.,1.,1.,1.,1.,1.,1.,1.,1.,1.,1.,1.,1.,1.
,1.,1.,1.,1.,1.,1.,1.,1.)) REPRESENTATION_ITEM('') );
#4791 = CARTESIAN_POINT('',(-104.5921503649,-165.4651744281,
    12.293425670791));
#4792 = CARTESIAN_POINT('',(-104.5462846,-165.4651773686,12.293453076099
    ));
#4793 = CARTESIAN_POINT('',(-104.5004833321,-165.4651798826,
    12.293476506048));
#4794 = CARTESIAN_POINT('',(-104.4547455709,-165.4651819721,
    12.293495980743));
#4795 = CARTESIAN_POINT('',(-104.4090703259,-165.4651836395,
    12.293511520289));
#4796 = CARTESIAN_POINT('',(-104.3634566067,-165.4651848867,
    12.293523144791));
#4797 = CARTESIAN_POINT('',(-104.317903423,-165.4651857161,
    12.293530874353));
#4798 = CARTESIAN_POINT('',(-104.2724097843,-165.4651861297,
    12.293534729082));
#4799 = CARTESIAN_POINT('',(-104.2269747001,-165.4651861297,
    12.293534729082));
#4800 = CARTESIAN_POINT('',(-78.17023102514,-165.4651861297,
    12.293534729082));
#4801 = CARTESIAN_POINT('',(-52.10986263828,-165.4651851468,
    12.293525568869));
#4802 = CARTESIAN_POINT('',(-26.07338846063,-165.4651910365,
    12.293580460465));
#4803 = CARTESIAN_POINT('',(3.755290228034E-02,-165.465173195,
    12.293414177971));
#4804 = CARTESIAN_POINT('',(25.945849418292,-165.4652104899,
    12.29376176627));
#4805 = CARTESIAN_POINT('',(51.972840382868,-165.4651477791,
    12.293177301276));
#4806 = CARTESIAN_POINT('',(77.789921598395,-165.4652225237,
    12.293873921131));
#4807 = CARTESIAN_POINT('',(104.28324407847,-165.4651612097,
    12.293302474862));
#4808 = CARTESIAN_POINT('',(104.32718137054,-165.4651608879,
    12.293299475875));
#4809 = CARTESIAN_POINT('',(104.37117962509,-165.4651603414,
    12.293294382057));
#4810 = CARTESIAN_POINT('',(104.41524011871,-165.4651595655,
    12.293287151149));
#4811 = CARTESIAN_POINT('',(104.45936412795,-165.4651585558,
    12.29327774089));
#4812 = CARTESIAN_POINT('',(104.50355292939,-165.4651573078,
    12.293266109022));
#4813 = CARTESIAN_POINT('',(104.54780779959,-165.4651558168,
    12.293252213285));
#4814 = CARTESIAN_POINT('',(104.59213001513,-165.4651540784,
    12.293236011419));
#4815 = PCURVE('',#887,#4816);
#4816 = DEFINITIONAL_REPRESENTATION('',(#4817),#4842);
#4817 = B_SPLINE_CURVE_WITH_KNOTS('',8,(#4818,#4819,#4820,#4821,#4822,
    #4823,#4824,#4825,#4826,#4827,#4828,#4829,#4830,#4831,#4832,#4833,
    #4834,#4835,#4836,#4837,#4838,#4839,#4840,#4841),.UNSPECIFIED.,.F.,
  .F.,(9,8,7,9),(-1.408799502092E-02,0.,8.272019958966,8.285742607421),
  .UNSPECIFIED.);
#4818 = CARTESIAN_POINT('',(0.658028396593,2.875389198397E-02));
#4819 = CARTESIAN_POINT('',(0.660020254173,2.875412351812E-02));
#4820 = CARTESIAN_POINT('',(0.662009294643,2.875432146639E-02));
#4821 = CARTESIAN_POINT('',(0.66399556112,2.875448599864E-02));
#4822 = CARTESIAN_POINT('',(0.665979096725,2.875461728472E-02));
#4823 = CARTESIAN_POINT('',(0.667959944576,2.87547154945E-02));
#4824 = CARTESIAN_POINT('',(0.669938147792,2.875478079782E-02));
#4825 = CARTESIAN_POINT('',(0.671913749492,2.875481336456E-02));
#4826 = CARTESIAN_POINT('',(0.673886792795,2.875481336456E-02));
#4827 = CARTESIAN_POINT('',(1.805415094596,2.875481336456E-02));
#4828 = CARTESIAN_POINT('',(2.937100932264,2.875473597435E-02));
#4829 = CARTESIAN_POINT('',(4.067748289765,2.875519972682E-02));
#4830 = CARTESIAN_POINT('',(5.20163213302,2.875379488672E-02));
#4831 = CARTESIAN_POINT('',(6.326710603499,2.875673149158E-02));
#4832 = CARTESIAN_POINT('',(7.456951097092,2.875179363047E-02));
#4833 = CARTESIAN_POINT('',(8.578068147344,2.875767903359E-02));
#4834 = CARTESIAN_POINT('',(9.728557678068,2.875285116135E-02));
#4835 = CARTESIAN_POINT('',(9.730465691495,2.875282582437E-02));
#4836 = CARTESIAN_POINT('',(9.732376360766,2.875278278917E-02));
#4837 = CARTESIAN_POINT('',(9.734289741505,2.875272169873E-02));
#4838 = CARTESIAN_POINT('',(9.736205889332,2.875264219603E-02));
#4839 = CARTESIAN_POINT('',(9.738124859872,2.875254392402E-02));
#4840 = CARTESIAN_POINT('',(9.740046708745,2.875242652567E-02));
#4841 = CARTESIAN_POINT('',(9.741971491575,2.875228964397E-02));
#4842 = ( GEOMETRIC_REPRESENTATION_CONTEXT(2) 
PARAMETRIC_REPRESENTATION_CONTEXT() REPRESENTATION_CONTEXT('2D SPACE',''
  ) );
#4843 = PCURVE('',#4844,#4917);
#4844 = ( BOUNDED_SURFACE() B_SPLINE_SURFACE(2,8,(
    (#4845,#4846,#4847,#4848,#4849,#4850,#4851,#4852,#4853,#4854,#4855
      ,#4856,#4857,#4858,#4859,#4860,#4861,#4862,#4863,#4864,#4865,#4866
      ,#4867,#4868)
    ,(#4869,#4870,#4871,#4872,#4873,#4874,#4875,#4876,#4877,#4878,#4879
      ,#4880,#4881,#4882,#4883,#4884,#4885,#4886,#4887,#4888,#4889,#4890
      ,#4891,#4892)
    ,(#4893,#4894,#4895,#4896,#4897,#4898,#4899,#4900,#4901,#4902,#4903
      ,#4904,#4905,#4906,#4907,#4908,#4909,#4910,#4911,#4912,#4913,#4914
      ,#4915,#4916
)),.UNSPECIFIED.,.F.,.F.,.F.) B_SPLINE_SURFACE_WITH_KNOTS((3,3),(9,8,7,9
    ),(0.,8.299830602442),(-1.408799502092E-02,0.,8.272019958966,
8.285742607421),.UNSPECIFIED.) GEOMETRIC_REPRESENTATION_ITEM() 
RATIONAL_B_SPLINE_SURFACE((
    (1.,1.,1.,1.,1.,1.,1.,1.,1.,1.,1.,1.,1.,1.,1.,1.,1.,1.,1.,1.,1.,1.
      ,1.,1.)
    ,(0.743879164369,0.743876746976,0.743874680238,0.743872962384
      ,0.743871591644,0.743870566246,0.743869884418,0.74386954439
      ,0.74386954439,0.74386954439,0.743870352041,0.743865511954
      ,0.743880175217,0.743849520879,0.743901070637,0.74383962533
      ,0.743890031273,0.743890295807,0.743890745122,0.743891382943
      ,0.743892212998,0.743893239014,0.743894464717,0.743895893834)
    ,(1.,1.,1.,1.,1.,1.,1.,1.,1.,1.,1.,1.,1.,1.,1.,1.,1.,1.,1.,1.,1.,1.
,1.,1.))) REPRESENTATION_ITEM('') SURFACE() );
#4845 = CARTESIAN_POINT('',(-104.5921503649,-165.4651744281,
    12.293425670791));
#4846 = CARTESIAN_POINT('',(-104.5462846,-165.4651773686,12.293453076099
    ));
#4847 = CARTESIAN_POINT('',(-104.5004833321,-165.4651798826,
    12.293476506048));
#4848 = CARTESIAN_POINT('',(-104.4547455709,-165.4651819721,
    12.293495980743));
#4849 = CARTESIAN_POINT('',(-104.4090703259,-165.4651836395,
    12.293511520289));
#4850 = CARTESIAN_POINT('',(-104.3634566067,-165.4651848867,
    12.293523144791));
#4851 = CARTESIAN_POINT('',(-104.317903423,-165.4651857161,
    12.293530874353));
#4852 = CARTESIAN_POINT('',(-104.2724097843,-165.4651861297,
    12.293534729082));
#4853 = CARTESIAN_POINT('',(-104.2269747001,-165.4651861297,
    12.293534729082));
#4854 = CARTESIAN_POINT('',(-78.17023102514,-165.4651861297,
    12.293534729082));
#4855 = CARTESIAN_POINT('',(-52.10986263828,-165.4651851468,
    12.293525568869));
#4856 = CARTESIAN_POINT('',(-26.07338846063,-165.4651910365,
    12.293580460465));
#4857 = CARTESIAN_POINT('',(3.755290228034E-02,-165.465173195,
    12.293414177971));
#4858 = CARTESIAN_POINT('',(25.945849418292,-165.4652104899,
    12.29376176627));
#4859 = CARTESIAN_POINT('',(51.972840382868,-165.4651477791,
    12.293177301276));
#4860 = CARTESIAN_POINT('',(77.789921598395,-165.4652225237,
    12.293873921131));
#4861 = CARTESIAN_POINT('',(104.28324407847,-165.4651612097,
    12.293302474862));
#4862 = CARTESIAN_POINT('',(104.32718137054,-165.4651608879,
    12.293299475875));
#4863 = CARTESIAN_POINT('',(104.37117962509,-165.4651603414,
    12.293294382057));
#4864 = CARTESIAN_POINT('',(104.41524011871,-165.4651595655,
    12.293287151149));
#4865 = CARTESIAN_POINT('',(104.45936412795,-165.4651585558,
    12.29327774089));
#4866 = CARTESIAN_POINT('',(104.50355292939,-165.4651573078,
    12.293266109022));
#4867 = CARTESIAN_POINT('',(104.54780779959,-165.4651558168,
    12.293252213285));
#4868 = CARTESIAN_POINT('',(104.59213001513,-165.4651540784,
    12.293236011419));
#4869 = CARTESIAN_POINT('',(-104.583641942,-165.1,8.89));
#4870 = CARTESIAN_POINT('',(-104.5388451557,-165.1,8.89));
#4871 = CARTESIAN_POINT('',(-104.4941113219,-165.1,8.89));
#4872 = CARTESIAN_POINT('',(-104.4494394482,-165.1,8.89));
#4873 = CARTESIAN_POINT('',(-104.4048285413,-165.1,8.89));
#4874 = CARTESIAN_POINT('',(-104.3602776077,-165.1,8.89));
#4875 = CARTESIAN_POINT('',(-104.315785653,-165.1,8.89));
#4876 = CARTESIAN_POINT('',(-104.2713516823,-165.1,8.89));
#4877 = CARTESIAN_POINT('',(-104.2269747001,-165.1,8.89));
#4878 = CARTESIAN_POINT('',(-78.17023102514,-165.1,8.89));
#4879 = CARTESIAN_POINT('',(-52.10939931531,-165.1,8.89));
#4880 = CARTESIAN_POINT('',(-26.07539649162,-165.1,8.89));
#4881 = CARTESIAN_POINT('',(4.274777193751E-02,-165.0999999999,8.89));
#4882 = CARTESIAN_POINT('',(25.943247442985,-165.1,8.89));
#4883 = CARTESIAN_POINT('',(51.982881833637,-165.1,8.89));
#4884 = CARTESIAN_POINT('',(77.791025559081,-165.1,8.89));
#4885 = CARTESIAN_POINT('',(104.27082694632,-165.1,8.89));
#4886 = CARTESIAN_POINT('',(104.31468133472,-165.1,8.89));
#4887 = CARTESIAN_POINT('',(104.35854134668,-165.1,8.89));
#4888 = CARTESIAN_POINT('',(104.40241046254,-165.1,8.89));
#4889 = CARTESIAN_POINT('',(104.44629216184,-165.1,8.89));
#4890 = CARTESIAN_POINT('',(104.4901899231,-165.1,8.89));
#4891 = CARTESIAN_POINT('',(104.53410722399,-165.1,8.89));
#4892 = CARTESIAN_POINT('',(104.57804754121,-165.1,8.89));
#4893 = CARTESIAN_POINT('',(-104.5039096793,-161.6779576538,8.89));
#4894 = CARTESIAN_POINT('',(-104.4691264062,-161.6776994344,8.89));
#4895 = CARTESIAN_POINT('',(-104.4343930754,-161.6774786423,8.89));
#4896 = CARTESIAN_POINT('',(-104.3997084872,-161.6772950978,8.89));
#4897 = CARTESIAN_POINT('',(-104.3650714421,-161.6771486214,8.89));
#4898 = CARTESIAN_POINT('',(-104.3304807405,-161.6770390335,8.89));
#4899 = CARTESIAN_POINT('',(-104.2959351826,-161.6769661544,8.89));
#4900 = CARTESIAN_POINT('',(-104.2614335691,-161.6769298047,8.89));
#4901 = CARTESIAN_POINT('',(-104.2269747001,-161.6769298047,8.89));
#4902 = CARTESIAN_POINT('',(-78.17023102514,-161.6769298047,8.89));
#4903 = CARTESIAN_POINT('',(-52.10973252598,-161.6770145131,8.89));
#4904 = CARTESIAN_POINT('',(-26.07398956115,-161.6765054761,8.89));
#4905 = CARTESIAN_POINT('',(4.827805318758E-02,-161.6780530022,8.89));
#4906 = CARTESIAN_POINT('',(25.976103037608,-161.674804781,8.89));
#4907 = CARTESIAN_POINT('',(52.031788274058,-161.6802883491,8.89));
#4908 = CARTESIAN_POINT('',(77.819746514975,-161.6737370166,8.89));
#4909 = CARTESIAN_POINT('',(104.15450154468,-161.6791180837,8.89));
#4910 = CARTESIAN_POINT('',(104.1975803612,-161.679146327,8.89));
#4911 = CARTESIAN_POINT('',(104.24014709086,-161.6791942962,8.89));
#4912 = CARTESIAN_POINT('',(104.28222582087,-161.6792623858,8.89));
#4913 = CARTESIAN_POINT('',(104.32384063838,-161.6793509901,8.89));
#4914 = CARTESIAN_POINT('',(104.36501563059,-161.6794605037,8.89));
#4915 = CARTESIAN_POINT('',(104.40577488467,-161.679591321,8.89));
#4916 = CARTESIAN_POINT('',(104.44614248782,-161.6797438365,8.89));
#4917 = DEFINITIONAL_REPRESENTATION('',(#4918),#4921);
#4918 = B_SPLINE_CURVE_WITH_KNOTS('',1,(#4919,#4920),.UNSPECIFIED.,.F.,
  .F.,(2,2),(-1.408799502092E-02,8.285742607421),
  .PIECEWISE_BEZIER_KNOTS.);
#4919 = CARTESIAN_POINT('',(0.,-1.408799502092E-02));
#4920 = CARTESIAN_POINT('',(0.,8.285742607421));
#4921 = ( GEOMETRIC_REPRESENTATION_CONTEXT(2) 
PARAMETRIC_REPRESENTATION_CONTEXT() REPRESENTATION_CONTEXT('2D SPACE',''
  ) );
#4922 = ORIENTED_EDGE('',*,*,#3580,.T.);
#4923 = ORIENTED_EDGE('',*,*,#873,.T.);
#4924 = ADVANCED_FACE('',(#4925),#1461,.F.);
#4925 = FACE_BOUND('',#4926,.F.);
#4926 = EDGE_LOOP('',(#4927,#4928,#4929,#4930));
#4927 = ORIENTED_EDGE('',*,*,#1645,.F.);
#4928 = ORIENTED_EDGE('',*,*,#1523,.F.);
#4929 = ORIENTED_EDGE('',*,*,#1445,.T.);
#4930 = ORIENTED_EDGE('',*,*,#4931,.F.);
#4931 = EDGE_CURVE('',#1646,#1418,#4932,.T.);
#4932 = SURFACE_CURVE('',#4933,(#4937,#4944),.PCURVE_S1.);
#4933 = LINE('',#4934,#4935);
#4934 = CARTESIAN_POINT('',(139.7,-188.468,6.35));
#4935 = VECTOR('',#4936,1.);
#4936 = DIRECTION('',(0.,0.,1.));
#4937 = PCURVE('',#1461,#4938);
#4938 = DEFINITIONAL_REPRESENTATION('',(#4939),#4943);
#4939 = LINE('',#4940,#4941);
#4940 = CARTESIAN_POINT('',(290.068,0.));
#4941 = VECTOR('',#4942,1.);
#4942 = DIRECTION('',(0.,-1.));
#4943 = ( GEOMETRIC_REPRESENTATION_CONTEXT(2) 
PARAMETRIC_REPRESENTATION_CONTEXT() REPRESENTATION_CONTEXT('2D SPACE',''
  ) );
#4944 = PCURVE('',#1434,#4945);
#4945 = DEFINITIONAL_REPRESENTATION('',(#4946),#4949);
#4946 = B_SPLINE_CURVE_WITH_KNOTS('',1,(#4947,#4948),.UNSPECIFIED.,.F.,
  .F.,(2,2),(0.,109.22),.PIECEWISE_BEZIER_KNOTS.);
#4947 = CARTESIAN_POINT('',(0.,0.));
#4948 = CARTESIAN_POINT('',(0.,109.22));
#4949 = ( GEOMETRIC_REPRESENTATION_CONTEXT(2) 
PARAMETRIC_REPRESENTATION_CONTEXT() REPRESENTATION_CONTEXT('2D SPACE',''
  ) );
#4950 = ADVANCED_FACE('',(#4951),#1434,.T.);
#4951 = FACE_BOUND('',#4952,.T.);
#4952 = EDGE_LOOP('',(#4953,#4954,#4974,#4975));
#4953 = ORIENTED_EDGE('',*,*,#1668,.T.);
#4954 = ORIENTED_EDGE('',*,*,#4955,.T.);
#4955 = EDGE_CURVE('',#1669,#1390,#4956,.T.);
#4956 = SURFACE_CURVE('',#4957,(#4961,#4967),.PCURVE_S1.);
#4957 = LINE('',#4958,#4959);
#4958 = CARTESIAN_POINT('',(150.368,-177.8,6.35));
#4959 = VECTOR('',#4960,1.);
#4960 = DIRECTION('',(0.,0.,1.));
#4961 = PCURVE('',#1434,#4962);
#4962 = DEFINITIONAL_REPRESENTATION('',(#4963),#4966);
#4963 = B_SPLINE_CURVE_WITH_KNOTS('',1,(#4964,#4965),.UNSPECIFIED.,.F.,
  .F.,(2,2),(0.,109.22),.PIECEWISE_BEZIER_KNOTS.);
#4964 = CARTESIAN_POINT('',(1.570796326795,0.));
#4965 = CARTESIAN_POINT('',(1.570796326795,109.22));
#4966 = ( GEOMETRIC_REPRESENTATION_CONTEXT(2) 
PARAMETRIC_REPRESENTATION_CONTEXT() REPRESENTATION_CONTEXT('2D SPACE',''
  ) );
#4967 = PCURVE('',#1405,#4968);
#4968 = DEFINITIONAL_REPRESENTATION('',(#4969),#4973);
#4969 = LINE('',#4970,#4971);
#4970 = CARTESIAN_POINT('',(10.668,0.));
#4971 = VECTOR('',#4972,1.);
#4972 = DIRECTION('',(0.,-1.));
#4973 = ( GEOMETRIC_REPRESENTATION_CONTEXT(2) 
PARAMETRIC_REPRESENTATION_CONTEXT() REPRESENTATION_CONTEXT('2D SPACE',''
  ) );
#4974 = ORIENTED_EDGE('',*,*,#1417,.F.);
#4975 = ORIENTED_EDGE('',*,*,#4931,.F.);
#4976 = ADVANCED_FACE('',(#4977),#1405,.F.);
#4977 = FACE_BOUND('',#4978,.F.);
#4978 = EDGE_LOOP('',(#4979,#4980,#4981,#4982));
#4979 = ORIENTED_EDGE('',*,*,#1691,.F.);
#4980 = ORIENTED_EDGE('',*,*,#4955,.T.);
#4981 = ORIENTED_EDGE('',*,*,#1389,.T.);
#4982 = ORIENTED_EDGE('',*,*,#4983,.T.);
#4983 = EDGE_CURVE('',#1362,#1692,#4984,.T.);
#4984 = SURFACE_CURVE('',#4985,(#4989,#4996),.PCURVE_S1.);
#4985 = LINE('',#4986,#4987);
#4986 = CARTESIAN_POINT('',(150.368,-117.475,6.35));
#4987 = VECTOR('',#4988,1.);
#4988 = DIRECTION('',(0.,0.,-1.));
#4989 = PCURVE('',#1405,#4990);
#4990 = DEFINITIONAL_REPRESENTATION('',(#4991),#4995);
#4991 = LINE('',#4992,#4993);
#4992 = CARTESIAN_POINT('',(70.993,0.));
#4993 = VECTOR('',#4994,1.);
#4994 = DIRECTION('',(0.,1.));
#4995 = ( GEOMETRIC_REPRESENTATION_CONTEXT(2) 
PARAMETRIC_REPRESENTATION_CONTEXT() REPRESENTATION_CONTEXT('2D SPACE',''
  ) );
#4996 = PCURVE('',#1377,#4997);
#4997 = DEFINITIONAL_REPRESENTATION('',(#4998),#5002);
#4998 = LINE('',#4999,#5000);
#4999 = CARTESIAN_POINT('',(0.,1.27));
#5000 = VECTOR('',#5001,1.);
#5001 = DIRECTION('',(-1.,0.));
#5002 = ( GEOMETRIC_REPRESENTATION_CONTEXT(2) 
PARAMETRIC_REPRESENTATION_CONTEXT() REPRESENTATION_CONTEXT('2D SPACE',''
  ) );
#5003 = ADVANCED_FACE('',(#5004),#1377,.F.);
#5004 = FACE_BOUND('',#5005,.F.);
#5005 = EDGE_LOOP('',(#5006,#5007,#5008,#5009));
#5006 = ORIENTED_EDGE('',*,*,#1714,.F.);
#5007 = ORIENTED_EDGE('',*,*,#4983,.F.);
#5008 = ORIENTED_EDGE('',*,*,#1361,.T.);
#5009 = ORIENTED_EDGE('',*,*,#3292,.F.);
#5010 = ADVANCED_FACE('',(#5011,#5017),#1610,.F.);
#5011 = FACE_BOUND('',#5012,.F.);
#5012 = EDGE_LOOP('',(#5013,#5014,#5015,#5016));
#5013 = ORIENTED_EDGE('',*,*,#1594,.F.);
#5014 = ORIENTED_EDGE('',*,*,#2835,.F.);
#5015 = ORIENTED_EDGE('',*,*,#2785,.T.);
#5016 = ORIENTED_EDGE('',*,*,#2759,.T.);
#5017 = FACE_BOUND('',#5018,.F.);
#5018 = EDGE_LOOP('',(#5019,#5049,#5077,#5105,#5133,#5161,#5189,#5217));
#5019 = ORIENTED_EDGE('',*,*,#5020,.F.);
#5020 = EDGE_CURVE('',#5021,#5023,#5025,.T.);
#5021 = VERTEX_POINT('',#5022);
#5022 = CARTESIAN_POINT('',(-63.5,-188.468,77.089));
#5023 = VERTEX_POINT('',#5024);
#5024 = CARTESIAN_POINT('',(-59.69,-188.468,80.899));
#5025 = SURFACE_CURVE('',#5026,(#5031,#5038),.PCURVE_S1.);
#5026 = CIRCLE('',#5027,3.81);
#5027 = AXIS2_PLACEMENT_3D('',#5028,#5029,#5030);
#5028 = CARTESIAN_POINT('',(-59.69,-188.468,77.089));
#5029 = DIRECTION('',(0.,1.,0.));
#5030 = DIRECTION('',(-1.,0.,0.));
#5031 = PCURVE('',#1610,#5032);
#5032 = DEFINITIONAL_REPRESENTATION('',(#5033),#5037);
#5033 = CIRCLE('',#5034,3.81);
#5034 = AXIS2_PLACEMENT_2D('',#5035,#5036);
#5035 = CARTESIAN_POINT('',(90.678,-70.739));
#5036 = DIRECTION('',(-1.,0.));
#5037 = ( GEOMETRIC_REPRESENTATION_CONTEXT(2) 
PARAMETRIC_REPRESENTATION_CONTEXT() REPRESENTATION_CONTEXT('2D SPACE',''
  ) );
#5038 = PCURVE('',#5039,#5044);
#5039 = CYLINDRICAL_SURFACE('',#5040,3.81);
#5040 = AXIS2_PLACEMENT_3D('',#5041,#5042,#5043);
#5041 = CARTESIAN_POINT('',(-59.69,-189.484,77.089));
#5042 = DIRECTION('',(0.,1.,0.));
#5043 = DIRECTION('',(-1.,0.,0.));
#5044 = DEFINITIONAL_REPRESENTATION('',(#5045),#5048);
#5045 = B_SPLINE_CURVE_WITH_KNOTS('',1,(#5046,#5047),.UNSPECIFIED.,.F.,
  .F.,(2,2),(0.,1.570796326795),.PIECEWISE_BEZIER_KNOTS.);
#5046 = CARTESIAN_POINT('',(0.,1.016));
#5047 = CARTESIAN_POINT('',(1.570796326795,1.016));
#5048 = ( GEOMETRIC_REPRESENTATION_CONTEXT(2) 
PARAMETRIC_REPRESENTATION_CONTEXT() REPRESENTATION_CONTEXT('2D SPACE',''
  ) );
#5049 = ORIENTED_EDGE('',*,*,#5050,.T.);
#5050 = EDGE_CURVE('',#5021,#5051,#5053,.T.);
#5051 = VERTEX_POINT('',#5052);
#5052 = CARTESIAN_POINT('',(-63.5,-188.468,33.909));
#5053 = SURFACE_CURVE('',#5054,(#5058,#5065),.PCURVE_S1.);
#5054 = LINE('',#5055,#5056);
#5055 = CARTESIAN_POINT('',(-63.5,-188.468,18.2245));
#5056 = VECTOR('',#5057,1.);
#5057 = DIRECTION('',(0.,0.,-1.));
#5058 = PCURVE('',#1610,#5059);
#5059 = DEFINITIONAL_REPRESENTATION('',(#5060),#5064);
#5060 = LINE('',#5061,#5062);
#5061 = CARTESIAN_POINT('',(86.868,-11.8745));
#5062 = VECTOR('',#5063,1.);
#5063 = DIRECTION('',(0.,1.));
#5064 = ( GEOMETRIC_REPRESENTATION_CONTEXT(2) 
PARAMETRIC_REPRESENTATION_CONTEXT() REPRESENTATION_CONTEXT('2D SPACE',''
  ) );
#5065 = PCURVE('',#5066,#5071);
#5066 = PLANE('',#5067);
#5067 = AXIS2_PLACEMENT_3D('',#5068,#5069,#5070);
#5068 = CARTESIAN_POINT('',(-63.5,-189.484,30.099));
#5069 = DIRECTION('',(1.,0.,0.));
#5070 = DIRECTION('',(0.,0.,1.));
#5071 = DEFINITIONAL_REPRESENTATION('',(#5072),#5076);
#5072 = LINE('',#5073,#5074);
#5073 = CARTESIAN_POINT('',(-11.8745,-1.016));
#5074 = VECTOR('',#5075,1.);
#5075 = DIRECTION('',(-1.,0.));
#5076 = ( GEOMETRIC_REPRESENTATION_CONTEXT(2) 
PARAMETRIC_REPRESENTATION_CONTEXT() REPRESENTATION_CONTEXT('2D SPACE',''
  ) );
#5077 = ORIENTED_EDGE('',*,*,#5078,.F.);
#5078 = EDGE_CURVE('',#5079,#5051,#5081,.T.);
#5079 = VERTEX_POINT('',#5080);
#5080 = CARTESIAN_POINT('',(-59.69,-188.468,30.099));
#5081 = SURFACE_CURVE('',#5082,(#5087,#5094),.PCURVE_S1.);
#5082 = CIRCLE('',#5083,3.81);
#5083 = AXIS2_PLACEMENT_3D('',#5084,#5085,#5086);
#5084 = CARTESIAN_POINT('',(-59.69,-188.468,33.909));
#5085 = DIRECTION('',(0.,1.,0.));
#5086 = DIRECTION('',(-1.,0.,0.));
#5087 = PCURVE('',#1610,#5088);
#5088 = DEFINITIONAL_REPRESENTATION('',(#5089),#5093);
#5089 = CIRCLE('',#5090,3.81);
#5090 = AXIS2_PLACEMENT_2D('',#5091,#5092);
#5091 = CARTESIAN_POINT('',(90.678,-27.559));
#5092 = DIRECTION('',(-1.,0.));
#5093 = ( GEOMETRIC_REPRESENTATION_CONTEXT(2) 
PARAMETRIC_REPRESENTATION_CONTEXT() REPRESENTATION_CONTEXT('2D SPACE',''
  ) );
#5094 = PCURVE('',#5095,#5100);
#5095 = CYLINDRICAL_SURFACE('',#5096,3.81);
#5096 = AXIS2_PLACEMENT_3D('',#5097,#5098,#5099);
#5097 = CARTESIAN_POINT('',(-59.69,-189.484,33.909));
#5098 = DIRECTION('',(0.,1.,0.));
#5099 = DIRECTION('',(-1.,0.,0.));
#5100 = DEFINITIONAL_REPRESENTATION('',(#5101),#5104);
#5101 = B_SPLINE_CURVE_WITH_KNOTS('',1,(#5102,#5103),.UNSPECIFIED.,.F.,
  .F.,(2,2),(4.712388980385,6.28318530718),.PIECEWISE_BEZIER_KNOTS.);
#5102 = CARTESIAN_POINT('',(-1.570796326795,1.016));
#5103 = CARTESIAN_POINT('',(0.,1.016));
#5104 = ( GEOMETRIC_REPRESENTATION_CONTEXT(2) 
PARAMETRIC_REPRESENTATION_CONTEXT() REPRESENTATION_CONTEXT('2D SPACE',''
  ) );
#5105 = ORIENTED_EDGE('',*,*,#5106,.T.);
#5106 = EDGE_CURVE('',#5079,#5107,#5109,.T.);
#5107 = VERTEX_POINT('',#5108);
#5108 = CARTESIAN_POINT('',(59.69,-188.468,30.099));
#5109 = SURFACE_CURVE('',#5110,(#5114,#5121),.PCURVE_S1.);
#5110 = LINE('',#5111,#5112);
#5111 = CARTESIAN_POINT('',(-106.934,-188.468,30.099));
#5112 = VECTOR('',#5113,1.);
#5113 = DIRECTION('',(1.,0.,0.));
#5114 = PCURVE('',#1610,#5115);
#5115 = DEFINITIONAL_REPRESENTATION('',(#5116),#5120);
#5116 = LINE('',#5117,#5118);
#5117 = CARTESIAN_POINT('',(43.434,-23.749));
#5118 = VECTOR('',#5119,1.);
#5119 = DIRECTION('',(1.,0.));
#5120 = ( GEOMETRIC_REPRESENTATION_CONTEXT(2) 
PARAMETRIC_REPRESENTATION_CONTEXT() REPRESENTATION_CONTEXT('2D SPACE',''
  ) );
#5121 = PCURVE('',#5122,#5127);
#5122 = PLANE('',#5123);
#5123 = AXIS2_PLACEMENT_3D('',#5124,#5125,#5126);
#5124 = CARTESIAN_POINT('',(-63.5,-189.484,30.099));
#5125 = DIRECTION('',(0.,0.,1.));
#5126 = DIRECTION('',(1.,0.,0.));
#5127 = DEFINITIONAL_REPRESENTATION('',(#5128),#5132);
#5128 = LINE('',#5129,#5130);
#5129 = CARTESIAN_POINT('',(-43.434,1.016));
#5130 = VECTOR('',#5131,1.);
#5131 = DIRECTION('',(1.,0.));
#5132 = ( GEOMETRIC_REPRESENTATION_CONTEXT(2) 
PARAMETRIC_REPRESENTATION_CONTEXT() REPRESENTATION_CONTEXT('2D SPACE',''
  ) );
#5133 = ORIENTED_EDGE('',*,*,#5134,.F.);
#5134 = EDGE_CURVE('',#5135,#5107,#5137,.T.);
#5135 = VERTEX_POINT('',#5136);
#5136 = CARTESIAN_POINT('',(63.5,-188.468,33.909));
#5137 = SURFACE_CURVE('',#5138,(#5143,#5150),.PCURVE_S1.);
#5138 = CIRCLE('',#5139,3.81);
#5139 = AXIS2_PLACEMENT_3D('',#5140,#5141,#5142);
#5140 = CARTESIAN_POINT('',(59.69,-188.468,33.909));
#5141 = DIRECTION('',(0.,1.,0.));
#5142 = DIRECTION('',(1.,0.,-0.));
#5143 = PCURVE('',#1610,#5144);
#5144 = DEFINITIONAL_REPRESENTATION('',(#5145),#5149);
#5145 = CIRCLE('',#5146,3.81);
#5146 = AXIS2_PLACEMENT_2D('',#5147,#5148);
#5147 = CARTESIAN_POINT('',(210.058,-27.559));
#5148 = DIRECTION('',(1.,0.));
#5149 = ( GEOMETRIC_REPRESENTATION_CONTEXT(2) 
PARAMETRIC_REPRESENTATION_CONTEXT() REPRESENTATION_CONTEXT('2D SPACE',''
  ) );
#5150 = PCURVE('',#5151,#5156);
#5151 = CYLINDRICAL_SURFACE('',#5152,3.81);
#5152 = AXIS2_PLACEMENT_3D('',#5153,#5154,#5155);
#5153 = CARTESIAN_POINT('',(59.69,-189.484,33.909));
#5154 = DIRECTION('',(0.,1.,0.));
#5155 = DIRECTION('',(1.,0.,-0.));
#5156 = DEFINITIONAL_REPRESENTATION('',(#5157),#5160);
#5157 = B_SPLINE_CURVE_WITH_KNOTS('',1,(#5158,#5159),.UNSPECIFIED.,.F.,
  .F.,(2,2),(0.,1.570796326795),.PIECEWISE_BEZIER_KNOTS.);
#5158 = CARTESIAN_POINT('',(0.,1.016));
#5159 = CARTESIAN_POINT('',(1.570796326795,1.016));
#5160 = ( GEOMETRIC_REPRESENTATION_CONTEXT(2) 
PARAMETRIC_REPRESENTATION_CONTEXT() REPRESENTATION_CONTEXT('2D SPACE',''
  ) );
#5161 = ORIENTED_EDGE('',*,*,#5162,.F.);
#5162 = EDGE_CURVE('',#5163,#5135,#5165,.T.);
#5163 = VERTEX_POINT('',#5164);
#5164 = CARTESIAN_POINT('',(63.5,-188.468,77.089));
#5165 = SURFACE_CURVE('',#5166,(#5170,#5177),.PCURVE_S1.);
#5166 = LINE('',#5167,#5168);
#5167 = CARTESIAN_POINT('',(63.5,-188.468,18.2245));
#5168 = VECTOR('',#5169,1.);
#5169 = DIRECTION('',(0.,0.,-1.));
#5170 = PCURVE('',#1610,#5171);
#5171 = DEFINITIONAL_REPRESENTATION('',(#5172),#5176);
#5172 = LINE('',#5173,#5174);
#5173 = CARTESIAN_POINT('',(213.868,-11.8745));
#5174 = VECTOR('',#5175,1.);
#5175 = DIRECTION('',(0.,1.));
#5176 = ( GEOMETRIC_REPRESENTATION_CONTEXT(2) 
PARAMETRIC_REPRESENTATION_CONTEXT() REPRESENTATION_CONTEXT('2D SPACE',''
  ) );
#5177 = PCURVE('',#5178,#5183);
#5178 = PLANE('',#5179);
#5179 = AXIS2_PLACEMENT_3D('',#5180,#5181,#5182);
#5180 = CARTESIAN_POINT('',(63.5,-189.484,30.099));
#5181 = DIRECTION('',(1.,0.,0.));
#5182 = DIRECTION('',(0.,0.,1.));
#5183 = DEFINITIONAL_REPRESENTATION('',(#5184),#5188);
#5184 = LINE('',#5185,#5186);
#5185 = CARTESIAN_POINT('',(-11.8745,-1.016));
#5186 = VECTOR('',#5187,1.);
#5187 = DIRECTION('',(-1.,0.));
#5188 = ( GEOMETRIC_REPRESENTATION_CONTEXT(2) 
PARAMETRIC_REPRESENTATION_CONTEXT() REPRESENTATION_CONTEXT('2D SPACE',''
  ) );
#5189 = ORIENTED_EDGE('',*,*,#5190,.F.);
#5190 = EDGE_CURVE('',#5191,#5163,#5193,.T.);
#5191 = VERTEX_POINT('',#5192);
#5192 = CARTESIAN_POINT('',(59.69,-188.468,80.899));
#5193 = SURFACE_CURVE('',#5194,(#5199,#5206),.PCURVE_S1.);
#5194 = CIRCLE('',#5195,3.81);
#5195 = AXIS2_PLACEMENT_3D('',#5196,#5197,#5198);
#5196 = CARTESIAN_POINT('',(59.69,-188.468,77.089));
#5197 = DIRECTION('',(0.,1.,0.));
#5198 = DIRECTION('',(1.,0.,-0.));
#5199 = PCURVE('',#1610,#5200);
#5200 = DEFINITIONAL_REPRESENTATION('',(#5201),#5205);
#5201 = CIRCLE('',#5202,3.81);
#5202 = AXIS2_PLACEMENT_2D('',#5203,#5204);
#5203 = CARTESIAN_POINT('',(210.058,-70.739));
#5204 = DIRECTION('',(1.,0.));
#5205 = ( GEOMETRIC_REPRESENTATION_CONTEXT(2) 
PARAMETRIC_REPRESENTATION_CONTEXT() REPRESENTATION_CONTEXT('2D SPACE',''
  ) );
#5206 = PCURVE('',#5207,#5212);
#5207 = CYLINDRICAL_SURFACE('',#5208,3.81);
#5208 = AXIS2_PLACEMENT_3D('',#5209,#5210,#5211);
#5209 = CARTESIAN_POINT('',(59.69,-189.484,77.089));
#5210 = DIRECTION('',(0.,1.,0.));
#5211 = DIRECTION('',(1.,0.,-0.));
#5212 = DEFINITIONAL_REPRESENTATION('',(#5213),#5216);
#5213 = B_SPLINE_CURVE_WITH_KNOTS('',1,(#5214,#5215),.UNSPECIFIED.,.F.,
  .F.,(2,2),(4.712388980385,6.28318530718),.PIECEWISE_BEZIER_KNOTS.);
#5214 = CARTESIAN_POINT('',(-1.570796326795,1.016));
#5215 = CARTESIAN_POINT('',(0.,1.016));
#5216 = ( GEOMETRIC_REPRESENTATION_CONTEXT(2) 
PARAMETRIC_REPRESENTATION_CONTEXT() REPRESENTATION_CONTEXT('2D SPACE',''
  ) );
#5217 = ORIENTED_EDGE('',*,*,#5218,.F.);
#5218 = EDGE_CURVE('',#5023,#5191,#5219,.T.);
#5219 = SURFACE_CURVE('',#5220,(#5224,#5231),.PCURVE_S1.);
#5220 = LINE('',#5221,#5222);
#5221 = CARTESIAN_POINT('',(-106.934,-188.468,80.899));
#5222 = VECTOR('',#5223,1.);
#5223 = DIRECTION('',(1.,0.,0.));
#5224 = PCURVE('',#1610,#5225);
#5225 = DEFINITIONAL_REPRESENTATION('',(#5226),#5230);
#5226 = LINE('',#5227,#5228);
#5227 = CARTESIAN_POINT('',(43.434,-74.549));
#5228 = VECTOR('',#5229,1.);
#5229 = DIRECTION('',(1.,0.));
#5230 = ( GEOMETRIC_REPRESENTATION_CONTEXT(2) 
PARAMETRIC_REPRESENTATION_CONTEXT() REPRESENTATION_CONTEXT('2D SPACE',''
  ) );
#5231 = PCURVE('',#5232,#5237);
#5232 = PLANE('',#5233);
#5233 = AXIS2_PLACEMENT_3D('',#5234,#5235,#5236);
#5234 = CARTESIAN_POINT('',(-63.5,-189.484,80.899));
#5235 = DIRECTION('',(0.,0.,1.));
#5236 = DIRECTION('',(1.,0.,0.));
#5237 = DEFINITIONAL_REPRESENTATION('',(#5238),#5242);
#5238 = LINE('',#5239,#5240);
#5239 = CARTESIAN_POINT('',(-43.434,1.016));
#5240 = VECTOR('',#5241,1.);
#5241 = DIRECTION('',(1.,0.));
#5242 = ( GEOMETRIC_REPRESENTATION_CONTEXT(2) 
PARAMETRIC_REPRESENTATION_CONTEXT() REPRESENTATION_CONTEXT('2D SPACE',''
  ) );
#5243 = ADVANCED_FACE('',(#5244),#1776,.T.);
#5244 = FACE_BOUND('',#5245,.T.);
#5245 = EDGE_LOOP('',(#5246,#5247,#5270,#5291));
#5246 = ORIENTED_EDGE('',*,*,#1760,.F.);
#5247 = ORIENTED_EDGE('',*,*,#5248,.F.);
#5248 = EDGE_CURVE('',#5249,#1761,#5251,.T.);
#5249 = VERTEX_POINT('',#5250);
#5250 = CARTESIAN_POINT('',(150.368,-111.125,115.57));
#5251 = SURFACE_CURVE('',#5252,(#5256,#5263),.PCURVE_S1.);
#5252 = LINE('',#5253,#5254);
#5253 = CARTESIAN_POINT('',(150.368,-111.125,6.35));
#5254 = VECTOR('',#5255,1.);
#5255 = DIRECTION('',(0.,0.,-1.));
#5256 = PCURVE('',#1776,#5257);
#5257 = DEFINITIONAL_REPRESENTATION('',(#5258),#5262);
#5258 = LINE('',#5259,#5260);
#5259 = CARTESIAN_POINT('',(0.,1.27));
#5260 = VECTOR('',#5261,1.);
#5261 = DIRECTION('',(-1.,0.));
#5262 = ( GEOMETRIC_REPRESENTATION_CONTEXT(2) 
PARAMETRIC_REPRESENTATION_CONTEXT() REPRESENTATION_CONTEXT('2D SPACE',''
  ) );
#5263 = PCURVE('',#1804,#5264);
#5264 = DEFINITIONAL_REPRESENTATION('',(#5265),#5269);
#5265 = LINE('',#5266,#5267);
#5266 = CARTESIAN_POINT('',(77.343,0.));
#5267 = VECTOR('',#5268,1.);
#5268 = DIRECTION('',(0.,1.));
#5269 = ( GEOMETRIC_REPRESENTATION_CONTEXT(2) 
PARAMETRIC_REPRESENTATION_CONTEXT() REPRESENTATION_CONTEXT('2D SPACE',''
  ) );
#5270 = ORIENTED_EDGE('',*,*,#5271,.T.);
#5271 = EDGE_CURVE('',#5249,#3243,#5272,.T.);
#5272 = SURFACE_CURVE('',#5273,(#5277,#5284),.PCURVE_S1.);
#5273 = LINE('',#5274,#5275);
#5274 = CARTESIAN_POINT('',(149.098,-111.125,115.57));
#5275 = VECTOR('',#5276,1.);
#5276 = DIRECTION('',(1.,0.,0.));
#5277 = PCURVE('',#1776,#5278);
#5278 = DEFINITIONAL_REPRESENTATION('',(#5279),#5283);
#5279 = LINE('',#5280,#5281);
#5280 = CARTESIAN_POINT('',(109.22,0.));
#5281 = VECTOR('',#5282,1.);
#5282 = DIRECTION('',(0.,1.));
#5283 = ( GEOMETRIC_REPRESENTATION_CONTEXT(2) 
PARAMETRIC_REPRESENTATION_CONTEXT() REPRESENTATION_CONTEXT('2D SPACE',''
  ) );
#5284 = PCURVE('',#3258,#5285);
#5285 = DEFINITIONAL_REPRESENTATION('',(#5286),#5290);
#5286 = LINE('',#5287,#5288);
#5287 = CARTESIAN_POINT('',(149.098,-111.125));
#5288 = VECTOR('',#5289,1.);
#5289 = DIRECTION('',(1.,0.));
#5290 = ( GEOMETRIC_REPRESENTATION_CONTEXT(2) 
PARAMETRIC_REPRESENTATION_CONTEXT() REPRESENTATION_CONTEXT('2D SPACE',''
  ) );
#5291 = ORIENTED_EDGE('',*,*,#3270,.F.);
#5292 = ADVANCED_FACE('',(#5293),#1804,.F.);
#5293 = FACE_BOUND('',#5294,.F.);
#5294 = EDGE_LOOP('',(#5295,#5296,#5297,#5320,#5352,#5380,#5412,#5440,
    #5472,#5500,#5532,#5555));
#5295 = ORIENTED_EDGE('',*,*,#1788,.F.);
#5296 = ORIENTED_EDGE('',*,*,#5248,.F.);
#5297 = ORIENTED_EDGE('',*,*,#5298,.T.);
#5298 = EDGE_CURVE('',#5249,#5299,#5301,.T.);
#5299 = VERTEX_POINT('',#5300);
#5300 = CARTESIAN_POINT('',(150.368,-62.23,115.57));
#5301 = SURFACE_CURVE('',#5302,(#5306,#5313),.PCURVE_S1.);
#5302 = LINE('',#5303,#5304);
#5303 = CARTESIAN_POINT('',(150.368,-188.468,115.57));
#5304 = VECTOR('',#5305,1.);
#5305 = DIRECTION('',(0.,1.,0.));
#5306 = PCURVE('',#1804,#5307);
#5307 = DEFINITIONAL_REPRESENTATION('',(#5308),#5312);
#5308 = LINE('',#5309,#5310);
#5309 = CARTESIAN_POINT('',(0.,-109.22));
#5310 = VECTOR('',#5311,1.);
#5311 = DIRECTION('',(1.,0.));
#5312 = ( GEOMETRIC_REPRESENTATION_CONTEXT(2) 
PARAMETRIC_REPRESENTATION_CONTEXT() REPRESENTATION_CONTEXT('2D SPACE',''
  ) );
#5313 = PCURVE('',#3258,#5314);
#5314 = DEFINITIONAL_REPRESENTATION('',(#5315),#5319);
#5315 = LINE('',#5316,#5317);
#5316 = CARTESIAN_POINT('',(150.368,-188.468));
#5317 = VECTOR('',#5318,1.);
#5318 = DIRECTION('',(0.,1.));
#5319 = ( GEOMETRIC_REPRESENTATION_CONTEXT(2) 
PARAMETRIC_REPRESENTATION_CONTEXT() REPRESENTATION_CONTEXT('2D SPACE',''
  ) );
#5320 = ORIENTED_EDGE('',*,*,#5321,.T.);
#5321 = EDGE_CURVE('',#5299,#5322,#5324,.T.);
#5322 = VERTEX_POINT('',#5323);
#5323 = CARTESIAN_POINT('',(150.368,-69.85,107.95));
#5324 = SURFACE_CURVE('',#5325,(#5330,#5341),.PCURVE_S1.);
#5325 = CIRCLE('',#5326,7.62);
#5326 = AXIS2_PLACEMENT_3D('',#5327,#5328,#5329);
#5327 = CARTESIAN_POINT('',(150.368,-62.23,107.95));
#5328 = DIRECTION('',(1.,0.,0.));
#5329 = DIRECTION('',(0.,-1.,0.));
#5330 = PCURVE('',#1804,#5331);
#5331 = DEFINITIONAL_REPRESENTATION('',(#5332),#5340);
#5332 = ( BOUNDED_CURVE() B_SPLINE_CURVE(2,(#5333,#5334,#5335,#5336,
#5337,#5338,#5339),.UNSPECIFIED.,.T.,.F.) B_SPLINE_CURVE_WITH_KNOTS((1,2
    ,2,2,2,1),(-2.094395102393,0.,2.094395102393,4.188790204786,
6.28318530718,8.377580409573),.UNSPECIFIED.) CURVE() 
GEOMETRIC_REPRESENTATION_ITEM() RATIONAL_B_SPLINE_CURVE((1.,0.5,1.,0.5,
1.,0.5,1.)) REPRESENTATION_ITEM('') );
#5333 = CARTESIAN_POINT('',(118.618,-101.6));
#5334 = CARTESIAN_POINT('',(118.618,-88.40177284632));
#5335 = CARTESIAN_POINT('',(130.048,-95.00088642316));
#5336 = CARTESIAN_POINT('',(141.478,-101.6));
#5337 = CARTESIAN_POINT('',(130.048,-108.1991135768));
#5338 = CARTESIAN_POINT('',(118.618,-114.7982271536));
#5339 = CARTESIAN_POINT('',(118.618,-101.6));
#5340 = ( GEOMETRIC_REPRESENTATION_CONTEXT(2) 
PARAMETRIC_REPRESENTATION_CONTEXT() REPRESENTATION_CONTEXT('2D SPACE',''
  ) );
#5341 = PCURVE('',#5342,#5347);
#5342 = CYLINDRICAL_SURFACE('',#5343,7.62);
#5343 = AXIS2_PLACEMENT_3D('',#5344,#5345,#5346);
#5344 = CARTESIAN_POINT('',(140.208,-62.23,107.95));
#5345 = DIRECTION('',(1.,0.,0.));
#5346 = DIRECTION('',(0.,-1.,0.));
#5347 = DEFINITIONAL_REPRESENTATION('',(#5348),#5351);
#5348 = B_SPLINE_CURVE_WITH_KNOTS('',1,(#5349,#5350),.UNSPECIFIED.,.F.,
  .F.,(2,2),(4.712388980385,6.28318530718),.PIECEWISE_BEZIER_KNOTS.);
#5349 = CARTESIAN_POINT('',(-1.570796326795,10.16));
#5350 = CARTESIAN_POINT('',(0.,10.16));
#5351 = ( GEOMETRIC_REPRESENTATION_CONTEXT(2) 
PARAMETRIC_REPRESENTATION_CONTEXT() REPRESENTATION_CONTEXT('2D SPACE',''
  ) );
#5352 = ORIENTED_EDGE('',*,*,#5353,.T.);
#5353 = EDGE_CURVE('',#5322,#5354,#5356,.T.);
#5354 = VERTEX_POINT('',#5355);
#5355 = CARTESIAN_POINT('',(150.368,-69.85,97.79));
#5356 = SURFACE_CURVE('',#5357,(#5361,#5368),.PCURVE_S1.);
#5357 = LINE('',#5358,#5359);
#5358 = CARTESIAN_POINT('',(150.368,-69.85,48.26));
#5359 = VECTOR('',#5360,1.);
#5360 = DIRECTION('',(0.,0.,-1.));
#5361 = PCURVE('',#1804,#5362);
#5362 = DEFINITIONAL_REPRESENTATION('',(#5363),#5367);
#5363 = LINE('',#5364,#5365);
#5364 = CARTESIAN_POINT('',(118.618,-41.91));
#5365 = VECTOR('',#5366,1.);
#5366 = DIRECTION('',(0.,1.));
#5367 = ( GEOMETRIC_REPRESENTATION_CONTEXT(2) 
PARAMETRIC_REPRESENTATION_CONTEXT() REPRESENTATION_CONTEXT('2D SPACE',''
  ) );
#5368 = PCURVE('',#5369,#5374);
#5369 = PLANE('',#5370);
#5370 = AXIS2_PLACEMENT_3D('',#5371,#5372,#5373);
#5371 = CARTESIAN_POINT('',(140.208,-69.85,90.17));
#5372 = DIRECTION('',(0.,1.,0.));
#5373 = DIRECTION('',(0.,0.,1.));
#5374 = DEFINITIONAL_REPRESENTATION('',(#5375),#5379);
#5375 = LINE('',#5376,#5377);
#5376 = CARTESIAN_POINT('',(-41.91,10.16));
#5377 = VECTOR('',#5378,1.);
#5378 = DIRECTION('',(-1.,0.));
#5379 = ( GEOMETRIC_REPRESENTATION_CONTEXT(2) 
PARAMETRIC_REPRESENTATION_CONTEXT() REPRESENTATION_CONTEXT('2D SPACE',''
  ) );
#5380 = ORIENTED_EDGE('',*,*,#5381,.T.);
#5381 = EDGE_CURVE('',#5354,#5382,#5384,.T.);
#5382 = VERTEX_POINT('',#5383);
#5383 = CARTESIAN_POINT('',(150.368,-62.23,90.17));
#5384 = SURFACE_CURVE('',#5385,(#5390,#5401),.PCURVE_S1.);
#5385 = CIRCLE('',#5386,7.62);
#5386 = AXIS2_PLACEMENT_3D('',#5387,#5388,#5389);
#5387 = CARTESIAN_POINT('',(150.368,-62.23,97.79));
#5388 = DIRECTION('',(1.,0.,0.));
#5389 = DIRECTION('',(0.,-1.,0.));
#5390 = PCURVE('',#1804,#5391);
#5391 = DEFINITIONAL_REPRESENTATION('',(#5392),#5400);
#5392 = ( BOUNDED_CURVE() B_SPLINE_CURVE(2,(#5393,#5394,#5395,#5396,
#5397,#5398,#5399),.UNSPECIFIED.,.T.,.F.) B_SPLINE_CURVE_WITH_KNOTS((1,2
    ,2,2,2,1),(-2.094395102393,0.,2.094395102393,4.188790204786,
6.28318530718,8.377580409573),.UNSPECIFIED.) CURVE() 
GEOMETRIC_REPRESENTATION_ITEM() RATIONAL_B_SPLINE_CURVE((1.,0.5,1.,0.5,
1.,0.5,1.)) REPRESENTATION_ITEM('') );
#5393 = CARTESIAN_POINT('',(118.618,-91.44));
#5394 = CARTESIAN_POINT('',(118.618,-78.24177284632));
#5395 = CARTESIAN_POINT('',(130.048,-84.84088642316));
#5396 = CARTESIAN_POINT('',(141.478,-91.44));
#5397 = CARTESIAN_POINT('',(130.048,-98.03911357683));
#5398 = CARTESIAN_POINT('',(118.618,-104.6382271536));
#5399 = CARTESIAN_POINT('',(118.618,-91.44));
#5400 = ( GEOMETRIC_REPRESENTATION_CONTEXT(2) 
PARAMETRIC_REPRESENTATION_CONTEXT() REPRESENTATION_CONTEXT('2D SPACE',''
  ) );
#5401 = PCURVE('',#5402,#5407);
#5402 = CYLINDRICAL_SURFACE('',#5403,7.62);
#5403 = AXIS2_PLACEMENT_3D('',#5404,#5405,#5406);
#5404 = CARTESIAN_POINT('',(140.208,-62.23,97.79));
#5405 = DIRECTION('',(1.,0.,0.));
#5406 = DIRECTION('',(0.,-1.,0.));
#5407 = DEFINITIONAL_REPRESENTATION('',(#5408),#5411);
#5408 = B_SPLINE_CURVE_WITH_KNOTS('',1,(#5409,#5410),.UNSPECIFIED.,.F.,
  .F.,(2,2),(0.,1.570796326795),.PIECEWISE_BEZIER_KNOTS.);
#5409 = CARTESIAN_POINT('',(0.,10.16));
#5410 = CARTESIAN_POINT('',(1.570796326795,10.16));
#5411 = ( GEOMETRIC_REPRESENTATION_CONTEXT(2) 
PARAMETRIC_REPRESENTATION_CONTEXT() REPRESENTATION_CONTEXT('2D SPACE',''
  ) );
#5412 = ORIENTED_EDGE('',*,*,#5413,.T.);
#5413 = EDGE_CURVE('',#5382,#5414,#5416,.T.);
#5414 = VERTEX_POINT('',#5415);
#5415 = CARTESIAN_POINT('',(150.368,62.23,90.17));
#5416 = SURFACE_CURVE('',#5417,(#5421,#5428),.PCURVE_S1.);
#5417 = LINE('',#5418,#5419);
#5418 = CARTESIAN_POINT('',(150.368,-129.159,90.17));
#5419 = VECTOR('',#5420,1.);
#5420 = DIRECTION('',(0.,1.,-0.));
#5421 = PCURVE('',#1804,#5422);
#5422 = DEFINITIONAL_REPRESENTATION('',(#5423),#5427);
#5423 = LINE('',#5424,#5425);
#5424 = CARTESIAN_POINT('',(59.309,-83.82));
#5425 = VECTOR('',#5426,1.);
#5426 = DIRECTION('',(1.,0.));
#5427 = ( GEOMETRIC_REPRESENTATION_CONTEXT(2) 
PARAMETRIC_REPRESENTATION_CONTEXT() REPRESENTATION_CONTEXT('2D SPACE',''
  ) );
#5428 = PCURVE('',#5429,#5434);
#5429 = PLANE('',#5430);
#5430 = AXIS2_PLACEMENT_3D('',#5431,#5432,#5433);
#5431 = CARTESIAN_POINT('',(140.208,-69.85,90.17));
#5432 = DIRECTION('',(0.,0.,1.));
#5433 = DIRECTION('',(1.,0.,0.));
#5434 = DEFINITIONAL_REPRESENTATION('',(#5435),#5439);
#5435 = LINE('',#5436,#5437);
#5436 = CARTESIAN_POINT('',(10.16,-59.309));
#5437 = VECTOR('',#5438,1.);
#5438 = DIRECTION('',(0.,1.));
#5439 = ( GEOMETRIC_REPRESENTATION_CONTEXT(2) 
PARAMETRIC_REPRESENTATION_CONTEXT() REPRESENTATION_CONTEXT('2D SPACE',''
  ) );
#5440 = ORIENTED_EDGE('',*,*,#5441,.T.);
#5441 = EDGE_CURVE('',#5414,#5442,#5444,.T.);
#5442 = VERTEX_POINT('',#5443);
#5443 = CARTESIAN_POINT('',(150.368,69.85,97.79));
#5444 = SURFACE_CURVE('',#5445,(#5450,#5461),.PCURVE_S1.);
#5445 = CIRCLE('',#5446,7.62);
#5446 = AXIS2_PLACEMENT_3D('',#5447,#5448,#5449);
#5447 = CARTESIAN_POINT('',(150.368,62.23,97.79));
#5448 = DIRECTION('',(1.,0.,0.));
#5449 = DIRECTION('',(-0.,1.,0.));
#5450 = PCURVE('',#1804,#5451);
#5451 = DEFINITIONAL_REPRESENTATION('',(#5452),#5460);
#5452 = ( BOUNDED_CURVE() B_SPLINE_CURVE(2,(#5453,#5454,#5455,#5456,
#5457,#5458,#5459),.UNSPECIFIED.,.T.,.F.) B_SPLINE_CURVE_WITH_KNOTS((1,2
    ,2,2,2,1),(-2.094395102393,0.,2.094395102393,4.188790204786,
6.28318530718,8.377580409573),.UNSPECIFIED.) CURVE() 
GEOMETRIC_REPRESENTATION_ITEM() RATIONAL_B_SPLINE_CURVE((1.,0.5,1.,0.5,
1.,0.5,1.)) REPRESENTATION_ITEM('') );
#5453 = CARTESIAN_POINT('',(258.318,-91.44));
#5454 = CARTESIAN_POINT('',(258.318,-104.6382271536));
#5455 = CARTESIAN_POINT('',(246.888,-98.03911357683));
#5456 = CARTESIAN_POINT('',(235.458,-91.44));
#5457 = CARTESIAN_POINT('',(246.888,-84.84088642316));
#5458 = CARTESIAN_POINT('',(258.318,-78.24177284632));
#5459 = CARTESIAN_POINT('',(258.318,-91.44));
#5460 = ( GEOMETRIC_REPRESENTATION_CONTEXT(2) 
PARAMETRIC_REPRESENTATION_CONTEXT() REPRESENTATION_CONTEXT('2D SPACE',''
  ) );
#5461 = PCURVE('',#5462,#5467);
#5462 = CYLINDRICAL_SURFACE('',#5463,7.62);
#5463 = AXIS2_PLACEMENT_3D('',#5464,#5465,#5466);
#5464 = CARTESIAN_POINT('',(140.208,62.23,97.79));
#5465 = DIRECTION('',(1.,0.,0.));
#5466 = DIRECTION('',(-0.,1.,0.));
#5467 = DEFINITIONAL_REPRESENTATION('',(#5468),#5471);
#5468 = B_SPLINE_CURVE_WITH_KNOTS('',1,(#5469,#5470),.UNSPECIFIED.,.F.,
  .F.,(2,2),(4.712388980385,6.28318530718),.PIECEWISE_BEZIER_KNOTS.);
#5469 = CARTESIAN_POINT('',(-1.570796326795,10.16));
#5470 = CARTESIAN_POINT('',(0.,10.16));
#5471 = ( GEOMETRIC_REPRESENTATION_CONTEXT(2) 
PARAMETRIC_REPRESENTATION_CONTEXT() REPRESENTATION_CONTEXT('2D SPACE',''
  ) );
#5472 = ORIENTED_EDGE('',*,*,#5473,.F.);
#5473 = EDGE_CURVE('',#5474,#5442,#5476,.T.);
#5474 = VERTEX_POINT('',#5475);
#5475 = CARTESIAN_POINT('',(150.368,69.85,107.95));
#5476 = SURFACE_CURVE('',#5477,(#5481,#5488),.PCURVE_S1.);
#5477 = LINE('',#5478,#5479);
#5478 = CARTESIAN_POINT('',(150.368,69.85,48.26));
#5479 = VECTOR('',#5480,1.);
#5480 = DIRECTION('',(0.,0.,-1.));
#5481 = PCURVE('',#1804,#5482);
#5482 = DEFINITIONAL_REPRESENTATION('',(#5483),#5487);
#5483 = LINE('',#5484,#5485);
#5484 = CARTESIAN_POINT('',(258.318,-41.91));
#5485 = VECTOR('',#5486,1.);
#5486 = DIRECTION('',(0.,1.));
#5487 = ( GEOMETRIC_REPRESENTATION_CONTEXT(2) 
PARAMETRIC_REPRESENTATION_CONTEXT() REPRESENTATION_CONTEXT('2D SPACE',''
  ) );
#5488 = PCURVE('',#5489,#5494);
#5489 = PLANE('',#5490);
#5490 = AXIS2_PLACEMENT_3D('',#5491,#5492,#5493);
#5491 = CARTESIAN_POINT('',(140.208,69.85,90.17));
#5492 = DIRECTION('',(0.,1.,0.));
#5493 = DIRECTION('',(0.,0.,1.));
#5494 = DEFINITIONAL_REPRESENTATION('',(#5495),#5499);
#5495 = LINE('',#5496,#5497);
#5496 = CARTESIAN_POINT('',(-41.91,10.16));
#5497 = VECTOR('',#5498,1.);
#5498 = DIRECTION('',(-1.,0.));
#5499 = ( GEOMETRIC_REPRESENTATION_CONTEXT(2) 
PARAMETRIC_REPRESENTATION_CONTEXT() REPRESENTATION_CONTEXT('2D SPACE',''
  ) );
#5500 = ORIENTED_EDGE('',*,*,#5501,.T.);
#5501 = EDGE_CURVE('',#5474,#5502,#5504,.T.);
#5502 = VERTEX_POINT('',#5503);
#5503 = CARTESIAN_POINT('',(150.368,62.23,115.57));
#5504 = SURFACE_CURVE('',#5505,(#5510,#5521),.PCURVE_S1.);
#5505 = CIRCLE('',#5506,7.62);
#5506 = AXIS2_PLACEMENT_3D('',#5507,#5508,#5509);
#5507 = CARTESIAN_POINT('',(150.368,62.23,107.95));
#5508 = DIRECTION('',(1.,0.,0.));
#5509 = DIRECTION('',(-0.,1.,0.));
#5510 = PCURVE('',#1804,#5511);
#5511 = DEFINITIONAL_REPRESENTATION('',(#5512),#5520);
#5512 = ( BOUNDED_CURVE() B_SPLINE_CURVE(2,(#5513,#5514,#5515,#5516,
#5517,#5518,#5519),.UNSPECIFIED.,.T.,.F.) B_SPLINE_CURVE_WITH_KNOTS((1,2
    ,2,2,2,1),(-2.094395102393,0.,2.094395102393,4.188790204786,
6.28318530718,8.377580409573),.UNSPECIFIED.) CURVE() 
GEOMETRIC_REPRESENTATION_ITEM() RATIONAL_B_SPLINE_CURVE((1.,0.5,1.,0.5,
1.,0.5,1.)) REPRESENTATION_ITEM('') );
#5513 = CARTESIAN_POINT('',(258.318,-101.6));
#5514 = CARTESIAN_POINT('',(258.318,-114.7982271536));
#5515 = CARTESIAN_POINT('',(246.888,-108.1991135768));
#5516 = CARTESIAN_POINT('',(235.458,-101.6));
#5517 = CARTESIAN_POINT('',(246.888,-95.00088642316));
#5518 = CARTESIAN_POINT('',(258.318,-88.40177284632));
#5519 = CARTESIAN_POINT('',(258.318,-101.6));
#5520 = ( GEOMETRIC_REPRESENTATION_CONTEXT(2) 
PARAMETRIC_REPRESENTATION_CONTEXT() REPRESENTATION_CONTEXT('2D SPACE',''
  ) );
#5521 = PCURVE('',#5522,#5527);
#5522 = CYLINDRICAL_SURFACE('',#5523,7.62);
#5523 = AXIS2_PLACEMENT_3D('',#5524,#5525,#5526);
#5524 = CARTESIAN_POINT('',(140.208,62.23,107.95));
#5525 = DIRECTION('',(1.,0.,0.));
#5526 = DIRECTION('',(-0.,1.,0.));
#5527 = DEFINITIONAL_REPRESENTATION('',(#5528),#5531);
#5528 = B_SPLINE_CURVE_WITH_KNOTS('',1,(#5529,#5530),.UNSPECIFIED.,.F.,
  .F.,(2,2),(0.,1.570796326795),.PIECEWISE_BEZIER_KNOTS.);
#5529 = CARTESIAN_POINT('',(0.,10.16));
#5530 = CARTESIAN_POINT('',(1.570796326795,10.16));
#5531 = ( GEOMETRIC_REPRESENTATION_CONTEXT(2) 
PARAMETRIC_REPRESENTATION_CONTEXT() REPRESENTATION_CONTEXT('2D SPACE',''
  ) );
#5532 = ORIENTED_EDGE('',*,*,#5533,.T.);
#5533 = EDGE_CURVE('',#5502,#5534,#5536,.T.);
#5534 = VERTEX_POINT('',#5535);
#5535 = CARTESIAN_POINT('',(150.368,111.125,115.57));
#5536 = SURFACE_CURVE('',#5537,(#5541,#5548),.PCURVE_S1.);
#5537 = LINE('',#5538,#5539);
#5538 = CARTESIAN_POINT('',(150.368,-188.468,115.57));
#5539 = VECTOR('',#5540,1.);
#5540 = DIRECTION('',(0.,1.,0.));
#5541 = PCURVE('',#1804,#5542);
#5542 = DEFINITIONAL_REPRESENTATION('',(#5543),#5547);
#5543 = LINE('',#5544,#5545);
#5544 = CARTESIAN_POINT('',(0.,-109.22));
#5545 = VECTOR('',#5546,1.);
#5546 = DIRECTION('',(1.,0.));
#5547 = ( GEOMETRIC_REPRESENTATION_CONTEXT(2) 
PARAMETRIC_REPRESENTATION_CONTEXT() REPRESENTATION_CONTEXT('2D SPACE',''
  ) );
#5548 = PCURVE('',#3258,#5549);
#5549 = DEFINITIONAL_REPRESENTATION('',(#5550),#5554);
#5550 = LINE('',#5551,#5552);
#5551 = CARTESIAN_POINT('',(150.368,-188.468));
#5552 = VECTOR('',#5553,1.);
#5553 = DIRECTION('',(0.,1.));
#5554 = ( GEOMETRIC_REPRESENTATION_CONTEXT(2) 
PARAMETRIC_REPRESENTATION_CONTEXT() REPRESENTATION_CONTEXT('2D SPACE',''
  ) );
#5555 = ORIENTED_EDGE('',*,*,#5556,.T.);
#5556 = EDGE_CURVE('',#5534,#1789,#5557,.T.);
#5557 = SURFACE_CURVE('',#5558,(#5562,#5569),.PCURVE_S1.);
#5558 = LINE('',#5559,#5560);
#5559 = CARTESIAN_POINT('',(150.368,111.125,6.35));
#5560 = VECTOR('',#5561,1.);
#5561 = DIRECTION('',(0.,0.,-1.));
#5562 = PCURVE('',#1804,#5563);
#5563 = DEFINITIONAL_REPRESENTATION('',(#5564),#5568);
#5564 = LINE('',#5565,#5566);
#5565 = CARTESIAN_POINT('',(299.593,0.));
#5566 = VECTOR('',#5567,1.);
#5567 = DIRECTION('',(0.,1.));
#5568 = ( GEOMETRIC_REPRESENTATION_CONTEXT(2) 
PARAMETRIC_REPRESENTATION_CONTEXT() REPRESENTATION_CONTEXT('2D SPACE',''
  ) );
#5569 = PCURVE('',#1832,#5570);
#5570 = DEFINITIONAL_REPRESENTATION('',(#5571),#5575);
#5571 = LINE('',#5572,#5573);
#5572 = CARTESIAN_POINT('',(0.,1.27));
#5573 = VECTOR('',#5574,1.);
#5574 = DIRECTION('',(-1.,0.));
#5575 = ( GEOMETRIC_REPRESENTATION_CONTEXT(2) 
PARAMETRIC_REPRESENTATION_CONTEXT() REPRESENTATION_CONTEXT('2D SPACE',''
  ) );
#5576 = ADVANCED_FACE('',(#5577),#1832,.F.);
#5577 = FACE_BOUND('',#5578,.F.);
#5578 = EDGE_LOOP('',(#5579,#5580,#5581,#5602));
#5579 = ORIENTED_EDGE('',*,*,#1816,.F.);
#5580 = ORIENTED_EDGE('',*,*,#5556,.F.);
#5581 = ORIENTED_EDGE('',*,*,#5582,.T.);
#5582 = EDGE_CURVE('',#5534,#3220,#5583,.T.);
#5583 = SURFACE_CURVE('',#5584,(#5588,#5595),.PCURVE_S1.);
#5584 = LINE('',#5585,#5586);
#5585 = CARTESIAN_POINT('',(149.098,111.125,115.57));
#5586 = VECTOR('',#5587,1.);
#5587 = DIRECTION('',(1.,0.,0.));
#5588 = PCURVE('',#1832,#5589);
#5589 = DEFINITIONAL_REPRESENTATION('',(#5590),#5594);
#5590 = LINE('',#5591,#5592);
#5591 = CARTESIAN_POINT('',(109.22,0.));
#5592 = VECTOR('',#5593,1.);
#5593 = DIRECTION('',(0.,1.));
#5594 = ( GEOMETRIC_REPRESENTATION_CONTEXT(2) 
PARAMETRIC_REPRESENTATION_CONTEXT() REPRESENTATION_CONTEXT('2D SPACE',''
  ) );
#5595 = PCURVE('',#3258,#5596);
#5596 = DEFINITIONAL_REPRESENTATION('',(#5597),#5601);
#5597 = LINE('',#5598,#5599);
#5598 = CARTESIAN_POINT('',(149.098,111.125));
#5599 = VECTOR('',#5600,1.);
#5600 = DIRECTION('',(1.,0.));
#5601 = ( GEOMETRIC_REPRESENTATION_CONTEXT(2) 
PARAMETRIC_REPRESENTATION_CONTEXT() REPRESENTATION_CONTEXT('2D SPACE',''
  ) );
#5602 = ORIENTED_EDGE('',*,*,#3219,.F.);
#5603 = ADVANCED_FACE('',(#5604),#1883,.T.);
#5604 = FACE_BOUND('',#5605,.T.);
#5605 = EDGE_LOOP('',(#5606,#5607,#5630,#5651));
#5606 = ORIENTED_EDGE('',*,*,#1867,.F.);
#5607 = ORIENTED_EDGE('',*,*,#5608,.F.);
#5608 = EDGE_CURVE('',#5609,#1868,#5611,.T.);
#5609 = VERTEX_POINT('',#5610);
#5610 = CARTESIAN_POINT('',(150.368,117.475,115.57));
#5611 = SURFACE_CURVE('',#5612,(#5616,#5623),.PCURVE_S1.);
#5612 = LINE('',#5613,#5614);
#5613 = CARTESIAN_POINT('',(150.368,117.475,6.35));
#5614 = VECTOR('',#5615,1.);
#5615 = DIRECTION('',(0.,0.,-1.));
#5616 = PCURVE('',#1883,#5617);
#5617 = DEFINITIONAL_REPRESENTATION('',(#5618),#5622);
#5618 = LINE('',#5619,#5620);
#5619 = CARTESIAN_POINT('',(0.,1.27));
#5620 = VECTOR('',#5621,1.);
#5621 = DIRECTION('',(-1.,0.));
#5622 = ( GEOMETRIC_REPRESENTATION_CONTEXT(2) 
PARAMETRIC_REPRESENTATION_CONTEXT() REPRESENTATION_CONTEXT('2D SPACE',''
  ) );
#5623 = PCURVE('',#1911,#5624);
#5624 = DEFINITIONAL_REPRESENTATION('',(#5625),#5629);
#5625 = LINE('',#5626,#5627);
#5626 = CARTESIAN_POINT('',(305.943,0.));
#5627 = VECTOR('',#5628,1.);
#5628 = DIRECTION('',(0.,1.));
#5629 = ( GEOMETRIC_REPRESENTATION_CONTEXT(2) 
PARAMETRIC_REPRESENTATION_CONTEXT() REPRESENTATION_CONTEXT('2D SPACE',''
  ) );
#5630 = ORIENTED_EDGE('',*,*,#5631,.T.);
#5631 = EDGE_CURVE('',#5609,#3170,#5632,.T.);
#5632 = SURFACE_CURVE('',#5633,(#5637,#5644),.PCURVE_S1.);
#5633 = LINE('',#5634,#5635);
#5634 = CARTESIAN_POINT('',(149.098,117.475,115.57));
#5635 = VECTOR('',#5636,1.);
#5636 = DIRECTION('',(1.,0.,0.));
#5637 = PCURVE('',#1883,#5638);
#5638 = DEFINITIONAL_REPRESENTATION('',(#5639),#5643);
#5639 = LINE('',#5640,#5641);
#5640 = CARTESIAN_POINT('',(109.22,0.));
#5641 = VECTOR('',#5642,1.);
#5642 = DIRECTION('',(0.,1.));
#5643 = ( GEOMETRIC_REPRESENTATION_CONTEXT(2) 
PARAMETRIC_REPRESENTATION_CONTEXT() REPRESENTATION_CONTEXT('2D SPACE',''
  ) );
#5644 = PCURVE('',#3185,#5645);
#5645 = DEFINITIONAL_REPRESENTATION('',(#5646),#5650);
#5646 = LINE('',#5647,#5648);
#5647 = CARTESIAN_POINT('',(149.098,117.475));
#5648 = VECTOR('',#5649,1.);
#5649 = DIRECTION('',(1.,0.));
#5650 = ( GEOMETRIC_REPRESENTATION_CONTEXT(2) 
PARAMETRIC_REPRESENTATION_CONTEXT() REPRESENTATION_CONTEXT('2D SPACE',''
  ) );
#5651 = ORIENTED_EDGE('',*,*,#3197,.F.);
#5652 = ADVANCED_FACE('',(#5653),#1911,.F.);
#5653 = FACE_BOUND('',#5654,.F.);
#5654 = EDGE_LOOP('',(#5655,#5656,#5657,#5680));
#5655 = ORIENTED_EDGE('',*,*,#1895,.F.);
#5656 = ORIENTED_EDGE('',*,*,#5608,.F.);
#5657 = ORIENTED_EDGE('',*,*,#5658,.T.);
#5658 = EDGE_CURVE('',#5609,#5659,#5661,.T.);
#5659 = VERTEX_POINT('',#5660);
#5660 = CARTESIAN_POINT('',(150.368,177.8,115.57));
#5661 = SURFACE_CURVE('',#5662,(#5666,#5673),.PCURVE_S1.);
#5662 = LINE('',#5663,#5664);
#5663 = CARTESIAN_POINT('',(150.368,-188.468,115.57));
#5664 = VECTOR('',#5665,1.);
#5665 = DIRECTION('',(0.,1.,0.));
#5666 = PCURVE('',#1911,#5667);
#5667 = DEFINITIONAL_REPRESENTATION('',(#5668),#5672);
#5668 = LINE('',#5669,#5670);
#5669 = CARTESIAN_POINT('',(0.,-109.22));
#5670 = VECTOR('',#5671,1.);
#5671 = DIRECTION('',(1.,0.));
#5672 = ( GEOMETRIC_REPRESENTATION_CONTEXT(2) 
PARAMETRIC_REPRESENTATION_CONTEXT() REPRESENTATION_CONTEXT('2D SPACE',''
  ) );
#5673 = PCURVE('',#3185,#5674);
#5674 = DEFINITIONAL_REPRESENTATION('',(#5675),#5679);
#5675 = LINE('',#5676,#5677);
#5676 = CARTESIAN_POINT('',(150.368,-188.468));
#5677 = VECTOR('',#5678,1.);
#5678 = DIRECTION('',(0.,1.));
#5679 = ( GEOMETRIC_REPRESENTATION_CONTEXT(2) 
PARAMETRIC_REPRESENTATION_CONTEXT() REPRESENTATION_CONTEXT('2D SPACE',''
  ) );
#5680 = ORIENTED_EDGE('',*,*,#5681,.F.);
#5681 = EDGE_CURVE('',#1896,#5659,#5682,.T.);
#5682 = SURFACE_CURVE('',#5683,(#5687,#5694),.PCURVE_S1.);
#5683 = LINE('',#5684,#5685);
#5684 = CARTESIAN_POINT('',(150.368,177.8,6.35));
#5685 = VECTOR('',#5686,1.);
#5686 = DIRECTION('',(0.,0.,1.));
#5687 = PCURVE('',#1911,#5688);
#5688 = DEFINITIONAL_REPRESENTATION('',(#5689),#5693);
#5689 = LINE('',#5690,#5691);
#5690 = CARTESIAN_POINT('',(366.268,0.));
#5691 = VECTOR('',#5692,1.);
#5692 = DIRECTION('',(0.,-1.));
#5693 = ( GEOMETRIC_REPRESENTATION_CONTEXT(2) 
PARAMETRIC_REPRESENTATION_CONTEXT() REPRESENTATION_CONTEXT('2D SPACE',''
  ) );
#5694 = PCURVE('',#1940,#5695);
#5695 = DEFINITIONAL_REPRESENTATION('',(#5696),#5699);
#5696 = B_SPLINE_CURVE_WITH_KNOTS('',1,(#5697,#5698),.UNSPECIFIED.,.F.,
  .F.,(2,2),(0.,109.22),.PIECEWISE_BEZIER_KNOTS.);
#5697 = CARTESIAN_POINT('',(0.,0.));
#5698 = CARTESIAN_POINT('',(0.,109.22));
#5699 = ( GEOMETRIC_REPRESENTATION_CONTEXT(2) 
PARAMETRIC_REPRESENTATION_CONTEXT() REPRESENTATION_CONTEXT('2D SPACE',''
  ) );
#5700 = ADVANCED_FACE('',(#5701),#1940,.T.);
#5701 = FACE_BOUND('',#5702,.T.);
#5702 = EDGE_LOOP('',(#5703,#5704,#5726,#5747));
#5703 = ORIENTED_EDGE('',*,*,#1923,.T.);
#5704 = ORIENTED_EDGE('',*,*,#5705,.T.);
#5705 = EDGE_CURVE('',#1924,#5706,#5708,.T.);
#5706 = VERTEX_POINT('',#5707);
#5707 = CARTESIAN_POINT('',(139.7,188.468,115.57));
#5708 = SURFACE_CURVE('',#5709,(#5713,#5719),.PCURVE_S1.);
#5709 = LINE('',#5710,#5711);
#5710 = CARTESIAN_POINT('',(139.7,188.468,6.35));
#5711 = VECTOR('',#5712,1.);
#5712 = DIRECTION('',(0.,0.,1.));
#5713 = PCURVE('',#1940,#5714);
#5714 = DEFINITIONAL_REPRESENTATION('',(#5715),#5718);
#5715 = B_SPLINE_CURVE_WITH_KNOTS('',1,(#5716,#5717),.UNSPECIFIED.,.F.,
  .F.,(2,2),(0.,109.22),.PIECEWISE_BEZIER_KNOTS.);
#5716 = CARTESIAN_POINT('',(1.570796326795,0.));
#5717 = CARTESIAN_POINT('',(1.570796326795,109.22));
#5718 = ( GEOMETRIC_REPRESENTATION_CONTEXT(2) 
PARAMETRIC_REPRESENTATION_CONTEXT() REPRESENTATION_CONTEXT('2D SPACE',''
  ) );
#5719 = PCURVE('',#1967,#5720);
#5720 = DEFINITIONAL_REPRESENTATION('',(#5721),#5725);
#5721 = LINE('',#5722,#5723);
#5722 = CARTESIAN_POINT('',(10.668,0.));
#5723 = VECTOR('',#5724,1.);
#5724 = DIRECTION('',(0.,-1.));
#5725 = ( GEOMETRIC_REPRESENTATION_CONTEXT(2) 
PARAMETRIC_REPRESENTATION_CONTEXT() REPRESENTATION_CONTEXT('2D SPACE',''
  ) );
#5726 = ORIENTED_EDGE('',*,*,#5727,.F.);
#5727 = EDGE_CURVE('',#5659,#5706,#5728,.T.);
#5728 = SURFACE_CURVE('',#5729,(#5734,#5740),.PCURVE_S1.);
#5729 = CIRCLE('',#5730,10.668);
#5730 = AXIS2_PLACEMENT_3D('',#5731,#5732,#5733);
#5731 = CARTESIAN_POINT('',(139.7,177.8,115.57));
#5732 = DIRECTION('',(0.,0.,1.));
#5733 = DIRECTION('',(0.,-1.,0.));
#5734 = PCURVE('',#1940,#5735);
#5735 = DEFINITIONAL_REPRESENTATION('',(#5736),#5739);
#5736 = B_SPLINE_CURVE_WITH_KNOTS('',1,(#5737,#5738),.UNSPECIFIED.,.F.,
  .F.,(2,2),(1.570796326795,3.14159265359),.PIECEWISE_BEZIER_KNOTS.);
#5737 = CARTESIAN_POINT('',(0.,109.22));
#5738 = CARTESIAN_POINT('',(1.570796326795,109.22));
#5739 = ( GEOMETRIC_REPRESENTATION_CONTEXT(2) 
PARAMETRIC_REPRESENTATION_CONTEXT() REPRESENTATION_CONTEXT('2D SPACE',''
  ) );
#5740 = PCURVE('',#3185,#5741);
#5741 = DEFINITIONAL_REPRESENTATION('',(#5742),#5746);
#5742 = CIRCLE('',#5743,10.668);
#5743 = AXIS2_PLACEMENT_2D('',#5744,#5745);
#5744 = CARTESIAN_POINT('',(139.7,177.8));
#5745 = DIRECTION('',(0.,-1.));
#5746 = ( GEOMETRIC_REPRESENTATION_CONTEXT(2) 
PARAMETRIC_REPRESENTATION_CONTEXT() REPRESENTATION_CONTEXT('2D SPACE',''
  ) );
#5747 = ORIENTED_EDGE('',*,*,#5681,.F.);
#5748 = ADVANCED_FACE('',(#5749),#1967,.F.);
#5749 = FACE_BOUND('',#5750,.F.);
#5750 = EDGE_LOOP('',(#5751,#5752,#5753,#5776));
#5751 = ORIENTED_EDGE('',*,*,#1951,.F.);
#5752 = ORIENTED_EDGE('',*,*,#5705,.T.);
#5753 = ORIENTED_EDGE('',*,*,#5754,.T.);
#5754 = EDGE_CURVE('',#5706,#5755,#5757,.T.);
#5755 = VERTEX_POINT('',#5756);
#5756 = CARTESIAN_POINT('',(92.075,188.468,115.57));
#5757 = SURFACE_CURVE('',#5758,(#5762,#5769),.PCURVE_S1.);
#5758 = LINE('',#5759,#5760);
#5759 = CARTESIAN_POINT('',(150.368,188.468,115.57));
#5760 = VECTOR('',#5761,1.);
#5761 = DIRECTION('',(-1.,0.,0.));
#5762 = PCURVE('',#1967,#5763);
#5763 = DEFINITIONAL_REPRESENTATION('',(#5764),#5768);
#5764 = LINE('',#5765,#5766);
#5765 = CARTESIAN_POINT('',(0.,-109.22));
#5766 = VECTOR('',#5767,1.);
#5767 = DIRECTION('',(1.,0.));
#5768 = ( GEOMETRIC_REPRESENTATION_CONTEXT(2) 
PARAMETRIC_REPRESENTATION_CONTEXT() REPRESENTATION_CONTEXT('2D SPACE',''
  ) );
#5769 = PCURVE('',#3185,#5770);
#5770 = DEFINITIONAL_REPRESENTATION('',(#5771),#5775);
#5771 = LINE('',#5772,#5773);
#5772 = CARTESIAN_POINT('',(150.368,188.468));
#5773 = VECTOR('',#5774,1.);
#5774 = DIRECTION('',(-1.,0.));
#5775 = ( GEOMETRIC_REPRESENTATION_CONTEXT(2) 
PARAMETRIC_REPRESENTATION_CONTEXT() REPRESENTATION_CONTEXT('2D SPACE',''
  ) );
#5776 = ORIENTED_EDGE('',*,*,#5777,.F.);
#5777 = EDGE_CURVE('',#1952,#5755,#5778,.T.);
#5778 = SURFACE_CURVE('',#5779,(#5783,#5790),.PCURVE_S1.);
#5779 = LINE('',#5780,#5781);
#5780 = CARTESIAN_POINT('',(92.075,188.468,6.35));
#5781 = VECTOR('',#5782,1.);
#5782 = DIRECTION('',(-0.,0.,1.));
#5783 = PCURVE('',#1967,#5784);
#5784 = DEFINITIONAL_REPRESENTATION('',(#5785),#5789);
#5785 = LINE('',#5786,#5787);
#5786 = CARTESIAN_POINT('',(58.293,0.));
#5787 = VECTOR('',#5788,1.);
#5788 = DIRECTION('',(0.,-1.));
#5789 = ( GEOMETRIC_REPRESENTATION_CONTEXT(2) 
PARAMETRIC_REPRESENTATION_CONTEXT() REPRESENTATION_CONTEXT('2D SPACE',''
  ) );
#5790 = PCURVE('',#1995,#5791);
#5791 = DEFINITIONAL_REPRESENTATION('',(#5792),#5796);
#5792 = LINE('',#5793,#5794);
#5793 = CARTESIAN_POINT('',(0.,-1.27));
#5794 = VECTOR('',#5795,1.);
#5795 = DIRECTION('',(1.,0.));
#5796 = ( GEOMETRIC_REPRESENTATION_CONTEXT(2) 
PARAMETRIC_REPRESENTATION_CONTEXT() REPRESENTATION_CONTEXT('2D SPACE',''
  ) );
#5797 = ADVANCED_FACE('',(#5798),#1995,.T.);
#5798 = FACE_BOUND('',#5799,.T.);
#5799 = EDGE_LOOP('',(#5800,#5821,#5822,#5823));
#5800 = ORIENTED_EDGE('',*,*,#5801,.F.);
#5801 = EDGE_CURVE('',#5755,#3413,#5802,.T.);
#5802 = SURFACE_CURVE('',#5803,(#5807,#5814),.PCURVE_S1.);
#5803 = LINE('',#5804,#5805);
#5804 = CARTESIAN_POINT('',(92.075,187.198,115.57));
#5805 = VECTOR('',#5806,1.);
#5806 = DIRECTION('',(0.,1.,0.));
#5807 = PCURVE('',#1995,#5808);
#5808 = DEFINITIONAL_REPRESENTATION('',(#5809),#5813);
#5809 = LINE('',#5810,#5811);
#5810 = CARTESIAN_POINT('',(109.22,0.));
#5811 = VECTOR('',#5812,1.);
#5812 = DIRECTION('',(0.,-1.));
#5813 = ( GEOMETRIC_REPRESENTATION_CONTEXT(2) 
PARAMETRIC_REPRESENTATION_CONTEXT() REPRESENTATION_CONTEXT('2D SPACE',''
  ) );
#5814 = PCURVE('',#3185,#5815);
#5815 = DEFINITIONAL_REPRESENTATION('',(#5816),#5820);
#5816 = LINE('',#5817,#5818);
#5817 = CARTESIAN_POINT('',(92.075,187.198));
#5818 = VECTOR('',#5819,1.);
#5819 = DIRECTION('',(0.,1.));
#5820 = ( GEOMETRIC_REPRESENTATION_CONTEXT(2) 
PARAMETRIC_REPRESENTATION_CONTEXT() REPRESENTATION_CONTEXT('2D SPACE',''
  ) );
#5821 = ORIENTED_EDGE('',*,*,#5777,.F.);
#5822 = ORIENTED_EDGE('',*,*,#1979,.T.);
#5823 = ORIENTED_EDGE('',*,*,#3556,.T.);
#5824 = ADVANCED_FACE('',(#5825),#2046,.F.);
#5825 = FACE_BOUND('',#5826,.F.);
#5826 = EDGE_LOOP('',(#5827,#5850,#5871,#5872));
#5827 = ORIENTED_EDGE('',*,*,#5828,.F.);
#5828 = EDGE_CURVE('',#5829,#3507,#5831,.T.);
#5829 = VERTEX_POINT('',#5830);
#5830 = CARTESIAN_POINT('',(85.725,188.468,115.57));
#5831 = SURFACE_CURVE('',#5832,(#5836,#5843),.PCURVE_S1.);
#5832 = LINE('',#5833,#5834);
#5833 = CARTESIAN_POINT('',(85.725,187.198,115.57));
#5834 = VECTOR('',#5835,1.);
#5835 = DIRECTION('',(0.,1.,0.));
#5836 = PCURVE('',#2046,#5837);
#5837 = DEFINITIONAL_REPRESENTATION('',(#5838),#5842);
#5838 = LINE('',#5839,#5840);
#5839 = CARTESIAN_POINT('',(109.22,0.));
#5840 = VECTOR('',#5841,1.);
#5841 = DIRECTION('',(0.,-1.));
#5842 = ( GEOMETRIC_REPRESENTATION_CONTEXT(2) 
PARAMETRIC_REPRESENTATION_CONTEXT() REPRESENTATION_CONTEXT('2D SPACE',''
  ) );
#5843 = PCURVE('',#3522,#5844);
#5844 = DEFINITIONAL_REPRESENTATION('',(#5845),#5849);
#5845 = LINE('',#5846,#5847);
#5846 = CARTESIAN_POINT('',(85.725,187.198));
#5847 = VECTOR('',#5848,1.);
#5848 = DIRECTION('',(0.,1.));
#5849 = ( GEOMETRIC_REPRESENTATION_CONTEXT(2) 
PARAMETRIC_REPRESENTATION_CONTEXT() REPRESENTATION_CONTEXT('2D SPACE',''
  ) );
#5850 = ORIENTED_EDGE('',*,*,#5851,.F.);
#5851 = EDGE_CURVE('',#2031,#5829,#5852,.T.);
#5852 = SURFACE_CURVE('',#5853,(#5857,#5864),.PCURVE_S1.);
#5853 = LINE('',#5854,#5855);
#5854 = CARTESIAN_POINT('',(85.725,188.468,6.35));
#5855 = VECTOR('',#5856,1.);
#5856 = DIRECTION('',(-0.,0.,1.));
#5857 = PCURVE('',#2046,#5858);
#5858 = DEFINITIONAL_REPRESENTATION('',(#5859),#5863);
#5859 = LINE('',#5860,#5861);
#5860 = CARTESIAN_POINT('',(0.,-1.27));
#5861 = VECTOR('',#5862,1.);
#5862 = DIRECTION('',(1.,0.));
#5863 = ( GEOMETRIC_REPRESENTATION_CONTEXT(2) 
PARAMETRIC_REPRESENTATION_CONTEXT() REPRESENTATION_CONTEXT('2D SPACE',''
  ) );
#5864 = PCURVE('',#2074,#5865);
#5865 = DEFINITIONAL_REPRESENTATION('',(#5866),#5870);
#5866 = LINE('',#5867,#5868);
#5867 = CARTESIAN_POINT('',(64.643,0.));
#5868 = VECTOR('',#5869,1.);
#5869 = DIRECTION('',(0.,-1.));
#5870 = ( GEOMETRIC_REPRESENTATION_CONTEXT(2) 
PARAMETRIC_REPRESENTATION_CONTEXT() REPRESENTATION_CONTEXT('2D SPACE',''
  ) );
#5871 = ORIENTED_EDGE('',*,*,#2030,.T.);
#5872 = ORIENTED_EDGE('',*,*,#3534,.T.);
#5873 = ADVANCED_FACE('',(#5874,#5922),#2074,.F.);
#5874 = FACE_BOUND('',#5875,.F.);
#5875 = EDGE_LOOP('',(#5876,#5877,#5878,#5901));
#5876 = ORIENTED_EDGE('',*,*,#2058,.F.);
#5877 = ORIENTED_EDGE('',*,*,#5851,.T.);
#5878 = ORIENTED_EDGE('',*,*,#5879,.T.);
#5879 = EDGE_CURVE('',#5829,#5880,#5882,.T.);
#5880 = VERTEX_POINT('',#5881);
#5881 = CARTESIAN_POINT('',(-85.725,188.468,115.57));
#5882 = SURFACE_CURVE('',#5883,(#5887,#5894),.PCURVE_S1.);
#5883 = LINE('',#5884,#5885);
#5884 = CARTESIAN_POINT('',(150.368,188.468,115.57));
#5885 = VECTOR('',#5886,1.);
#5886 = DIRECTION('',(-1.,0.,0.));
#5887 = PCURVE('',#2074,#5888);
#5888 = DEFINITIONAL_REPRESENTATION('',(#5889),#5893);
#5889 = LINE('',#5890,#5891);
#5890 = CARTESIAN_POINT('',(0.,-109.22));
#5891 = VECTOR('',#5892,1.);
#5892 = DIRECTION('',(1.,0.));
#5893 = ( GEOMETRIC_REPRESENTATION_CONTEXT(2) 
PARAMETRIC_REPRESENTATION_CONTEXT() REPRESENTATION_CONTEXT('2D SPACE',''
  ) );
#5894 = PCURVE('',#3522,#5895);
#5895 = DEFINITIONAL_REPRESENTATION('',(#5896),#5900);
#5896 = LINE('',#5897,#5898);
#5897 = CARTESIAN_POINT('',(150.368,188.468));
#5898 = VECTOR('',#5899,1.);
#5899 = DIRECTION('',(-1.,0.));
#5900 = ( GEOMETRIC_REPRESENTATION_CONTEXT(2) 
PARAMETRIC_REPRESENTATION_CONTEXT() REPRESENTATION_CONTEXT('2D SPACE',''
  ) );
#5901 = ORIENTED_EDGE('',*,*,#5902,.F.);
#5902 = EDGE_CURVE('',#2059,#5880,#5903,.T.);
#5903 = SURFACE_CURVE('',#5904,(#5908,#5915),.PCURVE_S1.);
#5904 = LINE('',#5905,#5906);
#5905 = CARTESIAN_POINT('',(-85.725,188.468,6.35));
#5906 = VECTOR('',#5907,1.);
#5907 = DIRECTION('',(-0.,0.,1.));
#5908 = PCURVE('',#2074,#5909);
#5909 = DEFINITIONAL_REPRESENTATION('',(#5910),#5914);
#5910 = LINE('',#5911,#5912);
#5911 = CARTESIAN_POINT('',(236.093,0.));
#5912 = VECTOR('',#5913,1.);
#5913 = DIRECTION('',(0.,-1.));
#5914 = ( GEOMETRIC_REPRESENTATION_CONTEXT(2) 
PARAMETRIC_REPRESENTATION_CONTEXT() REPRESENTATION_CONTEXT('2D SPACE',''
  ) );
#5915 = PCURVE('',#2102,#5916);
#5916 = DEFINITIONAL_REPRESENTATION('',(#5917),#5921);
#5917 = LINE('',#5918,#5919);
#5918 = CARTESIAN_POINT('',(0.,-1.27));
#5919 = VECTOR('',#5920,1.);
#5920 = DIRECTION('',(1.,0.));
#5921 = ( GEOMETRIC_REPRESENTATION_CONTEXT(2) 
PARAMETRIC_REPRESENTATION_CONTEXT() REPRESENTATION_CONTEXT('2D SPACE',''
  ) );
#5922 = FACE_BOUND('',#5923,.F.);
#5923 = EDGE_LOOP('',(#5924,#5958,#5986,#6018,#6046,#6078,#6106,#6138));
#5924 = ORIENTED_EDGE('',*,*,#5925,.T.);
#5925 = EDGE_CURVE('',#5926,#5928,#5930,.T.);
#5926 = VERTEX_POINT('',#5927);
#5927 = CARTESIAN_POINT('',(-59.69,188.468,30.099));
#5928 = VERTEX_POINT('',#5929);
#5929 = CARTESIAN_POINT('',(-63.5,188.468,33.909));
#5930 = SURFACE_CURVE('',#5931,(#5936,#5947),.PCURVE_S1.);
#5931 = CIRCLE('',#5932,3.81);
#5932 = AXIS2_PLACEMENT_3D('',#5933,#5934,#5935);
#5933 = CARTESIAN_POINT('',(-59.69,188.468,33.909));
#5934 = DIRECTION('',(0.,1.,0.));
#5935 = DIRECTION('',(-1.,0.,0.));
#5936 = PCURVE('',#2074,#5937);
#5937 = DEFINITIONAL_REPRESENTATION('',(#5938),#5946);
#5938 = ( BOUNDED_CURVE() B_SPLINE_CURVE(2,(#5939,#5940,#5941,#5942,
#5943,#5944,#5945),.UNSPECIFIED.,.T.,.F.) B_SPLINE_CURVE_WITH_KNOTS((1,2
    ,2,2,2,1),(-2.094395102393,0.,2.094395102393,4.188790204786,
6.28318530718,8.377580409573),.UNSPECIFIED.) CURVE() 
GEOMETRIC_REPRESENTATION_ITEM() RATIONAL_B_SPLINE_CURVE((1.,0.5,1.,0.5,
1.,0.5,1.)) REPRESENTATION_ITEM('') );
#5939 = CARTESIAN_POINT('',(213.868,-27.559));
#5940 = CARTESIAN_POINT('',(213.868,-34.15811357683));
#5941 = CARTESIAN_POINT('',(208.153,-30.85855678841));
#5942 = CARTESIAN_POINT('',(202.438,-27.559));
#5943 = CARTESIAN_POINT('',(208.153,-24.25944321158));
#5944 = CARTESIAN_POINT('',(213.868,-20.95988642316));
#5945 = CARTESIAN_POINT('',(213.868,-27.559));
#5946 = ( GEOMETRIC_REPRESENTATION_CONTEXT(2) 
PARAMETRIC_REPRESENTATION_CONTEXT() REPRESENTATION_CONTEXT('2D SPACE',''
  ) );
#5947 = PCURVE('',#5948,#5953);
#5948 = CYLINDRICAL_SURFACE('',#5949,3.81);
#5949 = AXIS2_PLACEMENT_3D('',#5950,#5951,#5952);
#5950 = CARTESIAN_POINT('',(-59.69,187.452,33.909));
#5951 = DIRECTION('',(0.,1.,0.));
#5952 = DIRECTION('',(-1.,0.,0.));
#5953 = DEFINITIONAL_REPRESENTATION('',(#5954),#5957);
#5954 = B_SPLINE_CURVE_WITH_KNOTS('',1,(#5955,#5956),.UNSPECIFIED.,.F.,
  .F.,(2,2),(4.712388980385,6.28318530718),.PIECEWISE_BEZIER_KNOTS.);
#5955 = CARTESIAN_POINT('',(-1.570796326795,1.016));
#5956 = CARTESIAN_POINT('',(0.,1.016));
#5957 = ( GEOMETRIC_REPRESENTATION_CONTEXT(2) 
PARAMETRIC_REPRESENTATION_CONTEXT() REPRESENTATION_CONTEXT('2D SPACE',''
  ) );
#5958 = ORIENTED_EDGE('',*,*,#5959,.T.);
#5959 = EDGE_CURVE('',#5928,#5960,#5962,.T.);
#5960 = VERTEX_POINT('',#5961);
#5961 = CARTESIAN_POINT('',(-63.5,188.468,77.089));
#5962 = SURFACE_CURVE('',#5963,(#5967,#5974),.PCURVE_S1.);
#5963 = LINE('',#5964,#5965);
#5964 = CARTESIAN_POINT('',(-63.5,188.468,18.2245));
#5965 = VECTOR('',#5966,1.);
#5966 = DIRECTION('',(-0.,0.,1.));
#5967 = PCURVE('',#2074,#5968);
#5968 = DEFINITIONAL_REPRESENTATION('',(#5969),#5973);
#5969 = LINE('',#5970,#5971);
#5970 = CARTESIAN_POINT('',(213.868,-11.8745));
#5971 = VECTOR('',#5972,1.);
#5972 = DIRECTION('',(0.,-1.));
#5973 = ( GEOMETRIC_REPRESENTATION_CONTEXT(2) 
PARAMETRIC_REPRESENTATION_CONTEXT() REPRESENTATION_CONTEXT('2D SPACE',''
  ) );
#5974 = PCURVE('',#5975,#5980);
#5975 = PLANE('',#5976);
#5976 = AXIS2_PLACEMENT_3D('',#5977,#5978,#5979);
#5977 = CARTESIAN_POINT('',(-63.5,187.452,30.099));
#5978 = DIRECTION('',(1.,0.,0.));
#5979 = DIRECTION('',(0.,0.,1.));
#5980 = DEFINITIONAL_REPRESENTATION('',(#5981),#5985);
#5981 = LINE('',#5982,#5983);
#5982 = CARTESIAN_POINT('',(-11.8745,-1.016));
#5983 = VECTOR('',#5984,1.);
#5984 = DIRECTION('',(1.,0.));
#5985 = ( GEOMETRIC_REPRESENTATION_CONTEXT(2) 
PARAMETRIC_REPRESENTATION_CONTEXT() REPRESENTATION_CONTEXT('2D SPACE',''
  ) );
#5986 = ORIENTED_EDGE('',*,*,#5987,.T.);
#5987 = EDGE_CURVE('',#5960,#5988,#5990,.T.);
#5988 = VERTEX_POINT('',#5989);
#5989 = CARTESIAN_POINT('',(-59.69,188.468,80.899));
#5990 = SURFACE_CURVE('',#5991,(#5996,#6007),.PCURVE_S1.);
#5991 = CIRCLE('',#5992,3.81);
#5992 = AXIS2_PLACEMENT_3D('',#5993,#5994,#5995);
#5993 = CARTESIAN_POINT('',(-59.69,188.468,77.089));
#5994 = DIRECTION('',(0.,1.,0.));
#5995 = DIRECTION('',(-1.,0.,0.));
#5996 = PCURVE('',#2074,#5997);
#5997 = DEFINITIONAL_REPRESENTATION('',(#5998),#6006);
#5998 = ( BOUNDED_CURVE() B_SPLINE_CURVE(2,(#5999,#6000,#6001,#6002,
#6003,#6004,#6005),.UNSPECIFIED.,.T.,.F.) B_SPLINE_CURVE_WITH_KNOTS((1,2
    ,2,2,2,1),(-2.094395102393,0.,2.094395102393,4.188790204786,
6.28318530718,8.377580409573),.UNSPECIFIED.) CURVE() 
GEOMETRIC_REPRESENTATION_ITEM() RATIONAL_B_SPLINE_CURVE((1.,0.5,1.,0.5,
1.,0.5,1.)) REPRESENTATION_ITEM('') );
#5999 = CARTESIAN_POINT('',(213.868,-70.739));
#6000 = CARTESIAN_POINT('',(213.868,-77.33811357683));
#6001 = CARTESIAN_POINT('',(208.153,-74.03855678841));
#6002 = CARTESIAN_POINT('',(202.438,-70.739));
#6003 = CARTESIAN_POINT('',(208.153,-67.43944321158));
#6004 = CARTESIAN_POINT('',(213.868,-64.13988642316));
#6005 = CARTESIAN_POINT('',(213.868,-70.739));
#6006 = ( GEOMETRIC_REPRESENTATION_CONTEXT(2) 
PARAMETRIC_REPRESENTATION_CONTEXT() REPRESENTATION_CONTEXT('2D SPACE',''
  ) );
#6007 = PCURVE('',#6008,#6013);
#6008 = CYLINDRICAL_SURFACE('',#6009,3.81);
#6009 = AXIS2_PLACEMENT_3D('',#6010,#6011,#6012);
#6010 = CARTESIAN_POINT('',(-59.69,187.452,77.089));
#6011 = DIRECTION('',(0.,1.,0.));
#6012 = DIRECTION('',(-1.,0.,0.));
#6013 = DEFINITIONAL_REPRESENTATION('',(#6014),#6017);
#6014 = B_SPLINE_CURVE_WITH_KNOTS('',1,(#6015,#6016),.UNSPECIFIED.,.F.,
  .F.,(2,2),(0.,1.570796326795),.PIECEWISE_BEZIER_KNOTS.);
#6015 = CARTESIAN_POINT('',(0.,1.016));
#6016 = CARTESIAN_POINT('',(1.570796326795,1.016));
#6017 = ( GEOMETRIC_REPRESENTATION_CONTEXT(2) 
PARAMETRIC_REPRESENTATION_CONTEXT() REPRESENTATION_CONTEXT('2D SPACE',''
  ) );
#6018 = ORIENTED_EDGE('',*,*,#6019,.F.);
#6019 = EDGE_CURVE('',#6020,#5988,#6022,.T.);
#6020 = VERTEX_POINT('',#6021);
#6021 = CARTESIAN_POINT('',(59.69,188.468,80.899));
#6022 = SURFACE_CURVE('',#6023,(#6027,#6034),.PCURVE_S1.);
#6023 = LINE('',#6024,#6025);
#6024 = CARTESIAN_POINT('',(43.434,188.468,80.899));
#6025 = VECTOR('',#6026,1.);
#6026 = DIRECTION('',(-1.,0.,0.));
#6027 = PCURVE('',#2074,#6028);
#6028 = DEFINITIONAL_REPRESENTATION('',(#6029),#6033);
#6029 = LINE('',#6030,#6031);
#6030 = CARTESIAN_POINT('',(106.934,-74.549));
#6031 = VECTOR('',#6032,1.);
#6032 = DIRECTION('',(1.,0.));
#6033 = ( GEOMETRIC_REPRESENTATION_CONTEXT(2) 
PARAMETRIC_REPRESENTATION_CONTEXT() REPRESENTATION_CONTEXT('2D SPACE',''
  ) );
#6034 = PCURVE('',#6035,#6040);
#6035 = PLANE('',#6036);
#6036 = AXIS2_PLACEMENT_3D('',#6037,#6038,#6039);
#6037 = CARTESIAN_POINT('',(-63.5,187.452,80.899));
#6038 = DIRECTION('',(0.,0.,1.));
#6039 = DIRECTION('',(1.,0.,0.));
#6040 = DEFINITIONAL_REPRESENTATION('',(#6041),#6045);
#6041 = LINE('',#6042,#6043);
#6042 = CARTESIAN_POINT('',(106.934,1.016));
#6043 = VECTOR('',#6044,1.);
#6044 = DIRECTION('',(-1.,0.));
#6045 = ( GEOMETRIC_REPRESENTATION_CONTEXT(2) 
PARAMETRIC_REPRESENTATION_CONTEXT() REPRESENTATION_CONTEXT('2D SPACE',''
  ) );
#6046 = ORIENTED_EDGE('',*,*,#6047,.T.);
#6047 = EDGE_CURVE('',#6020,#6048,#6050,.T.);
#6048 = VERTEX_POINT('',#6049);
#6049 = CARTESIAN_POINT('',(63.5,188.468,77.089));
#6050 = SURFACE_CURVE('',#6051,(#6056,#6067),.PCURVE_S1.);
#6051 = CIRCLE('',#6052,3.81);
#6052 = AXIS2_PLACEMENT_3D('',#6053,#6054,#6055);
#6053 = CARTESIAN_POINT('',(59.69,188.468,77.089));
#6054 = DIRECTION('',(0.,1.,0.));
#6055 = DIRECTION('',(1.,0.,-0.));
#6056 = PCURVE('',#2074,#6057);
#6057 = DEFINITIONAL_REPRESENTATION('',(#6058),#6066);
#6058 = ( BOUNDED_CURVE() B_SPLINE_CURVE(2,(#6059,#6060,#6061,#6062,
#6063,#6064,#6065),.UNSPECIFIED.,.T.,.F.) B_SPLINE_CURVE_WITH_KNOTS((1,2
    ,2,2,2,1),(-2.094395102393,0.,2.094395102393,4.188790204786,
6.28318530718,8.377580409573),.UNSPECIFIED.) CURVE() 
GEOMETRIC_REPRESENTATION_ITEM() RATIONAL_B_SPLINE_CURVE((1.,0.5,1.,0.5,
1.,0.5,1.)) REPRESENTATION_ITEM('') );
#6059 = CARTESIAN_POINT('',(86.868,-70.739));
#6060 = CARTESIAN_POINT('',(86.868,-64.13988642316));
#6061 = CARTESIAN_POINT('',(92.583,-67.43944321158));
#6062 = CARTESIAN_POINT('',(98.298,-70.739));
#6063 = CARTESIAN_POINT('',(92.583,-74.03855678841));
#6064 = CARTESIAN_POINT('',(86.868,-77.33811357683));
#6065 = CARTESIAN_POINT('',(86.868,-70.739));
#6066 = ( GEOMETRIC_REPRESENTATION_CONTEXT(2) 
PARAMETRIC_REPRESENTATION_CONTEXT() REPRESENTATION_CONTEXT('2D SPACE',''
  ) );
#6067 = PCURVE('',#6068,#6073);
#6068 = CYLINDRICAL_SURFACE('',#6069,3.81);
#6069 = AXIS2_PLACEMENT_3D('',#6070,#6071,#6072);
#6070 = CARTESIAN_POINT('',(59.69,187.452,77.089));
#6071 = DIRECTION('',(0.,1.,0.));
#6072 = DIRECTION('',(1.,0.,-0.));
#6073 = DEFINITIONAL_REPRESENTATION('',(#6074),#6077);
#6074 = B_SPLINE_CURVE_WITH_KNOTS('',1,(#6075,#6076),.UNSPECIFIED.,.F.,
  .F.,(2,2),(4.712388980385,6.28318530718),.PIECEWISE_BEZIER_KNOTS.);
#6075 = CARTESIAN_POINT('',(-1.570796326795,1.016));
#6076 = CARTESIAN_POINT('',(0.,1.016));
#6077 = ( GEOMETRIC_REPRESENTATION_CONTEXT(2) 
PARAMETRIC_REPRESENTATION_CONTEXT() REPRESENTATION_CONTEXT('2D SPACE',''
  ) );
#6078 = ORIENTED_EDGE('',*,*,#6079,.F.);
#6079 = EDGE_CURVE('',#6080,#6048,#6082,.T.);
#6080 = VERTEX_POINT('',#6081);
#6081 = CARTESIAN_POINT('',(63.5,188.468,33.909));
#6082 = SURFACE_CURVE('',#6083,(#6087,#6094),.PCURVE_S1.);
#6083 = LINE('',#6084,#6085);
#6084 = CARTESIAN_POINT('',(63.5,188.468,18.2245));
#6085 = VECTOR('',#6086,1.);
#6086 = DIRECTION('',(-0.,0.,1.));
#6087 = PCURVE('',#2074,#6088);
#6088 = DEFINITIONAL_REPRESENTATION('',(#6089),#6093);
#6089 = LINE('',#6090,#6091);
#6090 = CARTESIAN_POINT('',(86.868,-11.8745));
#6091 = VECTOR('',#6092,1.);
#6092 = DIRECTION('',(0.,-1.));
#6093 = ( GEOMETRIC_REPRESENTATION_CONTEXT(2) 
PARAMETRIC_REPRESENTATION_CONTEXT() REPRESENTATION_CONTEXT('2D SPACE',''
  ) );
#6094 = PCURVE('',#6095,#6100);
#6095 = PLANE('',#6096);
#6096 = AXIS2_PLACEMENT_3D('',#6097,#6098,#6099);
#6097 = CARTESIAN_POINT('',(63.5,187.452,30.099));
#6098 = DIRECTION('',(1.,0.,0.));
#6099 = DIRECTION('',(0.,0.,1.));
#6100 = DEFINITIONAL_REPRESENTATION('',(#6101),#6105);
#6101 = LINE('',#6102,#6103);
#6102 = CARTESIAN_POINT('',(-11.8745,-1.016));
#6103 = VECTOR('',#6104,1.);
#6104 = DIRECTION('',(1.,0.));
#6105 = ( GEOMETRIC_REPRESENTATION_CONTEXT(2) 
PARAMETRIC_REPRESENTATION_CONTEXT() REPRESENTATION_CONTEXT('2D SPACE',''
  ) );
#6106 = ORIENTED_EDGE('',*,*,#6107,.T.);
#6107 = EDGE_CURVE('',#6080,#6108,#6110,.T.);
#6108 = VERTEX_POINT('',#6109);
#6109 = CARTESIAN_POINT('',(59.69,188.468,30.099));
#6110 = SURFACE_CURVE('',#6111,(#6116,#6127),.PCURVE_S1.);
#6111 = CIRCLE('',#6112,3.81);
#6112 = AXIS2_PLACEMENT_3D('',#6113,#6114,#6115);
#6113 = CARTESIAN_POINT('',(59.69,188.468,33.909));
#6114 = DIRECTION('',(0.,1.,0.));
#6115 = DIRECTION('',(1.,0.,-0.));
#6116 = PCURVE('',#2074,#6117);
#6117 = DEFINITIONAL_REPRESENTATION('',(#6118),#6126);
#6118 = ( BOUNDED_CURVE() B_SPLINE_CURVE(2,(#6119,#6120,#6121,#6122,
#6123,#6124,#6125),.UNSPECIFIED.,.T.,.F.) B_SPLINE_CURVE_WITH_KNOTS((1,2
    ,2,2,2,1),(-2.094395102393,0.,2.094395102393,4.188790204786,
6.28318530718,8.377580409573),.UNSPECIFIED.) CURVE() 
GEOMETRIC_REPRESENTATION_ITEM() RATIONAL_B_SPLINE_CURVE((1.,0.5,1.,0.5,
1.,0.5,1.)) REPRESENTATION_ITEM('') );
#6119 = CARTESIAN_POINT('',(86.868,-27.559));
#6120 = CARTESIAN_POINT('',(86.868,-20.95988642316));
#6121 = CARTESIAN_POINT('',(92.583,-24.25944321158));
#6122 = CARTESIAN_POINT('',(98.298,-27.559));
#6123 = CARTESIAN_POINT('',(92.583,-30.85855678841));
#6124 = CARTESIAN_POINT('',(86.868,-34.15811357683));
#6125 = CARTESIAN_POINT('',(86.868,-27.559));
#6126 = ( GEOMETRIC_REPRESENTATION_CONTEXT(2) 
PARAMETRIC_REPRESENTATION_CONTEXT() REPRESENTATION_CONTEXT('2D SPACE',''
  ) );
#6127 = PCURVE('',#6128,#6133);
#6128 = CYLINDRICAL_SURFACE('',#6129,3.81);
#6129 = AXIS2_PLACEMENT_3D('',#6130,#6131,#6132);
#6130 = CARTESIAN_POINT('',(59.69,187.452,33.909));
#6131 = DIRECTION('',(0.,1.,0.));
#6132 = DIRECTION('',(1.,0.,-0.));
#6133 = DEFINITIONAL_REPRESENTATION('',(#6134),#6137);
#6134 = B_SPLINE_CURVE_WITH_KNOTS('',1,(#6135,#6136),.UNSPECIFIED.,.F.,
  .F.,(2,2),(0.,1.570796326795),.PIECEWISE_BEZIER_KNOTS.);
#6135 = CARTESIAN_POINT('',(0.,1.016));
#6136 = CARTESIAN_POINT('',(1.570796326795,1.016));
#6137 = ( GEOMETRIC_REPRESENTATION_CONTEXT(2) 
PARAMETRIC_REPRESENTATION_CONTEXT() REPRESENTATION_CONTEXT('2D SPACE',''
  ) );
#6138 = ORIENTED_EDGE('',*,*,#6139,.T.);
#6139 = EDGE_CURVE('',#6108,#5926,#6140,.T.);
#6140 = SURFACE_CURVE('',#6141,(#6145,#6152),.PCURVE_S1.);
#6141 = LINE('',#6142,#6143);
#6142 = CARTESIAN_POINT('',(43.434,188.468,30.099));
#6143 = VECTOR('',#6144,1.);
#6144 = DIRECTION('',(-1.,0.,0.));
#6145 = PCURVE('',#2074,#6146);
#6146 = DEFINITIONAL_REPRESENTATION('',(#6147),#6151);
#6147 = LINE('',#6148,#6149);
#6148 = CARTESIAN_POINT('',(106.934,-23.749));
#6149 = VECTOR('',#6150,1.);
#6150 = DIRECTION('',(1.,0.));
#6151 = ( GEOMETRIC_REPRESENTATION_CONTEXT(2) 
PARAMETRIC_REPRESENTATION_CONTEXT() REPRESENTATION_CONTEXT('2D SPACE',''
  ) );
#6152 = PCURVE('',#6153,#6158);
#6153 = PLANE('',#6154);
#6154 = AXIS2_PLACEMENT_3D('',#6155,#6156,#6157);
#6155 = CARTESIAN_POINT('',(-63.5,187.452,30.099));
#6156 = DIRECTION('',(0.,0.,1.));
#6157 = DIRECTION('',(1.,0.,0.));
#6158 = DEFINITIONAL_REPRESENTATION('',(#6159),#6163);
#6159 = LINE('',#6160,#6161);
#6160 = CARTESIAN_POINT('',(106.934,1.016));
#6161 = VECTOR('',#6162,1.);
#6162 = DIRECTION('',(-1.,0.));
#6163 = ( GEOMETRIC_REPRESENTATION_CONTEXT(2) 
PARAMETRIC_REPRESENTATION_CONTEXT() REPRESENTATION_CONTEXT('2D SPACE',''
  ) );
#6164 = ADVANCED_FACE('',(#6165),#2102,.T.);
#6165 = FACE_BOUND('',#6166,.T.);
#6166 = EDGE_LOOP('',(#6167,#6188,#6189,#6190));
#6167 = ORIENTED_EDGE('',*,*,#6168,.F.);
#6168 = EDGE_CURVE('',#5880,#3484,#6169,.T.);
#6169 = SURFACE_CURVE('',#6170,(#6174,#6181),.PCURVE_S1.);
#6170 = LINE('',#6171,#6172);
#6171 = CARTESIAN_POINT('',(-85.725,187.198,115.57));
#6172 = VECTOR('',#6173,1.);
#6173 = DIRECTION('',(0.,1.,0.));
#6174 = PCURVE('',#2102,#6175);
#6175 = DEFINITIONAL_REPRESENTATION('',(#6176),#6180);
#6176 = LINE('',#6177,#6178);
#6177 = CARTESIAN_POINT('',(109.22,0.));
#6178 = VECTOR('',#6179,1.);
#6179 = DIRECTION('',(0.,-1.));
#6180 = ( GEOMETRIC_REPRESENTATION_CONTEXT(2) 
PARAMETRIC_REPRESENTATION_CONTEXT() REPRESENTATION_CONTEXT('2D SPACE',''
  ) );
#6181 = PCURVE('',#3522,#6182);
#6182 = DEFINITIONAL_REPRESENTATION('',(#6183),#6187);
#6183 = LINE('',#6184,#6185);
#6184 = CARTESIAN_POINT('',(-85.725,187.198));
#6185 = VECTOR('',#6186,1.);
#6186 = DIRECTION('',(0.,1.));
#6187 = ( GEOMETRIC_REPRESENTATION_CONTEXT(2) 
PARAMETRIC_REPRESENTATION_CONTEXT() REPRESENTATION_CONTEXT('2D SPACE',''
  ) );
#6188 = ORIENTED_EDGE('',*,*,#5902,.F.);
#6189 = ORIENTED_EDGE('',*,*,#2086,.T.);
#6190 = ORIENTED_EDGE('',*,*,#3483,.T.);
#6191 = ADVANCED_FACE('',(#6192),#2153,.F.);
#6192 = FACE_BOUND('',#6193,.F.);
#6193 = EDGE_LOOP('',(#6194,#6217,#6238,#6239));
#6194 = ORIENTED_EDGE('',*,*,#6195,.F.);
#6195 = EDGE_CURVE('',#6196,#3439,#6198,.T.);
#6196 = VERTEX_POINT('',#6197);
#6197 = CARTESIAN_POINT('',(-92.075,188.468,115.57));
#6198 = SURFACE_CURVE('',#6199,(#6203,#6210),.PCURVE_S1.);
#6199 = LINE('',#6200,#6201);
#6200 = CARTESIAN_POINT('',(-92.075,187.198,115.57));
#6201 = VECTOR('',#6202,1.);
#6202 = DIRECTION('',(0.,1.,0.));
#6203 = PCURVE('',#2153,#6204);
#6204 = DEFINITIONAL_REPRESENTATION('',(#6205),#6209);
#6205 = LINE('',#6206,#6207);
#6206 = CARTESIAN_POINT('',(109.22,0.));
#6207 = VECTOR('',#6208,1.);
#6208 = DIRECTION('',(0.,-1.));
#6209 = ( GEOMETRIC_REPRESENTATION_CONTEXT(2) 
PARAMETRIC_REPRESENTATION_CONTEXT() REPRESENTATION_CONTEXT('2D SPACE',''
  ) );
#6210 = PCURVE('',#2904,#6211);
#6211 = DEFINITIONAL_REPRESENTATION('',(#6212),#6216);
#6212 = LINE('',#6213,#6214);
#6213 = CARTESIAN_POINT('',(-92.075,187.198));
#6214 = VECTOR('',#6215,1.);
#6215 = DIRECTION('',(0.,1.));
#6216 = ( GEOMETRIC_REPRESENTATION_CONTEXT(2) 
PARAMETRIC_REPRESENTATION_CONTEXT() REPRESENTATION_CONTEXT('2D SPACE',''
  ) );
#6217 = ORIENTED_EDGE('',*,*,#6218,.F.);
#6218 = EDGE_CURVE('',#2138,#6196,#6219,.T.);
#6219 = SURFACE_CURVE('',#6220,(#6224,#6231),.PCURVE_S1.);
#6220 = LINE('',#6221,#6222);
#6221 = CARTESIAN_POINT('',(-92.075,188.468,6.35));
#6222 = VECTOR('',#6223,1.);
#6223 = DIRECTION('',(-0.,0.,1.));
#6224 = PCURVE('',#2153,#6225);
#6225 = DEFINITIONAL_REPRESENTATION('',(#6226),#6230);
#6226 = LINE('',#6227,#6228);
#6227 = CARTESIAN_POINT('',(0.,-1.27));
#6228 = VECTOR('',#6229,1.);
#6229 = DIRECTION('',(1.,0.));
#6230 = ( GEOMETRIC_REPRESENTATION_CONTEXT(2) 
PARAMETRIC_REPRESENTATION_CONTEXT() REPRESENTATION_CONTEXT('2D SPACE',''
  ) );
#6231 = PCURVE('',#2181,#6232);
#6232 = DEFINITIONAL_REPRESENTATION('',(#6233),#6237);
#6233 = LINE('',#6234,#6235);
#6234 = CARTESIAN_POINT('',(242.443,0.));
#6235 = VECTOR('',#6236,1.);
#6236 = DIRECTION('',(0.,-1.));
#6237 = ( GEOMETRIC_REPRESENTATION_CONTEXT(2) 
PARAMETRIC_REPRESENTATION_CONTEXT() REPRESENTATION_CONTEXT('2D SPACE',''
  ) );
#6238 = ORIENTED_EDGE('',*,*,#2137,.T.);
#6239 = ORIENTED_EDGE('',*,*,#3461,.T.);
#6240 = ADVANCED_FACE('',(#6241),#2181,.F.);
#6241 = FACE_BOUND('',#6242,.F.);
#6242 = EDGE_LOOP('',(#6243,#6244,#6245,#6268));
#6243 = ORIENTED_EDGE('',*,*,#2165,.F.);
#6244 = ORIENTED_EDGE('',*,*,#6218,.T.);
#6245 = ORIENTED_EDGE('',*,*,#6246,.T.);
#6246 = EDGE_CURVE('',#6196,#6247,#6249,.T.);
#6247 = VERTEX_POINT('',#6248);
#6248 = CARTESIAN_POINT('',(-139.7,188.468,115.57));
#6249 = SURFACE_CURVE('',#6250,(#6254,#6261),.PCURVE_S1.);
#6250 = LINE('',#6251,#6252);
#6251 = CARTESIAN_POINT('',(150.368,188.468,115.57));
#6252 = VECTOR('',#6253,1.);
#6253 = DIRECTION('',(-1.,0.,0.));
#6254 = PCURVE('',#2181,#6255);
#6255 = DEFINITIONAL_REPRESENTATION('',(#6256),#6260);
#6256 = LINE('',#6257,#6258);
#6257 = CARTESIAN_POINT('',(0.,-109.22));
#6258 = VECTOR('',#6259,1.);
#6259 = DIRECTION('',(1.,0.));
#6260 = ( GEOMETRIC_REPRESENTATION_CONTEXT(2) 
PARAMETRIC_REPRESENTATION_CONTEXT() REPRESENTATION_CONTEXT('2D SPACE',''
  ) );
#6261 = PCURVE('',#2904,#6262);
#6262 = DEFINITIONAL_REPRESENTATION('',(#6263),#6267);
#6263 = LINE('',#6264,#6265);
#6264 = CARTESIAN_POINT('',(150.368,188.468));
#6265 = VECTOR('',#6266,1.);
#6266 = DIRECTION('',(-1.,0.));
#6267 = ( GEOMETRIC_REPRESENTATION_CONTEXT(2) 
PARAMETRIC_REPRESENTATION_CONTEXT() REPRESENTATION_CONTEXT('2D SPACE',''
  ) );
#6268 = ORIENTED_EDGE('',*,*,#6269,.F.);
#6269 = EDGE_CURVE('',#2166,#6247,#6270,.T.);
#6270 = SURFACE_CURVE('',#6271,(#6275,#6282),.PCURVE_S1.);
#6271 = LINE('',#6272,#6273);
#6272 = CARTESIAN_POINT('',(-139.7,188.468,6.35));
#6273 = VECTOR('',#6274,1.);
#6274 = DIRECTION('',(0.,0.,1.));
#6275 = PCURVE('',#2181,#6276);
#6276 = DEFINITIONAL_REPRESENTATION('',(#6277),#6281);
#6277 = LINE('',#6278,#6279);
#6278 = CARTESIAN_POINT('',(290.068,0.));
#6279 = VECTOR('',#6280,1.);
#6280 = DIRECTION('',(0.,-1.));
#6281 = ( GEOMETRIC_REPRESENTATION_CONTEXT(2) 
PARAMETRIC_REPRESENTATION_CONTEXT() REPRESENTATION_CONTEXT('2D SPACE',''
  ) );
#6282 = PCURVE('',#2210,#6283);
#6283 = DEFINITIONAL_REPRESENTATION('',(#6284),#6287);
#6284 = B_SPLINE_CURVE_WITH_KNOTS('',1,(#6285,#6286),.UNSPECIFIED.,.F.,
  .F.,(2,2),(0.,109.22),.PIECEWISE_BEZIER_KNOTS.);
#6285 = CARTESIAN_POINT('',(0.,0.));
#6286 = CARTESIAN_POINT('',(0.,109.22));
#6287 = ( GEOMETRIC_REPRESENTATION_CONTEXT(2) 
PARAMETRIC_REPRESENTATION_CONTEXT() REPRESENTATION_CONTEXT('2D SPACE',''
  ) );
#6288 = ADVANCED_FACE('',(#6289),#2210,.T.);
#6289 = FACE_BOUND('',#6290,.T.);
#6290 = EDGE_LOOP('',(#6291,#6292,#6314,#6335));
#6291 = ORIENTED_EDGE('',*,*,#2193,.T.);
#6292 = ORIENTED_EDGE('',*,*,#6293,.T.);
#6293 = EDGE_CURVE('',#2194,#6294,#6296,.T.);
#6294 = VERTEX_POINT('',#6295);
#6295 = CARTESIAN_POINT('',(-150.368,177.8,115.57));
#6296 = SURFACE_CURVE('',#6297,(#6301,#6307),.PCURVE_S1.);
#6297 = LINE('',#6298,#6299);
#6298 = CARTESIAN_POINT('',(-150.368,177.8,6.35));
#6299 = VECTOR('',#6300,1.);
#6300 = DIRECTION('',(0.,0.,1.));
#6301 = PCURVE('',#2210,#6302);
#6302 = DEFINITIONAL_REPRESENTATION('',(#6303),#6306);
#6303 = B_SPLINE_CURVE_WITH_KNOTS('',1,(#6304,#6305),.UNSPECIFIED.,.F.,
  .F.,(2,2),(0.,109.22),.PIECEWISE_BEZIER_KNOTS.);
#6304 = CARTESIAN_POINT('',(1.570796326795,0.));
#6305 = CARTESIAN_POINT('',(1.570796326795,109.22));
#6306 = ( GEOMETRIC_REPRESENTATION_CONTEXT(2) 
PARAMETRIC_REPRESENTATION_CONTEXT() REPRESENTATION_CONTEXT('2D SPACE',''
  ) );
#6307 = PCURVE('',#2237,#6308);
#6308 = DEFINITIONAL_REPRESENTATION('',(#6309),#6313);
#6309 = LINE('',#6310,#6311);
#6310 = CARTESIAN_POINT('',(10.668,0.));
#6311 = VECTOR('',#6312,1.);
#6312 = DIRECTION('',(0.,-1.));
#6313 = ( GEOMETRIC_REPRESENTATION_CONTEXT(2) 
PARAMETRIC_REPRESENTATION_CONTEXT() REPRESENTATION_CONTEXT('2D SPACE',''
  ) );
#6314 = ORIENTED_EDGE('',*,*,#6315,.F.);
#6315 = EDGE_CURVE('',#6247,#6294,#6316,.T.);
#6316 = SURFACE_CURVE('',#6317,(#6322,#6328),.PCURVE_S1.);
#6317 = CIRCLE('',#6318,10.668);
#6318 = AXIS2_PLACEMENT_3D('',#6319,#6320,#6321);
#6319 = CARTESIAN_POINT('',(-139.7,177.8,115.57));
#6320 = DIRECTION('',(0.,0.,1.));
#6321 = DIRECTION('',(0.,-1.,0.));
#6322 = PCURVE('',#2210,#6323);
#6323 = DEFINITIONAL_REPRESENTATION('',(#6324),#6327);
#6324 = B_SPLINE_CURVE_WITH_KNOTS('',1,(#6325,#6326),.UNSPECIFIED.,.F.,
  .F.,(2,2),(3.14159265359,4.712388980385),.PIECEWISE_BEZIER_KNOTS.);
#6325 = CARTESIAN_POINT('',(0.,109.22));
#6326 = CARTESIAN_POINT('',(1.570796326795,109.22));
#6327 = ( GEOMETRIC_REPRESENTATION_CONTEXT(2) 
PARAMETRIC_REPRESENTATION_CONTEXT() REPRESENTATION_CONTEXT('2D SPACE',''
  ) );
#6328 = PCURVE('',#2904,#6329);
#6329 = DEFINITIONAL_REPRESENTATION('',(#6330),#6334);
#6330 = CIRCLE('',#6331,10.668);
#6331 = AXIS2_PLACEMENT_2D('',#6332,#6333);
#6332 = CARTESIAN_POINT('',(-139.7,177.8));
#6333 = DIRECTION('',(0.,-1.));
#6334 = ( GEOMETRIC_REPRESENTATION_CONTEXT(2) 
PARAMETRIC_REPRESENTATION_CONTEXT() REPRESENTATION_CONTEXT('2D SPACE',''
  ) );
#6335 = ORIENTED_EDGE('',*,*,#6269,.F.);
#6336 = ADVANCED_FACE('',(#6337),#2237,.F.);
#6337 = FACE_BOUND('',#6338,.F.);
#6338 = EDGE_LOOP('',(#6339,#6340,#6341,#6364));
#6339 = ORIENTED_EDGE('',*,*,#2221,.F.);
#6340 = ORIENTED_EDGE('',*,*,#6293,.T.);
#6341 = ORIENTED_EDGE('',*,*,#6342,.T.);
#6342 = EDGE_CURVE('',#6294,#6343,#6345,.T.);
#6343 = VERTEX_POINT('',#6344);
#6344 = CARTESIAN_POINT('',(-150.368,117.475,115.57));
#6345 = SURFACE_CURVE('',#6346,(#6350,#6357),.PCURVE_S1.);
#6346 = LINE('',#6347,#6348);
#6347 = CARTESIAN_POINT('',(-150.368,188.468,115.57));
#6348 = VECTOR('',#6349,1.);
#6349 = DIRECTION('',(0.,-1.,0.));
#6350 = PCURVE('',#2237,#6351);
#6351 = DEFINITIONAL_REPRESENTATION('',(#6352),#6356);
#6352 = LINE('',#6353,#6354);
#6353 = CARTESIAN_POINT('',(0.,-109.22));
#6354 = VECTOR('',#6355,1.);
#6355 = DIRECTION('',(1.,0.));
#6356 = ( GEOMETRIC_REPRESENTATION_CONTEXT(2) 
PARAMETRIC_REPRESENTATION_CONTEXT() REPRESENTATION_CONTEXT('2D SPACE',''
  ) );
#6357 = PCURVE('',#2904,#6358);
#6358 = DEFINITIONAL_REPRESENTATION('',(#6359),#6363);
#6359 = LINE('',#6360,#6361);
#6360 = CARTESIAN_POINT('',(-150.368,188.468));
#6361 = VECTOR('',#6362,1.);
#6362 = DIRECTION('',(0.,-1.));
#6363 = ( GEOMETRIC_REPRESENTATION_CONTEXT(2) 
PARAMETRIC_REPRESENTATION_CONTEXT() REPRESENTATION_CONTEXT('2D SPACE',''
  ) );
#6364 = ORIENTED_EDGE('',*,*,#6365,.F.);
#6365 = EDGE_CURVE('',#2222,#6343,#6366,.T.);
#6366 = SURFACE_CURVE('',#6367,(#6371,#6378),.PCURVE_S1.);
#6367 = LINE('',#6368,#6369);
#6368 = CARTESIAN_POINT('',(-150.368,117.475,6.35));
#6369 = VECTOR('',#6370,1.);
#6370 = DIRECTION('',(0.,-0.,1.));
#6371 = PCURVE('',#2237,#6372);
#6372 = DEFINITIONAL_REPRESENTATION('',(#6373),#6377);
#6373 = LINE('',#6374,#6375);
#6374 = CARTESIAN_POINT('',(70.993,0.));
#6375 = VECTOR('',#6376,1.);
#6376 = DIRECTION('',(0.,-1.));
#6377 = ( GEOMETRIC_REPRESENTATION_CONTEXT(2) 
PARAMETRIC_REPRESENTATION_CONTEXT() REPRESENTATION_CONTEXT('2D SPACE',''
  ) );
#6378 = PCURVE('',#2265,#6379);
#6379 = DEFINITIONAL_REPRESENTATION('',(#6380),#6384);
#6380 = LINE('',#6381,#6382);
#6381 = CARTESIAN_POINT('',(0.,2.032));
#6382 = VECTOR('',#6383,1.);
#6383 = DIRECTION('',(1.,0.));
#6384 = ( GEOMETRIC_REPRESENTATION_CONTEXT(2) 
PARAMETRIC_REPRESENTATION_CONTEXT() REPRESENTATION_CONTEXT('2D SPACE',''
  ) );
#6385 = ADVANCED_FACE('',(#6386),#2265,.T.);
#6386 = FACE_BOUND('',#6387,.T.);
#6387 = EDGE_LOOP('',(#6388,#6389,#6390,#6411));
#6388 = ORIENTED_EDGE('',*,*,#2249,.F.);
#6389 = ORIENTED_EDGE('',*,*,#3034,.T.);
#6390 = ORIENTED_EDGE('',*,*,#6391,.T.);
#6391 = EDGE_CURVE('',#2889,#6343,#6392,.T.);
#6392 = SURFACE_CURVE('',#6393,(#6397,#6404),.PCURVE_S1.);
#6393 = LINE('',#6394,#6395);
#6394 = CARTESIAN_POINT('',(-152.4,117.475,115.57));
#6395 = VECTOR('',#6396,1.);
#6396 = DIRECTION('',(1.,0.,0.));
#6397 = PCURVE('',#2265,#6398);
#6398 = DEFINITIONAL_REPRESENTATION('',(#6399),#6403);
#6399 = LINE('',#6400,#6401);
#6400 = CARTESIAN_POINT('',(109.22,0.));
#6401 = VECTOR('',#6402,1.);
#6402 = DIRECTION('',(0.,1.));
#6403 = ( GEOMETRIC_REPRESENTATION_CONTEXT(2) 
PARAMETRIC_REPRESENTATION_CONTEXT() REPRESENTATION_CONTEXT('2D SPACE',''
  ) );
#6404 = PCURVE('',#2904,#6405);
#6405 = DEFINITIONAL_REPRESENTATION('',(#6406),#6410);
#6406 = LINE('',#6407,#6408);
#6407 = CARTESIAN_POINT('',(-152.4,117.475));
#6408 = VECTOR('',#6409,1.);
#6409 = DIRECTION('',(1.,0.));
#6410 = ( GEOMETRIC_REPRESENTATION_CONTEXT(2) 
PARAMETRIC_REPRESENTATION_CONTEXT() REPRESENTATION_CONTEXT('2D SPACE',''
  ) );
#6411 = ORIENTED_EDGE('',*,*,#6365,.F.);
#6412 = ADVANCED_FACE('',(#6413),#2316,.F.);
#6413 = FACE_BOUND('',#6414,.F.);
#6414 = EDGE_LOOP('',(#6415,#6416,#6417,#6440));
#6415 = ORIENTED_EDGE('',*,*,#2300,.F.);
#6416 = ORIENTED_EDGE('',*,*,#3012,.T.);
#6417 = ORIENTED_EDGE('',*,*,#6418,.T.);
#6418 = EDGE_CURVE('',#2985,#6419,#6421,.T.);
#6419 = VERTEX_POINT('',#6420);
#6420 = CARTESIAN_POINT('',(-150.368,111.125,115.57));
#6421 = SURFACE_CURVE('',#6422,(#6426,#6433),.PCURVE_S1.);
#6422 = LINE('',#6423,#6424);
#6423 = CARTESIAN_POINT('',(-152.4,111.125,115.57));
#6424 = VECTOR('',#6425,1.);
#6425 = DIRECTION('',(1.,0.,0.));
#6426 = PCURVE('',#2316,#6427);
#6427 = DEFINITIONAL_REPRESENTATION('',(#6428),#6432);
#6428 = LINE('',#6429,#6430);
#6429 = CARTESIAN_POINT('',(109.22,0.));
#6430 = VECTOR('',#6431,1.);
#6431 = DIRECTION('',(0.,1.));
#6432 = ( GEOMETRIC_REPRESENTATION_CONTEXT(2) 
PARAMETRIC_REPRESENTATION_CONTEXT() REPRESENTATION_CONTEXT('2D SPACE',''
  ) );
#6433 = PCURVE('',#3000,#6434);
#6434 = DEFINITIONAL_REPRESENTATION('',(#6435),#6439);
#6435 = LINE('',#6436,#6437);
#6436 = CARTESIAN_POINT('',(-152.4,111.125));
#6437 = VECTOR('',#6438,1.);
#6438 = DIRECTION('',(1.,0.));
#6439 = ( GEOMETRIC_REPRESENTATION_CONTEXT(2) 
PARAMETRIC_REPRESENTATION_CONTEXT() REPRESENTATION_CONTEXT('2D SPACE',''
  ) );
#6440 = ORIENTED_EDGE('',*,*,#6441,.F.);
#6441 = EDGE_CURVE('',#2301,#6419,#6442,.T.);
#6442 = SURFACE_CURVE('',#6443,(#6447,#6454),.PCURVE_S1.);
#6443 = LINE('',#6444,#6445);
#6444 = CARTESIAN_POINT('',(-150.368,111.125,6.35));
#6445 = VECTOR('',#6446,1.);
#6446 = DIRECTION('',(0.,-0.,1.));
#6447 = PCURVE('',#2316,#6448);
#6448 = DEFINITIONAL_REPRESENTATION('',(#6449),#6453);
#6449 = LINE('',#6450,#6451);
#6450 = CARTESIAN_POINT('',(0.,2.032));
#6451 = VECTOR('',#6452,1.);
#6452 = DIRECTION('',(1.,0.));
#6453 = ( GEOMETRIC_REPRESENTATION_CONTEXT(2) 
PARAMETRIC_REPRESENTATION_CONTEXT() REPRESENTATION_CONTEXT('2D SPACE',''
  ) );
#6454 = PCURVE('',#2344,#6455);
#6455 = DEFINITIONAL_REPRESENTATION('',(#6456),#6460);
#6456 = LINE('',#6457,#6458);
#6457 = CARTESIAN_POINT('',(77.343,0.));
#6458 = VECTOR('',#6459,1.);
#6459 = DIRECTION('',(0.,-1.));
#6460 = ( GEOMETRIC_REPRESENTATION_CONTEXT(2) 
PARAMETRIC_REPRESENTATION_CONTEXT() REPRESENTATION_CONTEXT('2D SPACE',''
  ) );
#6461 = ADVANCED_FACE('',(#6462),#2344,.F.);
#6462 = FACE_BOUND('',#6463,.F.);
#6463 = EDGE_LOOP('',(#6464,#6465,#6466,#6489,#6517,#6545,#6573,#6601,
    #6629,#6657,#6685,#6708));
#6464 = ORIENTED_EDGE('',*,*,#2328,.F.);
#6465 = ORIENTED_EDGE('',*,*,#6441,.T.);
#6466 = ORIENTED_EDGE('',*,*,#6467,.T.);
#6467 = EDGE_CURVE('',#6419,#6468,#6470,.T.);
#6468 = VERTEX_POINT('',#6469);
#6469 = CARTESIAN_POINT('',(-150.368,62.23,115.57));
#6470 = SURFACE_CURVE('',#6471,(#6475,#6482),.PCURVE_S1.);
#6471 = LINE('',#6472,#6473);
#6472 = CARTESIAN_POINT('',(-150.368,188.468,115.57));
#6473 = VECTOR('',#6474,1.);
#6474 = DIRECTION('',(0.,-1.,0.));
#6475 = PCURVE('',#2344,#6476);
#6476 = DEFINITIONAL_REPRESENTATION('',(#6477),#6481);
#6477 = LINE('',#6478,#6479);
#6478 = CARTESIAN_POINT('',(0.,-109.22));
#6479 = VECTOR('',#6480,1.);
#6480 = DIRECTION('',(1.,0.));
#6481 = ( GEOMETRIC_REPRESENTATION_CONTEXT(2) 
PARAMETRIC_REPRESENTATION_CONTEXT() REPRESENTATION_CONTEXT('2D SPACE',''
  ) );
#6482 = PCURVE('',#3000,#6483);
#6483 = DEFINITIONAL_REPRESENTATION('',(#6484),#6488);
#6484 = LINE('',#6485,#6486);
#6485 = CARTESIAN_POINT('',(-150.368,188.468));
#6486 = VECTOR('',#6487,1.);
#6487 = DIRECTION('',(0.,-1.));
#6488 = ( GEOMETRIC_REPRESENTATION_CONTEXT(2) 
PARAMETRIC_REPRESENTATION_CONTEXT() REPRESENTATION_CONTEXT('2D SPACE',''
  ) );
#6489 = ORIENTED_EDGE('',*,*,#6490,.F.);
#6490 = EDGE_CURVE('',#6491,#6468,#6493,.T.);
#6491 = VERTEX_POINT('',#6492);
#6492 = CARTESIAN_POINT('',(-150.368,69.85,107.95));
#6493 = SURFACE_CURVE('',#6494,(#6499,#6506),.PCURVE_S1.);
#6494 = CIRCLE('',#6495,7.62);
#6495 = AXIS2_PLACEMENT_3D('',#6496,#6497,#6498);
#6496 = CARTESIAN_POINT('',(-150.368,62.23,107.95));
#6497 = DIRECTION('',(1.,0.,0.));
#6498 = DIRECTION('',(-0.,1.,0.));
#6499 = PCURVE('',#2344,#6500);
#6500 = DEFINITIONAL_REPRESENTATION('',(#6501),#6505);
#6501 = CIRCLE('',#6502,7.62);
#6502 = AXIS2_PLACEMENT_2D('',#6503,#6504);
#6503 = CARTESIAN_POINT('',(126.238,-101.6));
#6504 = DIRECTION('',(-1.,-0.));
#6505 = ( GEOMETRIC_REPRESENTATION_CONTEXT(2) 
PARAMETRIC_REPRESENTATION_CONTEXT() REPRESENTATION_CONTEXT('2D SPACE',''
  ) );
#6506 = PCURVE('',#6507,#6512);
#6507 = CYLINDRICAL_SURFACE('',#6508,7.62);
#6508 = AXIS2_PLACEMENT_3D('',#6509,#6510,#6511);
#6509 = CARTESIAN_POINT('',(-160.528,62.23,107.95));
#6510 = DIRECTION('',(1.,0.,0.));
#6511 = DIRECTION('',(-0.,1.,0.));
#6512 = DEFINITIONAL_REPRESENTATION('',(#6513),#6516);
#6513 = B_SPLINE_CURVE_WITH_KNOTS('',1,(#6514,#6515),.UNSPECIFIED.,.F.,
  .F.,(2,2),(0.,1.570796326795),.PIECEWISE_BEZIER_KNOTS.);
#6514 = CARTESIAN_POINT('',(0.,10.16));
#6515 = CARTESIAN_POINT('',(1.570796326795,10.16));
#6516 = ( GEOMETRIC_REPRESENTATION_CONTEXT(2) 
PARAMETRIC_REPRESENTATION_CONTEXT() REPRESENTATION_CONTEXT('2D SPACE',''
  ) );
#6517 = ORIENTED_EDGE('',*,*,#6518,.F.);
#6518 = EDGE_CURVE('',#6519,#6491,#6521,.T.);
#6519 = VERTEX_POINT('',#6520);
#6520 = CARTESIAN_POINT('',(-150.368,69.85,97.79));
#6521 = SURFACE_CURVE('',#6522,(#6526,#6533),.PCURVE_S1.);
#6522 = LINE('',#6523,#6524);
#6523 = CARTESIAN_POINT('',(-150.368,69.85,48.26));
#6524 = VECTOR('',#6525,1.);
#6525 = DIRECTION('',(0.,-0.,1.));
#6526 = PCURVE('',#2344,#6527);
#6527 = DEFINITIONAL_REPRESENTATION('',(#6528),#6532);
#6528 = LINE('',#6529,#6530);
#6529 = CARTESIAN_POINT('',(118.618,-41.91));
#6530 = VECTOR('',#6531,1.);
#6531 = DIRECTION('',(0.,-1.));
#6532 = ( GEOMETRIC_REPRESENTATION_CONTEXT(2) 
PARAMETRIC_REPRESENTATION_CONTEXT() REPRESENTATION_CONTEXT('2D SPACE',''
  ) );
#6533 = PCURVE('',#6534,#6539);
#6534 = PLANE('',#6535);
#6535 = AXIS2_PLACEMENT_3D('',#6536,#6537,#6538);
#6536 = CARTESIAN_POINT('',(-160.528,69.85,90.17));
#6537 = DIRECTION('',(0.,1.,0.));
#6538 = DIRECTION('',(0.,0.,1.));
#6539 = DEFINITIONAL_REPRESENTATION('',(#6540),#6544);
#6540 = LINE('',#6541,#6542);
#6541 = CARTESIAN_POINT('',(-41.91,10.16));
#6542 = VECTOR('',#6543,1.);
#6543 = DIRECTION('',(1.,0.));
#6544 = ( GEOMETRIC_REPRESENTATION_CONTEXT(2) 
PARAMETRIC_REPRESENTATION_CONTEXT() REPRESENTATION_CONTEXT('2D SPACE',''
  ) );
#6545 = ORIENTED_EDGE('',*,*,#6546,.F.);
#6546 = EDGE_CURVE('',#6547,#6519,#6549,.T.);
#6547 = VERTEX_POINT('',#6548);
#6548 = CARTESIAN_POINT('',(-150.368,62.23,90.17));
#6549 = SURFACE_CURVE('',#6550,(#6555,#6562),.PCURVE_S1.);
#6550 = CIRCLE('',#6551,7.62);
#6551 = AXIS2_PLACEMENT_3D('',#6552,#6553,#6554);
#6552 = CARTESIAN_POINT('',(-150.368,62.23,97.79));
#6553 = DIRECTION('',(1.,0.,0.));
#6554 = DIRECTION('',(-0.,1.,0.));
#6555 = PCURVE('',#2344,#6556);
#6556 = DEFINITIONAL_REPRESENTATION('',(#6557),#6561);
#6557 = CIRCLE('',#6558,7.62);
#6558 = AXIS2_PLACEMENT_2D('',#6559,#6560);
#6559 = CARTESIAN_POINT('',(126.238,-91.44));
#6560 = DIRECTION('',(-1.,-0.));
#6561 = ( GEOMETRIC_REPRESENTATION_CONTEXT(2) 
PARAMETRIC_REPRESENTATION_CONTEXT() REPRESENTATION_CONTEXT('2D SPACE',''
  ) );
#6562 = PCURVE('',#6563,#6568);
#6563 = CYLINDRICAL_SURFACE('',#6564,7.62);
#6564 = AXIS2_PLACEMENT_3D('',#6565,#6566,#6567);
#6565 = CARTESIAN_POINT('',(-160.528,62.23,97.79));
#6566 = DIRECTION('',(1.,0.,0.));
#6567 = DIRECTION('',(-0.,1.,0.));
#6568 = DEFINITIONAL_REPRESENTATION('',(#6569),#6572);
#6569 = B_SPLINE_CURVE_WITH_KNOTS('',1,(#6570,#6571),.UNSPECIFIED.,.F.,
  .F.,(2,2),(4.712388980385,6.28318530718),.PIECEWISE_BEZIER_KNOTS.);
#6570 = CARTESIAN_POINT('',(-1.570796326795,10.16));
#6571 = CARTESIAN_POINT('',(0.,10.16));
#6572 = ( GEOMETRIC_REPRESENTATION_CONTEXT(2) 
PARAMETRIC_REPRESENTATION_CONTEXT() REPRESENTATION_CONTEXT('2D SPACE',''
  ) );
#6573 = ORIENTED_EDGE('',*,*,#6574,.T.);
#6574 = EDGE_CURVE('',#6547,#6575,#6577,.T.);
#6575 = VERTEX_POINT('',#6576);
#6576 = CARTESIAN_POINT('',(-150.368,-62.23,90.17));
#6577 = SURFACE_CURVE('',#6578,(#6582,#6589),.PCURVE_S1.);
#6578 = LINE('',#6579,#6580);
#6579 = CARTESIAN_POINT('',(-150.368,59.309,90.17));
#6580 = VECTOR('',#6581,1.);
#6581 = DIRECTION('',(0.,-1.,0.));
#6582 = PCURVE('',#2344,#6583);
#6583 = DEFINITIONAL_REPRESENTATION('',(#6584),#6588);
#6584 = LINE('',#6585,#6586);
#6585 = CARTESIAN_POINT('',(129.159,-83.82));
#6586 = VECTOR('',#6587,1.);
#6587 = DIRECTION('',(1.,0.));
#6588 = ( GEOMETRIC_REPRESENTATION_CONTEXT(2) 
PARAMETRIC_REPRESENTATION_CONTEXT() REPRESENTATION_CONTEXT('2D SPACE',''
  ) );
#6589 = PCURVE('',#6590,#6595);
#6590 = PLANE('',#6591);
#6591 = AXIS2_PLACEMENT_3D('',#6592,#6593,#6594);
#6592 = CARTESIAN_POINT('',(-160.528,-69.85,90.17));
#6593 = DIRECTION('',(0.,0.,1.));
#6594 = DIRECTION('',(1.,0.,0.));
#6595 = DEFINITIONAL_REPRESENTATION('',(#6596),#6600);
#6596 = LINE('',#6597,#6598);
#6597 = CARTESIAN_POINT('',(10.16,129.159));
#6598 = VECTOR('',#6599,1.);
#6599 = DIRECTION('',(0.,-1.));
#6600 = ( GEOMETRIC_REPRESENTATION_CONTEXT(2) 
PARAMETRIC_REPRESENTATION_CONTEXT() REPRESENTATION_CONTEXT('2D SPACE',''
  ) );
#6601 = ORIENTED_EDGE('',*,*,#6602,.F.);
#6602 = EDGE_CURVE('',#6603,#6575,#6605,.T.);
#6603 = VERTEX_POINT('',#6604);
#6604 = CARTESIAN_POINT('',(-150.368,-69.85,97.79));
#6605 = SURFACE_CURVE('',#6606,(#6611,#6618),.PCURVE_S1.);
#6606 = CIRCLE('',#6607,7.62);
#6607 = AXIS2_PLACEMENT_3D('',#6608,#6609,#6610);
#6608 = CARTESIAN_POINT('',(-150.368,-62.23,97.79));
#6609 = DIRECTION('',(1.,0.,0.));
#6610 = DIRECTION('',(0.,-1.,0.));
#6611 = PCURVE('',#2344,#6612);
#6612 = DEFINITIONAL_REPRESENTATION('',(#6613),#6617);
#6613 = CIRCLE('',#6614,7.62);
#6614 = AXIS2_PLACEMENT_2D('',#6615,#6616);
#6615 = CARTESIAN_POINT('',(250.698,-91.44));
#6616 = DIRECTION('',(1.,0.));
#6617 = ( GEOMETRIC_REPRESENTATION_CONTEXT(2) 
PARAMETRIC_REPRESENTATION_CONTEXT() REPRESENTATION_CONTEXT('2D SPACE',''
  ) );
#6618 = PCURVE('',#6619,#6624);
#6619 = CYLINDRICAL_SURFACE('',#6620,7.62);
#6620 = AXIS2_PLACEMENT_3D('',#6621,#6622,#6623);
#6621 = CARTESIAN_POINT('',(-160.528,-62.23,97.79));
#6622 = DIRECTION('',(1.,0.,0.));
#6623 = DIRECTION('',(0.,-1.,0.));
#6624 = DEFINITIONAL_REPRESENTATION('',(#6625),#6628);
#6625 = B_SPLINE_CURVE_WITH_KNOTS('',1,(#6626,#6627),.UNSPECIFIED.,.F.,
  .F.,(2,2),(0.,1.570796326795),.PIECEWISE_BEZIER_KNOTS.);
#6626 = CARTESIAN_POINT('',(0.,10.16));
#6627 = CARTESIAN_POINT('',(1.570796326795,10.16));
#6628 = ( GEOMETRIC_REPRESENTATION_CONTEXT(2) 
PARAMETRIC_REPRESENTATION_CONTEXT() REPRESENTATION_CONTEXT('2D SPACE',''
  ) );
#6629 = ORIENTED_EDGE('',*,*,#6630,.T.);
#6630 = EDGE_CURVE('',#6603,#6631,#6633,.T.);
#6631 = VERTEX_POINT('',#6632);
#6632 = CARTESIAN_POINT('',(-150.368,-69.85,107.95));
#6633 = SURFACE_CURVE('',#6634,(#6638,#6645),.PCURVE_S1.);
#6634 = LINE('',#6635,#6636);
#6635 = CARTESIAN_POINT('',(-150.368,-69.85,48.26));
#6636 = VECTOR('',#6637,1.);
#6637 = DIRECTION('',(0.,-0.,1.));
#6638 = PCURVE('',#2344,#6639);
#6639 = DEFINITIONAL_REPRESENTATION('',(#6640),#6644);
#6640 = LINE('',#6641,#6642);
#6641 = CARTESIAN_POINT('',(258.318,-41.91));
#6642 = VECTOR('',#6643,1.);
#6643 = DIRECTION('',(0.,-1.));
#6644 = ( GEOMETRIC_REPRESENTATION_CONTEXT(2) 
PARAMETRIC_REPRESENTATION_CONTEXT() REPRESENTATION_CONTEXT('2D SPACE',''
  ) );
#6645 = PCURVE('',#6646,#6651);
#6646 = PLANE('',#6647);
#6647 = AXIS2_PLACEMENT_3D('',#6648,#6649,#6650);
#6648 = CARTESIAN_POINT('',(-160.528,-69.85,90.17));
#6649 = DIRECTION('',(0.,1.,0.));
#6650 = DIRECTION('',(0.,0.,1.));
#6651 = DEFINITIONAL_REPRESENTATION('',(#6652),#6656);
#6652 = LINE('',#6653,#6654);
#6653 = CARTESIAN_POINT('',(-41.91,10.16));
#6654 = VECTOR('',#6655,1.);
#6655 = DIRECTION('',(1.,0.));
#6656 = ( GEOMETRIC_REPRESENTATION_CONTEXT(2) 
PARAMETRIC_REPRESENTATION_CONTEXT() REPRESENTATION_CONTEXT('2D SPACE',''
  ) );
#6657 = ORIENTED_EDGE('',*,*,#6658,.F.);
#6658 = EDGE_CURVE('',#6659,#6631,#6661,.T.);
#6659 = VERTEX_POINT('',#6660);
#6660 = CARTESIAN_POINT('',(-150.368,-62.23,115.57));
#6661 = SURFACE_CURVE('',#6662,(#6667,#6674),.PCURVE_S1.);
#6662 = CIRCLE('',#6663,7.62);
#6663 = AXIS2_PLACEMENT_3D('',#6664,#6665,#6666);
#6664 = CARTESIAN_POINT('',(-150.368,-62.23,107.95));
#6665 = DIRECTION('',(1.,0.,0.));
#6666 = DIRECTION('',(0.,-1.,0.));
#6667 = PCURVE('',#2344,#6668);
#6668 = DEFINITIONAL_REPRESENTATION('',(#6669),#6673);
#6669 = CIRCLE('',#6670,7.62);
#6670 = AXIS2_PLACEMENT_2D('',#6671,#6672);
#6671 = CARTESIAN_POINT('',(250.698,-101.6));
#6672 = DIRECTION('',(1.,0.));
#6673 = ( GEOMETRIC_REPRESENTATION_CONTEXT(2) 
PARAMETRIC_REPRESENTATION_CONTEXT() REPRESENTATION_CONTEXT('2D SPACE',''
  ) );
#6674 = PCURVE('',#6675,#6680);
#6675 = CYLINDRICAL_SURFACE('',#6676,7.62);
#6676 = AXIS2_PLACEMENT_3D('',#6677,#6678,#6679);
#6677 = CARTESIAN_POINT('',(-160.528,-62.23,107.95));
#6678 = DIRECTION('',(1.,0.,0.));
#6679 = DIRECTION('',(0.,-1.,0.));
#6680 = DEFINITIONAL_REPRESENTATION('',(#6681),#6684);
#6681 = B_SPLINE_CURVE_WITH_KNOTS('',1,(#6682,#6683),.UNSPECIFIED.,.F.,
  .F.,(2,2),(4.712388980385,6.28318530718),.PIECEWISE_BEZIER_KNOTS.);
#6682 = CARTESIAN_POINT('',(-1.570796326795,10.16));
#6683 = CARTESIAN_POINT('',(0.,10.16));
#6684 = ( GEOMETRIC_REPRESENTATION_CONTEXT(2) 
PARAMETRIC_REPRESENTATION_CONTEXT() REPRESENTATION_CONTEXT('2D SPACE',''
  ) );
#6685 = ORIENTED_EDGE('',*,*,#6686,.T.);
#6686 = EDGE_CURVE('',#6659,#6687,#6689,.T.);
#6687 = VERTEX_POINT('',#6688);
#6688 = CARTESIAN_POINT('',(-150.368,-111.125,115.57));
#6689 = SURFACE_CURVE('',#6690,(#6694,#6701),.PCURVE_S1.);
#6690 = LINE('',#6691,#6692);
#6691 = CARTESIAN_POINT('',(-150.368,188.468,115.57));
#6692 = VECTOR('',#6693,1.);
#6693 = DIRECTION('',(0.,-1.,0.));
#6694 = PCURVE('',#2344,#6695);
#6695 = DEFINITIONAL_REPRESENTATION('',(#6696),#6700);
#6696 = LINE('',#6697,#6698);
#6697 = CARTESIAN_POINT('',(0.,-109.22));
#6698 = VECTOR('',#6699,1.);
#6699 = DIRECTION('',(1.,0.));
#6700 = ( GEOMETRIC_REPRESENTATION_CONTEXT(2) 
PARAMETRIC_REPRESENTATION_CONTEXT() REPRESENTATION_CONTEXT('2D SPACE',''
  ) );
#6701 = PCURVE('',#3000,#6702);
#6702 = DEFINITIONAL_REPRESENTATION('',(#6703),#6707);
#6703 = LINE('',#6704,#6705);
#6704 = CARTESIAN_POINT('',(-150.368,188.468));
#6705 = VECTOR('',#6706,1.);
#6706 = DIRECTION('',(0.,-1.));
#6707 = ( GEOMETRIC_REPRESENTATION_CONTEXT(2) 
PARAMETRIC_REPRESENTATION_CONTEXT() REPRESENTATION_CONTEXT('2D SPACE',''
  ) );
#6708 = ORIENTED_EDGE('',*,*,#6709,.F.);
#6709 = EDGE_CURVE('',#2329,#6687,#6710,.T.);
#6710 = SURFACE_CURVE('',#6711,(#6715,#6722),.PCURVE_S1.);
#6711 = LINE('',#6712,#6713);
#6712 = CARTESIAN_POINT('',(-150.368,-111.125,6.35));
#6713 = VECTOR('',#6714,1.);
#6714 = DIRECTION('',(0.,-0.,1.));
#6715 = PCURVE('',#2344,#6716);
#6716 = DEFINITIONAL_REPRESENTATION('',(#6717),#6721);
#6717 = LINE('',#6718,#6719);
#6718 = CARTESIAN_POINT('',(299.593,0.));
#6719 = VECTOR('',#6720,1.);
#6720 = DIRECTION('',(0.,-1.));
#6721 = ( GEOMETRIC_REPRESENTATION_CONTEXT(2) 
PARAMETRIC_REPRESENTATION_CONTEXT() REPRESENTATION_CONTEXT('2D SPACE',''
  ) );
#6722 = PCURVE('',#2372,#6723);
#6723 = DEFINITIONAL_REPRESENTATION('',(#6724),#6728);
#6724 = LINE('',#6725,#6726);
#6725 = CARTESIAN_POINT('',(0.,2.032));
#6726 = VECTOR('',#6727,1.);
#6727 = DIRECTION('',(1.,0.));
#6728 = ( GEOMETRIC_REPRESENTATION_CONTEXT(2) 
PARAMETRIC_REPRESENTATION_CONTEXT() REPRESENTATION_CONTEXT('2D SPACE',''
  ) );
#6729 = ADVANCED_FACE('',(#6730),#2372,.T.);
#6730 = FACE_BOUND('',#6731,.T.);
#6731 = EDGE_LOOP('',(#6732,#6733,#6734,#6755));
#6732 = ORIENTED_EDGE('',*,*,#2356,.F.);
#6733 = ORIENTED_EDGE('',*,*,#2961,.T.);
#6734 = ORIENTED_EDGE('',*,*,#6735,.T.);
#6735 = EDGE_CURVE('',#2962,#6687,#6736,.T.);
#6736 = SURFACE_CURVE('',#6737,(#6741,#6748),.PCURVE_S1.);
#6737 = LINE('',#6738,#6739);
#6738 = CARTESIAN_POINT('',(-152.4,-111.125,115.57));
#6739 = VECTOR('',#6740,1.);
#6740 = DIRECTION('',(1.,0.,0.));
#6741 = PCURVE('',#2372,#6742);
#6742 = DEFINITIONAL_REPRESENTATION('',(#6743),#6747);
#6743 = LINE('',#6744,#6745);
#6744 = CARTESIAN_POINT('',(109.22,0.));
#6745 = VECTOR('',#6746,1.);
#6746 = DIRECTION('',(0.,1.));
#6747 = ( GEOMETRIC_REPRESENTATION_CONTEXT(2) 
PARAMETRIC_REPRESENTATION_CONTEXT() REPRESENTATION_CONTEXT('2D SPACE',''
  ) );
#6748 = PCURVE('',#3000,#6749);
#6749 = DEFINITIONAL_REPRESENTATION('',(#6750),#6754);
#6750 = LINE('',#6751,#6752);
#6751 = CARTESIAN_POINT('',(-152.4,-111.125));
#6752 = VECTOR('',#6753,1.);
#6753 = DIRECTION('',(1.,0.));
#6754 = ( GEOMETRIC_REPRESENTATION_CONTEXT(2) 
PARAMETRIC_REPRESENTATION_CONTEXT() REPRESENTATION_CONTEXT('2D SPACE',''
  ) );
#6755 = ORIENTED_EDGE('',*,*,#6709,.F.);
#6756 = ADVANCED_FACE('',(#6757),#2522,.T.);
#6757 = FACE_BOUND('',#6758,.T.);
#6758 = EDGE_LOOP('',(#6759,#6789,#6809,#6810));
#6759 = ORIENTED_EDGE('',*,*,#6760,.T.);
#6760 = EDGE_CURVE('',#6761,#6763,#6765,.T.);
#6761 = VERTEX_POINT('',#6762);
#6762 = CARTESIAN_POINT('',(-117.856,176.276,0.));
#6763 = VERTEX_POINT('',#6764);
#6764 = CARTESIAN_POINT('',(-130.556,163.576,0.));
#6765 = SURFACE_CURVE('',#6766,(#6771,#6777),.PCURVE_S1.);
#6766 = CIRCLE('',#6767,12.7);
#6767 = AXIS2_PLACEMENT_3D('',#6768,#6769,#6770);
#6768 = CARTESIAN_POINT('',(-117.856,163.576,0.));
#6769 = DIRECTION('',(0.,0.,1.));
#6770 = DIRECTION('',(0.,-1.,0.));
#6771 = PCURVE('',#2522,#6772);
#6772 = DEFINITIONAL_REPRESENTATION('',(#6773),#6776);
#6773 = B_SPLINE_CURVE_WITH_KNOTS('',1,(#6774,#6775),.UNSPECIFIED.,.F.,
  .F.,(2,2),(3.14159265359,4.712388980385),.PIECEWISE_BEZIER_KNOTS.);
#6774 = CARTESIAN_POINT('',(0.,0.));
#6775 = CARTESIAN_POINT('',(1.570796326795,0.));
#6776 = ( GEOMETRIC_REPRESENTATION_CONTEXT(2) 
PARAMETRIC_REPRESENTATION_CONTEXT() REPRESENTATION_CONTEXT('2D SPACE',''
  ) );
#6777 = PCURVE('',#6778,#6783);
#6778 = PLANE('',#6779);
#6779 = AXIS2_PLACEMENT_3D('',#6780,#6781,#6782);
#6780 = CARTESIAN_POINT('',(0.,0.,0.));
#6781 = DIRECTION('',(0.,0.,1.));
#6782 = DIRECTION('',(1.,0.,-0.));
#6783 = DEFINITIONAL_REPRESENTATION('',(#6784),#6788);
#6784 = CIRCLE('',#6785,12.7);
#6785 = AXIS2_PLACEMENT_2D('',#6786,#6787);
#6786 = CARTESIAN_POINT('',(-117.856,163.576));
#6787 = DIRECTION('',(0.,-1.));
#6788 = ( GEOMETRIC_REPRESENTATION_CONTEXT(2) 
PARAMETRIC_REPRESENTATION_CONTEXT() REPRESENTATION_CONTEXT('2D SPACE',''
  ) );
#6789 = ORIENTED_EDGE('',*,*,#6790,.T.);
#6790 = EDGE_CURVE('',#6763,#2506,#6791,.T.);
#6791 = SURFACE_CURVE('',#6792,(#6796,#6802),.PCURVE_S1.);
#6792 = LINE('',#6793,#6794);
#6793 = CARTESIAN_POINT('',(-130.556,163.576,0.));
#6794 = VECTOR('',#6795,1.);
#6795 = DIRECTION('',(0.,0.,1.));
#6796 = PCURVE('',#2522,#6797);
#6797 = DEFINITIONAL_REPRESENTATION('',(#6798),#6801);
#6798 = B_SPLINE_CURVE_WITH_KNOTS('',1,(#6799,#6800),.UNSPECIFIED.,.F.,
  .F.,(2,2),(0.,6.35),.PIECEWISE_BEZIER_KNOTS.);
#6799 = CARTESIAN_POINT('',(1.570796326795,0.));
#6800 = CARTESIAN_POINT('',(1.570796326795,6.35));
#6801 = ( GEOMETRIC_REPRESENTATION_CONTEXT(2) 
PARAMETRIC_REPRESENTATION_CONTEXT() REPRESENTATION_CONTEXT('2D SPACE',''
  ) );
#6802 = PCURVE('',#2719,#6803);
#6803 = DEFINITIONAL_REPRESENTATION('',(#6804),#6808);
#6804 = LINE('',#6805,#6806);
#6805 = CARTESIAN_POINT('',(12.7,0.));
#6806 = VECTOR('',#6807,1.);
#6807 = DIRECTION('',(0.,-1.));
#6808 = ( GEOMETRIC_REPRESENTATION_CONTEXT(2) 
PARAMETRIC_REPRESENTATION_CONTEXT() REPRESENTATION_CONTEXT('2D SPACE',''
  ) );
#6809 = ORIENTED_EDGE('',*,*,#2503,.F.);
#6810 = ORIENTED_EDGE('',*,*,#6811,.F.);
#6811 = EDGE_CURVE('',#6761,#2504,#6812,.T.);
#6812 = SURFACE_CURVE('',#6813,(#6817,#6823),.PCURVE_S1.);
#6813 = LINE('',#6814,#6815);
#6814 = CARTESIAN_POINT('',(-117.856,176.276,0.));
#6815 = VECTOR('',#6816,1.);
#6816 = DIRECTION('',(0.,0.,1.));
#6817 = PCURVE('',#2522,#6818);
#6818 = DEFINITIONAL_REPRESENTATION('',(#6819),#6822);
#6819 = B_SPLINE_CURVE_WITH_KNOTS('',1,(#6820,#6821),.UNSPECIFIED.,.F.,
  .F.,(2,2),(0.,6.35),.PIECEWISE_BEZIER_KNOTS.);
#6820 = CARTESIAN_POINT('',(0.,0.));
#6821 = CARTESIAN_POINT('',(0.,6.35));
#6822 = ( GEOMETRIC_REPRESENTATION_CONTEXT(2) 
PARAMETRIC_REPRESENTATION_CONTEXT() REPRESENTATION_CONTEXT('2D SPACE',''
  ) );
#6823 = PCURVE('',#2549,#6824);
#6824 = DEFINITIONAL_REPRESENTATION('',(#6825),#6829);
#6825 = LINE('',#6826,#6827);
#6826 = CARTESIAN_POINT('',(248.412,0.));
#6827 = VECTOR('',#6828,1.);
#6828 = DIRECTION('',(0.,-1.));
#6829 = ( GEOMETRIC_REPRESENTATION_CONTEXT(2) 
PARAMETRIC_REPRESENTATION_CONTEXT() REPRESENTATION_CONTEXT('2D SPACE',''
  ) );
#6830 = ADVANCED_FACE('',(#6831),#2549,.F.);
#6831 = FACE_BOUND('',#6832,.F.);
#6832 = EDGE_LOOP('',(#6833,#6856,#6876,#6877));
#6833 = ORIENTED_EDGE('',*,*,#6834,.F.);
#6834 = EDGE_CURVE('',#6835,#6761,#6837,.T.);
#6835 = VERTEX_POINT('',#6836);
#6836 = CARTESIAN_POINT('',(117.856,176.276,0.));
#6837 = SURFACE_CURVE('',#6838,(#6842,#6849),.PCURVE_S1.);
#6838 = LINE('',#6839,#6840);
#6839 = CARTESIAN_POINT('',(130.556,176.276,0.));
#6840 = VECTOR('',#6841,1.);
#6841 = DIRECTION('',(-1.,0.,0.));
#6842 = PCURVE('',#2549,#6843);
#6843 = DEFINITIONAL_REPRESENTATION('',(#6844),#6848);
#6844 = LINE('',#6845,#6846);
#6845 = CARTESIAN_POINT('',(0.,-0.));
#6846 = VECTOR('',#6847,1.);
#6847 = DIRECTION('',(1.,0.));
#6848 = ( GEOMETRIC_REPRESENTATION_CONTEXT(2) 
PARAMETRIC_REPRESENTATION_CONTEXT() REPRESENTATION_CONTEXT('2D SPACE',''
  ) );
#6849 = PCURVE('',#6778,#6850);
#6850 = DEFINITIONAL_REPRESENTATION('',(#6851),#6855);
#6851 = LINE('',#6852,#6853);
#6852 = CARTESIAN_POINT('',(130.556,176.276));
#6853 = VECTOR('',#6854,1.);
#6854 = DIRECTION('',(-1.,0.));
#6855 = ( GEOMETRIC_REPRESENTATION_CONTEXT(2) 
PARAMETRIC_REPRESENTATION_CONTEXT() REPRESENTATION_CONTEXT('2D SPACE',''
  ) );
#6856 = ORIENTED_EDGE('',*,*,#6857,.T.);
#6857 = EDGE_CURVE('',#6835,#2534,#6858,.T.);
#6858 = SURFACE_CURVE('',#6859,(#6863,#6870),.PCURVE_S1.);
#6859 = LINE('',#6860,#6861);
#6860 = CARTESIAN_POINT('',(117.856,176.276,0.));
#6861 = VECTOR('',#6862,1.);
#6862 = DIRECTION('',(0.,0.,1.));
#6863 = PCURVE('',#2549,#6864);
#6864 = DEFINITIONAL_REPRESENTATION('',(#6865),#6869);
#6865 = LINE('',#6866,#6867);
#6866 = CARTESIAN_POINT('',(12.7,0.));
#6867 = VECTOR('',#6868,1.);
#6868 = DIRECTION('',(0.,-1.));
#6869 = ( GEOMETRIC_REPRESENTATION_CONTEXT(2) 
PARAMETRIC_REPRESENTATION_CONTEXT() REPRESENTATION_CONTEXT('2D SPACE',''
  ) );
#6870 = PCURVE('',#2578,#6871);
#6871 = DEFINITIONAL_REPRESENTATION('',(#6872),#6875);
#6872 = B_SPLINE_CURVE_WITH_KNOTS('',1,(#6873,#6874),.UNSPECIFIED.,.F.,
  .F.,(2,2),(0.,6.35),.PIECEWISE_BEZIER_KNOTS.);
#6873 = CARTESIAN_POINT('',(1.570796326795,0.));
#6874 = CARTESIAN_POINT('',(1.570796326795,6.35));
#6875 = ( GEOMETRIC_REPRESENTATION_CONTEXT(2) 
PARAMETRIC_REPRESENTATION_CONTEXT() REPRESENTATION_CONTEXT('2D SPACE',''
  ) );
#6876 = ORIENTED_EDGE('',*,*,#2533,.T.);
#6877 = ORIENTED_EDGE('',*,*,#6811,.F.);
#6878 = ADVANCED_FACE('',(#6879),#2578,.T.);
#6879 = FACE_BOUND('',#6880,.T.);
#6880 = EDGE_LOOP('',(#6881,#6904,#6905,#6906));
#6881 = ORIENTED_EDGE('',*,*,#6882,.T.);
#6882 = EDGE_CURVE('',#6883,#6835,#6885,.T.);
#6883 = VERTEX_POINT('',#6884);
#6884 = CARTESIAN_POINT('',(130.556,163.576,0.));
#6885 = SURFACE_CURVE('',#6886,(#6891,#6897),.PCURVE_S1.);
#6886 = CIRCLE('',#6887,12.7);
#6887 = AXIS2_PLACEMENT_3D('',#6888,#6889,#6890);
#6888 = CARTESIAN_POINT('',(117.856,163.576,0.));
#6889 = DIRECTION('',(0.,0.,1.));
#6890 = DIRECTION('',(0.,-1.,0.));
#6891 = PCURVE('',#2578,#6892);
#6892 = DEFINITIONAL_REPRESENTATION('',(#6893),#6896);
#6893 = B_SPLINE_CURVE_WITH_KNOTS('',1,(#6894,#6895),.UNSPECIFIED.,.F.,
  .F.,(2,2),(1.570796326795,3.14159265359),.PIECEWISE_BEZIER_KNOTS.);
#6894 = CARTESIAN_POINT('',(0.,0.));
#6895 = CARTESIAN_POINT('',(1.570796326795,0.));
#6896 = ( GEOMETRIC_REPRESENTATION_CONTEXT(2) 
PARAMETRIC_REPRESENTATION_CONTEXT() REPRESENTATION_CONTEXT('2D SPACE',''
  ) );
#6897 = PCURVE('',#6778,#6898);
#6898 = DEFINITIONAL_REPRESENTATION('',(#6899),#6903);
#6899 = CIRCLE('',#6900,12.7);
#6900 = AXIS2_PLACEMENT_2D('',#6901,#6902);
#6901 = CARTESIAN_POINT('',(117.856,163.576));
#6902 = DIRECTION('',(0.,-1.));
#6903 = ( GEOMETRIC_REPRESENTATION_CONTEXT(2) 
PARAMETRIC_REPRESENTATION_CONTEXT() REPRESENTATION_CONTEXT('2D SPACE',''
  ) );
#6904 = ORIENTED_EDGE('',*,*,#6857,.T.);
#6905 = ORIENTED_EDGE('',*,*,#2561,.F.);
#6906 = ORIENTED_EDGE('',*,*,#6907,.F.);
#6907 = EDGE_CURVE('',#6883,#2562,#6908,.T.);
#6908 = SURFACE_CURVE('',#6909,(#6913,#6919),.PCURVE_S1.);
#6909 = LINE('',#6910,#6911);
#6910 = CARTESIAN_POINT('',(130.556,163.576,0.));
#6911 = VECTOR('',#6912,1.);
#6912 = DIRECTION('',(0.,0.,1.));
#6913 = PCURVE('',#2578,#6914);
#6914 = DEFINITIONAL_REPRESENTATION('',(#6915),#6918);
#6915 = B_SPLINE_CURVE_WITH_KNOTS('',1,(#6916,#6917),.UNSPECIFIED.,.F.,
  .F.,(2,2),(0.,6.35),.PIECEWISE_BEZIER_KNOTS.);
#6916 = CARTESIAN_POINT('',(0.,0.));
#6917 = CARTESIAN_POINT('',(0.,6.35));
#6918 = ( GEOMETRIC_REPRESENTATION_CONTEXT(2) 
PARAMETRIC_REPRESENTATION_CONTEXT() REPRESENTATION_CONTEXT('2D SPACE',''
  ) );
#6919 = PCURVE('',#2605,#6920);
#6920 = DEFINITIONAL_REPRESENTATION('',(#6921),#6925);
#6921 = LINE('',#6922,#6923);
#6922 = CARTESIAN_POINT('',(339.852,0.));
#6923 = VECTOR('',#6924,1.);
#6924 = DIRECTION('',(0.,-1.));
#6925 = ( GEOMETRIC_REPRESENTATION_CONTEXT(2) 
PARAMETRIC_REPRESENTATION_CONTEXT() REPRESENTATION_CONTEXT('2D SPACE',''
  ) );
#6926 = ADVANCED_FACE('',(#6927),#2605,.F.);
#6927 = FACE_BOUND('',#6928,.F.);
#6928 = EDGE_LOOP('',(#6929,#6952,#6972,#6973));
#6929 = ORIENTED_EDGE('',*,*,#6930,.F.);
#6930 = EDGE_CURVE('',#6931,#6883,#6933,.T.);
#6931 = VERTEX_POINT('',#6932);
#6932 = CARTESIAN_POINT('',(130.556,-163.576,0.));
#6933 = SURFACE_CURVE('',#6934,(#6938,#6945),.PCURVE_S1.);
#6934 = LINE('',#6935,#6936);
#6935 = CARTESIAN_POINT('',(130.556,-176.276,0.));
#6936 = VECTOR('',#6937,1.);
#6937 = DIRECTION('',(0.,1.,0.));
#6938 = PCURVE('',#2605,#6939);
#6939 = DEFINITIONAL_REPRESENTATION('',(#6940),#6944);
#6940 = LINE('',#6941,#6942);
#6941 = CARTESIAN_POINT('',(0.,0.));
#6942 = VECTOR('',#6943,1.);
#6943 = DIRECTION('',(1.,0.));
#6944 = ( GEOMETRIC_REPRESENTATION_CONTEXT(2) 
PARAMETRIC_REPRESENTATION_CONTEXT() REPRESENTATION_CONTEXT('2D SPACE',''
  ) );
#6945 = PCURVE('',#6778,#6946);
#6946 = DEFINITIONAL_REPRESENTATION('',(#6947),#6951);
#6947 = LINE('',#6948,#6949);
#6948 = CARTESIAN_POINT('',(130.556,-176.276));
#6949 = VECTOR('',#6950,1.);
#6950 = DIRECTION('',(0.,1.));
#6951 = ( GEOMETRIC_REPRESENTATION_CONTEXT(2) 
PARAMETRIC_REPRESENTATION_CONTEXT() REPRESENTATION_CONTEXT('2D SPACE',''
  ) );
#6952 = ORIENTED_EDGE('',*,*,#6953,.T.);
#6953 = EDGE_CURVE('',#6931,#2590,#6954,.T.);
#6954 = SURFACE_CURVE('',#6955,(#6959,#6966),.PCURVE_S1.);
#6955 = LINE('',#6956,#6957);
#6956 = CARTESIAN_POINT('',(130.556,-163.576,0.));
#6957 = VECTOR('',#6958,1.);
#6958 = DIRECTION('',(0.,0.,1.));
#6959 = PCURVE('',#2605,#6960);
#6960 = DEFINITIONAL_REPRESENTATION('',(#6961),#6965);
#6961 = LINE('',#6962,#6963);
#6962 = CARTESIAN_POINT('',(12.7,0.));
#6963 = VECTOR('',#6964,1.);
#6964 = DIRECTION('',(0.,-1.));
#6965 = ( GEOMETRIC_REPRESENTATION_CONTEXT(2) 
PARAMETRIC_REPRESENTATION_CONTEXT() REPRESENTATION_CONTEXT('2D SPACE',''
  ) );
#6966 = PCURVE('',#2634,#6967);
#6967 = DEFINITIONAL_REPRESENTATION('',(#6968),#6971);
#6968 = B_SPLINE_CURVE_WITH_KNOTS('',1,(#6969,#6970),.UNSPECIFIED.,.F.,
  .F.,(2,2),(0.,6.35),.PIECEWISE_BEZIER_KNOTS.);
#6969 = CARTESIAN_POINT('',(1.570796326795,0.));
#6970 = CARTESIAN_POINT('',(1.570796326795,6.35));
#6971 = ( GEOMETRIC_REPRESENTATION_CONTEXT(2) 
PARAMETRIC_REPRESENTATION_CONTEXT() REPRESENTATION_CONTEXT('2D SPACE',''
  ) );
#6972 = ORIENTED_EDGE('',*,*,#2589,.T.);
#6973 = ORIENTED_EDGE('',*,*,#6907,.F.);
#6974 = ADVANCED_FACE('',(#6975),#2634,.T.);
#6975 = FACE_BOUND('',#6976,.T.);
#6976 = EDGE_LOOP('',(#6977,#7000,#7001,#7002));
#6977 = ORIENTED_EDGE('',*,*,#6978,.T.);
#6978 = EDGE_CURVE('',#6979,#6931,#6981,.T.);
#6979 = VERTEX_POINT('',#6980);
#6980 = CARTESIAN_POINT('',(117.856,-176.276,0.));
#6981 = SURFACE_CURVE('',#6982,(#6987,#6993),.PCURVE_S1.);
#6982 = CIRCLE('',#6983,12.7);
#6983 = AXIS2_PLACEMENT_3D('',#6984,#6985,#6986);
#6984 = CARTESIAN_POINT('',(117.856,-163.576,0.));
#6985 = DIRECTION('',(0.,0.,1.));
#6986 = DIRECTION('',(0.,-1.,0.));
#6987 = PCURVE('',#2634,#6988);
#6988 = DEFINITIONAL_REPRESENTATION('',(#6989),#6992);
#6989 = B_SPLINE_CURVE_WITH_KNOTS('',1,(#6990,#6991),.UNSPECIFIED.,.F.,
  .F.,(2,2),(0.,1.570796326795),.PIECEWISE_BEZIER_KNOTS.);
#6990 = CARTESIAN_POINT('',(0.,0.));
#6991 = CARTESIAN_POINT('',(1.570796326795,0.));
#6992 = ( GEOMETRIC_REPRESENTATION_CONTEXT(2) 
PARAMETRIC_REPRESENTATION_CONTEXT() REPRESENTATION_CONTEXT('2D SPACE',''
  ) );
#6993 = PCURVE('',#6778,#6994);
#6994 = DEFINITIONAL_REPRESENTATION('',(#6995),#6999);
#6995 = CIRCLE('',#6996,12.7);
#6996 = AXIS2_PLACEMENT_2D('',#6997,#6998);
#6997 = CARTESIAN_POINT('',(117.856,-163.576));
#6998 = DIRECTION('',(0.,-1.));
#6999 = ( GEOMETRIC_REPRESENTATION_CONTEXT(2) 
PARAMETRIC_REPRESENTATION_CONTEXT() REPRESENTATION_CONTEXT('2D SPACE',''
  ) );
#7000 = ORIENTED_EDGE('',*,*,#6953,.T.);
#7001 = ORIENTED_EDGE('',*,*,#2617,.F.);
#7002 = ORIENTED_EDGE('',*,*,#7003,.F.);
#7003 = EDGE_CURVE('',#6979,#2618,#7004,.T.);
#7004 = SURFACE_CURVE('',#7005,(#7009,#7015),.PCURVE_S1.);
#7005 = LINE('',#7006,#7007);
#7006 = CARTESIAN_POINT('',(117.856,-176.276,0.));
#7007 = VECTOR('',#7008,1.);
#7008 = DIRECTION('',(0.,0.,1.));
#7009 = PCURVE('',#2634,#7010);
#7010 = DEFINITIONAL_REPRESENTATION('',(#7011),#7014);
#7011 = B_SPLINE_CURVE_WITH_KNOTS('',1,(#7012,#7013),.UNSPECIFIED.,.F.,
  .F.,(2,2),(0.,6.35),.PIECEWISE_BEZIER_KNOTS.);
#7012 = CARTESIAN_POINT('',(0.,0.));
#7013 = CARTESIAN_POINT('',(0.,6.35));
#7014 = ( GEOMETRIC_REPRESENTATION_CONTEXT(2) 
PARAMETRIC_REPRESENTATION_CONTEXT() REPRESENTATION_CONTEXT('2D SPACE',''
  ) );
#7015 = PCURVE('',#2661,#7016);
#7016 = DEFINITIONAL_REPRESENTATION('',(#7017),#7021);
#7017 = LINE('',#7018,#7019);
#7018 = CARTESIAN_POINT('',(248.412,0.));
#7019 = VECTOR('',#7020,1.);
#7020 = DIRECTION('',(0.,-1.));
#7021 = ( GEOMETRIC_REPRESENTATION_CONTEXT(2) 
PARAMETRIC_REPRESENTATION_CONTEXT() REPRESENTATION_CONTEXT('2D SPACE',''
  ) );
#7022 = ADVANCED_FACE('',(#7023),#2661,.F.);
#7023 = FACE_BOUND('',#7024,.F.);
#7024 = EDGE_LOOP('',(#7025,#7048,#7068,#7069));
#7025 = ORIENTED_EDGE('',*,*,#7026,.F.);
#7026 = EDGE_CURVE('',#7027,#6979,#7029,.T.);
#7027 = VERTEX_POINT('',#7028);
#7028 = CARTESIAN_POINT('',(-117.856,-176.276,0.));
#7029 = SURFACE_CURVE('',#7030,(#7034,#7041),.PCURVE_S1.);
#7030 = LINE('',#7031,#7032);
#7031 = CARTESIAN_POINT('',(-130.556,-176.276,0.));
#7032 = VECTOR('',#7033,1.);
#7033 = DIRECTION('',(1.,0.,0.));
#7034 = PCURVE('',#2661,#7035);
#7035 = DEFINITIONAL_REPRESENTATION('',(#7036),#7040);
#7036 = LINE('',#7037,#7038);
#7037 = CARTESIAN_POINT('',(0.,0.));
#7038 = VECTOR('',#7039,1.);
#7039 = DIRECTION('',(1.,0.));
#7040 = ( GEOMETRIC_REPRESENTATION_CONTEXT(2) 
PARAMETRIC_REPRESENTATION_CONTEXT() REPRESENTATION_CONTEXT('2D SPACE',''
  ) );
#7041 = PCURVE('',#6778,#7042);
#7042 = DEFINITIONAL_REPRESENTATION('',(#7043),#7047);
#7043 = LINE('',#7044,#7045);
#7044 = CARTESIAN_POINT('',(-130.556,-176.276));
#7045 = VECTOR('',#7046,1.);
#7046 = DIRECTION('',(1.,0.));
#7047 = ( GEOMETRIC_REPRESENTATION_CONTEXT(2) 
PARAMETRIC_REPRESENTATION_CONTEXT() REPRESENTATION_CONTEXT('2D SPACE',''
  ) );
#7048 = ORIENTED_EDGE('',*,*,#7049,.T.);
#7049 = EDGE_CURVE('',#7027,#2646,#7050,.T.);
#7050 = SURFACE_CURVE('',#7051,(#7055,#7062),.PCURVE_S1.);
#7051 = LINE('',#7052,#7053);
#7052 = CARTESIAN_POINT('',(-117.856,-176.276,0.));
#7053 = VECTOR('',#7054,1.);
#7054 = DIRECTION('',(0.,0.,1.));
#7055 = PCURVE('',#2661,#7056);
#7056 = DEFINITIONAL_REPRESENTATION('',(#7057),#7061);
#7057 = LINE('',#7058,#7059);
#7058 = CARTESIAN_POINT('',(12.7,0.));
#7059 = VECTOR('',#7060,1.);
#7060 = DIRECTION('',(0.,-1.));
#7061 = ( GEOMETRIC_REPRESENTATION_CONTEXT(2) 
PARAMETRIC_REPRESENTATION_CONTEXT() REPRESENTATION_CONTEXT('2D SPACE',''
  ) );
#7062 = PCURVE('',#2694,#7063);
#7063 = DEFINITIONAL_REPRESENTATION('',(#7064),#7067);
#7064 = B_SPLINE_CURVE_WITH_KNOTS('',1,(#7065,#7066),.UNSPECIFIED.,.F.,
  .F.,(2,2),(0.,6.35),.PIECEWISE_BEZIER_KNOTS.);
#7065 = CARTESIAN_POINT('',(0.,0.));
#7066 = CARTESIAN_POINT('',(0.,6.35));
#7067 = ( GEOMETRIC_REPRESENTATION_CONTEXT(2) 
PARAMETRIC_REPRESENTATION_CONTEXT() REPRESENTATION_CONTEXT('2D SPACE',''
  ) );
#7068 = ORIENTED_EDGE('',*,*,#2645,.T.);
#7069 = ORIENTED_EDGE('',*,*,#7003,.F.);
#7070 = ADVANCED_FACE('',(#7071),#2694,.T.);
#7071 = FACE_BOUND('',#7072,.F.);
#7072 = EDGE_LOOP('',(#7073,#7100,#7120,#7121));
#7073 = ORIENTED_EDGE('',*,*,#7074,.T.);
#7074 = EDGE_CURVE('',#7027,#7075,#7077,.T.);
#7075 = VERTEX_POINT('',#7076);
#7076 = CARTESIAN_POINT('',(-130.556,-163.576,0.));
#7077 = SURFACE_CURVE('',#7078,(#7083,#7089),.PCURVE_S1.);
#7078 = CIRCLE('',#7079,12.7);
#7079 = AXIS2_PLACEMENT_3D('',#7080,#7081,#7082);
#7080 = CARTESIAN_POINT('',(-117.856,-163.576,0.));
#7081 = DIRECTION('',(-0.,-0.,-1.));
#7082 = DIRECTION('',(0.,-1.,0.));
#7083 = PCURVE('',#2694,#7084);
#7084 = DEFINITIONAL_REPRESENTATION('',(#7085),#7088);
#7085 = B_SPLINE_CURVE_WITH_KNOTS('',1,(#7086,#7087),.UNSPECIFIED.,.F.,
  .F.,(2,2),(0.,1.570796326795),.PIECEWISE_BEZIER_KNOTS.);
#7086 = CARTESIAN_POINT('',(0.,0.));
#7087 = CARTESIAN_POINT('',(-1.570796326795,0.));
#7088 = ( GEOMETRIC_REPRESENTATION_CONTEXT(2) 
PARAMETRIC_REPRESENTATION_CONTEXT() REPRESENTATION_CONTEXT('2D SPACE',''
  ) );
#7089 = PCURVE('',#6778,#7090);
#7090 = DEFINITIONAL_REPRESENTATION('',(#7091),#7099);
#7091 = ( BOUNDED_CURVE() B_SPLINE_CURVE(2,(#7092,#7093,#7094,#7095,
#7096,#7097,#7098),.UNSPECIFIED.,.T.,.F.) B_SPLINE_CURVE_WITH_KNOTS((1,2
    ,2,2,2,1),(-2.094395102393,0.,2.094395102393,4.188790204786,
6.28318530718,8.377580409573),.UNSPECIFIED.) CURVE() 
GEOMETRIC_REPRESENTATION_ITEM() RATIONAL_B_SPLINE_CURVE((1.,0.5,1.,0.5,
1.,0.5,1.)) REPRESENTATION_ITEM('') );
#7092 = CARTESIAN_POINT('',(-117.856,-176.276));
#7093 = CARTESIAN_POINT('',(-139.8530452561,-176.276));
#7094 = CARTESIAN_POINT('',(-128.854522628,-157.226));
#7095 = CARTESIAN_POINT('',(-117.856,-138.176));
#7096 = CARTESIAN_POINT('',(-106.8574773719,-157.226));
#7097 = CARTESIAN_POINT('',(-95.85895474387,-176.276));
#7098 = CARTESIAN_POINT('',(-117.856,-176.276));
#7099 = ( GEOMETRIC_REPRESENTATION_CONTEXT(2) 
PARAMETRIC_REPRESENTATION_CONTEXT() REPRESENTATION_CONTEXT('2D SPACE',''
  ) );
#7100 = ORIENTED_EDGE('',*,*,#7101,.T.);
#7101 = EDGE_CURVE('',#7075,#2674,#7102,.T.);
#7102 = SURFACE_CURVE('',#7103,(#7107,#7113),.PCURVE_S1.);
#7103 = LINE('',#7104,#7105);
#7104 = CARTESIAN_POINT('',(-130.556,-163.576,0.));
#7105 = VECTOR('',#7106,1.);
#7106 = DIRECTION('',(0.,0.,1.));
#7107 = PCURVE('',#2694,#7108);
#7108 = DEFINITIONAL_REPRESENTATION('',(#7109),#7112);
#7109 = B_SPLINE_CURVE_WITH_KNOTS('',1,(#7110,#7111),.UNSPECIFIED.,.F.,
  .F.,(2,2),(0.,6.35),.PIECEWISE_BEZIER_KNOTS.);
#7110 = CARTESIAN_POINT('',(-1.570796326795,0.));
#7111 = CARTESIAN_POINT('',(-1.570796326795,6.35));
#7112 = ( GEOMETRIC_REPRESENTATION_CONTEXT(2) 
PARAMETRIC_REPRESENTATION_CONTEXT() REPRESENTATION_CONTEXT('2D SPACE',''
  ) );
#7113 = PCURVE('',#2719,#7114);
#7114 = DEFINITIONAL_REPRESENTATION('',(#7115),#7119);
#7115 = LINE('',#7116,#7117);
#7116 = CARTESIAN_POINT('',(339.852,0.));
#7117 = VECTOR('',#7118,1.);
#7118 = DIRECTION('',(0.,-1.));
#7119 = ( GEOMETRIC_REPRESENTATION_CONTEXT(2) 
PARAMETRIC_REPRESENTATION_CONTEXT() REPRESENTATION_CONTEXT('2D SPACE',''
  ) );
#7120 = ORIENTED_EDGE('',*,*,#2673,.F.);
#7121 = ORIENTED_EDGE('',*,*,#7049,.F.);
#7122 = ADVANCED_FACE('',(#7123),#2719,.F.);
#7123 = FACE_BOUND('',#7124,.F.);
#7124 = EDGE_LOOP('',(#7125,#7146,#7147,#7148));
#7125 = ORIENTED_EDGE('',*,*,#7126,.F.);
#7126 = EDGE_CURVE('',#6763,#7075,#7127,.T.);
#7127 = SURFACE_CURVE('',#7128,(#7132,#7139),.PCURVE_S1.);
#7128 = LINE('',#7129,#7130);
#7129 = CARTESIAN_POINT('',(-130.556,176.276,0.));
#7130 = VECTOR('',#7131,1.);
#7131 = DIRECTION('',(0.,-1.,0.));
#7132 = PCURVE('',#2719,#7133);
#7133 = DEFINITIONAL_REPRESENTATION('',(#7134),#7138);
#7134 = LINE('',#7135,#7136);
#7135 = CARTESIAN_POINT('',(0.,0.));
#7136 = VECTOR('',#7137,1.);
#7137 = DIRECTION('',(1.,0.));
#7138 = ( GEOMETRIC_REPRESENTATION_CONTEXT(2) 
PARAMETRIC_REPRESENTATION_CONTEXT() REPRESENTATION_CONTEXT('2D SPACE',''
  ) );
#7139 = PCURVE('',#6778,#7140);
#7140 = DEFINITIONAL_REPRESENTATION('',(#7141),#7145);
#7141 = LINE('',#7142,#7143);
#7142 = CARTESIAN_POINT('',(-130.556,176.276));
#7143 = VECTOR('',#7144,1.);
#7144 = DIRECTION('',(0.,-1.));
#7145 = ( GEOMETRIC_REPRESENTATION_CONTEXT(2) 
PARAMETRIC_REPRESENTATION_CONTEXT() REPRESENTATION_CONTEXT('2D SPACE',''
  ) );
#7146 = ORIENTED_EDGE('',*,*,#6790,.T.);
#7147 = ORIENTED_EDGE('',*,*,#2705,.T.);
#7148 = ORIENTED_EDGE('',*,*,#7101,.F.);
#7149 = ADVANCED_FACE('',(#7150),#2904,.F.);
#7150 = FACE_BOUND('',#7151,.F.);
#7151 = EDGE_LOOP('',(#7152,#7153,#7154,#7155,#7156,#7157,#7158,#7159));
#7152 = ORIENTED_EDGE('',*,*,#3316,.T.);
#7153 = ORIENTED_EDGE('',*,*,#2886,.T.);
#7154 = ORIENTED_EDGE('',*,*,#6391,.T.);
#7155 = ORIENTED_EDGE('',*,*,#6342,.F.);
#7156 = ORIENTED_EDGE('',*,*,#6315,.F.);
#7157 = ORIENTED_EDGE('',*,*,#6246,.F.);
#7158 = ORIENTED_EDGE('',*,*,#6195,.T.);
#7159 = ORIENTED_EDGE('',*,*,#3438,.T.);
#7160 = ADVANCED_FACE('',(#7161),#3000,.F.);
#7161 = FACE_BOUND('',#7162,.F.);
#7162 = EDGE_LOOP('',(#7163,#7164,#7165,#7166,#7167,#7189,#7217,#7237));
#7163 = ORIENTED_EDGE('',*,*,#6418,.F.);
#7164 = ORIENTED_EDGE('',*,*,#2984,.T.);
#7165 = ORIENTED_EDGE('',*,*,#6735,.T.);
#7166 = ORIENTED_EDGE('',*,*,#6686,.F.);
#7167 = ORIENTED_EDGE('',*,*,#7168,.T.);
#7168 = EDGE_CURVE('',#6659,#7169,#7171,.T.);
#7169 = VERTEX_POINT('',#7170);
#7170 = CARTESIAN_POINT('',(-140.208,-62.23,115.57));
#7171 = SURFACE_CURVE('',#7172,(#7176,#7183),.PCURVE_S1.);
#7172 = LINE('',#7173,#7174);
#7173 = CARTESIAN_POINT('',(-160.528,-62.23,115.57));
#7174 = VECTOR('',#7175,1.);
#7175 = DIRECTION('',(1.,0.,0.));
#7176 = PCURVE('',#3000,#7177);
#7177 = DEFINITIONAL_REPRESENTATION('',(#7178),#7182);
#7178 = LINE('',#7179,#7180);
#7179 = CARTESIAN_POINT('',(-160.528,-62.23));
#7180 = VECTOR('',#7181,1.);
#7181 = DIRECTION('',(1.,0.));
#7182 = ( GEOMETRIC_REPRESENTATION_CONTEXT(2) 
PARAMETRIC_REPRESENTATION_CONTEXT() REPRESENTATION_CONTEXT('2D SPACE',''
  ) );
#7183 = PCURVE('',#6675,#7184);
#7184 = DEFINITIONAL_REPRESENTATION('',(#7185),#7188);
#7185 = B_SPLINE_CURVE_WITH_KNOTS('',1,(#7186,#7187),.UNSPECIFIED.,.F.,
  .F.,(2,2),(10.16,20.32),.PIECEWISE_BEZIER_KNOTS.);
#7186 = CARTESIAN_POINT('',(-1.570796326795,10.16));
#7187 = CARTESIAN_POINT('',(-1.570796326795,20.32));
#7188 = ( GEOMETRIC_REPRESENTATION_CONTEXT(2) 
PARAMETRIC_REPRESENTATION_CONTEXT() REPRESENTATION_CONTEXT('2D SPACE',''
  ) );
#7189 = ORIENTED_EDGE('',*,*,#7190,.T.);
#7190 = EDGE_CURVE('',#7169,#7191,#7193,.T.);
#7191 = VERTEX_POINT('',#7192);
#7192 = CARTESIAN_POINT('',(-140.208,62.23,115.57));
#7193 = SURFACE_CURVE('',#7194,(#7198,#7205),.PCURVE_S1.);
#7194 = LINE('',#7195,#7196);
#7195 = CARTESIAN_POINT('',(-140.208,-69.85,115.57));
#7196 = VECTOR('',#7197,1.);
#7197 = DIRECTION('',(0.,1.,0.));
#7198 = PCURVE('',#3000,#7199);
#7199 = DEFINITIONAL_REPRESENTATION('',(#7200),#7204);
#7200 = LINE('',#7201,#7202);
#7201 = CARTESIAN_POINT('',(-140.208,-69.85));
#7202 = VECTOR('',#7203,1.);
#7203 = DIRECTION('',(0.,1.));
#7204 = ( GEOMETRIC_REPRESENTATION_CONTEXT(2) 
PARAMETRIC_REPRESENTATION_CONTEXT() REPRESENTATION_CONTEXT('2D SPACE',''
  ) );
#7205 = PCURVE('',#7206,#7211);
#7206 = PLANE('',#7207);
#7207 = AXIS2_PLACEMENT_3D('',#7208,#7209,#7210);
#7208 = CARTESIAN_POINT('',(-140.208,-69.85,90.17));
#7209 = DIRECTION('',(1.,0.,0.));
#7210 = DIRECTION('',(0.,0.,1.));
#7211 = DEFINITIONAL_REPRESENTATION('',(#7212),#7216);
#7212 = LINE('',#7213,#7214);
#7213 = CARTESIAN_POINT('',(25.4,0.));
#7214 = VECTOR('',#7215,1.);
#7215 = DIRECTION('',(0.,-1.));
#7216 = ( GEOMETRIC_REPRESENTATION_CONTEXT(2) 
PARAMETRIC_REPRESENTATION_CONTEXT() REPRESENTATION_CONTEXT('2D SPACE',''
  ) );
#7217 = ORIENTED_EDGE('',*,*,#7218,.F.);
#7218 = EDGE_CURVE('',#6468,#7191,#7219,.T.);
#7219 = SURFACE_CURVE('',#7220,(#7224,#7231),.PCURVE_S1.);
#7220 = LINE('',#7221,#7222);
#7221 = CARTESIAN_POINT('',(-160.528,62.23,115.57));
#7222 = VECTOR('',#7223,1.);
#7223 = DIRECTION('',(1.,0.,0.));
#7224 = PCURVE('',#3000,#7225);
#7225 = DEFINITIONAL_REPRESENTATION('',(#7226),#7230);
#7226 = LINE('',#7227,#7228);
#7227 = CARTESIAN_POINT('',(-160.528,62.23));
#7228 = VECTOR('',#7229,1.);
#7229 = DIRECTION('',(1.,0.));
#7230 = ( GEOMETRIC_REPRESENTATION_CONTEXT(2) 
PARAMETRIC_REPRESENTATION_CONTEXT() REPRESENTATION_CONTEXT('2D SPACE',''
  ) );
#7231 = PCURVE('',#6507,#7232);
#7232 = DEFINITIONAL_REPRESENTATION('',(#7233),#7236);
#7233 = B_SPLINE_CURVE_WITH_KNOTS('',1,(#7234,#7235),.UNSPECIFIED.,.F.,
  .F.,(2,2),(10.16,20.32),.PIECEWISE_BEZIER_KNOTS.);
#7234 = CARTESIAN_POINT('',(1.570796326795,10.16));
#7235 = CARTESIAN_POINT('',(1.570796326795,20.32));
#7236 = ( GEOMETRIC_REPRESENTATION_CONTEXT(2) 
PARAMETRIC_REPRESENTATION_CONTEXT() REPRESENTATION_CONTEXT('2D SPACE',''
  ) );
#7237 = ORIENTED_EDGE('',*,*,#6467,.F.);
#7238 = ADVANCED_FACE('',(#7239),#3185,.F.);
#7239 = FACE_BOUND('',#7240,.F.);
#7240 = EDGE_LOOP('',(#7241,#7242,#7243,#7244,#7245,#7246,#7247,#7248));
#7241 = ORIENTED_EDGE('',*,*,#5658,.F.);
#7242 = ORIENTED_EDGE('',*,*,#5631,.T.);
#7243 = ORIENTED_EDGE('',*,*,#3169,.T.);
#7244 = ORIENTED_EDGE('',*,*,#3364,.T.);
#7245 = ORIENTED_EDGE('',*,*,#3412,.T.);
#7246 = ORIENTED_EDGE('',*,*,#5801,.F.);
#7247 = ORIENTED_EDGE('',*,*,#5754,.F.);
#7248 = ORIENTED_EDGE('',*,*,#5727,.F.);
#7249 = ADVANCED_FACE('',(#7250),#3258,.F.);
#7250 = FACE_BOUND('',#7251,.F.);
#7251 = EDGE_LOOP('',(#7252,#7253,#7254,#7255,#7256,#7257,#7279,#7307));
#7252 = ORIENTED_EDGE('',*,*,#5298,.F.);
#7253 = ORIENTED_EDGE('',*,*,#5271,.T.);
#7254 = ORIENTED_EDGE('',*,*,#3242,.T.);
#7255 = ORIENTED_EDGE('',*,*,#5582,.F.);
#7256 = ORIENTED_EDGE('',*,*,#5533,.F.);
#7257 = ORIENTED_EDGE('',*,*,#7258,.F.);
#7258 = EDGE_CURVE('',#7259,#5502,#7261,.T.);
#7259 = VERTEX_POINT('',#7260);
#7260 = CARTESIAN_POINT('',(140.208,62.23,115.57));
#7261 = SURFACE_CURVE('',#7262,(#7266,#7273),.PCURVE_S1.);
#7262 = LINE('',#7263,#7264);
#7263 = CARTESIAN_POINT('',(140.208,62.23,115.57));
#7264 = VECTOR('',#7265,1.);
#7265 = DIRECTION('',(1.,0.,0.));
#7266 = PCURVE('',#3258,#7267);
#7267 = DEFINITIONAL_REPRESENTATION('',(#7268),#7272);
#7268 = LINE('',#7269,#7270);
#7269 = CARTESIAN_POINT('',(140.208,62.23));
#7270 = VECTOR('',#7271,1.);
#7271 = DIRECTION('',(1.,0.));
#7272 = ( GEOMETRIC_REPRESENTATION_CONTEXT(2) 
PARAMETRIC_REPRESENTATION_CONTEXT() REPRESENTATION_CONTEXT('2D SPACE',''
  ) );
#7273 = PCURVE('',#5522,#7274);
#7274 = DEFINITIONAL_REPRESENTATION('',(#7275),#7278);
#7275 = B_SPLINE_CURVE_WITH_KNOTS('',1,(#7276,#7277),.UNSPECIFIED.,.F.,
  .F.,(2,2),(0.,10.16),.PIECEWISE_BEZIER_KNOTS.);
#7276 = CARTESIAN_POINT('',(1.570796326795,0.));
#7277 = CARTESIAN_POINT('',(1.570796326795,10.16));
#7278 = ( GEOMETRIC_REPRESENTATION_CONTEXT(2) 
PARAMETRIC_REPRESENTATION_CONTEXT() REPRESENTATION_CONTEXT('2D SPACE',''
  ) );
#7279 = ORIENTED_EDGE('',*,*,#7280,.F.);
#7280 = EDGE_CURVE('',#7281,#7259,#7283,.T.);
#7281 = VERTEX_POINT('',#7282);
#7282 = CARTESIAN_POINT('',(140.208,-62.23,115.57));
#7283 = SURFACE_CURVE('',#7284,(#7288,#7295),.PCURVE_S1.);
#7284 = LINE('',#7285,#7286);
#7285 = CARTESIAN_POINT('',(140.208,-69.85,115.57));
#7286 = VECTOR('',#7287,1.);
#7287 = DIRECTION('',(0.,1.,0.));
#7288 = PCURVE('',#3258,#7289);
#7289 = DEFINITIONAL_REPRESENTATION('',(#7290),#7294);
#7290 = LINE('',#7291,#7292);
#7291 = CARTESIAN_POINT('',(140.208,-69.85));
#7292 = VECTOR('',#7293,1.);
#7293 = DIRECTION('',(0.,1.));
#7294 = ( GEOMETRIC_REPRESENTATION_CONTEXT(2) 
PARAMETRIC_REPRESENTATION_CONTEXT() REPRESENTATION_CONTEXT('2D SPACE',''
  ) );
#7295 = PCURVE('',#7296,#7301);
#7296 = PLANE('',#7297);
#7297 = AXIS2_PLACEMENT_3D('',#7298,#7299,#7300);
#7298 = CARTESIAN_POINT('',(140.208,-69.85,90.17));
#7299 = DIRECTION('',(1.,0.,0.));
#7300 = DIRECTION('',(0.,0.,1.));
#7301 = DEFINITIONAL_REPRESENTATION('',(#7302),#7306);
#7302 = LINE('',#7303,#7304);
#7303 = CARTESIAN_POINT('',(25.4,0.));
#7304 = VECTOR('',#7305,1.);
#7305 = DIRECTION('',(0.,-1.));
#7306 = ( GEOMETRIC_REPRESENTATION_CONTEXT(2) 
PARAMETRIC_REPRESENTATION_CONTEXT() REPRESENTATION_CONTEXT('2D SPACE',''
  ) );
#7307 = ORIENTED_EDGE('',*,*,#7308,.T.);
#7308 = EDGE_CURVE('',#7281,#5299,#7309,.T.);
#7309 = SURFACE_CURVE('',#7310,(#7314,#7321),.PCURVE_S1.);
#7310 = LINE('',#7311,#7312);
#7311 = CARTESIAN_POINT('',(140.208,-62.23,115.57));
#7312 = VECTOR('',#7313,1.);
#7313 = DIRECTION('',(1.,0.,0.));
#7314 = PCURVE('',#3258,#7315);
#7315 = DEFINITIONAL_REPRESENTATION('',(#7316),#7320);
#7316 = LINE('',#7317,#7318);
#7317 = CARTESIAN_POINT('',(140.208,-62.23));
#7318 = VECTOR('',#7319,1.);
#7319 = DIRECTION('',(1.,0.));
#7320 = ( GEOMETRIC_REPRESENTATION_CONTEXT(2) 
PARAMETRIC_REPRESENTATION_CONTEXT() REPRESENTATION_CONTEXT('2D SPACE',''
  ) );
#7321 = PCURVE('',#5342,#7322);
#7322 = DEFINITIONAL_REPRESENTATION('',(#7323),#7326);
#7323 = B_SPLINE_CURVE_WITH_KNOTS('',1,(#7324,#7325),.UNSPECIFIED.,.F.,
  .F.,(2,2),(0.,10.16),.PIECEWISE_BEZIER_KNOTS.);
#7324 = CARTESIAN_POINT('',(-1.570796326795,0.));
#7325 = CARTESIAN_POINT('',(-1.570796326795,10.16));
#7326 = ( GEOMETRIC_REPRESENTATION_CONTEXT(2) 
PARAMETRIC_REPRESENTATION_CONTEXT() REPRESENTATION_CONTEXT('2D SPACE',''
  ) );
#7327 = ADVANCED_FACE('',(#7328),#3522,.F.);
#7328 = FACE_BOUND('',#7329,.F.);
#7329 = EDGE_LOOP('',(#7330,#7331,#7332,#7333));
#7330 = ORIENTED_EDGE('',*,*,#5828,.T.);
#7331 = ORIENTED_EDGE('',*,*,#3506,.T.);
#7332 = ORIENTED_EDGE('',*,*,#6168,.F.);
#7333 = ORIENTED_EDGE('',*,*,#5879,.F.);
#7334 = ADVANCED_FACE('',(#7335),#3676,.F.);
#7335 = FACE_BOUND('',#7336,.F.);
#7336 = EDGE_LOOP('',(#7337,#7358,#7419,#7438));
#7337 = ORIENTED_EDGE('',*,*,#7338,.T.);
#7338 = EDGE_CURVE('',#3581,#7339,#7341,.T.);
#7339 = VERTEX_POINT('',#7340);
#7340 = CARTESIAN_POINT('',(104.44614248782,-161.6797438365,8.89));
#7341 = SURFACE_CURVE('',#7342,(#7346,#7352),.PCURVE_S1.);
#7342 = ( BOUNDED_CURVE() B_SPLINE_CURVE(2,(#7343,#7344,#7345),
.UNSPECIFIED.,.F.,.F.) B_SPLINE_CURVE_WITH_KNOTS((3,3),(0.,
8.299830602442),.PIECEWISE_BEZIER_KNOTS.) CURVE() 
GEOMETRIC_REPRESENTATION_ITEM() RATIONAL_B_SPLINE_CURVE((1.,
0.743895893834,1.)) REPRESENTATION_ITEM('') );
#7343 = CARTESIAN_POINT('',(104.59213001513,-165.4651540784,
    12.293236011419));
#7344 = CARTESIAN_POINT('',(104.57804754121,-165.1,8.89));
#7345 = CARTESIAN_POINT('',(104.44614248782,-161.6797438365,8.89));
#7346 = PCURVE('',#3676,#7347);
#7347 = DEFINITIONAL_REPRESENTATION('',(#7348),#7351);
#7348 = B_SPLINE_CURVE_WITH_KNOTS('',1,(#7349,#7350),.UNSPECIFIED.,.F.,
  .F.,(2,2),(0.,8.299830602442),.PIECEWISE_BEZIER_KNOTS.);
#7349 = CARTESIAN_POINT('',(0.,8.28574255957));
#7350 = CARTESIAN_POINT('',(0.831161739538,8.28574255957));
#7351 = ( GEOMETRIC_REPRESENTATION_CONTEXT(2) 
PARAMETRIC_REPRESENTATION_CONTEXT() REPRESENTATION_CONTEXT('2D SPACE',''
  ) );
#7352 = PCURVE('',#4844,#7353);
#7353 = DEFINITIONAL_REPRESENTATION('',(#7354),#7357);
#7354 = B_SPLINE_CURVE_WITH_KNOTS('',1,(#7355,#7356),.UNSPECIFIED.,.F.,
  .F.,(2,2),(0.,8.299830602442),.PIECEWISE_BEZIER_KNOTS.);
#7355 = CARTESIAN_POINT('',(0.,8.285742607421));
#7356 = CARTESIAN_POINT('',(8.299830602442,8.285742607421));
#7357 = ( GEOMETRIC_REPRESENTATION_CONTEXT(2) 
PARAMETRIC_REPRESENTATION_CONTEXT() REPRESENTATION_CONTEXT('2D SPACE',''
  ) );
#7358 = ORIENTED_EDGE('',*,*,#7359,.T.);
#7359 = EDGE_CURVE('',#7339,#7360,#7362,.T.);
#7360 = VERTEX_POINT('',#7361);
#7361 = CARTESIAN_POINT('',(115.95971915389,-150.1667829472,8.89));
#7362 = SURFACE_CURVE('',#7363,(#7384,#7390),.PCURVE_S1.);
#7363 = ( BOUNDED_CURVE() B_SPLINE_CURVE(10,(#7364,#7365,#7366,#7367,
    #7368,#7369,#7370,#7371,#7372,#7373,#7374,#7375,#7376,#7377,#7378,
    #7379,#7380,#7381,#7382,#7383),.UNSPECIFIED.,.F.,.F.) 
B_SPLINE_CURVE_WITH_KNOTS((11,9,11),(8.28574255957,8.701076012351,
9.116904299108),.UNSPECIFIED.) CURVE() GEOMETRIC_REPRESENTATION_ITEM() 
RATIONAL_B_SPLINE_CURVE((1.,1.,1.,1.,1.,1.,1.,1.,1.,1.,1.,1.,1.,1.,1.,1.
,1.,1.,1.,1.)) REPRESENTATION_ITEM('') );
#7364 = CARTESIAN_POINT('',(104.44614136169,-161.6797438323,8.89));
#7365 = CARTESIAN_POINT('',(105.42356317806,-161.6834366807,8.89));
#7366 = CARTESIAN_POINT('',(106.17675699582,-161.6146431445,8.89));
#7367 = CARTESIAN_POINT('',(106.96287924294,-161.4910588804,8.89));
#7368 = CARTESIAN_POINT('',(107.93344879514,-161.3185222228,8.89));
#7369 = CARTESIAN_POINT('',(108.77213924619,-160.9629436642,8.89));
#7370 = CARTESIAN_POINT('',(109.60803854213,-160.6495076409,8.89));
#7371 = CARTESIAN_POINT('',(110.45798124879,-160.1593837229,8.89));
#7372 = CARTESIAN_POINT('',(111.23256493835,-159.6347830372,8.89));
#7373 = CARTESIAN_POINT('',(111.96645784983,-159.0256854023,8.89));
#7374 = CARTESIAN_POINT('',(113.30648109884,-157.6856625488,8.89));
#7375 = CARTESIAN_POINT('',(113.91308414687,-156.9530848836,8.89));
#7376 = CARTESIAN_POINT('',(114.45515436903,-156.16713872,8.89));
#7377 = CARTESIAN_POINT('',(114.89990658318,-155.3366503905,8.89));
#7378 = CARTESIAN_POINT('',(115.28336143236,-154.4920962188,8.89));
#7379 = CARTESIAN_POINT('',(115.57739694123,-153.6109367855,8.89));
#7380 = CARTESIAN_POINT('',(115.76086039367,-152.730588286,8.89));
#7381 = CARTESIAN_POINT('',(115.89118196651,-151.9509146983,8.89));
#7382 = CARTESIAN_POINT('',(115.96278414958,-151.1604030618,8.89));
#7383 = CARTESIAN_POINT('',(115.95971915389,-150.1667829472,8.89));
#7384 = PCURVE('',#3676,#7385);
#7385 = DEFINITIONAL_REPRESENTATION('',(#7386),#7389);
#7386 = B_SPLINE_CURVE_WITH_KNOTS('',1,(#7387,#7388),.UNSPECIFIED.,.F.,
  .F.,(2,2),(8.28574255957,9.116904299108),.PIECEWISE_BEZIER_KNOTS.);
#7387 = CARTESIAN_POINT('',(0.831161739538,8.28574255957));
#7388 = CARTESIAN_POINT('',(0.831161739538,9.116904299108));
#7389 = ( GEOMETRIC_REPRESENTATION_CONTEXT(2) 
PARAMETRIC_REPRESENTATION_CONTEXT() REPRESENTATION_CONTEXT('2D SPACE',''
  ) );
#7390 = PCURVE('',#7391,#7396);
#7391 = PLANE('',#7392);
#7392 = AXIS2_PLACEMENT_3D('',#7393,#7394,#7395);
#7393 = CARTESIAN_POINT('',(-119.38,-165.1,8.89));
#7394 = DIRECTION('',(0.,0.,-1.));
#7395 = DIRECTION('',(0.58594564353,0.810350358073,0.));
#7396 = DEFINITIONAL_REPRESENTATION('',(#7397),#7418);
#7397 = ( BOUNDED_CURVE() B_SPLINE_CURVE(10,(#7398,#7399,#7400,#7401,
    #7402,#7403,#7404,#7405,#7406,#7407,#7408,#7409,#7410,#7411,#7412,
    #7413,#7414,#7415,#7416,#7417),.UNSPECIFIED.,.F.,.F.) 
B_SPLINE_CURVE_WITH_KNOTS((11,9,11),(8.28574255957,8.701076012351,
9.116904299108),.UNSPECIFIED.) CURVE() GEOMETRIC_REPRESENTATION_ITEM() 
RATIONAL_B_SPLINE_CURVE((1.,1.,1.,1.,1.,1.,1.,1.,1.,1.,1.,1.,1.,1.,1.,1.
,1.,1.,1.,1.)) REPRESENTATION_ITEM('') );
#7398 = CARTESIAN_POINT('',(133.92155824909,179.3735095973));
#7399 = CARTESIAN_POINT('',(134.4912818032,180.16772752465));
#7400 = CARTESIAN_POINT('',(134.9883593062,180.7377691317));
#7401 = CARTESIAN_POINT('',(135.54913076482,181.30238991499));
#7402 = CARTESIAN_POINT('',(136.25764690792,181.9877941963));
#7403 = CARTESIAN_POINT('',(137.03721713633,182.45907759623));
#7404 = CARTESIAN_POINT('',(137.7810016809,182.95279241766));
#7405 = CARTESIAN_POINT('',(138.67619399958,183.35435781979));
#7406 = CARTESIAN_POINT('',(139.55516829152,183.67465450361));
#7407 = CARTESIAN_POINT('',(140.47877213238,183.91246678154));
#7408 = CARTESIAN_POINT('',(142.34984091649,184.213174548));
#7409 = CARTESIAN_POINT('',(143.29892190317,184.27548485368));
#7410 = CARTESIAN_POINT('',(144.25343734343,184.2542299217));
#7411 = CARTESIAN_POINT('',(145.1870244809,184.12801401905));
#7412 = CARTESIAN_POINT('',(146.09609295474,183.94388395574));
#7413 = CARTESIAN_POINT('',(146.9824296425,183.66584420444));
#7414 = CARTESIAN_POINT('',(147.80331997497,183.29867751077));
#7415 = CARTESIAN_POINT('',(148.51149010387,182.94743730185));
#7416 = CARTESIAN_POINT('',(149.19403647882,182.54226330697));
#7417 = CARTESIAN_POINT('',(149.99742097357,181.95757220916));
#7418 = ( GEOMETRIC_REPRESENTATION_CONTEXT(2) 
PARAMETRIC_REPRESENTATION_CONTEXT() REPRESENTATION_CONTEXT('2D SPACE',''
  ) );
#7419 = ORIENTED_EDGE('',*,*,#7420,.F.);
#7420 = EDGE_CURVE('',#3609,#7360,#7421,.T.);
#7421 = SURFACE_CURVE('',#7422,(#7426,#7432),.PCURVE_S1.);
#7422 = ( BOUNDED_CURVE() B_SPLINE_CURVE(2,(#7423,#7424,#7425),
.UNSPECIFIED.,.F.,.F.) B_SPLINE_CURVE_WITH_KNOTS((3,3),(0.,
0.831161739538),.PIECEWISE_BEZIER_KNOTS.) CURVE() 
GEOMETRIC_REPRESENTATION_ITEM() RATIONAL_B_SPLINE_CURVE((1.,
0.743895662552,1.)) REPRESENTATION_ITEM('') );
#7423 = CARTESIAN_POINT('',(119.74515435981,-150.31212906,
    12.293238633466));
#7424 = CARTESIAN_POINT('',(119.38,-150.2981085408,8.89));
#7425 = CARTESIAN_POINT('',(115.95971915389,-150.1667829472,8.89));
#7426 = PCURVE('',#3676,#7427);
#7427 = DEFINITIONAL_REPRESENTATION('',(#7428),#7431);
#7428 = B_SPLINE_CURVE_WITH_KNOTS('',1,(#7429,#7430),.UNSPECIFIED.,.F.,
  .F.,(2,2),(0.,0.831161739538),.PIECEWISE_BEZIER_KNOTS.);
#7429 = CARTESIAN_POINT('',(0.,9.116904299108));
#7430 = CARTESIAN_POINT('',(0.831161739538,9.116904299108));
#7431 = ( GEOMETRIC_REPRESENTATION_CONTEXT(2) 
PARAMETRIC_REPRESENTATION_CONTEXT() REPRESENTATION_CONTEXT('2D SPACE',''
  ) );
#7432 = PCURVE('',#3836,#7433);
#7433 = DEFINITIONAL_REPRESENTATION('',(#7434),#7437);
#7434 = B_SPLINE_CURVE_WITH_KNOTS('',1,(#7435,#7436),.UNSPECIFIED.,.F.,
  .F.,(2,2),(0.,0.831161739538),.PIECEWISE_BEZIER_KNOTS.);
#7435 = CARTESIAN_POINT('',(0.,9.116904285289));
#7436 = CARTESIAN_POINT('',(11.927555527976,9.116904285289));
#7437 = ( GEOMETRIC_REPRESENTATION_CONTEXT(2) 
PARAMETRIC_REPRESENTATION_CONTEXT() REPRESENTATION_CONTEXT('2D SPACE',''
  ) );
#7438 = ORIENTED_EDGE('',*,*,#3608,.F.);
#7439 = ADVANCED_FACE('',(#7440),#3836,.F.);
#7440 = FACE_BOUND('',#7441,.F.);
#7441 = EDGE_LOOP('',(#7442,#7443,#7511,#7530));
#7442 = ORIENTED_EDGE('',*,*,#7420,.T.);
#7443 = ORIENTED_EDGE('',*,*,#7444,.T.);
#7444 = EDGE_CURVE('',#7360,#7445,#7447,.T.);
#7445 = VERTEX_POINT('',#7446);
#7446 = CARTESIAN_POINT('',(115.9597614885,150.16568442235,8.89));
#7447 = SURFACE_CURVE('',#7448,(#7475,#7481),.PCURVE_S1.);
#7448 = ( BOUNDED_CURVE() B_SPLINE_CURVE(9,(#7449,#7450,#7451,#7452,
    #7453,#7454,#7455,#7456,#7457,#7458,#7459,#7460,#7461,#7462,#7463,
    #7464,#7465,#7466,#7467,#7468,#7469,#7470,#7471,#7472,#7473,#7474),
.UNSPECIFIED.,.F.,.F.) B_SPLINE_CURVE_WITH_KNOTS((10,8,8,10),(
    9.116904285289,9.130132220533,21.030740093698,21.044459813265),
.UNSPECIFIED.) CURVE() GEOMETRIC_REPRESENTATION_ITEM() 
RATIONAL_B_SPLINE_CURVE((1.,1.,1.,1.,1.,1.,1.,1.,1.,1.,1.,1.,1.,1.,1.,1.
,1.,1.,1.,1.,1.,1.,1.,1.,1.,1.)) REPRESENTATION_ITEM('') );
#7449 = CARTESIAN_POINT('',(115.95971915491,-150.1667832774,8.89));
#7450 = CARTESIAN_POINT('',(115.95961082064,-150.1316631672,8.89));
#7451 = CARTESIAN_POINT('',(115.95951593214,-150.0962882999,8.89));
#7452 = CARTESIAN_POINT('',(115.95943431991,-150.0606483318,8.89));
#7453 = CARTESIAN_POINT('',(115.95936581445,-150.0247329188,8.89));
#7454 = CARTESIAN_POINT('',(115.95931024627,-149.9885317172,8.89));
#7455 = CARTESIAN_POINT('',(115.95926744586,-149.9520343832,8.89));
#7456 = CARTESIAN_POINT('',(115.95923724373,-149.9152305727,8.89));
#7457 = CARTESIAN_POINT('',(115.95921947039,-149.8781099421,8.89));
#7458 = CARTESIAN_POINT('',(115.95425318831,-116.1504820229,8.89));
#7459 = CARTESIAN_POINT('',(115.95890263288,-83.08459789217,8.89));
#7460 = CARTESIAN_POINT('',(115.95651642221,-49.8252702631,8.89));
#7461 = CARTESIAN_POINT('',(115.95681156128,-16.67730713985,8.89));
#7462 = CARTESIAN_POINT('',(115.95682070052,16.677362911214,8.89));
#7463 = CARTESIAN_POINT('',(115.95650780566,49.825728502675,8.89));
#7464 = CARTESIAN_POINT('',(115.9589026652,83.084153251581,8.89));
#7465 = CARTESIAN_POINT('',(115.95429456883,116.14984180386,8.89));
#7466 = CARTESIAN_POINT('',(115.95914827024,149.86882631764,8.89));
#7467 = CARTESIAN_POINT('',(115.95916909641,149.90723459158,8.89));
#7468 = CARTESIAN_POINT('',(115.95920539736,149.94523883462,8.89));
#7469 = CARTESIAN_POINT('',(115.95925741085,149.98285520348,8.89));
#7470 = CARTESIAN_POINT('',(115.95932537465,150.02009985499,8.89));
#7471 = CARTESIAN_POINT('',(115.95940952654,150.05698894584,8.89));
#7472 = CARTESIAN_POINT('',(115.95951010429,150.09353863287,8.89));
#7473 = CARTESIAN_POINT('',(115.95962734569,150.12976507277,8.89));
#7474 = CARTESIAN_POINT('',(115.9597614885,150.16568442235,8.89));
#7475 = PCURVE('',#3836,#7476);
#7476 = DEFINITIONAL_REPRESENTATION('',(#7477),#7480);
#7477 = B_SPLINE_CURVE_WITH_KNOTS('',1,(#7478,#7479),.UNSPECIFIED.,.F.,
  .F.,(2,2),(9.116904285289,21.044459813265),.PIECEWISE_BEZIER_KNOTS.);
#7478 = CARTESIAN_POINT('',(11.927555527976,9.116904285289));
#7479 = CARTESIAN_POINT('',(11.927555527976,21.044459813265));
#7480 = ( GEOMETRIC_REPRESENTATION_CONTEXT(2) 
PARAMETRIC_REPRESENTATION_CONTEXT() REPRESENTATION_CONTEXT('2D SPACE',''
  ) );
#7481 = PCURVE('',#7391,#7482);
#7482 = DEFINITIONAL_REPRESENTATION('',(#7483),#7510);
#7483 = ( BOUNDED_CURVE() B_SPLINE_CURVE(9,(#7484,#7485,#7486,#7487,
    #7488,#7489,#7490,#7491,#7492,#7493,#7494,#7495,#7496,#7497,#7498,
    #7499,#7500,#7501,#7502,#7503,#7504,#7505,#7506,#7507,#7508,#7509),
.UNSPECIFIED.,.F.,.F.) B_SPLINE_CURVE_WITH_KNOTS((10,8,8,10),(
    9.116904285289,9.130132220533,21.030740093698,21.044459813265),
.UNSPECIFIED.) CURVE() GEOMETRIC_REPRESENTATION_ITEM() 
RATIONAL_B_SPLINE_CURVE((1.,1.,1.,1.,1.,1.,1.,1.,1.,1.,1.,1.,1.,1.,1.,1.
,1.,1.,1.,1.,1.,1.,1.,1.,1.,1.)) REPRESENTATION_ITEM('') );
#7484 = CARTESIAN_POINT('',(149.9974207066,181.95757240347));
#7485 = CARTESIAN_POINT('',(150.02581682249,181.93690613917));
#7486 = CARTESIAN_POINT('',(150.05442725933,181.91610149689));
#7487 = CARTESIAN_POINT('',(150.08326029997,181.8951522783));
#7488 = CARTESIAN_POINT('',(150.11232422722,181.87405228514));
#7489 = CARTESIAN_POINT('',(150.14162732395,181.85279531908));
#7490 = CARTESIAN_POINT('',(150.17117787296,181.83137518187));
#7491 = CARTESIAN_POINT('',(150.20098415712,181.80978567517));
#7492 = CARTESIAN_POINT('',(150.23105445925,181.78802060071));
#7493 = CARTESIAN_POINT('',(177.55933984919,162.0214395264));
#7494 = CARTESIAN_POINT('',(204.35701521633,142.65039644961));
#7495 = CARTESIAN_POINT('',(231.30732508005,123.16030465196));
#7496 = CARTESIAN_POINT('',(258.16896180182,103.73763923407));
#7497 = CARTESIAN_POINT('',(285.1979359762,84.193623032263));
#7498 = CARTESIAN_POINT('',(312.05954256339,64.770229069365));
#7499 = CARTESIAN_POINT('',(339.01192222512,45.284540652373));
#7500 = CARTESIAN_POINT('',(365.80401468939,25.906110322314));
#7501 = CARTESIAN_POINT('',(393.13104986917,6.152551440893));
#7502 = CARTESIAN_POINT('',(393.16218623072,6.130063156606));
#7503 = CARTESIAN_POINT('',(393.19300425306,6.107824152446));
#7504 = CARTESIAN_POINT('',(393.22351716811,6.085825154133));
#7505 = CARTESIAN_POINT('',(393.2537382079,6.064056887322));
#7506 = CARTESIAN_POINT('',(393.2836806043,6.042510077763));
#7507 = CARTESIAN_POINT('',(393.31335758937,6.021175451098));
#7508 = CARTESIAN_POINT('',(393.342782395,6.000043733062));
#7509 = CARTESIAN_POINT('',(393.37196825319,5.97910564933));
#7510 = ( GEOMETRIC_REPRESENTATION_CONTEXT(2) 
PARAMETRIC_REPRESENTATION_CONTEXT() REPRESENTATION_CONTEXT('2D SPACE',''
  ) );
#7511 = ORIENTED_EDGE('',*,*,#7512,.F.);
#7512 = EDGE_CURVE('',#3775,#7445,#7513,.T.);
#7513 = SURFACE_CURVE('',#7514,(#7518,#7524),.PCURVE_S1.);
#7514 = ( BOUNDED_CURVE() B_SPLINE_CURVE(2,(#7515,#7516,#7517),
.UNSPECIFIED.,.F.,.F.) B_SPLINE_CURVE_WITH_KNOTS((3,3),(0.,
11.927555527976),.PIECEWISE_BEZIER_KNOTS.) CURVE() 
GEOMETRIC_REPRESENTATION_ITEM() RATIONAL_B_SPLINE_CURVE((1.,
0.743896059239,1.)) REPRESENTATION_ITEM('') );
#7515 = CARTESIAN_POINT('',(119.74515387727,150.31212893421,
    12.29323413623));
#7516 = CARTESIAN_POINT('',(119.38,150.2980023191,8.89));
#7517 = CARTESIAN_POINT('',(115.9597614885,150.16568442235,8.89));
#7518 = PCURVE('',#3836,#7519);
#7519 = DEFINITIONAL_REPRESENTATION('',(#7520),#7523);
#7520 = B_SPLINE_CURVE_WITH_KNOTS('',1,(#7521,#7522),.UNSPECIFIED.,.F.,
  .F.,(2,2),(0.,11.927555527976),.PIECEWISE_BEZIER_KNOTS.);
#7521 = CARTESIAN_POINT('',(0.,21.044459813265));
#7522 = CARTESIAN_POINT('',(11.927555527976,21.044459813265));
#7523 = ( GEOMETRIC_REPRESENTATION_CONTEXT(2) 
PARAMETRIC_REPRESENTATION_CONTEXT() REPRESENTATION_CONTEXT('2D SPACE',''
  ) );
#7524 = PCURVE('',#4020,#7525);
#7525 = DEFINITIONAL_REPRESENTATION('',(#7526),#7529);
#7526 = B_SPLINE_CURVE_WITH_KNOTS('',1,(#7527,#7528),.UNSPECIFIED.,.F.,
  .F.,(2,2),(0.,11.927555527976),.PIECEWISE_BEZIER_KNOTS.);
#7527 = CARTESIAN_POINT('',(0.,21.044459799458));
#7528 = CARTESIAN_POINT('',(0.831151746488,21.044459799458));
#7529 = ( GEOMETRIC_REPRESENTATION_CONTEXT(2) 
PARAMETRIC_REPRESENTATION_CONTEXT() REPRESENTATION_CONTEXT('2D SPACE',''
  ) );
#7530 = ORIENTED_EDGE('',*,*,#3774,.F.);
#7531 = ADVANCED_FACE('',(#7532),#4020,.F.);
#7532 = FACE_BOUND('',#7533,.F.);
#7533 = EDGE_LOOP('',(#7534,#7535,#7591,#7610));
#7534 = ORIENTED_EDGE('',*,*,#7512,.T.);
#7535 = ORIENTED_EDGE('',*,*,#7536,.T.);
#7536 = EDGE_CURVE('',#7445,#7537,#7539,.T.);
#7537 = VERTEX_POINT('',#7538);
#7538 = CARTESIAN_POINT('',(104.44636403836,161.6797352548,8.89));
#7539 = SURFACE_CURVE('',#7540,(#7561,#7567),.PCURVE_S1.);
#7540 = ( BOUNDED_CURVE() B_SPLINE_CURVE(10,(#7541,#7542,#7543,#7544,
    #7545,#7546,#7547,#7548,#7549,#7550,#7551,#7552,#7553,#7554,#7555,
    #7556,#7557,#7558,#7559,#7560),.UNSPECIFIED.,.F.,.F.) 
B_SPLINE_CURVE_WITH_KNOTS((11,9,11),(21.044459799458,21.459796143003,
21.875611545946),.UNSPECIFIED.) CURVE() GEOMETRIC_REPRESENTATION_ITEM() 
RATIONAL_B_SPLINE_CURVE((1.,1.,1.,1.,1.,1.,1.,1.,1.,1.,1.,1.,1.,1.,1.,1.
,1.,1.,1.,1.)) REPRESENTATION_ITEM('') );
#7541 = CARTESIAN_POINT('',(115.95976148728,150.16568409702,8.89));
#7542 = CARTESIAN_POINT('',(115.96341629175,151.14433027459,8.89));
#7543 = CARTESIAN_POINT('',(115.89460926155,151.89684843594,8.89));
#7544 = CARTESIAN_POINT('',(115.77093631868,152.68230319192,8.89));
#7545 = CARTESIAN_POINT('',(115.59887924787,153.65371936164,8.89));
#7546 = CARTESIAN_POINT('',(115.24257902393,154.49211317157,8.89));
#7547 = CARTESIAN_POINT('',(114.92976381329,155.32791009497,8.89));
#7548 = CARTESIAN_POINT('',(114.43930170891,156.17802736294,8.89));
#7549 = CARTESIAN_POINT('',(113.91480876946,156.95254060518,8.89));
#7550 = CARTESIAN_POINT('',(113.30569006925,157.68645318289,8.89));
#7551 = CARTESIAN_POINT('',(111.96568331415,159.02646033355,8.89));
#7552 = CARTESIAN_POINT('',(111.23312881186,159.63306619316,8.89));
#7553 = CARTESIAN_POINT('',(110.44720605474,160.17502892671,8.89));
#7554 = CARTESIAN_POINT('',(109.61679786414,160.61996636043,8.89));
#7555 = CARTESIAN_POINT('',(108.77213136371,161.00326087683,8.89));
#7556 = CARTESIAN_POINT('',(107.89109971793,161.29725493527,8.89));
#7557 = CARTESIAN_POINT('',(107.01082236706,161.48110060915,8.89));
#7558 = CARTESIAN_POINT('',(106.23007421101,161.61133883252,8.89));
#7559 = CARTESIAN_POINT('',(105.43877177588,161.68286154883,8.89));
#7560 = CARTESIAN_POINT('',(104.44636403836,161.6797352548,8.89));
#7561 = PCURVE('',#4020,#7562);
#7562 = DEFINITIONAL_REPRESENTATION('',(#7563),#7566);
#7563 = B_SPLINE_CURVE_WITH_KNOTS('',1,(#7564,#7565),.UNSPECIFIED.,.F.,
  .F.,(2,2),(21.044459799458,21.875611545946),.PIECEWISE_BEZIER_KNOTS.);
#7564 = CARTESIAN_POINT('',(0.831151746488,21.044459799458));
#7565 = CARTESIAN_POINT('',(0.831151746488,21.875611545946));
#7566 = ( GEOMETRIC_REPRESENTATION_CONTEXT(2) 
PARAMETRIC_REPRESENTATION_CONTEXT() REPRESENTATION_CONTEXT('2D SPACE',''
  ) );
#7567 = PCURVE('',#7391,#7568);
#7568 = DEFINITIONAL_REPRESENTATION('',(#7569),#7590);
#7569 = ( BOUNDED_CURVE() B_SPLINE_CURVE(10,(#7570,#7571,#7572,#7573,
    #7574,#7575,#7576,#7577,#7578,#7579,#7580,#7581,#7582,#7583,#7584,
    #7585,#7586,#7587,#7588,#7589),.UNSPECIFIED.,.F.,.F.) 
B_SPLINE_CURVE_WITH_KNOTS((11,9,11),(21.044459799458,21.459796143003,
21.875611545946),.UNSPECIFIED.) CURVE() GEOMETRIC_REPRESENTATION_ITEM() 
RATIONAL_B_SPLINE_CURVE((1.,1.,1.,1.,1.,1.,1.,1.,1.,1.,1.,1.,1.,1.,1.,1.
,1.,1.,1.,1.)) REPRESENTATION_ITEM('') );
#7570 = CARTESIAN_POINT('',(393.37196798885,5.979105838971));
#7571 = CARTESIAN_POINT('',(394.16715578603,5.408634046778));
#7572 = CARTESIAN_POINT('',(394.73664196794,4.911941506899));
#7573 = CARTESIAN_POINT('',(395.3006698886,4.351489300899));
#7574 = CARTESIAN_POINT('',(395.9870412385,3.642865719255));
#7575 = CARTESIAN_POINT('',(396.45766139857,2.862884504716));
#7576 = CARTESIAN_POINT('',(396.95165702482,2.119663020622));
#7577 = CARTESIAN_POINT('',(397.35316572394,1.224094369061));
#7578 = CARTESIAN_POINT('',(397.6734684542,0.345248667622));
#7579 = CARTESIAN_POINT('',(397.91128432555,-0.578383766843));
#7580 = CARTESIAN_POINT('',(398.21198847947,-2.449430072885));
#7581 = CARTESIAN_POINT('',(398.27431463574,-3.398493936897));
#7582 = CARTESIAN_POINT('',(398.25298631525,-4.35292742723));
#7583 = CARTESIAN_POINT('',(398.12696746235,-5.286558152756));
#7584 = CARTESIAN_POINT('',(397.9426416548,-6.195623705911));
#7585 = CARTESIAN_POINT('',(397.66464319067,-7.081832553307));
#7586 = CARTESIAN_POINT('',(397.29782791949,-7.902889191476));
#7587 = CARTESIAN_POINT('',(396.9458905297,-8.6118812589));
#7588 = CARTESIAN_POINT('',(396.5401887739,-9.295021894592));
#7589 = CARTESIAN_POINT('',(395.95615839,-10.09738802167));
#7590 = ( GEOMETRIC_REPRESENTATION_CONTEXT(2) 
PARAMETRIC_REPRESENTATION_CONTEXT() REPRESENTATION_CONTEXT('2D SPACE',''
  ) );
#7591 = ORIENTED_EDGE('',*,*,#7592,.F.);
#7592 = EDGE_CURVE('',#3953,#7537,#7593,.T.);
#7593 = SURFACE_CURVE('',#7594,(#7598,#7604),.PCURVE_S1.);
#7594 = ( BOUNDED_CURVE() B_SPLINE_CURVE(2,(#7595,#7596,#7597),
.UNSPECIFIED.,.F.,.F.) B_SPLINE_CURVE_WITH_KNOTS((3,3),(0.,
0.831151746488),.PIECEWISE_BEZIER_KNOTS.) CURVE() 
GEOMETRIC_REPRESENTATION_ITEM() RATIONAL_B_SPLINE_CURVE((1.,
0.743895813421,1.)) REPRESENTATION_ITEM('') );
#7595 = CARTESIAN_POINT('',(104.59212887648,165.46515417629,
    12.293236923067));
#7596 = CARTESIAN_POINT('',(104.57806791243,165.1,8.89));
#7597 = CARTESIAN_POINT('',(104.44636403836,161.6797352548,8.89));
#7598 = PCURVE('',#4020,#7599);
#7599 = DEFINITIONAL_REPRESENTATION('',(#7600),#7603);
#7600 = B_SPLINE_CURVE_WITH_KNOTS('',1,(#7601,#7602),.UNSPECIFIED.,.F.,
  .F.,(2,2),(0.,0.831151746488),.PIECEWISE_BEZIER_KNOTS.);
#7601 = CARTESIAN_POINT('',(0.,21.875611545946));
#7602 = CARTESIAN_POINT('',(0.831151746488,21.875611545946));
#7603 = ( GEOMETRIC_REPRESENTATION_CONTEXT(2) 
PARAMETRIC_REPRESENTATION_CONTEXT() REPRESENTATION_CONTEXT('2D SPACE',''
  ) );
#7604 = PCURVE('',#4180,#7605);
#7605 = DEFINITIONAL_REPRESENTATION('',(#7606),#7609);
#7606 = B_SPLINE_CURVE_WITH_KNOTS('',1,(#7607,#7608),.UNSPECIFIED.,.F.,
  .F.,(2,2),(0.,0.831151746488),.PIECEWISE_BEZIER_KNOTS.);
#7607 = CARTESIAN_POINT('',(0.,21.875611498058));
#7608 = CARTESIAN_POINT('',(8.29898329894,21.875611498058));
#7609 = ( GEOMETRIC_REPRESENTATION_CONTEXT(2) 
PARAMETRIC_REPRESENTATION_CONTEXT() REPRESENTATION_CONTEXT('2D SPACE',''
  ) );
#7610 = ORIENTED_EDGE('',*,*,#3952,.F.);
#7611 = ADVANCED_FACE('',(#7612),#4180,.F.);
#7612 = FACE_BOUND('',#7613,.F.);
#7613 = EDGE_LOOP('',(#7614,#7615,#7683,#7702));
#7614 = ORIENTED_EDGE('',*,*,#7592,.T.);
#7615 = ORIENTED_EDGE('',*,*,#7616,.T.);
#7616 = EDGE_CURVE('',#7537,#7617,#7619,.T.);
#7617 = VERTEX_POINT('',#7618);
#7618 = CARTESIAN_POINT('',(-104.4461424877,161.67974383658,8.89));
#7619 = SURFACE_CURVE('',#7620,(#7647,#7653),.PCURVE_S1.);
#7620 = ( BOUNDED_CURVE() B_SPLINE_CURVE(9,(#7621,#7622,#7623,#7624,
    #7625,#7626,#7627,#7628,#7629,#7630,#7631,#7632,#7633,#7634,#7635,
    #7636,#7637,#7638,#7639,#7640,#7641,#7642,#7643,#7644,#7645,#7646),
.UNSPECIFIED.,.F.,.F.) B_SPLINE_CURVE_WITH_KNOTS((10,8,8,10),(
    21.875611498058,21.888852347106,30.160872148805,30.174594796998),
.UNSPECIFIED.) CURVE() GEOMETRIC_REPRESENTATION_ITEM() 
RATIONAL_B_SPLINE_CURVE((1.,1.,1.,1.,1.,1.,1.,1.,1.,1.,1.,1.,1.,1.,1.,1.
,1.,1.,1.,1.,1.,1.,1.,1.,1.,1.)) REPRESENTATION_ITEM('') );
#7621 = CARTESIAN_POINT('',(104.44636518127,161.6797352584,8.89));
#7622 = CARTESIAN_POINT('',(104.41125259629,161.67962464591,8.89));
#7623 = CARTESIAN_POINT('',(104.37588732114,161.67952752923,8.89));
#7624 = CARTESIAN_POINT('',(104.34025906643,161.67944372074,8.89));
#7625 = CARTESIAN_POINT('',(104.30435754277,161.67937303279,8.89));
#7626 = CARTESIAN_POINT('',(104.26817246082,161.67931527775,8.89));
#7627 = CARTESIAN_POINT('',(104.23169353114,161.679270268,8.89));
#7628 = CARTESIAN_POINT('',(104.19491046439,161.67923781589,8.89));
#7629 = CARTESIAN_POINT('',(104.15781297117,161.6792177338,8.89));
#7630 = CARTESIAN_POINT('',(80.741432714263,161.67427461246,8.89));
#7631 = CARTESIAN_POINT('',(57.76697680067,161.67887604848,8.89));
#7632 = CARTESIAN_POINT('',(34.644906437961,161.67652271714,8.89));
#7633 = CARTESIAN_POINT('',(11.596315413289,161.6768125512,8.89));
#7634 = CARTESIAN_POINT('',(-11.59635084227,161.67682468043,8.89));
#7635 = CARTESIAN_POINT('',(-34.6453392413,161.67651153125,8.89));
#7636 = CARTESIAN_POINT('',(-57.7664737754,161.67887444347,8.89));
#7637 = CARTESIAN_POINT('',(-80.7409842971,161.6743339228,8.89));
#7638 = CARTESIAN_POINT('',(-104.1496554346,161.6791170935,8.89));
#7639 = CARTESIAN_POINT('',(-104.1880072908,161.67914005078,8.89));
#7640 = CARTESIAN_POINT('',(-104.2259581809,161.67917830656,8.89));
#7641 = CARTESIAN_POINT('',(-104.263524163,161.67923212381,8.89));
#7642 = CARTESIAN_POINT('',(-104.3007212953,161.67930176552,8.89));
#7643 = CARTESIAN_POINT('',(-104.3375656357,161.67938749466,8.89));
#7644 = CARTESIAN_POINT('',(-104.3740732426,161.67948957423,8.89));
#7645 = CARTESIAN_POINT('',(-104.4102601739,161.67960826721,8.89));
#7646 = CARTESIAN_POINT('',(-104.4461424877,161.67974383658,8.89));
#7647 = PCURVE('',#4180,#7648);
#7648 = DEFINITIONAL_REPRESENTATION('',(#7649),#7652);
#7649 = B_SPLINE_CURVE_WITH_KNOTS('',1,(#7650,#7651),.UNSPECIFIED.,.F.,
  .F.,(2,2),(21.875611498058,30.174594796998),.PIECEWISE_BEZIER_KNOTS.);
#7650 = CARTESIAN_POINT('',(8.29898329894,21.875611498058));
#7651 = CARTESIAN_POINT('',(8.29898329894,30.174594796998));
#7652 = ( GEOMETRIC_REPRESENTATION_CONTEXT(2) 
PARAMETRIC_REPRESENTATION_CONTEXT() REPRESENTATION_CONTEXT('2D SPACE',''
  ) );
#7653 = PCURVE('',#7391,#7654);
#7654 = DEFINITIONAL_REPRESENTATION('',(#7655),#7682);
#7655 = ( BOUNDED_CURVE() B_SPLINE_CURVE(9,(#7656,#7657,#7658,#7659,
    #7660,#7661,#7662,#7663,#7664,#7665,#7666,#7667,#7668,#7669,#7670,
    #7671,#7672,#7673,#7674,#7675,#7676,#7677,#7678,#7679,#7680,#7681),
.UNSPECIFIED.,.F.,.F.) B_SPLINE_CURVE_WITH_KNOTS((10,8,8,10),(
    21.875611498058,21.888852347106,30.160872148805,30.174594796998),
.UNSPECIFIED.) CURVE() GEOMETRIC_REPRESENTATION_ITEM() 
RATIONAL_B_SPLINE_CURVE((1.,1.,1.,1.,1.,1.,1.,1.,1.,1.,1.,1.,1.,1.,1.,1.
,1.,1.,1.,1.,1.,1.,1.,1.,1.,1.)) REPRESENTATION_ITEM('') );
#7656 = CARTESIAN_POINT('',(395.9561590626,-10.09738709762));
#7657 = CARTESIAN_POINT('',(395.93549536153,-10.12577578052));
#7658 = CARTESIAN_POINT('',(395.91469453409,-10.15437713882));
#7659 = CARTESIAN_POINT('',(395.89375039922,-10.18319940055));
#7660 = CARTESIAN_POINT('',(395.87265677583,-10.21225079381));
#7661 = CARTESIAN_POINT('',(395.85140748288,-10.24153954662));
#7662 = CARTESIAN_POINT('',(395.82999633928,-10.27107388707));
#7663 = CARTESIAN_POINT('',(395.80841716399,-10.30086204321));
#7664 = CARTESIAN_POINT('',(395.78666377592,-10.33091224312));
#7665 = CARTESIAN_POINT('',(382.061932117,-29.30348796865));
#7666 = CARTESIAN_POINT('',(368.6038785373,-47.92354273616));
#7667 = CARTESIAN_POINT('',(355.05369511599,-66.65914180971));
#7668 = CARTESIAN_POINT('',(341.54870848273,-85.33674562664));
#7669 = CARTESIAN_POINT('',(327.95907655737,-104.1309381385));
#7670 = CARTESIAN_POINT('',(314.45336845664,-122.8085106525));
#7671 = CARTESIAN_POINT('',(300.90755518969,-141.5461148394));
#7672 = CARTESIAN_POINT('',(287.44206142473,-160.1608571689));
#7673 = CARTESIAN_POINT('',(273.72972859497,-179.1328848852));
#7674 = CARTESIAN_POINT('',(273.70727509533,-179.1639767774));
#7675 = CARTESIAN_POINT('',(273.68506893717,-179.1947527106));
#7676 = CARTESIAN_POINT('',(273.66310092444,-179.2252258516));
#7677 = CARTESIAN_POINT('',(273.64136186103,-179.2554093673));
#7678 = CARTESIAN_POINT('',(273.6198425509,-179.2853164244));
#7679 = CARTESIAN_POINT('',(273.59853379794,-179.3149601897));
#7680 = CARTESIAN_POINT('',(273.5774264061,-179.3443538301));
#7681 = CARTESIAN_POINT('',(273.55651117928,-179.3735105123));
#7682 = ( GEOMETRIC_REPRESENTATION_CONTEXT(2) 
PARAMETRIC_REPRESENTATION_CONTEXT() REPRESENTATION_CONTEXT('2D SPACE',''
  ) );
#7683 = ORIENTED_EDGE('',*,*,#7684,.F.);
#7684 = EDGE_CURVE('',#4119,#7617,#7685,.T.);
#7685 = SURFACE_CURVE('',#7686,(#7690,#7696),.PCURVE_S1.);
#7686 = ( BOUNDED_CURVE() B_SPLINE_CURVE(2,(#7687,#7688,#7689),
.UNSPECIFIED.,.F.,.F.) B_SPLINE_CURVE_WITH_KNOTS((3,3),(0.,8.29898329894
),.PIECEWISE_BEZIER_KNOTS.) CURVE() GEOMETRIC_REPRESENTATION_ITEM() 
RATIONAL_B_SPLINE_CURVE((1.,0.743895893834,1.)) REPRESENTATION_ITEM('') 
  );
#7687 = CARTESIAN_POINT('',(-104.5921300151,165.46515407847,
    12.293236011418));
#7688 = CARTESIAN_POINT('',(-104.5780475412,165.1,8.89));
#7689 = CARTESIAN_POINT('',(-104.4461424877,161.67974383658,8.89));
#7690 = PCURVE('',#4180,#7691);
#7691 = DEFINITIONAL_REPRESENTATION('',(#7692),#7695);
#7692 = B_SPLINE_CURVE_WITH_KNOTS('',1,(#7693,#7694),.UNSPECIFIED.,.F.,
  .F.,(2,2),(0.,8.29898329894),.PIECEWISE_BEZIER_KNOTS.);
#7693 = CARTESIAN_POINT('',(0.,30.174594796998));
#7694 = CARTESIAN_POINT('',(8.29898329894,30.174594796998));
#7695 = ( GEOMETRIC_REPRESENTATION_CONTEXT(2) 
PARAMETRIC_REPRESENTATION_CONTEXT() REPRESENTATION_CONTEXT('2D SPACE',''
  ) );
#7696 = PCURVE('',#4364,#7697);
#7697 = DEFINITIONAL_REPRESENTATION('',(#7698),#7701);
#7698 = B_SPLINE_CURVE_WITH_KNOTS('',1,(#7699,#7700),.UNSPECIFIED.,.F.,
  .F.,(2,2),(0.,8.29898329894),.PIECEWISE_BEZIER_KNOTS.);
#7699 = CARTESIAN_POINT('',(0.,30.174594749147));
#7700 = CARTESIAN_POINT('',(0.831161723737,30.174594749147));
#7701 = ( GEOMETRIC_REPRESENTATION_CONTEXT(2) 
PARAMETRIC_REPRESENTATION_CONTEXT() REPRESENTATION_CONTEXT('2D SPACE',''
  ) );
#7702 = ORIENTED_EDGE('',*,*,#4118,.F.);
#7703 = ADVANCED_FACE('',(#7704),#4364,.F.);
#7704 = FACE_BOUND('',#7705,.F.);
#7705 = EDGE_LOOP('',(#7706,#7707,#7763,#7782));
#7706 = ORIENTED_EDGE('',*,*,#7684,.T.);
#7707 = ORIENTED_EDGE('',*,*,#7708,.T.);
#7708 = EDGE_CURVE('',#7617,#7709,#7711,.T.);
#7709 = VERTEX_POINT('',#7710);
#7710 = CARTESIAN_POINT('',(-115.9597191538,150.16678294724,8.89));
#7711 = SURFACE_CURVE('',#7712,(#7733,#7739),.PCURVE_S1.);
#7712 = ( BOUNDED_CURVE() B_SPLINE_CURVE(10,(#7713,#7714,#7715,#7716,
    #7717,#7718,#7719,#7720,#7721,#7722,#7723,#7724,#7725,#7726,#7727,
    #7728,#7729,#7730,#7731,#7732),.UNSPECIFIED.,.F.,.F.) 
B_SPLINE_CURVE_WITH_KNOTS((11,9,11),(30.174594749147,30.589928194033,
31.005756472884),.UNSPECIFIED.) CURVE() GEOMETRIC_REPRESENTATION_ITEM() 
RATIONAL_B_SPLINE_CURVE((1.,1.,1.,0.999999999999,1.000000000001,
    0.999999999999,1.000000000001,0.999999999999,1.,1.,1.,1.,1.,1.,1.,1.
,1.,1.,1.,1.)) REPRESENTATION_ITEM('') );
#7713 = CARTESIAN_POINT('',(-104.4461413616,161.67974383232,8.89));
#7714 = CARTESIAN_POINT('',(-105.423563178,161.68343668079,8.89));
#7715 = CARTESIAN_POINT('',(-106.1767569958,161.61464314452,8.89));
#7716 = CARTESIAN_POINT('',(-106.9628792429,161.49105888045,8.89));
#7717 = CARTESIAN_POINT('',(-107.9334487951,161.31852222288,8.89));
#7718 = CARTESIAN_POINT('',(-108.7721392461,160.9629436642,8.89));
#7719 = CARTESIAN_POINT('',(-109.6080385421,160.64950764095,8.89));
#7720 = CARTESIAN_POINT('',(-110.4579812487,160.15938372293,8.89));
#7721 = CARTESIAN_POINT('',(-111.2325649383,159.63478303724,8.89));
#7722 = CARTESIAN_POINT('',(-111.9664578498,159.02568540231,8.89));
#7723 = CARTESIAN_POINT('',(-113.3064810988,157.68566254886,8.89));
#7724 = CARTESIAN_POINT('',(-113.9130841468,156.95308488363,8.89));
#7725 = CARTESIAN_POINT('',(-114.455154369,156.16713872001,8.89));
#7726 = CARTESIAN_POINT('',(-114.8999065831,155.33665039058,8.89));
#7727 = CARTESIAN_POINT('',(-115.2833614323,154.49209621884,8.89));
#7728 = CARTESIAN_POINT('',(-115.5773969412,153.61093678555,8.89));
#7729 = CARTESIAN_POINT('',(-115.7608603936,152.7305882861,8.89));
#7730 = CARTESIAN_POINT('',(-115.8911819665,151.95091469833,8.89));
#7731 = CARTESIAN_POINT('',(-115.9627841495,151.16040306181,8.89));
#7732 = CARTESIAN_POINT('',(-115.9597191538,150.16678294724,8.89));
#7733 = PCURVE('',#4364,#7734);
#7734 = DEFINITIONAL_REPRESENTATION('',(#7735),#7738);
#7735 = B_SPLINE_CURVE_WITH_KNOTS('',1,(#7736,#7737),.UNSPECIFIED.,.F.,
  .F.,(2,2),(30.174594749147,31.005756472884),.PIECEWISE_BEZIER_KNOTS.);
#7736 = CARTESIAN_POINT('',(0.831161723737,30.174594749147));
#7737 = CARTESIAN_POINT('',(0.831161723737,31.005756472884));
#7738 = ( GEOMETRIC_REPRESENTATION_CONTEXT(2) 
PARAMETRIC_REPRESENTATION_CONTEXT() REPRESENTATION_CONTEXT('2D SPACE',''
  ) );
#7739 = PCURVE('',#7391,#7740);
#7740 = DEFINITIONAL_REPRESENTATION('',(#7741),#7762);
#7741 = ( BOUNDED_CURVE() B_SPLINE_CURVE(10,(#7742,#7743,#7744,#7745,
    #7746,#7747,#7748,#7749,#7750,#7751,#7752,#7753,#7754,#7755,#7756,
    #7757,#7758,#7759,#7760,#7761),.UNSPECIFIED.,.F.,.F.) 
B_SPLINE_CURVE_WITH_KNOTS((11,9,11),(30.174594749147,30.589928194033,
31.005756472884),.UNSPECIFIED.) CURVE() GEOMETRIC_REPRESENTATION_ITEM() 
RATIONAL_B_SPLINE_CURVE((1.,1.,1.,0.999999999999,1.000000000001,
    0.999999999999,1.000000000001,0.999999999999,1.,1.,1.,1.,1.,1.,1.,1.
,1.,1.,1.,1.)) REPRESENTATION_ITEM('') );
#7742 = CARTESIAN_POINT('',(273.55651183566,-179.3735095973));
#7743 = CARTESIAN_POINT('',(272.98678828155,-180.1677275246));
#7744 = CARTESIAN_POINT('',(272.48971077855,-180.7377691317));
#7745 = CARTESIAN_POINT('',(271.92893931993,-181.3023899149));
#7746 = CARTESIAN_POINT('',(271.22042317683,-181.9877941963));
#7747 = CARTESIAN_POINT('',(270.44085294842,-182.4590775962));
#7748 = CARTESIAN_POINT('',(269.69706840385,-182.9527924176));
#7749 = CARTESIAN_POINT('',(268.80187608518,-183.3543578197));
#7750 = CARTESIAN_POINT('',(267.92290179324,-183.6746545036));
#7751 = CARTESIAN_POINT('',(266.99929795237,-183.9124667815));
#7752 = CARTESIAN_POINT('',(265.12822916826,-184.213174548));
#7753 = CARTESIAN_POINT('',(264.17914818158,-184.2754848536));
#7754 = CARTESIAN_POINT('',(263.22463274131,-184.2542299216));
#7755 = CARTESIAN_POINT('',(262.29104560384,-184.128014019));
#7756 = CARTESIAN_POINT('',(261.38197713,-183.9438839557));
#7757 = CARTESIAN_POINT('',(260.49564044224,-183.6658442044));
#7758 = CARTESIAN_POINT('',(259.67475010979,-183.2986775107));
#7759 = CARTESIAN_POINT('',(258.96657998089,-182.9474373018));
#7760 = CARTESIAN_POINT('',(258.28403360593,-182.5422633069));
#7761 = CARTESIAN_POINT('',(257.48064911118,-181.9575722091));
#7762 = ( GEOMETRIC_REPRESENTATION_CONTEXT(2) 
PARAMETRIC_REPRESENTATION_CONTEXT() REPRESENTATION_CONTEXT('2D SPACE',''
  ) );
#7763 = ORIENTED_EDGE('',*,*,#7764,.F.);
#7764 = EDGE_CURVE('',#4297,#7709,#7765,.T.);
#7765 = SURFACE_CURVE('',#7766,(#7770,#7776),.PCURVE_S1.);
#7766 = ( BOUNDED_CURVE() B_SPLINE_CURVE(2,(#7767,#7768,#7769),
.UNSPECIFIED.,.F.,.F.) B_SPLINE_CURVE_WITH_KNOTS((3,3),(0.,
0.831161723737),.PIECEWISE_BEZIER_KNOTS.) CURVE() 
GEOMETRIC_REPRESENTATION_ITEM() RATIONAL_B_SPLINE_CURVE((1.,
0.743895662552,1.)) REPRESENTATION_ITEM('') );
#7767 = CARTESIAN_POINT('',(-119.7451543598,150.31212906,12.293238633466
    ));
#7768 = CARTESIAN_POINT('',(-119.38,150.29810854086,8.89));
#7769 = CARTESIAN_POINT('',(-115.9597191538,150.16678294724,8.89));
#7770 = PCURVE('',#4364,#7771);
#7771 = DEFINITIONAL_REPRESENTATION('',(#7772),#7775);
#7772 = B_SPLINE_CURVE_WITH_KNOTS('',1,(#7773,#7774),.UNSPECIFIED.,.F.,
  .F.,(2,2),(0.,0.831161723737),.PIECEWISE_BEZIER_KNOTS.);
#7773 = CARTESIAN_POINT('',(0.,31.005756472884));
#7774 = CARTESIAN_POINT('',(0.831161723737,31.005756472884));
#7775 = ( GEOMETRIC_REPRESENTATION_CONTEXT(2) 
PARAMETRIC_REPRESENTATION_CONTEXT() REPRESENTATION_CONTEXT('2D SPACE',''
  ) );
#7776 = PCURVE('',#4524,#7777);
#7777 = DEFINITIONAL_REPRESENTATION('',(#7778),#7781);
#7778 = B_SPLINE_CURVE_WITH_KNOTS('',1,(#7779,#7780),.UNSPECIFIED.,.F.,
  .F.,(2,2),(0.,0.831161723737),.PIECEWISE_BEZIER_KNOTS.);
#7779 = CARTESIAN_POINT('',(0.,31.005756459065));
#7780 = CARTESIAN_POINT('',(11.927556218864,31.005756459065));
#7781 = ( GEOMETRIC_REPRESENTATION_CONTEXT(2) 
PARAMETRIC_REPRESENTATION_CONTEXT() REPRESENTATION_CONTEXT('2D SPACE',''
  ) );
#7782 = ORIENTED_EDGE('',*,*,#4296,.F.);
#7783 = ADVANCED_FACE('',(#7784),#4524,.F.);
#7784 = FACE_BOUND('',#7785,.F.);
#7785 = EDGE_LOOP('',(#7786,#7787,#7855,#7874));
#7786 = ORIENTED_EDGE('',*,*,#7764,.T.);
#7787 = ORIENTED_EDGE('',*,*,#7788,.T.);
#7788 = EDGE_CURVE('',#7709,#7789,#7791,.T.);
#7789 = VERTEX_POINT('',#7790);
#7790 = CARTESIAN_POINT('',(-115.9597551751,-150.1658477733,8.89));
#7791 = SURFACE_CURVE('',#7792,(#7819,#7825),.PCURVE_S1.);
#7792 = ( BOUNDED_CURVE() B_SPLINE_CURVE(9,(#7793,#7794,#7795,#7796,
    #7797,#7798,#7799,#7800,#7801,#7802,#7803,#7804,#7805,#7806,#7807,
    #7808,#7809,#7810,#7811,#7812,#7813,#7814,#7815,#7816,#7817,#7818),
.UNSPECIFIED.,.F.,.F.) B_SPLINE_CURVE_WITH_KNOTS((10,8,8,10),(
    31.005756459065,31.018984394057,42.919592040979,42.933312677929),
.UNSPECIFIED.) CURVE() GEOMETRIC_REPRESENTATION_ITEM() 
RATIONAL_B_SPLINE_CURVE((1.,1.,1.,1.,1.,1.,1.,1.,1.,1.,1.,1.,1.,1.,1.,1.
,1.,1.,1.,1.,1.,1.,1.,1.,1.,1.)) REPRESENTATION_ITEM('') );
#7793 = CARTESIAN_POINT('',(-115.9597191549,150.16678327743,8.89));
#7794 = CARTESIAN_POINT('',(-115.9596108206,150.13166316722,8.89));
#7795 = CARTESIAN_POINT('',(-115.9595159321,150.09628829996,8.89));
#7796 = CARTESIAN_POINT('',(-115.9594343199,150.06064833182,8.89));
#7797 = CARTESIAN_POINT('',(-115.9593658144,150.02473291885,8.89));
#7798 = CARTESIAN_POINT('',(-115.9593102462,149.98853171731,8.89));
#7799 = CARTESIAN_POINT('',(-115.9592674458,149.95203438321,8.89));
#7800 = CARTESIAN_POINT('',(-115.9592372437,149.9152305728,8.89));
#7801 = CARTESIAN_POINT('',(-115.9592194703,149.87810994213,8.89));
#7802 = CARTESIAN_POINT('',(-115.9542531883,116.15048202285,8.89));
#7803 = CARTESIAN_POINT('',(-115.9589026153,83.084595860233,8.89));
#7804 = CARTESIAN_POINT('',(-115.9565164631,49.825280893266,8.89));
#7805 = CARTESIAN_POINT('',(-115.9568114138,16.67728627403,8.89));
#7806 = CARTESIAN_POINT('',(-115.9568213566,-16.67731612776,8.89));
#7807 = CARTESIAN_POINT('',(-115.9565085624,-49.82600957203,8.89));
#7808 = CARTESIAN_POINT('',(-115.9588973831,-83.08437425257,8.89));
#7809 = CARTESIAN_POINT('',(-115.9543019312,-116.1505855426,8.89));
#7810 = CARTESIAN_POINT('',(-115.9591419849,-149.8689940175,8.89));
#7811 = CARTESIAN_POINT('',(-115.959162796,-149.9074035672,8.89));
#7812 = CARTESIAN_POINT('',(-115.9591990831,-149.9454084762,8.89));
#7813 = CARTESIAN_POINT('',(-115.959251085,-149.9830249461,8.89));
#7814 = CARTESIAN_POINT('',(-115.9593190405,-150.0202691789,8.89));
#7815 = CARTESIAN_POINT('',(-115.9594031885,-150.0571573762,8.89));
#7816 = CARTESIAN_POINT('',(-115.9595037677,-150.0937057398,8.89));
#7817 = CARTESIAN_POINT('',(-115.959621017,-150.1299304716,8.89));
#7818 = CARTESIAN_POINT('',(-115.9597551751,-150.1658477733,8.89));
#7819 = PCURVE('',#4524,#7820);
#7820 = DEFINITIONAL_REPRESENTATION('',(#7821),#7824);
#7821 = B_SPLINE_CURVE_WITH_KNOTS('',1,(#7822,#7823),.UNSPECIFIED.,.F.,
  .F.,(2,2),(31.005756459065,42.933312677929),.PIECEWISE_BEZIER_KNOTS.);
#7822 = CARTESIAN_POINT('',(11.927556218864,31.005756459065));
#7823 = CARTESIAN_POINT('',(11.927556218864,42.933312677929));
#7824 = ( GEOMETRIC_REPRESENTATION_CONTEXT(2) 
PARAMETRIC_REPRESENTATION_CONTEXT() REPRESENTATION_CONTEXT('2D SPACE',''
  ) );
#7825 = PCURVE('',#7391,#7826);
#7826 = DEFINITIONAL_REPRESENTATION('',(#7827),#7854);
#7827 = ( BOUNDED_CURVE() B_SPLINE_CURVE(9,(#7828,#7829,#7830,#7831,
    #7832,#7833,#7834,#7835,#7836,#7837,#7838,#7839,#7840,#7841,#7842,
    #7843,#7844,#7845,#7846,#7847,#7848,#7849,#7850,#7851,#7852,#7853),
.UNSPECIFIED.,.F.,.F.) B_SPLINE_CURVE_WITH_KNOTS((10,8,8,10),(
    31.005756459065,31.018984394057,42.919592040979,42.933312677929),
.UNSPECIFIED.) CURVE() GEOMETRIC_REPRESENTATION_ITEM() 
RATIONAL_B_SPLINE_CURVE((1.,1.,1.,1.,1.,1.,1.,1.,1.,1.,1.,1.,1.,1.,1.,1.
,1.,1.,1.,1.,1.,1.,1.,1.,1.,1.)) REPRESENTATION_ITEM('') );
#7828 = CARTESIAN_POINT('',(257.48064937815,-181.9575724034));
#7829 = CARTESIAN_POINT('',(257.45225326226,-181.9369061391));
#7830 = CARTESIAN_POINT('',(257.42364282541,-181.9161014968));
#7831 = CARTESIAN_POINT('',(257.3948097848,-181.8951522783));
#7832 = CARTESIAN_POINT('',(257.36574585751,-181.8740522851));
#7833 = CARTESIAN_POINT('',(257.33644276082,-181.8527953191));
#7834 = CARTESIAN_POINT('',(257.30689221177,-181.8313751818));
#7835 = CARTESIAN_POINT('',(257.27708592763,-181.8097856751));
#7836 = CARTESIAN_POINT('',(257.2470156255,-181.7880206007));
#7837 = CARTESIAN_POINT('',(229.9187302355,-162.0214395263));
#7838 = CARTESIAN_POINT('',(203.12105323212,-142.6503952447));
#7839 = CARTESIAN_POINT('',(176.17075359484,-123.1603109138));
#7840 = CARTESIAN_POINT('',(149.30909146069,-103.7376268883));
#7841 = CARTESIAN_POINT('',(122.2801716351,-84.1936509765));
#7842 = CARTESIAN_POINT('',(95.418299313292,-64.77006499123));
#7843 = CARTESIAN_POINT('',(68.465971866382,-45.28440687751));
#7844 = CARTESIAN_POINT('',(41.673448392367,-25.90568049791));
#7845 = CARTESIAN_POINT('',(14.346888002748,-6.152448084609));
#7846 = CARTESIAN_POINT('',(14.315750616223,-6.129959040521));
#7847 = CARTESIAN_POINT('',(14.284932062388,-6.107719634929));
#7848 = CARTESIAN_POINT('',(14.25441907221,-6.085720567999));
#7849 = CARTESIAN_POINT('',(14.224198376621,-6.06395253987));
#7850 = CARTESIAN_POINT('',(14.194256706589,-6.042406250709));
#7851 = CARTESIAN_POINT('',(14.164580793056,-6.021072400663));
#7852 = CARTESIAN_POINT('',(14.135157366977,-5.999941689889));
#7853 = CARTESIAN_POINT('',(14.105973159302,-5.979004818541));
#7854 = ( GEOMETRIC_REPRESENTATION_CONTEXT(2) 
PARAMETRIC_REPRESENTATION_CONTEXT() REPRESENTATION_CONTEXT('2D SPACE',''
  ) );
#7855 = ORIENTED_EDGE('',*,*,#7856,.F.);
#7856 = EDGE_CURVE('',#4463,#7789,#7857,.T.);
#7857 = SURFACE_CURVE('',#7858,(#7862,#7868),.PCURVE_S1.);
#7858 = ( BOUNDED_CURVE() B_SPLINE_CURVE(2,(#7859,#7860,#7861),
.UNSPECIFIED.,.F.,.F.) B_SPLINE_CURVE_WITH_KNOTS((3,3),(0.,
11.927556218864),.PIECEWISE_BEZIER_KNOTS.) CURVE() 
GEOMETRIC_REPRESENTATION_ITEM() RATIONAL_B_SPLINE_CURVE((1.,
0.743896000081,1.)) REPRESENTATION_ITEM('') );
#7859 = CARTESIAN_POINT('',(-119.7451539492,-150.3121290061,
    12.293234806905));
#7860 = CARTESIAN_POINT('',(-119.38,-150.2980181626,8.89));
#7861 = CARTESIAN_POINT('',(-115.9597551751,-150.1658477733,8.89));
#7862 = PCURVE('',#4524,#7863);
#7863 = DEFINITIONAL_REPRESENTATION('',(#7864),#7867);
#7864 = B_SPLINE_CURVE_WITH_KNOTS('',1,(#7865,#7866),.UNSPECIFIED.,.F.,
  .F.,(2,2),(0.,11.927556218864),.PIECEWISE_BEZIER_KNOTS.);
#7865 = CARTESIAN_POINT('',(0.,42.933312677929));
#7866 = CARTESIAN_POINT('',(11.927556218864,42.933312677929));
#7867 = ( GEOMETRIC_REPRESENTATION_CONTEXT(2) 
PARAMETRIC_REPRESENTATION_CONTEXT() REPRESENTATION_CONTEXT('2D SPACE',''
  ) );
#7868 = PCURVE('',#4715,#7869);
#7869 = DEFINITIONAL_REPRESENTATION('',(#7870),#7873);
#7870 = B_SPLINE_CURVE_WITH_KNOTS('',1,(#7871,#7872),.UNSPECIFIED.,.F.,
  .F.,(2,2),(0.,11.927556218864),.PIECEWISE_BEZIER_KNOTS.);
#7871 = CARTESIAN_POINT('',(0.,42.933312664122));
#7872 = CARTESIAN_POINT('',(0.830303627088,42.933312664122));
#7873 = ( GEOMETRIC_REPRESENTATION_CONTEXT(2) 
PARAMETRIC_REPRESENTATION_CONTEXT() REPRESENTATION_CONTEXT('2D SPACE',''
  ) );
#7874 = ORIENTED_EDGE('',*,*,#4462,.F.);
#7875 = ADVANCED_FACE('',(#7876),#4715,.F.);
#7876 = FACE_BOUND('',#7877,.F.);
#7877 = EDGE_LOOP('',(#7878,#7879,#7935,#7954));
#7878 = ORIENTED_EDGE('',*,*,#7856,.T.);
#7879 = ORIENTED_EDGE('',*,*,#7880,.T.);
#7880 = EDGE_CURVE('',#7789,#7881,#7883,.T.);
#7881 = VERTEX_POINT('',#7882);
#7882 = CARTESIAN_POINT('',(-104.5039096793,-161.6779576538,8.89));
#7883 = SURFACE_CURVE('',#7884,(#7905,#7911),.PCURVE_S1.);
#7884 = ( BOUNDED_CURVE() B_SPLINE_CURVE(10,(#7885,#7886,#7887,#7888,
    #7889,#7890,#7891,#7892,#7893,#7894,#7895,#7896,#7897,#7898,#7899,
    #7900,#7901,#7902,#7903,#7904),.UNSPECIFIED.,.F.,.F.) 
B_SPLINE_CURVE_WITH_KNOTS((11,9,11),(42.933312664122,43.348648241004,
43.763616291209),.UNSPECIFIED.) CURVE() GEOMETRIC_REPRESENTATION_ITEM() 
RATIONAL_B_SPLINE_CURVE((1.,1.,1.,1.,1.000000000001,0.999999999999,1.,1.
,1.,1.,1.,1.,1.,1.,1.,1.,1.,1.,1.,1.)) REPRESENTATION_ITEM('') );
#7885 = CARTESIAN_POINT('',(-115.9597551739,-150.165847448,8.89));
#7886 = CARTESIAN_POINT('',(-115.9634101453,-151.1443705935,8.89));
#7887 = CARTESIAN_POINT('',(-115.8945851858,-151.8965799695,8.89));
#7888 = CARTESIAN_POINT('',(-115.7711237947,-152.6819460195,8.89));
#7889 = CARTESIAN_POINT('',(-115.5986429461,-153.6546354911,8.89));
#7890 = CARTESIAN_POINT('',(-115.2427101989,-154.4912968658,8.89));
#7891 = CARTESIAN_POINT('',(-114.9297208926,-155.3283614242,8.89));
#7892 = CARTESIAN_POINT('',(-114.4392982734,-156.1778929882,8.89));
#7893 = CARTESIAN_POINT('',(-113.9148064126,-156.9525679191,8.89));
#7894 = CARTESIAN_POINT('',(-113.305686687,-157.6864569376,8.89));
#7895 = CARTESIAN_POINT('',(-111.9670471446,-159.0250961304,8.89));
#7896 = CARTESIAN_POINT('',(-111.236034795,-159.6321363604,8.89));
#7897 = CARTESIAN_POINT('',(-110.45209523,-160.1671458186,8.89));
#7898 = CARTESIAN_POINT('',(-109.6266247959,-160.6233553926,8.89));
#7899 = CARTESIAN_POINT('',(-108.7724414041,-160.997028952,8.89));
#7900 = CARTESIAN_POINT('',(-107.9028713814,-161.2872177687,8.89));
#7901 = CARTESIAN_POINT('',(-107.0308363203,-161.4955149367,8.89));
#7902 = CARTESIAN_POINT('',(-106.1679399298,-161.6258097932,8.89));
#7903 = CARTESIAN_POINT('',(-105.3235548853,-161.6840423378,8.89));
#7904 = CARTESIAN_POINT('',(-104.5039089438,-161.6779576534,8.89));
#7905 = PCURVE('',#4715,#7906);
#7906 = DEFINITIONAL_REPRESENTATION('',(#7907),#7910);
#7907 = B_SPLINE_CURVE_WITH_KNOTS('',1,(#7908,#7909),.UNSPECIFIED.,.F.,
  .F.,(2,2),(42.933312664122,43.763616291209),.PIECEWISE_BEZIER_KNOTS.);
#7908 = CARTESIAN_POINT('',(0.830303627088,42.933312664122));
#7909 = CARTESIAN_POINT('',(0.830303627088,43.763616291209));
#7910 = ( GEOMETRIC_REPRESENTATION_CONTEXT(2) 
PARAMETRIC_REPRESENTATION_CONTEXT() REPRESENTATION_CONTEXT('2D SPACE',''
  ) );
#7911 = PCURVE('',#7391,#7912);
#7912 = DEFINITIONAL_REPRESENTATION('',(#7913),#7934);
#7913 = ( BOUNDED_CURVE() B_SPLINE_CURVE(10,(#7914,#7915,#7916,#7917,
    #7918,#7919,#7920,#7921,#7922,#7923,#7924,#7925,#7926,#7927,#7928,
    #7929,#7930,#7931,#7932,#7933),.UNSPECIFIED.,.F.,.F.) 
B_SPLINE_CURVE_WITH_KNOTS((11,9,11),(42.933312664122,43.348648241004,
43.763616291209),.UNSPECIFIED.) CURVE() GEOMETRIC_REPRESENTATION_ITEM() 
RATIONAL_B_SPLINE_CURVE((1.,1.,1.,1.,1.000000000001,0.999999999999,1.,1.
,1.,1.,1.,1.,1.,1.,1.,1.,1.,1.,1.,1.)) REPRESENTATION_ITEM('') );
#7914 = CARTESIAN_POINT('',(14.105973423615,-5.97900500816));
#7915 = CARTESIAN_POINT('',(13.310885227707,-5.408605441359));
#7916 = CARTESIAN_POINT('',(12.741659775719,-4.912079303904));
#7917 = CARTESIAN_POINT('',(12.177579780166,-4.351850505793));
#7918 = CARTESIAN_POINT('',(11.490424920309,-3.642137430005));
#7919 = CARTESIAN_POINT('',(11.020993318396,-2.863469113202));
#7920 = CARTESIAN_POINT('',(10.526072474228,-2.119363785425));
#7921 = CARTESIAN_POINT('',(10.125015264394,-1.2241703214));
#7922 = CARTESIAN_POINT('',(9.804580877667,-0.345230753261));
#7923 = CARTESIAN_POINT('',(9.566784698324,0.578388707691));
#7924 = CARTESIAN_POINT('',(9.266387957243,2.447525543446));
#7925 = CARTESIAN_POINT('',(9.202806191081,3.39559424097));
#7926 = CARTESIAN_POINT('',(9.228607057958,4.34434640945));
#7927 = CARTESIAN_POINT('',(9.342598271015,5.280580683701));
#7928 = CARTESIAN_POINT('',(9.540296805544,6.191720895347));
#7929 = CARTESIAN_POINT('',(9.814662960657,7.066412147545));
#7930 = CARTESIAN_POINT('',(10.156834420965,7.895116889714));
#7931 = CARTESIAN_POINT('',(10.556860318248,8.670710992256));
#7932 = CARTESIAN_POINT('',(11.004435293125,9.389079821288));
#7933 = CARTESIAN_POINT('',(11.489633988024,10.049714909148));
#7934 = ( GEOMETRIC_REPRESENTATION_CONTEXT(2) 
PARAMETRIC_REPRESENTATION_CONTEXT() REPRESENTATION_CONTEXT('2D SPACE',''
  ) );
#7935 = ORIENTED_EDGE('',*,*,#7936,.F.);
#7936 = EDGE_CURVE('',#4640,#7881,#7937,.T.);
#7937 = SURFACE_CURVE('',#7938,(#7942,#7948),.PCURVE_S1.);
#7938 = ( BOUNDED_CURVE() B_SPLINE_CURVE(2,(#7939,#7940,#7941),
.UNSPECIFIED.,.F.,.F.) B_SPLINE_CURVE_WITH_KNOTS((3,3),(0.,
8.299830602442),.PIECEWISE_BEZIER_KNOTS.) CURVE() 
GEOMETRIC_REPRESENTATION_ITEM() RATIONAL_B_SPLINE_CURVE((1.,
0.743879164369,1.)) REPRESENTATION_ITEM('') );
#7939 = CARTESIAN_POINT('',(-104.5921503649,-165.4651744281,
    12.293425670791));
#7940 = CARTESIAN_POINT('',(-104.583641942,-165.1,8.89));
#7941 = CARTESIAN_POINT('',(-104.5039096793,-161.6779576538,8.89));
#7942 = PCURVE('',#4715,#7943);
#7943 = DEFINITIONAL_REPRESENTATION('',(#7944),#7947);
#7944 = B_SPLINE_CURVE_WITH_KNOTS('',1,(#7945,#7946),.UNSPECIFIED.,.F.,
  .F.,(2,2),(0.,8.299830602442),.PIECEWISE_BEZIER_KNOTS.);
#7945 = CARTESIAN_POINT('',(0.,43.763616291209));
#7946 = CARTESIAN_POINT('',(0.830303627088,43.763616291209));
#7947 = ( GEOMETRIC_REPRESENTATION_CONTEXT(2) 
PARAMETRIC_REPRESENTATION_CONTEXT() REPRESENTATION_CONTEXT('2D SPACE',''
  ) );
#7948 = PCURVE('',#4844,#7949);
#7949 = DEFINITIONAL_REPRESENTATION('',(#7950),#7953);
#7950 = B_SPLINE_CURVE_WITH_KNOTS('',1,(#7951,#7952),.UNSPECIFIED.,.F.,
  .F.,(2,2),(0.,8.299830602442),.PIECEWISE_BEZIER_KNOTS.);
#7951 = CARTESIAN_POINT('',(0.,-1.408799502092E-02));
#7952 = CARTESIAN_POINT('',(8.299830602442,-1.408799502092E-02));
#7953 = ( GEOMETRIC_REPRESENTATION_CONTEXT(2) 
PARAMETRIC_REPRESENTATION_CONTEXT() REPRESENTATION_CONTEXT('2D SPACE',''
  ) );
#7954 = ORIENTED_EDGE('',*,*,#4667,.F.);
#7955 = ADVANCED_FACE('',(#7956),#4844,.F.);
#7956 = FACE_BOUND('',#7957,.F.);
#7957 = EDGE_LOOP('',(#7958,#7959,#8021,#8022));
#7958 = ORIENTED_EDGE('',*,*,#7936,.T.);
#7959 = ORIENTED_EDGE('',*,*,#7960,.T.);
#7960 = EDGE_CURVE('',#7881,#7339,#7961,.T.);
#7961 = SURFACE_CURVE('',#7962,(#7987,#7993),.PCURVE_S1.);
#7962 = ( BOUNDED_CURVE() B_SPLINE_CURVE(8,(#7963,#7964,#7965,#7966,
    #7967,#7968,#7969,#7970,#7971,#7972,#7973,#7974,#7975,#7976,#7977,
    #7978,#7979,#7980,#7981,#7982,#7983,#7984,#7985,#7986),
.UNSPECIFIED.,.F.,.F.) B_SPLINE_CURVE_WITH_KNOTS((9,8,7,9),(
    -1.408799502092E-02,0.,8.272019958966,8.285742607421),
.UNSPECIFIED.) CURVE() GEOMETRIC_REPRESENTATION_ITEM() 
RATIONAL_B_SPLINE_CURVE((1.,1.,1.,1.,1.,1.,1.,1.,1.,1.,1.,1.,1.,1.,1.,1.
,1.,1.,1.,1.,1.,1.,1.,1.)) REPRESENTATION_ITEM('') );
#7963 = CARTESIAN_POINT('',(-104.5039096793,-161.6779576538,8.89));
#7964 = CARTESIAN_POINT('',(-104.4691264062,-161.6776994344,8.89));
#7965 = CARTESIAN_POINT('',(-104.4343930754,-161.6774786423,8.89));
#7966 = CARTESIAN_POINT('',(-104.3997084872,-161.6772950978,8.89));
#7967 = CARTESIAN_POINT('',(-104.3650714421,-161.6771486214,8.89));
#7968 = CARTESIAN_POINT('',(-104.3304807405,-161.6770390335,8.89));
#7969 = CARTESIAN_POINT('',(-104.2959351826,-161.6769661544,8.89));
#7970 = CARTESIAN_POINT('',(-104.2614335691,-161.6769298047,8.89));
#7971 = CARTESIAN_POINT('',(-104.2269747001,-161.6769298047,8.89));
#7972 = CARTESIAN_POINT('',(-78.17023102514,-161.6769298047,8.89));
#7973 = CARTESIAN_POINT('',(-52.10973252598,-161.6770145131,8.89));
#7974 = CARTESIAN_POINT('',(-26.07398956115,-161.6765054761,8.89));
#7975 = CARTESIAN_POINT('',(4.827805318758E-02,-161.6780530022,8.89));
#7976 = CARTESIAN_POINT('',(25.976103037608,-161.674804781,8.89));
#7977 = CARTESIAN_POINT('',(52.031788274058,-161.6802883491,8.89));
#7978 = CARTESIAN_POINT('',(77.819746514975,-161.6737370166,8.89));
#7979 = CARTESIAN_POINT('',(104.15450154468,-161.6791180837,8.89));
#7980 = CARTESIAN_POINT('',(104.1975803612,-161.679146327,8.89));
#7981 = CARTESIAN_POINT('',(104.24014709086,-161.6791942962,8.89));
#7982 = CARTESIAN_POINT('',(104.28222582087,-161.6792623858,8.89));
#7983 = CARTESIAN_POINT('',(104.32384063838,-161.6793509901,8.89));
#7984 = CARTESIAN_POINT('',(104.36501563059,-161.6794605037,8.89));
#7985 = CARTESIAN_POINT('',(104.40577488467,-161.679591321,8.89));
#7986 = CARTESIAN_POINT('',(104.44614248782,-161.6797438365,8.89));
#7987 = PCURVE('',#4844,#7988);
#7988 = DEFINITIONAL_REPRESENTATION('',(#7989),#7992);
#7989 = B_SPLINE_CURVE_WITH_KNOTS('',1,(#7990,#7991),.UNSPECIFIED.,.F.,
  .F.,(2,2),(-1.408799502092E-02,8.285742607421),
  .PIECEWISE_BEZIER_KNOTS.);
#7990 = CARTESIAN_POINT('',(8.299830602442,-1.408799502092E-02));
#7991 = CARTESIAN_POINT('',(8.299830602442,8.285742607421));
#7992 = ( GEOMETRIC_REPRESENTATION_CONTEXT(2) 
PARAMETRIC_REPRESENTATION_CONTEXT() REPRESENTATION_CONTEXT('2D SPACE',''
  ) );
#7993 = PCURVE('',#7391,#7994);
#7994 = DEFINITIONAL_REPRESENTATION('',(#7995),#8020);
#7995 = ( BOUNDED_CURVE() B_SPLINE_CURVE(8,(#7996,#7997,#7998,#7999,
    #8000,#8001,#8002,#8003,#8004,#8005,#8006,#8007,#8008,#8009,#8010,
    #8011,#8012,#8013,#8014,#8015,#8016,#8017,#8018,#8019),
.UNSPECIFIED.,.F.,.F.) B_SPLINE_CURVE_WITH_KNOTS((9,8,7,9),(
    -1.408799502092E-02,0.,8.272019958966,8.285742607421),
.UNSPECIFIED.) CURVE() GEOMETRIC_REPRESENTATION_ITEM() 
RATIONAL_B_SPLINE_CURVE((1.,1.,1.,1.,1.,1.,1.,1.,1.,1.,1.,1.,1.,1.,1.,1.
,1.,1.,1.,1.,1.,1.,1.,1.)) REPRESENTATION_ITEM('') );
#7996 = CARTESIAN_POINT('',(11.489633556732,10.04971431336));
#7997 = CARTESIAN_POINT('',(11.510223912224,10.077749648645));
#7998 = CARTESIAN_POINT('',(11.530754675081,10.105766443529));
#7999 = CARTESIAN_POINT('',(11.551226693736,10.133765564879));
#8000 = CARTESIAN_POINT('',(11.571640816623,10.161747879573));
#8001 = CARTESIAN_POINT('',(11.591997892171,10.189714254478));
#8002 = CARTESIAN_POINT('',(11.612298768817,10.21766555647));
#8003 = CARTESIAN_POINT('',(11.632544294989,10.245602652419));
#8004 = CARTESIAN_POINT('',(11.652735319122,10.273526409199));
#8005 = CARTESIAN_POINT('',(26.920570760083,31.388617976486));
#8006 = CARTESIAN_POINT('',(42.190537680441,52.506801901318));
#8007 = CARTESIAN_POINT('',(57.446480344993,73.60457726759));
#8008 = CARTESIAN_POINT('',(72.751455214468,94.773672948675));
#8009 = CARTESIAN_POINT('',(87.946383507459,115.78239192781));
#8010 = CARTESIAN_POINT('',(103.20915514957,136.89983886183));
#8011 = CARTESIAN_POINT('',(118.32480581096,157.79328133161));
#8012 = CARTESIAN_POINT('',(133.75118024443,179.13681251249));
#8013 = CARTESIAN_POINT('',(133.77639920228,179.17173799596));
#8014 = CARTESIAN_POINT('',(133.80130212022,179.20626006793));
#8015 = CARTESIAN_POINT('',(133.82590279239,179.24039847862));
#8016 = CARTESIAN_POINT('',(133.85021501287,179.2741729782));
#8017 = CARTESIAN_POINT('',(133.87425257581,179.30760331689));
#8018 = CARTESIAN_POINT('',(133.8980292753,179.34070924487));
#8019 = CARTESIAN_POINT('',(133.92155890549,179.37351051235));
#8020 = ( GEOMETRIC_REPRESENTATION_CONTEXT(2) 
PARAMETRIC_REPRESENTATION_CONTEXT() REPRESENTATION_CONTEXT('2D SPACE',''
  ) );
#8021 = ORIENTED_EDGE('',*,*,#7338,.F.);
#8022 = ORIENTED_EDGE('',*,*,#4788,.F.);
#8023 = ADVANCED_FACE('',(#8024),#5039,.F.);
#8024 = FACE_BOUND('',#8025,.F.);
#8025 = EDGE_LOOP('',(#8026,#8048,#8049,#8071));
#8026 = ORIENTED_EDGE('',*,*,#8027,.F.);
#8027 = EDGE_CURVE('',#5021,#8028,#8030,.T.);
#8028 = VERTEX_POINT('',#8029);
#8029 = CARTESIAN_POINT('',(-63.5,-187.452,77.089));
#8030 = SURFACE_CURVE('',#8031,(#8035,#8041),.PCURVE_S1.);
#8031 = LINE('',#8032,#8033);
#8032 = CARTESIAN_POINT('',(-63.5,-189.484,77.089));
#8033 = VECTOR('',#8034,1.);
#8034 = DIRECTION('',(0.,1.,0.));
#8035 = PCURVE('',#5039,#8036);
#8036 = DEFINITIONAL_REPRESENTATION('',(#8037),#8040);
#8037 = B_SPLINE_CURVE_WITH_KNOTS('',1,(#8038,#8039),.UNSPECIFIED.,.F.,
  .F.,(2,2),(1.016,2.032),.PIECEWISE_BEZIER_KNOTS.);
#8038 = CARTESIAN_POINT('',(0.,1.016));
#8039 = CARTESIAN_POINT('',(0.,2.032));
#8040 = ( GEOMETRIC_REPRESENTATION_CONTEXT(2) 
PARAMETRIC_REPRESENTATION_CONTEXT() REPRESENTATION_CONTEXT('2D SPACE',''
  ) );
#8041 = PCURVE('',#5066,#8042);
#8042 = DEFINITIONAL_REPRESENTATION('',(#8043),#8047);
#8043 = LINE('',#8044,#8045);
#8044 = CARTESIAN_POINT('',(46.99,0.));
#8045 = VECTOR('',#8046,1.);
#8046 = DIRECTION('',(0.,-1.));
#8047 = ( GEOMETRIC_REPRESENTATION_CONTEXT(2) 
PARAMETRIC_REPRESENTATION_CONTEXT() REPRESENTATION_CONTEXT('2D SPACE',''
  ) );
#8048 = ORIENTED_EDGE('',*,*,#5020,.T.);
#8049 = ORIENTED_EDGE('',*,*,#8050,.T.);
#8050 = EDGE_CURVE('',#5023,#8051,#8053,.T.);
#8051 = VERTEX_POINT('',#8052);
#8052 = CARTESIAN_POINT('',(-59.69,-187.452,80.899));
#8053 = SURFACE_CURVE('',#8054,(#8058,#8064),.PCURVE_S1.);
#8054 = LINE('',#8055,#8056);
#8055 = CARTESIAN_POINT('',(-59.69,-189.484,80.899));
#8056 = VECTOR('',#8057,1.);
#8057 = DIRECTION('',(0.,1.,0.));
#8058 = PCURVE('',#5039,#8059);
#8059 = DEFINITIONAL_REPRESENTATION('',(#8060),#8063);
#8060 = B_SPLINE_CURVE_WITH_KNOTS('',1,(#8061,#8062),.UNSPECIFIED.,.F.,
  .F.,(2,2),(1.016,2.032),.PIECEWISE_BEZIER_KNOTS.);
#8061 = CARTESIAN_POINT('',(1.570796326795,1.016));
#8062 = CARTESIAN_POINT('',(1.570796326795,2.032));
#8063 = ( GEOMETRIC_REPRESENTATION_CONTEXT(2) 
PARAMETRIC_REPRESENTATION_CONTEXT() REPRESENTATION_CONTEXT('2D SPACE',''
  ) );
#8064 = PCURVE('',#5232,#8065);
#8065 = DEFINITIONAL_REPRESENTATION('',(#8066),#8070);
#8066 = LINE('',#8067,#8068);
#8067 = CARTESIAN_POINT('',(3.81,0.));
#8068 = VECTOR('',#8069,1.);
#8069 = DIRECTION('',(0.,1.));
#8070 = ( GEOMETRIC_REPRESENTATION_CONTEXT(2) 
PARAMETRIC_REPRESENTATION_CONTEXT() REPRESENTATION_CONTEXT('2D SPACE',''
  ) );
#8071 = ORIENTED_EDGE('',*,*,#8072,.F.);
#8072 = EDGE_CURVE('',#8028,#8051,#8073,.T.);
#8073 = SURFACE_CURVE('',#8074,(#8079,#8085),.PCURVE_S1.);
#8074 = CIRCLE('',#8075,3.81);
#8075 = AXIS2_PLACEMENT_3D('',#8076,#8077,#8078);
#8076 = CARTESIAN_POINT('',(-59.69,-187.452,77.089));
#8077 = DIRECTION('',(0.,1.,0.));
#8078 = DIRECTION('',(0.,-0.,1.));
#8079 = PCURVE('',#5039,#8080);
#8080 = DEFINITIONAL_REPRESENTATION('',(#8081),#8084);
#8081 = B_SPLINE_CURVE_WITH_KNOTS('',1,(#8082,#8083),.UNSPECIFIED.,.F.,
  .F.,(2,2),(4.712388980385,6.28318530718),.PIECEWISE_BEZIER_KNOTS.);
#8082 = CARTESIAN_POINT('',(0.,2.032));
#8083 = CARTESIAN_POINT('',(1.570796326795,2.032));
#8084 = ( GEOMETRIC_REPRESENTATION_CONTEXT(2) 
PARAMETRIC_REPRESENTATION_CONTEXT() REPRESENTATION_CONTEXT('2D SPACE',''
  ) );
#8085 = PCURVE('',#8086,#8091);
#8086 = PLANE('',#8087);
#8087 = AXIS2_PLACEMENT_3D('',#8088,#8089,#8090);
#8088 = CARTESIAN_POINT('',(-63.5,-187.452,30.099));
#8089 = DIRECTION('',(0.,1.,0.));
#8090 = DIRECTION('',(0.,0.,1.));
#8091 = DEFINITIONAL_REPRESENTATION('',(#8092),#8096);
#8092 = CIRCLE('',#8093,3.81);
#8093 = AXIS2_PLACEMENT_2D('',#8094,#8095);
#8094 = CARTESIAN_POINT('',(46.99,3.81));
#8095 = DIRECTION('',(1.,0.));
#8096 = ( GEOMETRIC_REPRESENTATION_CONTEXT(2) 
PARAMETRIC_REPRESENTATION_CONTEXT() REPRESENTATION_CONTEXT('2D SPACE',''
  ) );
#8097 = ADVANCED_FACE('',(#8098),#5232,.F.);
#8098 = FACE_BOUND('',#8099,.F.);
#8099 = EDGE_LOOP('',(#8100,#8123,#8124,#8125));
#8100 = ORIENTED_EDGE('',*,*,#8101,.F.);
#8101 = EDGE_CURVE('',#8051,#8102,#8104,.T.);
#8102 = VERTEX_POINT('',#8103);
#8103 = CARTESIAN_POINT('',(59.69,-187.452,80.899));
#8104 = SURFACE_CURVE('',#8105,(#8109,#8116),.PCURVE_S1.);
#8105 = LINE('',#8106,#8107);
#8106 = CARTESIAN_POINT('',(-63.5,-187.452,80.899));
#8107 = VECTOR('',#8108,1.);
#8108 = DIRECTION('',(1.,0.,0.));
#8109 = PCURVE('',#5232,#8110);
#8110 = DEFINITIONAL_REPRESENTATION('',(#8111),#8115);
#8111 = LINE('',#8112,#8113);
#8112 = CARTESIAN_POINT('',(0.,2.032));
#8113 = VECTOR('',#8114,1.);
#8114 = DIRECTION('',(1.,0.));
#8115 = ( GEOMETRIC_REPRESENTATION_CONTEXT(2) 
PARAMETRIC_REPRESENTATION_CONTEXT() REPRESENTATION_CONTEXT('2D SPACE',''
  ) );
#8116 = PCURVE('',#8086,#8117);
#8117 = DEFINITIONAL_REPRESENTATION('',(#8118),#8122);
#8118 = LINE('',#8119,#8120);
#8119 = CARTESIAN_POINT('',(50.8,0.));
#8120 = VECTOR('',#8121,1.);
#8121 = DIRECTION('',(0.,1.));
#8122 = ( GEOMETRIC_REPRESENTATION_CONTEXT(2) 
PARAMETRIC_REPRESENTATION_CONTEXT() REPRESENTATION_CONTEXT('2D SPACE',''
  ) );
#8123 = ORIENTED_EDGE('',*,*,#8050,.F.);
#8124 = ORIENTED_EDGE('',*,*,#5218,.T.);
#8125 = ORIENTED_EDGE('',*,*,#8126,.T.);
#8126 = EDGE_CURVE('',#5191,#8102,#8127,.T.);
#8127 = SURFACE_CURVE('',#8128,(#8132,#8139),.PCURVE_S1.);
#8128 = LINE('',#8129,#8130);
#8129 = CARTESIAN_POINT('',(59.69,-189.484,80.899));
#8130 = VECTOR('',#8131,1.);
#8131 = DIRECTION('',(0.,1.,0.));
#8132 = PCURVE('',#5232,#8133);
#8133 = DEFINITIONAL_REPRESENTATION('',(#8134),#8138);
#8134 = LINE('',#8135,#8136);
#8135 = CARTESIAN_POINT('',(123.19,0.));
#8136 = VECTOR('',#8137,1.);
#8137 = DIRECTION('',(0.,1.));
#8138 = ( GEOMETRIC_REPRESENTATION_CONTEXT(2) 
PARAMETRIC_REPRESENTATION_CONTEXT() REPRESENTATION_CONTEXT('2D SPACE',''
  ) );
#8139 = PCURVE('',#5207,#8140);
#8140 = DEFINITIONAL_REPRESENTATION('',(#8141),#8144);
#8141 = B_SPLINE_CURVE_WITH_KNOTS('',1,(#8142,#8143),.UNSPECIFIED.,.F.,
  .F.,(2,2),(1.016,2.032),.PIECEWISE_BEZIER_KNOTS.);
#8142 = CARTESIAN_POINT('',(-1.570796326795,1.016));
#8143 = CARTESIAN_POINT('',(-1.570796326795,2.032));
#8144 = ( GEOMETRIC_REPRESENTATION_CONTEXT(2) 
PARAMETRIC_REPRESENTATION_CONTEXT() REPRESENTATION_CONTEXT('2D SPACE',''
  ) );
#8145 = ADVANCED_FACE('',(#8146),#5207,.F.);
#8146 = FACE_BOUND('',#8147,.T.);
#8147 = EDGE_LOOP('',(#8148,#8170,#8171,#8172));
#8148 = ORIENTED_EDGE('',*,*,#8149,.F.);
#8149 = EDGE_CURVE('',#5163,#8150,#8152,.T.);
#8150 = VERTEX_POINT('',#8151);
#8151 = CARTESIAN_POINT('',(63.5,-187.452,77.089));
#8152 = SURFACE_CURVE('',#8153,(#8157,#8163),.PCURVE_S1.);
#8153 = LINE('',#8154,#8155);
#8154 = CARTESIAN_POINT('',(63.5,-189.484,77.089));
#8155 = VECTOR('',#8156,1.);
#8156 = DIRECTION('',(0.,1.,0.));
#8157 = PCURVE('',#5207,#8158);
#8158 = DEFINITIONAL_REPRESENTATION('',(#8159),#8162);
#8159 = B_SPLINE_CURVE_WITH_KNOTS('',1,(#8160,#8161),.UNSPECIFIED.,.F.,
  .F.,(2,2),(1.016,2.032),.PIECEWISE_BEZIER_KNOTS.);
#8160 = CARTESIAN_POINT('',(0.,1.016));
#8161 = CARTESIAN_POINT('',(0.,2.032));
#8162 = ( GEOMETRIC_REPRESENTATION_CONTEXT(2) 
PARAMETRIC_REPRESENTATION_CONTEXT() REPRESENTATION_CONTEXT('2D SPACE',''
  ) );
#8163 = PCURVE('',#5178,#8164);
#8164 = DEFINITIONAL_REPRESENTATION('',(#8165),#8169);
#8165 = LINE('',#8166,#8167);
#8166 = CARTESIAN_POINT('',(46.99,0.));
#8167 = VECTOR('',#8168,1.);
#8168 = DIRECTION('',(0.,-1.));
#8169 = ( GEOMETRIC_REPRESENTATION_CONTEXT(2) 
PARAMETRIC_REPRESENTATION_CONTEXT() REPRESENTATION_CONTEXT('2D SPACE',''
  ) );
#8170 = ORIENTED_EDGE('',*,*,#5190,.F.);
#8171 = ORIENTED_EDGE('',*,*,#8126,.T.);
#8172 = ORIENTED_EDGE('',*,*,#8173,.F.);
#8173 = EDGE_CURVE('',#8150,#8102,#8174,.T.);
#8174 = SURFACE_CURVE('',#8175,(#8180,#8186),.PCURVE_S1.);
#8175 = CIRCLE('',#8176,3.81);
#8176 = AXIS2_PLACEMENT_3D('',#8177,#8178,#8179);
#8177 = CARTESIAN_POINT('',(59.69,-187.452,77.089));
#8178 = DIRECTION('',(-0.,-1.,0.));
#8179 = DIRECTION('',(0.,-0.,1.));
#8180 = PCURVE('',#5207,#8181);
#8181 = DEFINITIONAL_REPRESENTATION('',(#8182),#8185);
#8182 = B_SPLINE_CURVE_WITH_KNOTS('',1,(#8183,#8184),.UNSPECIFIED.,.F.,
  .F.,(2,2),(4.712388980385,6.28318530718),.PIECEWISE_BEZIER_KNOTS.);
#8183 = CARTESIAN_POINT('',(0.,2.032));
#8184 = CARTESIAN_POINT('',(-1.570796326795,2.032));
#8185 = ( GEOMETRIC_REPRESENTATION_CONTEXT(2) 
PARAMETRIC_REPRESENTATION_CONTEXT() REPRESENTATION_CONTEXT('2D SPACE',''
  ) );
#8186 = PCURVE('',#8086,#8187);
#8187 = DEFINITIONAL_REPRESENTATION('',(#8188),#8196);
#8188 = ( BOUNDED_CURVE() B_SPLINE_CURVE(2,(#8189,#8190,#8191,#8192,
#8193,#8194,#8195),.UNSPECIFIED.,.T.,.F.) B_SPLINE_CURVE_WITH_KNOTS((1,2
    ,2,2,2,1),(-2.094395102393,0.,2.094395102393,4.188790204786,
6.28318530718,8.377580409573),.UNSPECIFIED.) CURVE() 
GEOMETRIC_REPRESENTATION_ITEM() RATIONAL_B_SPLINE_CURVE((1.,0.5,1.,0.5,
1.,0.5,1.)) REPRESENTATION_ITEM('') );
#8189 = CARTESIAN_POINT('',(50.8,123.19));
#8190 = CARTESIAN_POINT('',(50.8,116.59088642316));
#8191 = CARTESIAN_POINT('',(45.085,119.89044321158));
#8192 = CARTESIAN_POINT('',(39.37,123.19));
#8193 = CARTESIAN_POINT('',(45.085,126.48955678841));
#8194 = CARTESIAN_POINT('',(50.8,129.78911357683));
#8195 = CARTESIAN_POINT('',(50.8,123.19));
#8196 = ( GEOMETRIC_REPRESENTATION_CONTEXT(2) 
PARAMETRIC_REPRESENTATION_CONTEXT() REPRESENTATION_CONTEXT('2D SPACE',''
  ) );
#8197 = ADVANCED_FACE('',(#8198),#5178,.F.);
#8198 = FACE_BOUND('',#8199,.F.);
#8199 = EDGE_LOOP('',(#8200,#8201,#8223,#8244));
#8200 = ORIENTED_EDGE('',*,*,#5162,.T.);
#8201 = ORIENTED_EDGE('',*,*,#8202,.T.);
#8202 = EDGE_CURVE('',#5135,#8203,#8205,.T.);
#8203 = VERTEX_POINT('',#8204);
#8204 = CARTESIAN_POINT('',(63.5,-187.452,33.909));
#8205 = SURFACE_CURVE('',#8206,(#8210,#8217),.PCURVE_S1.);
#8206 = LINE('',#8207,#8208);
#8207 = CARTESIAN_POINT('',(63.5,-189.484,33.909));
#8208 = VECTOR('',#8209,1.);
#8209 = DIRECTION('',(0.,1.,0.));
#8210 = PCURVE('',#5178,#8211);
#8211 = DEFINITIONAL_REPRESENTATION('',(#8212),#8216);
#8212 = LINE('',#8213,#8214);
#8213 = CARTESIAN_POINT('',(3.81,0.));
#8214 = VECTOR('',#8215,1.);
#8215 = DIRECTION('',(0.,-1.));
#8216 = ( GEOMETRIC_REPRESENTATION_CONTEXT(2) 
PARAMETRIC_REPRESENTATION_CONTEXT() REPRESENTATION_CONTEXT('2D SPACE',''
  ) );
#8217 = PCURVE('',#5151,#8218);
#8218 = DEFINITIONAL_REPRESENTATION('',(#8219),#8222);
#8219 = B_SPLINE_CURVE_WITH_KNOTS('',1,(#8220,#8221),.UNSPECIFIED.,.F.,
  .F.,(2,2),(1.016,2.032),.PIECEWISE_BEZIER_KNOTS.);
#8220 = CARTESIAN_POINT('',(0.,1.016));
#8221 = CARTESIAN_POINT('',(0.,2.032));
#8222 = ( GEOMETRIC_REPRESENTATION_CONTEXT(2) 
PARAMETRIC_REPRESENTATION_CONTEXT() REPRESENTATION_CONTEXT('2D SPACE',''
  ) );
#8223 = ORIENTED_EDGE('',*,*,#8224,.T.);
#8224 = EDGE_CURVE('',#8203,#8150,#8225,.T.);
#8225 = SURFACE_CURVE('',#8226,(#8230,#8237),.PCURVE_S1.);
#8226 = LINE('',#8227,#8228);
#8227 = CARTESIAN_POINT('',(63.5,-187.452,30.099));
#8228 = VECTOR('',#8229,1.);
#8229 = DIRECTION('',(0.,0.,1.));
#8230 = PCURVE('',#5178,#8231);
#8231 = DEFINITIONAL_REPRESENTATION('',(#8232),#8236);
#8232 = LINE('',#8233,#8234);
#8233 = CARTESIAN_POINT('',(0.,-2.032));
#8234 = VECTOR('',#8235,1.);
#8235 = DIRECTION('',(1.,0.));
#8236 = ( GEOMETRIC_REPRESENTATION_CONTEXT(2) 
PARAMETRIC_REPRESENTATION_CONTEXT() REPRESENTATION_CONTEXT('2D SPACE',''
  ) );
#8237 = PCURVE('',#8086,#8238);
#8238 = DEFINITIONAL_REPRESENTATION('',(#8239),#8243);
#8239 = LINE('',#8240,#8241);
#8240 = CARTESIAN_POINT('',(0.,127.));
#8241 = VECTOR('',#8242,1.);
#8242 = DIRECTION('',(1.,0.));
#8243 = ( GEOMETRIC_REPRESENTATION_CONTEXT(2) 
PARAMETRIC_REPRESENTATION_CONTEXT() REPRESENTATION_CONTEXT('2D SPACE',''
  ) );
#8244 = ORIENTED_EDGE('',*,*,#8149,.F.);
#8245 = ADVANCED_FACE('',(#8246),#5151,.F.);
#8246 = FACE_BOUND('',#8247,.F.);
#8247 = EDGE_LOOP('',(#8248,#8249,#8250,#8272));
#8248 = ORIENTED_EDGE('',*,*,#8202,.F.);
#8249 = ORIENTED_EDGE('',*,*,#5134,.T.);
#8250 = ORIENTED_EDGE('',*,*,#8251,.T.);
#8251 = EDGE_CURVE('',#5107,#8252,#8254,.T.);
#8252 = VERTEX_POINT('',#8253);
#8253 = CARTESIAN_POINT('',(59.69,-187.452,30.099));
#8254 = SURFACE_CURVE('',#8255,(#8259,#8265),.PCURVE_S1.);
#8255 = LINE('',#8256,#8257);
#8256 = CARTESIAN_POINT('',(59.69,-189.484,30.099));
#8257 = VECTOR('',#8258,1.);
#8258 = DIRECTION('',(0.,1.,0.));
#8259 = PCURVE('',#5151,#8260);
#8260 = DEFINITIONAL_REPRESENTATION('',(#8261),#8264);
#8261 = B_SPLINE_CURVE_WITH_KNOTS('',1,(#8262,#8263),.UNSPECIFIED.,.F.,
  .F.,(2,2),(1.016,2.032),.PIECEWISE_BEZIER_KNOTS.);
#8262 = CARTESIAN_POINT('',(1.570796326795,1.016));
#8263 = CARTESIAN_POINT('',(1.570796326795,2.032));
#8264 = ( GEOMETRIC_REPRESENTATION_CONTEXT(2) 
PARAMETRIC_REPRESENTATION_CONTEXT() REPRESENTATION_CONTEXT('2D SPACE',''
  ) );
#8265 = PCURVE('',#5122,#8266);
#8266 = DEFINITIONAL_REPRESENTATION('',(#8267),#8271);
#8267 = LINE('',#8268,#8269);
#8268 = CARTESIAN_POINT('',(123.19,0.));
#8269 = VECTOR('',#8270,1.);
#8270 = DIRECTION('',(0.,1.));
#8271 = ( GEOMETRIC_REPRESENTATION_CONTEXT(2) 
PARAMETRIC_REPRESENTATION_CONTEXT() REPRESENTATION_CONTEXT('2D SPACE',''
  ) );
#8272 = ORIENTED_EDGE('',*,*,#8273,.F.);
#8273 = EDGE_CURVE('',#8203,#8252,#8274,.T.);
#8274 = SURFACE_CURVE('',#8275,(#8280,#8286),.PCURVE_S1.);
#8275 = CIRCLE('',#8276,3.81);
#8276 = AXIS2_PLACEMENT_3D('',#8277,#8278,#8279);
#8277 = CARTESIAN_POINT('',(59.69,-187.452,33.909));
#8278 = DIRECTION('',(0.,1.,0.));
#8279 = DIRECTION('',(0.,-0.,1.));
#8280 = PCURVE('',#5151,#8281);
#8281 = DEFINITIONAL_REPRESENTATION('',(#8282),#8285);
#8282 = B_SPLINE_CURVE_WITH_KNOTS('',1,(#8283,#8284),.UNSPECIFIED.,.F.,
  .F.,(2,2),(1.570796326795,3.14159265359),.PIECEWISE_BEZIER_KNOTS.);
#8283 = CARTESIAN_POINT('',(0.,2.032));
#8284 = CARTESIAN_POINT('',(1.570796326795,2.032));
#8285 = ( GEOMETRIC_REPRESENTATION_CONTEXT(2) 
PARAMETRIC_REPRESENTATION_CONTEXT() REPRESENTATION_CONTEXT('2D SPACE',''
  ) );
#8286 = PCURVE('',#8086,#8287);
#8287 = DEFINITIONAL_REPRESENTATION('',(#8288),#8292);
#8288 = CIRCLE('',#8289,3.81);
#8289 = AXIS2_PLACEMENT_2D('',#8290,#8291);
#8290 = CARTESIAN_POINT('',(3.81,123.19));
#8291 = DIRECTION('',(1.,0.));
#8292 = ( GEOMETRIC_REPRESENTATION_CONTEXT(2) 
PARAMETRIC_REPRESENTATION_CONTEXT() REPRESENTATION_CONTEXT('2D SPACE',''
  ) );
#8293 = ADVANCED_FACE('',(#8294),#5122,.T.);
#8294 = FACE_BOUND('',#8295,.T.);
#8295 = EDGE_LOOP('',(#8296,#8319,#8339,#8340));
#8296 = ORIENTED_EDGE('',*,*,#8297,.F.);
#8297 = EDGE_CURVE('',#8298,#8252,#8300,.T.);
#8298 = VERTEX_POINT('',#8299);
#8299 = CARTESIAN_POINT('',(-59.69,-187.452,30.099));
#8300 = SURFACE_CURVE('',#8301,(#8305,#8312),.PCURVE_S1.);
#8301 = LINE('',#8302,#8303);
#8302 = CARTESIAN_POINT('',(-63.5,-187.452,30.099));
#8303 = VECTOR('',#8304,1.);
#8304 = DIRECTION('',(1.,0.,0.));
#8305 = PCURVE('',#5122,#8306);
#8306 = DEFINITIONAL_REPRESENTATION('',(#8307),#8311);
#8307 = LINE('',#8308,#8309);
#8308 = CARTESIAN_POINT('',(0.,2.032));
#8309 = VECTOR('',#8310,1.);
#8310 = DIRECTION('',(1.,0.));
#8311 = ( GEOMETRIC_REPRESENTATION_CONTEXT(2) 
PARAMETRIC_REPRESENTATION_CONTEXT() REPRESENTATION_CONTEXT('2D SPACE',''
  ) );
#8312 = PCURVE('',#8086,#8313);
#8313 = DEFINITIONAL_REPRESENTATION('',(#8314),#8318);
#8314 = LINE('',#8315,#8316);
#8315 = CARTESIAN_POINT('',(0.,0.));
#8316 = VECTOR('',#8317,1.);
#8317 = DIRECTION('',(0.,1.));
#8318 = ( GEOMETRIC_REPRESENTATION_CONTEXT(2) 
PARAMETRIC_REPRESENTATION_CONTEXT() REPRESENTATION_CONTEXT('2D SPACE',''
  ) );
#8319 = ORIENTED_EDGE('',*,*,#8320,.F.);
#8320 = EDGE_CURVE('',#5079,#8298,#8321,.T.);
#8321 = SURFACE_CURVE('',#8322,(#8326,#8333),.PCURVE_S1.);
#8322 = LINE('',#8323,#8324);
#8323 = CARTESIAN_POINT('',(-59.69,-189.484,30.099));
#8324 = VECTOR('',#8325,1.);
#8325 = DIRECTION('',(0.,1.,0.));
#8326 = PCURVE('',#5122,#8327);
#8327 = DEFINITIONAL_REPRESENTATION('',(#8328),#8332);
#8328 = LINE('',#8329,#8330);
#8329 = CARTESIAN_POINT('',(3.81,0.));
#8330 = VECTOR('',#8331,1.);
#8331 = DIRECTION('',(0.,1.));
#8332 = ( GEOMETRIC_REPRESENTATION_CONTEXT(2) 
PARAMETRIC_REPRESENTATION_CONTEXT() REPRESENTATION_CONTEXT('2D SPACE',''
  ) );
#8333 = PCURVE('',#5095,#8334);
#8334 = DEFINITIONAL_REPRESENTATION('',(#8335),#8338);
#8335 = B_SPLINE_CURVE_WITH_KNOTS('',1,(#8336,#8337),.UNSPECIFIED.,.F.,
  .F.,(2,2),(1.016,2.032),.PIECEWISE_BEZIER_KNOTS.);
#8336 = CARTESIAN_POINT('',(-1.570796326795,1.016));
#8337 = CARTESIAN_POINT('',(-1.570796326795,2.032));
#8338 = ( GEOMETRIC_REPRESENTATION_CONTEXT(2) 
PARAMETRIC_REPRESENTATION_CONTEXT() REPRESENTATION_CONTEXT('2D SPACE',''
  ) );
#8339 = ORIENTED_EDGE('',*,*,#5106,.T.);
#8340 = ORIENTED_EDGE('',*,*,#8251,.T.);
#8341 = ADVANCED_FACE('',(#8342),#5095,.F.);
#8342 = FACE_BOUND('',#8343,.T.);
#8343 = EDGE_LOOP('',(#8344,#8366,#8367,#8368));
#8344 = ORIENTED_EDGE('',*,*,#8345,.F.);
#8345 = EDGE_CURVE('',#5051,#8346,#8348,.T.);
#8346 = VERTEX_POINT('',#8347);
#8347 = CARTESIAN_POINT('',(-63.5,-187.452,33.909));
#8348 = SURFACE_CURVE('',#8349,(#8353,#8359),.PCURVE_S1.);
#8349 = LINE('',#8350,#8351);
#8350 = CARTESIAN_POINT('',(-63.5,-189.484,33.909));
#8351 = VECTOR('',#8352,1.);
#8352 = DIRECTION('',(0.,1.,0.));
#8353 = PCURVE('',#5095,#8354);
#8354 = DEFINITIONAL_REPRESENTATION('',(#8355),#8358);
#8355 = B_SPLINE_CURVE_WITH_KNOTS('',1,(#8356,#8357),.UNSPECIFIED.,.F.,
  .F.,(2,2),(1.016,2.032),.PIECEWISE_BEZIER_KNOTS.);
#8356 = CARTESIAN_POINT('',(0.,1.016));
#8357 = CARTESIAN_POINT('',(0.,2.032));
#8358 = ( GEOMETRIC_REPRESENTATION_CONTEXT(2) 
PARAMETRIC_REPRESENTATION_CONTEXT() REPRESENTATION_CONTEXT('2D SPACE',''
  ) );
#8359 = PCURVE('',#5066,#8360);
#8360 = DEFINITIONAL_REPRESENTATION('',(#8361),#8365);
#8361 = LINE('',#8362,#8363);
#8362 = CARTESIAN_POINT('',(3.81,0.));
#8363 = VECTOR('',#8364,1.);
#8364 = DIRECTION('',(0.,-1.));
#8365 = ( GEOMETRIC_REPRESENTATION_CONTEXT(2) 
PARAMETRIC_REPRESENTATION_CONTEXT() REPRESENTATION_CONTEXT('2D SPACE',''
  ) );
#8366 = ORIENTED_EDGE('',*,*,#5078,.F.);
#8367 = ORIENTED_EDGE('',*,*,#8320,.T.);
#8368 = ORIENTED_EDGE('',*,*,#8369,.F.);
#8369 = EDGE_CURVE('',#8346,#8298,#8370,.T.);
#8370 = SURFACE_CURVE('',#8371,(#8376,#8382),.PCURVE_S1.);
#8371 = CIRCLE('',#8372,3.81);
#8372 = AXIS2_PLACEMENT_3D('',#8373,#8374,#8375);
#8373 = CARTESIAN_POINT('',(-59.69,-187.452,33.909));
#8374 = DIRECTION('',(-0.,-1.,0.));
#8375 = DIRECTION('',(0.,-0.,1.));
#8376 = PCURVE('',#5095,#8377);
#8377 = DEFINITIONAL_REPRESENTATION('',(#8378),#8381);
#8378 = B_SPLINE_CURVE_WITH_KNOTS('',1,(#8379,#8380),.UNSPECIFIED.,.F.,
  .F.,(2,2),(1.570796326795,3.14159265359),.PIECEWISE_BEZIER_KNOTS.);
#8379 = CARTESIAN_POINT('',(0.,2.032));
#8380 = CARTESIAN_POINT('',(-1.570796326795,2.032));
#8381 = ( GEOMETRIC_REPRESENTATION_CONTEXT(2) 
PARAMETRIC_REPRESENTATION_CONTEXT() REPRESENTATION_CONTEXT('2D SPACE',''
  ) );
#8382 = PCURVE('',#8086,#8383);
#8383 = DEFINITIONAL_REPRESENTATION('',(#8384),#8392);
#8384 = ( BOUNDED_CURVE() B_SPLINE_CURVE(2,(#8385,#8386,#8387,#8388,
#8389,#8390,#8391),.UNSPECIFIED.,.T.,.F.) B_SPLINE_CURVE_WITH_KNOTS((1,2
    ,2,2,2,1),(-2.094395102393,0.,2.094395102393,4.188790204786,
6.28318530718,8.377580409573),.UNSPECIFIED.) CURVE() 
GEOMETRIC_REPRESENTATION_ITEM() RATIONAL_B_SPLINE_CURVE((1.,0.5,1.,0.5,
1.,0.5,1.)) REPRESENTATION_ITEM('') );
#8385 = CARTESIAN_POINT('',(7.62,3.81));
#8386 = CARTESIAN_POINT('',(7.62,-2.789113576837));
#8387 = CARTESIAN_POINT('',(1.905,0.510443211581));
#8388 = CARTESIAN_POINT('',(-3.81,3.81));
#8389 = CARTESIAN_POINT('',(1.905,7.109556788419));
#8390 = CARTESIAN_POINT('',(7.62,10.409113576837));
#8391 = CARTESIAN_POINT('',(7.62,3.81));
#8392 = ( GEOMETRIC_REPRESENTATION_CONTEXT(2) 
PARAMETRIC_REPRESENTATION_CONTEXT() REPRESENTATION_CONTEXT('2D SPACE',''
  ) );
#8393 = ADVANCED_FACE('',(#8394),#5066,.T.);
#8394 = FACE_BOUND('',#8395,.T.);
#8395 = EDGE_LOOP('',(#8396,#8397,#8398,#8419));
#8396 = ORIENTED_EDGE('',*,*,#5050,.T.);
#8397 = ORIENTED_EDGE('',*,*,#8345,.T.);
#8398 = ORIENTED_EDGE('',*,*,#8399,.T.);
#8399 = EDGE_CURVE('',#8346,#8028,#8400,.T.);
#8400 = SURFACE_CURVE('',#8401,(#8405,#8412),.PCURVE_S1.);
#8401 = LINE('',#8402,#8403);
#8402 = CARTESIAN_POINT('',(-63.5,-187.452,30.099));
#8403 = VECTOR('',#8404,1.);
#8404 = DIRECTION('',(0.,0.,1.));
#8405 = PCURVE('',#5066,#8406);
#8406 = DEFINITIONAL_REPRESENTATION('',(#8407),#8411);
#8407 = LINE('',#8408,#8409);
#8408 = CARTESIAN_POINT('',(0.,-2.032));
#8409 = VECTOR('',#8410,1.);
#8410 = DIRECTION('',(1.,0.));
#8411 = ( GEOMETRIC_REPRESENTATION_CONTEXT(2) 
PARAMETRIC_REPRESENTATION_CONTEXT() REPRESENTATION_CONTEXT('2D SPACE',''
  ) );
#8412 = PCURVE('',#8086,#8413);
#8413 = DEFINITIONAL_REPRESENTATION('',(#8414),#8418);
#8414 = LINE('',#8415,#8416);
#8415 = CARTESIAN_POINT('',(0.,0.));
#8416 = VECTOR('',#8417,1.);
#8417 = DIRECTION('',(1.,0.));
#8418 = ( GEOMETRIC_REPRESENTATION_CONTEXT(2) 
PARAMETRIC_REPRESENTATION_CONTEXT() REPRESENTATION_CONTEXT('2D SPACE',''
  ) );
#8419 = ORIENTED_EDGE('',*,*,#8027,.F.);
#8420 = ADVANCED_FACE('',(#8421),#5522,.F.);
#8421 = FACE_BOUND('',#8422,.F.);
#8422 = EDGE_LOOP('',(#8423,#8445,#8466,#8467));
#8423 = ORIENTED_EDGE('',*,*,#8424,.F.);
#8424 = EDGE_CURVE('',#8425,#5474,#8427,.T.);
#8425 = VERTEX_POINT('',#8426);
#8426 = CARTESIAN_POINT('',(140.208,69.85,107.95));
#8427 = SURFACE_CURVE('',#8428,(#8432,#8438),.PCURVE_S1.);
#8428 = LINE('',#8429,#8430);
#8429 = CARTESIAN_POINT('',(140.208,69.85,107.95));
#8430 = VECTOR('',#8431,1.);
#8431 = DIRECTION('',(1.,0.,0.));
#8432 = PCURVE('',#5522,#8433);
#8433 = DEFINITIONAL_REPRESENTATION('',(#8434),#8437);
#8434 = B_SPLINE_CURVE_WITH_KNOTS('',1,(#8435,#8436),.UNSPECIFIED.,.F.,
  .F.,(2,2),(0.,10.16),.PIECEWISE_BEZIER_KNOTS.);
#8435 = CARTESIAN_POINT('',(0.,0.));
#8436 = CARTESIAN_POINT('',(0.,10.16));
#8437 = ( GEOMETRIC_REPRESENTATION_CONTEXT(2) 
PARAMETRIC_REPRESENTATION_CONTEXT() REPRESENTATION_CONTEXT('2D SPACE',''
  ) );
#8438 = PCURVE('',#5489,#8439);
#8439 = DEFINITIONAL_REPRESENTATION('',(#8440),#8444);
#8440 = LINE('',#8441,#8442);
#8441 = CARTESIAN_POINT('',(17.78,0.));
#8442 = VECTOR('',#8443,1.);
#8443 = DIRECTION('',(0.,1.));
#8444 = ( GEOMETRIC_REPRESENTATION_CONTEXT(2) 
PARAMETRIC_REPRESENTATION_CONTEXT() REPRESENTATION_CONTEXT('2D SPACE',''
  ) );
#8445 = ORIENTED_EDGE('',*,*,#8446,.T.);
#8446 = EDGE_CURVE('',#8425,#7259,#8447,.T.);
#8447 = SURFACE_CURVE('',#8448,(#8453,#8459),.PCURVE_S1.);
#8448 = CIRCLE('',#8449,7.62);
#8449 = AXIS2_PLACEMENT_3D('',#8450,#8451,#8452);
#8450 = CARTESIAN_POINT('',(140.208,62.23,107.95));
#8451 = DIRECTION('',(1.,0.,0.));
#8452 = DIRECTION('',(-0.,0.,1.));
#8453 = PCURVE('',#5522,#8454);
#8454 = DEFINITIONAL_REPRESENTATION('',(#8455),#8458);
#8455 = B_SPLINE_CURVE_WITH_KNOTS('',1,(#8456,#8457),.UNSPECIFIED.,.F.,
  .F.,(2,2),(4.712388980385,6.28318530718),.PIECEWISE_BEZIER_KNOTS.);
#8456 = CARTESIAN_POINT('',(0.,0.));
#8457 = CARTESIAN_POINT('',(1.570796326795,0.));
#8458 = ( GEOMETRIC_REPRESENTATION_CONTEXT(2) 
PARAMETRIC_REPRESENTATION_CONTEXT() REPRESENTATION_CONTEXT('2D SPACE',''
  ) );
#8459 = PCURVE('',#7296,#8460);
#8460 = DEFINITIONAL_REPRESENTATION('',(#8461),#8465);
#8461 = CIRCLE('',#8462,7.62);
#8462 = AXIS2_PLACEMENT_2D('',#8463,#8464);
#8463 = CARTESIAN_POINT('',(17.78,-132.08));
#8464 = DIRECTION('',(1.,0.));
#8465 = ( GEOMETRIC_REPRESENTATION_CONTEXT(2) 
PARAMETRIC_REPRESENTATION_CONTEXT() REPRESENTATION_CONTEXT('2D SPACE',''
  ) );
#8466 = ORIENTED_EDGE('',*,*,#7258,.T.);
#8467 = ORIENTED_EDGE('',*,*,#5501,.F.);
#8468 = ADVANCED_FACE('',(#8469),#5489,.F.);
#8469 = FACE_BOUND('',#8470,.F.);
#8470 = EDGE_LOOP('',(#8471,#8472,#8494,#8515));
#8471 = ORIENTED_EDGE('',*,*,#5473,.T.);
#8472 = ORIENTED_EDGE('',*,*,#8473,.F.);
#8473 = EDGE_CURVE('',#8474,#5442,#8476,.T.);
#8474 = VERTEX_POINT('',#8475);
#8475 = CARTESIAN_POINT('',(140.208,69.85,97.79));
#8476 = SURFACE_CURVE('',#8477,(#8481,#8488),.PCURVE_S1.);
#8477 = LINE('',#8478,#8479);
#8478 = CARTESIAN_POINT('',(140.208,69.85,97.79));
#8479 = VECTOR('',#8480,1.);
#8480 = DIRECTION('',(1.,0.,0.));
#8481 = PCURVE('',#5489,#8482);
#8482 = DEFINITIONAL_REPRESENTATION('',(#8483),#8487);
#8483 = LINE('',#8484,#8485);
#8484 = CARTESIAN_POINT('',(7.62,0.));
#8485 = VECTOR('',#8486,1.);
#8486 = DIRECTION('',(0.,1.));
#8487 = ( GEOMETRIC_REPRESENTATION_CONTEXT(2) 
PARAMETRIC_REPRESENTATION_CONTEXT() REPRESENTATION_CONTEXT('2D SPACE',''
  ) );
#8488 = PCURVE('',#5462,#8489);
#8489 = DEFINITIONAL_REPRESENTATION('',(#8490),#8493);
#8490 = B_SPLINE_CURVE_WITH_KNOTS('',1,(#8491,#8492),.UNSPECIFIED.,.F.,
  .F.,(2,2),(0.,10.16),.PIECEWISE_BEZIER_KNOTS.);
#8491 = CARTESIAN_POINT('',(0.,0.));
#8492 = CARTESIAN_POINT('',(0.,10.16));
#8493 = ( GEOMETRIC_REPRESENTATION_CONTEXT(2) 
PARAMETRIC_REPRESENTATION_CONTEXT() REPRESENTATION_CONTEXT('2D SPACE',''
  ) );
#8494 = ORIENTED_EDGE('',*,*,#8495,.T.);
#8495 = EDGE_CURVE('',#8474,#8425,#8496,.T.);
#8496 = SURFACE_CURVE('',#8497,(#8501,#8508),.PCURVE_S1.);
#8497 = LINE('',#8498,#8499);
#8498 = CARTESIAN_POINT('',(140.208,69.85,90.17));
#8499 = VECTOR('',#8500,1.);
#8500 = DIRECTION('',(0.,0.,1.));
#8501 = PCURVE('',#5489,#8502);
#8502 = DEFINITIONAL_REPRESENTATION('',(#8503),#8507);
#8503 = LINE('',#8504,#8505);
#8504 = CARTESIAN_POINT('',(0.,0.));
#8505 = VECTOR('',#8506,1.);
#8506 = DIRECTION('',(1.,0.));
#8507 = ( GEOMETRIC_REPRESENTATION_CONTEXT(2) 
PARAMETRIC_REPRESENTATION_CONTEXT() REPRESENTATION_CONTEXT('2D SPACE',''
  ) );
#8508 = PCURVE('',#7296,#8509);
#8509 = DEFINITIONAL_REPRESENTATION('',(#8510),#8514);
#8510 = LINE('',#8511,#8512);
#8511 = CARTESIAN_POINT('',(0.,-139.7));
#8512 = VECTOR('',#8513,1.);
#8513 = DIRECTION('',(1.,0.));
#8514 = ( GEOMETRIC_REPRESENTATION_CONTEXT(2) 
PARAMETRIC_REPRESENTATION_CONTEXT() REPRESENTATION_CONTEXT('2D SPACE',''
  ) );
#8515 = ORIENTED_EDGE('',*,*,#8424,.T.);
#8516 = ADVANCED_FACE('',(#8517),#5462,.F.);
#8517 = FACE_BOUND('',#8518,.T.);
#8518 = EDGE_LOOP('',(#8519,#8520,#8547,#8567));
#8519 = ORIENTED_EDGE('',*,*,#8473,.F.);
#8520 = ORIENTED_EDGE('',*,*,#8521,.T.);
#8521 = EDGE_CURVE('',#8474,#8522,#8524,.T.);
#8522 = VERTEX_POINT('',#8523);
#8523 = CARTESIAN_POINT('',(140.208,62.23,90.17));
#8524 = SURFACE_CURVE('',#8525,(#8530,#8536),.PCURVE_S1.);
#8525 = CIRCLE('',#8526,7.62);
#8526 = AXIS2_PLACEMENT_3D('',#8527,#8528,#8529);
#8527 = CARTESIAN_POINT('',(140.208,62.23,97.79));
#8528 = DIRECTION('',(-1.,0.,-0.));
#8529 = DIRECTION('',(-0.,0.,1.));
#8530 = PCURVE('',#5462,#8531);
#8531 = DEFINITIONAL_REPRESENTATION('',(#8532),#8535);
#8532 = B_SPLINE_CURVE_WITH_KNOTS('',1,(#8533,#8534),.UNSPECIFIED.,.F.,
  .F.,(2,2),(1.570796326795,3.14159265359),.PIECEWISE_BEZIER_KNOTS.);
#8533 = CARTESIAN_POINT('',(0.,0.));
#8534 = CARTESIAN_POINT('',(-1.570796326795,0.));
#8535 = ( GEOMETRIC_REPRESENTATION_CONTEXT(2) 
PARAMETRIC_REPRESENTATION_CONTEXT() REPRESENTATION_CONTEXT('2D SPACE',''
  ) );
#8536 = PCURVE('',#7296,#8537);
#8537 = DEFINITIONAL_REPRESENTATION('',(#8538),#8546);
#8538 = ( BOUNDED_CURVE() B_SPLINE_CURVE(2,(#8539,#8540,#8541,#8542,
#8543,#8544,#8545),.UNSPECIFIED.,.T.,.F.) B_SPLINE_CURVE_WITH_KNOTS((1,2
    ,2,2,2,1),(-2.094395102393,0.,2.094395102393,4.188790204786,
6.28318530718,8.377580409573),.UNSPECIFIED.) CURVE() 
GEOMETRIC_REPRESENTATION_ITEM() RATIONAL_B_SPLINE_CURVE((1.,0.5,1.,0.5,
1.,0.5,1.)) REPRESENTATION_ITEM('') );
#8539 = CARTESIAN_POINT('',(15.24,-132.08));
#8540 = CARTESIAN_POINT('',(15.24,-145.2782271536));
#8541 = CARTESIAN_POINT('',(3.81,-138.6791135768));
#8542 = CARTESIAN_POINT('',(-7.62,-132.08));
#8543 = CARTESIAN_POINT('',(3.81,-125.4808864231));
#8544 = CARTESIAN_POINT('',(15.24,-118.8817728463));
#8545 = CARTESIAN_POINT('',(15.24,-132.08));
#8546 = ( GEOMETRIC_REPRESENTATION_CONTEXT(2) 
PARAMETRIC_REPRESENTATION_CONTEXT() REPRESENTATION_CONTEXT('2D SPACE',''
  ) );
#8547 = ORIENTED_EDGE('',*,*,#8548,.T.);
#8548 = EDGE_CURVE('',#8522,#5414,#8549,.T.);
#8549 = SURFACE_CURVE('',#8550,(#8554,#8560),.PCURVE_S1.);
#8550 = LINE('',#8551,#8552);
#8551 = CARTESIAN_POINT('',(140.208,62.23,90.17));
#8552 = VECTOR('',#8553,1.);
#8553 = DIRECTION('',(1.,0.,0.));
#8554 = PCURVE('',#5462,#8555);
#8555 = DEFINITIONAL_REPRESENTATION('',(#8556),#8559);
#8556 = B_SPLINE_CURVE_WITH_KNOTS('',1,(#8557,#8558),.UNSPECIFIED.,.F.,
  .F.,(2,2),(0.,10.16),.PIECEWISE_BEZIER_KNOTS.);
#8557 = CARTESIAN_POINT('',(-1.570796326795,0.));
#8558 = CARTESIAN_POINT('',(-1.570796326795,10.16));
#8559 = ( GEOMETRIC_REPRESENTATION_CONTEXT(2) 
PARAMETRIC_REPRESENTATION_CONTEXT() REPRESENTATION_CONTEXT('2D SPACE',''
  ) );
#8560 = PCURVE('',#5429,#8561);
#8561 = DEFINITIONAL_REPRESENTATION('',(#8562),#8566);
#8562 = LINE('',#8563,#8564);
#8563 = CARTESIAN_POINT('',(0.,132.08));
#8564 = VECTOR('',#8565,1.);
#8565 = DIRECTION('',(1.,0.));
#8566 = ( GEOMETRIC_REPRESENTATION_CONTEXT(2) 
PARAMETRIC_REPRESENTATION_CONTEXT() REPRESENTATION_CONTEXT('2D SPACE',''
  ) );
#8567 = ORIENTED_EDGE('',*,*,#5441,.T.);
#8568 = ADVANCED_FACE('',(#8569),#5429,.T.);
#8569 = FACE_BOUND('',#8570,.T.);
#8570 = EDGE_LOOP('',(#8571,#8594,#8614,#8615));
#8571 = ORIENTED_EDGE('',*,*,#8572,.F.);
#8572 = EDGE_CURVE('',#8573,#8522,#8575,.T.);
#8573 = VERTEX_POINT('',#8574);
#8574 = CARTESIAN_POINT('',(140.208,-62.23,90.17));
#8575 = SURFACE_CURVE('',#8576,(#8580,#8587),.PCURVE_S1.);
#8576 = LINE('',#8577,#8578);
#8577 = CARTESIAN_POINT('',(140.208,-69.85,90.17));
#8578 = VECTOR('',#8579,1.);
#8579 = DIRECTION('',(0.,1.,0.));
#8580 = PCURVE('',#5429,#8581);
#8581 = DEFINITIONAL_REPRESENTATION('',(#8582),#8586);
#8582 = LINE('',#8583,#8584);
#8583 = CARTESIAN_POINT('',(0.,0.));
#8584 = VECTOR('',#8585,1.);
#8585 = DIRECTION('',(0.,1.));
#8586 = ( GEOMETRIC_REPRESENTATION_CONTEXT(2) 
PARAMETRIC_REPRESENTATION_CONTEXT() REPRESENTATION_CONTEXT('2D SPACE',''
  ) );
#8587 = PCURVE('',#7296,#8588);
#8588 = DEFINITIONAL_REPRESENTATION('',(#8589),#8593);
#8589 = LINE('',#8590,#8591);
#8590 = CARTESIAN_POINT('',(0.,0.));
#8591 = VECTOR('',#8592,1.);
#8592 = DIRECTION('',(0.,-1.));
#8593 = ( GEOMETRIC_REPRESENTATION_CONTEXT(2) 
PARAMETRIC_REPRESENTATION_CONTEXT() REPRESENTATION_CONTEXT('2D SPACE',''
  ) );
#8594 = ORIENTED_EDGE('',*,*,#8595,.T.);
#8595 = EDGE_CURVE('',#8573,#5382,#8596,.T.);
#8596 = SURFACE_CURVE('',#8597,(#8601,#8608),.PCURVE_S1.);
#8597 = LINE('',#8598,#8599);
#8598 = CARTESIAN_POINT('',(140.208,-62.23,90.17));
#8599 = VECTOR('',#8600,1.);
#8600 = DIRECTION('',(1.,0.,0.));
#8601 = PCURVE('',#5429,#8602);
#8602 = DEFINITIONAL_REPRESENTATION('',(#8603),#8607);
#8603 = LINE('',#8604,#8605);
#8604 = CARTESIAN_POINT('',(0.,7.62));
#8605 = VECTOR('',#8606,1.);
#8606 = DIRECTION('',(1.,0.));
#8607 = ( GEOMETRIC_REPRESENTATION_CONTEXT(2) 
PARAMETRIC_REPRESENTATION_CONTEXT() REPRESENTATION_CONTEXT('2D SPACE',''
  ) );
#8608 = PCURVE('',#5402,#8609);
#8609 = DEFINITIONAL_REPRESENTATION('',(#8610),#8613);
#8610 = B_SPLINE_CURVE_WITH_KNOTS('',1,(#8611,#8612),.UNSPECIFIED.,.F.,
  .F.,(2,2),(0.,10.16),.PIECEWISE_BEZIER_KNOTS.);
#8611 = CARTESIAN_POINT('',(1.570796326795,0.));
#8612 = CARTESIAN_POINT('',(1.570796326795,10.16));
#8613 = ( GEOMETRIC_REPRESENTATION_CONTEXT(2) 
PARAMETRIC_REPRESENTATION_CONTEXT() REPRESENTATION_CONTEXT('2D SPACE',''
  ) );
#8614 = ORIENTED_EDGE('',*,*,#5413,.T.);
#8615 = ORIENTED_EDGE('',*,*,#8548,.F.);
#8616 = ADVANCED_FACE('',(#8617),#5402,.F.);
#8617 = FACE_BOUND('',#8618,.F.);
#8618 = EDGE_LOOP('',(#8619,#8641,#8662,#8663));
#8619 = ORIENTED_EDGE('',*,*,#8620,.F.);
#8620 = EDGE_CURVE('',#8621,#5354,#8623,.T.);
#8621 = VERTEX_POINT('',#8622);
#8622 = CARTESIAN_POINT('',(140.208,-69.85,97.79));
#8623 = SURFACE_CURVE('',#8624,(#8628,#8634),.PCURVE_S1.);
#8624 = LINE('',#8625,#8626);
#8625 = CARTESIAN_POINT('',(140.208,-69.85,97.79));
#8626 = VECTOR('',#8627,1.);
#8627 = DIRECTION('',(1.,0.,0.));
#8628 = PCURVE('',#5402,#8629);
#8629 = DEFINITIONAL_REPRESENTATION('',(#8630),#8633);
#8630 = B_SPLINE_CURVE_WITH_KNOTS('',1,(#8631,#8632),.UNSPECIFIED.,.F.,
  .F.,(2,2),(0.,10.16),.PIECEWISE_BEZIER_KNOTS.);
#8631 = CARTESIAN_POINT('',(0.,0.));
#8632 = CARTESIAN_POINT('',(0.,10.16));
#8633 = ( GEOMETRIC_REPRESENTATION_CONTEXT(2) 
PARAMETRIC_REPRESENTATION_CONTEXT() REPRESENTATION_CONTEXT('2D SPACE',''
  ) );
#8634 = PCURVE('',#5369,#8635);
#8635 = DEFINITIONAL_REPRESENTATION('',(#8636),#8640);
#8636 = LINE('',#8637,#8638);
#8637 = CARTESIAN_POINT('',(7.62,0.));
#8638 = VECTOR('',#8639,1.);
#8639 = DIRECTION('',(0.,1.));
#8640 = ( GEOMETRIC_REPRESENTATION_CONTEXT(2) 
PARAMETRIC_REPRESENTATION_CONTEXT() REPRESENTATION_CONTEXT('2D SPACE',''
  ) );
#8641 = ORIENTED_EDGE('',*,*,#8642,.T.);
#8642 = EDGE_CURVE('',#8621,#8573,#8643,.T.);
#8643 = SURFACE_CURVE('',#8644,(#8649,#8655),.PCURVE_S1.);
#8644 = CIRCLE('',#8645,7.62);
#8645 = AXIS2_PLACEMENT_3D('',#8646,#8647,#8648);
#8646 = CARTESIAN_POINT('',(140.208,-62.23,97.79));
#8647 = DIRECTION('',(1.,0.,0.));
#8648 = DIRECTION('',(-0.,0.,1.));
#8649 = PCURVE('',#5402,#8650);
#8650 = DEFINITIONAL_REPRESENTATION('',(#8651),#8654);
#8651 = B_SPLINE_CURVE_WITH_KNOTS('',1,(#8652,#8653),.UNSPECIFIED.,.F.,
  .F.,(2,2),(1.570796326795,3.14159265359),.PIECEWISE_BEZIER_KNOTS.);
#8652 = CARTESIAN_POINT('',(0.,0.));
#8653 = CARTESIAN_POINT('',(1.570796326795,0.));
#8654 = ( GEOMETRIC_REPRESENTATION_CONTEXT(2) 
PARAMETRIC_REPRESENTATION_CONTEXT() REPRESENTATION_CONTEXT('2D SPACE',''
  ) );
#8655 = PCURVE('',#7296,#8656);
#8656 = DEFINITIONAL_REPRESENTATION('',(#8657),#8661);
#8657 = CIRCLE('',#8658,7.62);
#8658 = AXIS2_PLACEMENT_2D('',#8659,#8660);
#8659 = CARTESIAN_POINT('',(7.62,-7.62));
#8660 = DIRECTION('',(1.,0.));
#8661 = ( GEOMETRIC_REPRESENTATION_CONTEXT(2) 
PARAMETRIC_REPRESENTATION_CONTEXT() REPRESENTATION_CONTEXT('2D SPACE',''
  ) );
#8662 = ORIENTED_EDGE('',*,*,#8595,.T.);
#8663 = ORIENTED_EDGE('',*,*,#5381,.F.);
#8664 = ADVANCED_FACE('',(#8665),#5369,.T.);
#8665 = FACE_BOUND('',#8666,.T.);
#8666 = EDGE_LOOP('',(#8667,#8668,#8669,#8692));
#8667 = ORIENTED_EDGE('',*,*,#5353,.T.);
#8668 = ORIENTED_EDGE('',*,*,#8620,.F.);
#8669 = ORIENTED_EDGE('',*,*,#8670,.T.);
#8670 = EDGE_CURVE('',#8621,#8671,#8673,.T.);
#8671 = VERTEX_POINT('',#8672);
#8672 = CARTESIAN_POINT('',(140.208,-69.85,107.95));
#8673 = SURFACE_CURVE('',#8674,(#8678,#8685),.PCURVE_S1.);
#8674 = LINE('',#8675,#8676);
#8675 = CARTESIAN_POINT('',(140.208,-69.85,90.17));
#8676 = VECTOR('',#8677,1.);
#8677 = DIRECTION('',(0.,0.,1.));
#8678 = PCURVE('',#5369,#8679);
#8679 = DEFINITIONAL_REPRESENTATION('',(#8680),#8684);
#8680 = LINE('',#8681,#8682);
#8681 = CARTESIAN_POINT('',(0.,0.));
#8682 = VECTOR('',#8683,1.);
#8683 = DIRECTION('',(1.,0.));
#8684 = ( GEOMETRIC_REPRESENTATION_CONTEXT(2) 
PARAMETRIC_REPRESENTATION_CONTEXT() REPRESENTATION_CONTEXT('2D SPACE',''
  ) );
#8685 = PCURVE('',#7296,#8686);
#8686 = DEFINITIONAL_REPRESENTATION('',(#8687),#8691);
#8687 = LINE('',#8688,#8689);
#8688 = CARTESIAN_POINT('',(0.,0.));
#8689 = VECTOR('',#8690,1.);
#8690 = DIRECTION('',(1.,0.));
#8691 = ( GEOMETRIC_REPRESENTATION_CONTEXT(2) 
PARAMETRIC_REPRESENTATION_CONTEXT() REPRESENTATION_CONTEXT('2D SPACE',''
  ) );
#8692 = ORIENTED_EDGE('',*,*,#8693,.T.);
#8693 = EDGE_CURVE('',#8671,#5322,#8694,.T.);
#8694 = SURFACE_CURVE('',#8695,(#8699,#8706),.PCURVE_S1.);
#8695 = LINE('',#8696,#8697);
#8696 = CARTESIAN_POINT('',(140.208,-69.85,107.95));
#8697 = VECTOR('',#8698,1.);
#8698 = DIRECTION('',(1.,0.,0.));
#8699 = PCURVE('',#5369,#8700);
#8700 = DEFINITIONAL_REPRESENTATION('',(#8701),#8705);
#8701 = LINE('',#8702,#8703);
#8702 = CARTESIAN_POINT('',(17.78,0.));
#8703 = VECTOR('',#8704,1.);
#8704 = DIRECTION('',(0.,1.));
#8705 = ( GEOMETRIC_REPRESENTATION_CONTEXT(2) 
PARAMETRIC_REPRESENTATION_CONTEXT() REPRESENTATION_CONTEXT('2D SPACE',''
  ) );
#8706 = PCURVE('',#5342,#8707);
#8707 = DEFINITIONAL_REPRESENTATION('',(#8708),#8711);
#8708 = B_SPLINE_CURVE_WITH_KNOTS('',1,(#8709,#8710),.UNSPECIFIED.,.F.,
  .F.,(2,2),(0.,10.16),.PIECEWISE_BEZIER_KNOTS.);
#8709 = CARTESIAN_POINT('',(0.,0.));
#8710 = CARTESIAN_POINT('',(0.,10.16));
#8711 = ( GEOMETRIC_REPRESENTATION_CONTEXT(2) 
PARAMETRIC_REPRESENTATION_CONTEXT() REPRESENTATION_CONTEXT('2D SPACE',''
  ) );
#8712 = ADVANCED_FACE('',(#8713),#5342,.F.);
#8713 = FACE_BOUND('',#8714,.T.);
#8714 = EDGE_LOOP('',(#8715,#8716,#8741,#8742));
#8715 = ORIENTED_EDGE('',*,*,#8693,.F.);
#8716 = ORIENTED_EDGE('',*,*,#8717,.T.);
#8717 = EDGE_CURVE('',#8671,#7281,#8718,.T.);
#8718 = SURFACE_CURVE('',#8719,(#8724,#8730),.PCURVE_S1.);
#8719 = CIRCLE('',#8720,7.62);
#8720 = AXIS2_PLACEMENT_3D('',#8721,#8722,#8723);
#8721 = CARTESIAN_POINT('',(140.208,-62.23,107.95));
#8722 = DIRECTION('',(-1.,0.,-0.));
#8723 = DIRECTION('',(-0.,0.,1.));
#8724 = PCURVE('',#5342,#8725);
#8725 = DEFINITIONAL_REPRESENTATION('',(#8726),#8729);
#8726 = B_SPLINE_CURVE_WITH_KNOTS('',1,(#8727,#8728),.UNSPECIFIED.,.F.,
  .F.,(2,2),(4.712388980385,6.28318530718),.PIECEWISE_BEZIER_KNOTS.);
#8727 = CARTESIAN_POINT('',(0.,0.));
#8728 = CARTESIAN_POINT('',(-1.570796326795,0.));
#8729 = ( GEOMETRIC_REPRESENTATION_CONTEXT(2) 
PARAMETRIC_REPRESENTATION_CONTEXT() REPRESENTATION_CONTEXT('2D SPACE',''
  ) );
#8730 = PCURVE('',#7296,#8731);
#8731 = DEFINITIONAL_REPRESENTATION('',(#8732),#8740);
#8732 = ( BOUNDED_CURVE() B_SPLINE_CURVE(2,(#8733,#8734,#8735,#8736,
#8737,#8738,#8739),.UNSPECIFIED.,.T.,.F.) B_SPLINE_CURVE_WITH_KNOTS((1,2
    ,2,2,2,1),(-2.094395102393,0.,2.094395102393,4.188790204786,
6.28318530718,8.377580409573),.UNSPECIFIED.) CURVE() 
GEOMETRIC_REPRESENTATION_ITEM() RATIONAL_B_SPLINE_CURVE((1.,0.5,1.,0.5,
1.,0.5,1.)) REPRESENTATION_ITEM('') );
#8733 = CARTESIAN_POINT('',(25.4,-7.62));
#8734 = CARTESIAN_POINT('',(25.4,-20.81822715367));
#8735 = CARTESIAN_POINT('',(13.97,-14.21911357683));
#8736 = CARTESIAN_POINT('',(2.54,-7.62));
#8737 = CARTESIAN_POINT('',(13.97,-1.020886423163));
#8738 = CARTESIAN_POINT('',(25.4,5.578227153675));
#8739 = CARTESIAN_POINT('',(25.4,-7.62));
#8740 = ( GEOMETRIC_REPRESENTATION_CONTEXT(2) 
PARAMETRIC_REPRESENTATION_CONTEXT() REPRESENTATION_CONTEXT('2D SPACE',''
  ) );
#8741 = ORIENTED_EDGE('',*,*,#7308,.T.);
#8742 = ORIENTED_EDGE('',*,*,#5321,.T.);
#8743 = ADVANCED_FACE('',(#8744),#5948,.F.);
#8744 = FACE_BOUND('',#8745,.T.);
#8745 = EDGE_LOOP('',(#8746,#8768,#8800,#8820));
#8746 = ORIENTED_EDGE('',*,*,#8747,.F.);
#8747 = EDGE_CURVE('',#8748,#5928,#8750,.T.);
#8748 = VERTEX_POINT('',#8749);
#8749 = CARTESIAN_POINT('',(-63.5,187.452,33.909));
#8750 = SURFACE_CURVE('',#8751,(#8755,#8761),.PCURVE_S1.);
#8751 = LINE('',#8752,#8753);
#8752 = CARTESIAN_POINT('',(-63.5,187.452,33.909));
#8753 = VECTOR('',#8754,1.);
#8754 = DIRECTION('',(0.,1.,0.));
#8755 = PCURVE('',#5948,#8756);
#8756 = DEFINITIONAL_REPRESENTATION('',(#8757),#8760);
#8757 = B_SPLINE_CURVE_WITH_KNOTS('',1,(#8758,#8759),.UNSPECIFIED.,.F.,
  .F.,(2,2),(0.,1.016),.PIECEWISE_BEZIER_KNOTS.);
#8758 = CARTESIAN_POINT('',(0.,0.));
#8759 = CARTESIAN_POINT('',(0.,1.016));
#8760 = ( GEOMETRIC_REPRESENTATION_CONTEXT(2) 
PARAMETRIC_REPRESENTATION_CONTEXT() REPRESENTATION_CONTEXT('2D SPACE',''
  ) );
#8761 = PCURVE('',#5975,#8762);
#8762 = DEFINITIONAL_REPRESENTATION('',(#8763),#8767);
#8763 = LINE('',#8764,#8765);
#8764 = CARTESIAN_POINT('',(3.81,0.));
#8765 = VECTOR('',#8766,1.);
#8766 = DIRECTION('',(0.,-1.));
#8767 = ( GEOMETRIC_REPRESENTATION_CONTEXT(2) 
PARAMETRIC_REPRESENTATION_CONTEXT() REPRESENTATION_CONTEXT('2D SPACE',''
  ) );
#8768 = ORIENTED_EDGE('',*,*,#8769,.T.);
#8769 = EDGE_CURVE('',#8748,#8770,#8772,.T.);
#8770 = VERTEX_POINT('',#8771);
#8771 = CARTESIAN_POINT('',(-59.69,187.452,30.099));
#8772 = SURFACE_CURVE('',#8773,(#8778,#8784),.PCURVE_S1.);
#8773 = CIRCLE('',#8774,3.81);
#8774 = AXIS2_PLACEMENT_3D('',#8775,#8776,#8777);
#8775 = CARTESIAN_POINT('',(-59.69,187.452,33.909));
#8776 = DIRECTION('',(-0.,-1.,0.));
#8777 = DIRECTION('',(0.,-0.,1.));
#8778 = PCURVE('',#5948,#8779);
#8779 = DEFINITIONAL_REPRESENTATION('',(#8780),#8783);
#8780 = B_SPLINE_CURVE_WITH_KNOTS('',1,(#8781,#8782),.UNSPECIFIED.,.F.,
  .F.,(2,2),(1.570796326795,3.14159265359),.PIECEWISE_BEZIER_KNOTS.);
#8781 = CARTESIAN_POINT('',(0.,0.));
#8782 = CARTESIAN_POINT('',(-1.570796326795,0.));
#8783 = ( GEOMETRIC_REPRESENTATION_CONTEXT(2) 
PARAMETRIC_REPRESENTATION_CONTEXT() REPRESENTATION_CONTEXT('2D SPACE',''
  ) );
#8784 = PCURVE('',#8785,#8790);
#8785 = PLANE('',#8786);
#8786 = AXIS2_PLACEMENT_3D('',#8787,#8788,#8789);
#8787 = CARTESIAN_POINT('',(-63.5,187.452,30.099));
#8788 = DIRECTION('',(0.,1.,0.));
#8789 = DIRECTION('',(0.,0.,1.));
#8790 = DEFINITIONAL_REPRESENTATION('',(#8791),#8799);
#8791 = ( BOUNDED_CURVE() B_SPLINE_CURVE(2,(#8792,#8793,#8794,#8795,
#8796,#8797,#8798),.UNSPECIFIED.,.T.,.F.) B_SPLINE_CURVE_WITH_KNOTS((1,2
    ,2,2,2,1),(-2.094395102393,0.,2.094395102393,4.188790204786,
6.28318530718,8.377580409573),.UNSPECIFIED.) CURVE() 
GEOMETRIC_REPRESENTATION_ITEM() RATIONAL_B_SPLINE_CURVE((1.,0.5,1.,0.5,
1.,0.5,1.)) REPRESENTATION_ITEM('') );
#8792 = CARTESIAN_POINT('',(7.62,3.81));
#8793 = CARTESIAN_POINT('',(7.62,-2.789113576837));
#8794 = CARTESIAN_POINT('',(1.905,0.510443211581));
#8795 = CARTESIAN_POINT('',(-3.81,3.81));
#8796 = CARTESIAN_POINT('',(1.905,7.109556788419));
#8797 = CARTESIAN_POINT('',(7.62,10.409113576837));
#8798 = CARTESIAN_POINT('',(7.62,3.81));
#8799 = ( GEOMETRIC_REPRESENTATION_CONTEXT(2) 
PARAMETRIC_REPRESENTATION_CONTEXT() REPRESENTATION_CONTEXT('2D SPACE',''
  ) );
#8800 = ORIENTED_EDGE('',*,*,#8801,.T.);
#8801 = EDGE_CURVE('',#8770,#5926,#8802,.T.);
#8802 = SURFACE_CURVE('',#8803,(#8807,#8813),.PCURVE_S1.);
#8803 = LINE('',#8804,#8805);
#8804 = CARTESIAN_POINT('',(-59.69,187.452,30.099));
#8805 = VECTOR('',#8806,1.);
#8806 = DIRECTION('',(0.,1.,0.));
#8807 = PCURVE('',#5948,#8808);
#8808 = DEFINITIONAL_REPRESENTATION('',(#8809),#8812);
#8809 = B_SPLINE_CURVE_WITH_KNOTS('',1,(#8810,#8811),.UNSPECIFIED.,.F.,
  .F.,(2,2),(0.,1.016),.PIECEWISE_BEZIER_KNOTS.);
#8810 = CARTESIAN_POINT('',(-1.570796326795,0.));
#8811 = CARTESIAN_POINT('',(-1.570796326795,1.016));
#8812 = ( GEOMETRIC_REPRESENTATION_CONTEXT(2) 
PARAMETRIC_REPRESENTATION_CONTEXT() REPRESENTATION_CONTEXT('2D SPACE',''
  ) );
#8813 = PCURVE('',#6153,#8814);
#8814 = DEFINITIONAL_REPRESENTATION('',(#8815),#8819);
#8815 = LINE('',#8816,#8817);
#8816 = CARTESIAN_POINT('',(3.81,0.));
#8817 = VECTOR('',#8818,1.);
#8818 = DIRECTION('',(0.,1.));
#8819 = ( GEOMETRIC_REPRESENTATION_CONTEXT(2) 
PARAMETRIC_REPRESENTATION_CONTEXT() REPRESENTATION_CONTEXT('2D SPACE',''
  ) );
#8820 = ORIENTED_EDGE('',*,*,#5925,.T.);
#8821 = ADVANCED_FACE('',(#8822),#6153,.T.);
#8822 = FACE_BOUND('',#8823,.T.);
#8823 = EDGE_LOOP('',(#8824,#8825,#8826,#8849));
#8824 = ORIENTED_EDGE('',*,*,#6139,.T.);
#8825 = ORIENTED_EDGE('',*,*,#8801,.F.);
#8826 = ORIENTED_EDGE('',*,*,#8827,.T.);
#8827 = EDGE_CURVE('',#8770,#8828,#8830,.T.);
#8828 = VERTEX_POINT('',#8829);
#8829 = CARTESIAN_POINT('',(59.69,187.452,30.099));
#8830 = SURFACE_CURVE('',#8831,(#8835,#8842),.PCURVE_S1.);
#8831 = LINE('',#8832,#8833);
#8832 = CARTESIAN_POINT('',(-63.5,187.452,30.099));
#8833 = VECTOR('',#8834,1.);
#8834 = DIRECTION('',(1.,0.,0.));
#8835 = PCURVE('',#6153,#8836);
#8836 = DEFINITIONAL_REPRESENTATION('',(#8837),#8841);
#8837 = LINE('',#8838,#8839);
#8838 = CARTESIAN_POINT('',(0.,0.));
#8839 = VECTOR('',#8840,1.);
#8840 = DIRECTION('',(1.,0.));
#8841 = ( GEOMETRIC_REPRESENTATION_CONTEXT(2) 
PARAMETRIC_REPRESENTATION_CONTEXT() REPRESENTATION_CONTEXT('2D SPACE',''
  ) );
#8842 = PCURVE('',#8785,#8843);
#8843 = DEFINITIONAL_REPRESENTATION('',(#8844),#8848);
#8844 = LINE('',#8845,#8846);
#8845 = CARTESIAN_POINT('',(0.,0.));
#8846 = VECTOR('',#8847,1.);
#8847 = DIRECTION('',(0.,1.));
#8848 = ( GEOMETRIC_REPRESENTATION_CONTEXT(2) 
PARAMETRIC_REPRESENTATION_CONTEXT() REPRESENTATION_CONTEXT('2D SPACE',''
  ) );
#8849 = ORIENTED_EDGE('',*,*,#8850,.T.);
#8850 = EDGE_CURVE('',#8828,#6108,#8851,.T.);
#8851 = SURFACE_CURVE('',#8852,(#8856,#8863),.PCURVE_S1.);
#8852 = LINE('',#8853,#8854);
#8853 = CARTESIAN_POINT('',(59.69,187.452,30.099));
#8854 = VECTOR('',#8855,1.);
#8855 = DIRECTION('',(0.,1.,0.));
#8856 = PCURVE('',#6153,#8857);
#8857 = DEFINITIONAL_REPRESENTATION('',(#8858),#8862);
#8858 = LINE('',#8859,#8860);
#8859 = CARTESIAN_POINT('',(123.19,0.));
#8860 = VECTOR('',#8861,1.);
#8861 = DIRECTION('',(0.,1.));
#8862 = ( GEOMETRIC_REPRESENTATION_CONTEXT(2) 
PARAMETRIC_REPRESENTATION_CONTEXT() REPRESENTATION_CONTEXT('2D SPACE',''
  ) );
#8863 = PCURVE('',#6128,#8864);
#8864 = DEFINITIONAL_REPRESENTATION('',(#8865),#8868);
#8865 = B_SPLINE_CURVE_WITH_KNOTS('',1,(#8866,#8867),.UNSPECIFIED.,.F.,
  .F.,(2,2),(0.,1.016),.PIECEWISE_BEZIER_KNOTS.);
#8866 = CARTESIAN_POINT('',(1.570796326795,0.));
#8867 = CARTESIAN_POINT('',(1.570796326795,1.016));
#8868 = ( GEOMETRIC_REPRESENTATION_CONTEXT(2) 
PARAMETRIC_REPRESENTATION_CONTEXT() REPRESENTATION_CONTEXT('2D SPACE',''
  ) );
#8869 = ADVANCED_FACE('',(#8870),#6128,.F.);
#8870 = FACE_BOUND('',#8871,.F.);
#8871 = EDGE_LOOP('',(#8872,#8894,#8915,#8916));
#8872 = ORIENTED_EDGE('',*,*,#8873,.F.);
#8873 = EDGE_CURVE('',#8874,#6080,#8876,.T.);
#8874 = VERTEX_POINT('',#8875);
#8875 = CARTESIAN_POINT('',(63.5,187.452,33.909));
#8876 = SURFACE_CURVE('',#8877,(#8881,#8887),.PCURVE_S1.);
#8877 = LINE('',#8878,#8879);
#8878 = CARTESIAN_POINT('',(63.5,187.452,33.909));
#8879 = VECTOR('',#8880,1.);
#8880 = DIRECTION('',(0.,1.,0.));
#8881 = PCURVE('',#6128,#8882);
#8882 = DEFINITIONAL_REPRESENTATION('',(#8883),#8886);
#8883 = B_SPLINE_CURVE_WITH_KNOTS('',1,(#8884,#8885),.UNSPECIFIED.,.F.,
  .F.,(2,2),(0.,1.016),.PIECEWISE_BEZIER_KNOTS.);
#8884 = CARTESIAN_POINT('',(0.,0.));
#8885 = CARTESIAN_POINT('',(0.,1.016));
#8886 = ( GEOMETRIC_REPRESENTATION_CONTEXT(2) 
PARAMETRIC_REPRESENTATION_CONTEXT() REPRESENTATION_CONTEXT('2D SPACE',''
  ) );
#8887 = PCURVE('',#6095,#8888);
#8888 = DEFINITIONAL_REPRESENTATION('',(#8889),#8893);
#8889 = LINE('',#8890,#8891);
#8890 = CARTESIAN_POINT('',(3.81,0.));
#8891 = VECTOR('',#8892,1.);
#8892 = DIRECTION('',(0.,-1.));
#8893 = ( GEOMETRIC_REPRESENTATION_CONTEXT(2) 
PARAMETRIC_REPRESENTATION_CONTEXT() REPRESENTATION_CONTEXT('2D SPACE',''
  ) );
#8894 = ORIENTED_EDGE('',*,*,#8895,.T.);
#8895 = EDGE_CURVE('',#8874,#8828,#8896,.T.);
#8896 = SURFACE_CURVE('',#8897,(#8902,#8908),.PCURVE_S1.);
#8897 = CIRCLE('',#8898,3.81);
#8898 = AXIS2_PLACEMENT_3D('',#8899,#8900,#8901);
#8899 = CARTESIAN_POINT('',(59.69,187.452,33.909));
#8900 = DIRECTION('',(0.,1.,0.));
#8901 = DIRECTION('',(0.,-0.,1.));
#8902 = PCURVE('',#6128,#8903);
#8903 = DEFINITIONAL_REPRESENTATION('',(#8904),#8907);
#8904 = B_SPLINE_CURVE_WITH_KNOTS('',1,(#8905,#8906),.UNSPECIFIED.,.F.,
  .F.,(2,2),(1.570796326795,3.14159265359),.PIECEWISE_BEZIER_KNOTS.);
#8905 = CARTESIAN_POINT('',(0.,0.));
#8906 = CARTESIAN_POINT('',(1.570796326795,0.));
#8907 = ( GEOMETRIC_REPRESENTATION_CONTEXT(2) 
PARAMETRIC_REPRESENTATION_CONTEXT() REPRESENTATION_CONTEXT('2D SPACE',''
  ) );
#8908 = PCURVE('',#8785,#8909);
#8909 = DEFINITIONAL_REPRESENTATION('',(#8910),#8914);
#8910 = CIRCLE('',#8911,3.81);
#8911 = AXIS2_PLACEMENT_2D('',#8912,#8913);
#8912 = CARTESIAN_POINT('',(3.81,123.19));
#8913 = DIRECTION('',(1.,0.));
#8914 = ( GEOMETRIC_REPRESENTATION_CONTEXT(2) 
PARAMETRIC_REPRESENTATION_CONTEXT() REPRESENTATION_CONTEXT('2D SPACE',''
  ) );
#8915 = ORIENTED_EDGE('',*,*,#8850,.T.);
#8916 = ORIENTED_EDGE('',*,*,#6107,.F.);
#8917 = ADVANCED_FACE('',(#8918),#6095,.F.);
#8918 = FACE_BOUND('',#8919,.F.);
#8919 = EDGE_LOOP('',(#8920,#8943,#8944,#8945));
#8920 = ORIENTED_EDGE('',*,*,#8921,.F.);
#8921 = EDGE_CURVE('',#8874,#8922,#8924,.T.);
#8922 = VERTEX_POINT('',#8923);
#8923 = CARTESIAN_POINT('',(63.5,187.452,77.089));
#8924 = SURFACE_CURVE('',#8925,(#8929,#8936),.PCURVE_S1.);
#8925 = LINE('',#8926,#8927);
#8926 = CARTESIAN_POINT('',(63.5,187.452,30.099));
#8927 = VECTOR('',#8928,1.);
#8928 = DIRECTION('',(0.,0.,1.));
#8929 = PCURVE('',#6095,#8930);
#8930 = DEFINITIONAL_REPRESENTATION('',(#8931),#8935);
#8931 = LINE('',#8932,#8933);
#8932 = CARTESIAN_POINT('',(0.,0.));
#8933 = VECTOR('',#8934,1.);
#8934 = DIRECTION('',(1.,0.));
#8935 = ( GEOMETRIC_REPRESENTATION_CONTEXT(2) 
PARAMETRIC_REPRESENTATION_CONTEXT() REPRESENTATION_CONTEXT('2D SPACE',''
  ) );
#8936 = PCURVE('',#8785,#8937);
#8937 = DEFINITIONAL_REPRESENTATION('',(#8938),#8942);
#8938 = LINE('',#8939,#8940);
#8939 = CARTESIAN_POINT('',(0.,127.));
#8940 = VECTOR('',#8941,1.);
#8941 = DIRECTION('',(1.,0.));
#8942 = ( GEOMETRIC_REPRESENTATION_CONTEXT(2) 
PARAMETRIC_REPRESENTATION_CONTEXT() REPRESENTATION_CONTEXT('2D SPACE',''
  ) );
#8943 = ORIENTED_EDGE('',*,*,#8873,.T.);
#8944 = ORIENTED_EDGE('',*,*,#6079,.T.);
#8945 = ORIENTED_EDGE('',*,*,#8946,.F.);
#8946 = EDGE_CURVE('',#8922,#6048,#8947,.T.);
#8947 = SURFACE_CURVE('',#8948,(#8952,#8959),.PCURVE_S1.);
#8948 = LINE('',#8949,#8950);
#8949 = CARTESIAN_POINT('',(63.5,187.452,77.089));
#8950 = VECTOR('',#8951,1.);
#8951 = DIRECTION('',(0.,1.,0.));
#8952 = PCURVE('',#6095,#8953);
#8953 = DEFINITIONAL_REPRESENTATION('',(#8954),#8958);
#8954 = LINE('',#8955,#8956);
#8955 = CARTESIAN_POINT('',(46.99,0.));
#8956 = VECTOR('',#8957,1.);
#8957 = DIRECTION('',(0.,-1.));
#8958 = ( GEOMETRIC_REPRESENTATION_CONTEXT(2) 
PARAMETRIC_REPRESENTATION_CONTEXT() REPRESENTATION_CONTEXT('2D SPACE',''
  ) );
#8959 = PCURVE('',#6068,#8960);
#8960 = DEFINITIONAL_REPRESENTATION('',(#8961),#8964);
#8961 = B_SPLINE_CURVE_WITH_KNOTS('',1,(#8962,#8963),.UNSPECIFIED.,.F.,
  .F.,(2,2),(0.,1.016),.PIECEWISE_BEZIER_KNOTS.);
#8962 = CARTESIAN_POINT('',(0.,0.));
#8963 = CARTESIAN_POINT('',(0.,1.016));
#8964 = ( GEOMETRIC_REPRESENTATION_CONTEXT(2) 
PARAMETRIC_REPRESENTATION_CONTEXT() REPRESENTATION_CONTEXT('2D SPACE',''
  ) );
#8965 = ADVANCED_FACE('',(#8966),#6068,.F.);
#8966 = FACE_BOUND('',#8967,.T.);
#8967 = EDGE_LOOP('',(#8968,#8969,#8996,#9016));
#8968 = ORIENTED_EDGE('',*,*,#8946,.F.);
#8969 = ORIENTED_EDGE('',*,*,#8970,.T.);
#8970 = EDGE_CURVE('',#8922,#8971,#8973,.T.);
#8971 = VERTEX_POINT('',#8972);
#8972 = CARTESIAN_POINT('',(59.69,187.452,80.899));
#8973 = SURFACE_CURVE('',#8974,(#8979,#8985),.PCURVE_S1.);
#8974 = CIRCLE('',#8975,3.81);
#8975 = AXIS2_PLACEMENT_3D('',#8976,#8977,#8978);
#8976 = CARTESIAN_POINT('',(59.69,187.452,77.089));
#8977 = DIRECTION('',(-0.,-1.,0.));
#8978 = DIRECTION('',(0.,-0.,1.));
#8979 = PCURVE('',#6068,#8980);
#8980 = DEFINITIONAL_REPRESENTATION('',(#8981),#8984);
#8981 = B_SPLINE_CURVE_WITH_KNOTS('',1,(#8982,#8983),.UNSPECIFIED.,.F.,
  .F.,(2,2),(4.712388980385,6.28318530718),.PIECEWISE_BEZIER_KNOTS.);
#8982 = CARTESIAN_POINT('',(0.,0.));
#8983 = CARTESIAN_POINT('',(-1.570796326795,0.));
#8984 = ( GEOMETRIC_REPRESENTATION_CONTEXT(2) 
PARAMETRIC_REPRESENTATION_CONTEXT() REPRESENTATION_CONTEXT('2D SPACE',''
  ) );
#8985 = PCURVE('',#8785,#8986);
#8986 = DEFINITIONAL_REPRESENTATION('',(#8987),#8995);
#8987 = ( BOUNDED_CURVE() B_SPLINE_CURVE(2,(#8988,#8989,#8990,#8991,
#8992,#8993,#8994),.UNSPECIFIED.,.T.,.F.) B_SPLINE_CURVE_WITH_KNOTS((1,2
    ,2,2,2,1),(-2.094395102393,0.,2.094395102393,4.188790204786,
6.28318530718,8.377580409573),.UNSPECIFIED.) CURVE() 
GEOMETRIC_REPRESENTATION_ITEM() RATIONAL_B_SPLINE_CURVE((1.,0.5,1.,0.5,
1.,0.5,1.)) REPRESENTATION_ITEM('') );
#8988 = CARTESIAN_POINT('',(50.8,123.19));
#8989 = CARTESIAN_POINT('',(50.8,116.59088642316));
#8990 = CARTESIAN_POINT('',(45.085,119.89044321158));
#8991 = CARTESIAN_POINT('',(39.37,123.19));
#8992 = CARTESIAN_POINT('',(45.085,126.48955678841));
#8993 = CARTESIAN_POINT('',(50.8,129.78911357683));
#8994 = CARTESIAN_POINT('',(50.8,123.19));
#8995 = ( GEOMETRIC_REPRESENTATION_CONTEXT(2) 
PARAMETRIC_REPRESENTATION_CONTEXT() REPRESENTATION_CONTEXT('2D SPACE',''
  ) );
#8996 = ORIENTED_EDGE('',*,*,#8997,.T.);
#8997 = EDGE_CURVE('',#8971,#6020,#8998,.T.);
#8998 = SURFACE_CURVE('',#8999,(#9003,#9009),.PCURVE_S1.);
#8999 = LINE('',#9000,#9001);
#9000 = CARTESIAN_POINT('',(59.69,187.452,80.899));
#9001 = VECTOR('',#9002,1.);
#9002 = DIRECTION('',(0.,1.,0.));
#9003 = PCURVE('',#6068,#9004);
#9004 = DEFINITIONAL_REPRESENTATION('',(#9005),#9008);
#9005 = B_SPLINE_CURVE_WITH_KNOTS('',1,(#9006,#9007),.UNSPECIFIED.,.F.,
  .F.,(2,2),(0.,1.016),.PIECEWISE_BEZIER_KNOTS.);
#9006 = CARTESIAN_POINT('',(-1.570796326795,0.));
#9007 = CARTESIAN_POINT('',(-1.570796326795,1.016));
#9008 = ( GEOMETRIC_REPRESENTATION_CONTEXT(2) 
PARAMETRIC_REPRESENTATION_CONTEXT() REPRESENTATION_CONTEXT('2D SPACE',''
  ) );
#9009 = PCURVE('',#6035,#9010);
#9010 = DEFINITIONAL_REPRESENTATION('',(#9011),#9015);
#9011 = LINE('',#9012,#9013);
#9012 = CARTESIAN_POINT('',(123.19,0.));
#9013 = VECTOR('',#9014,1.);
#9014 = DIRECTION('',(0.,1.));
#9015 = ( GEOMETRIC_REPRESENTATION_CONTEXT(2) 
PARAMETRIC_REPRESENTATION_CONTEXT() REPRESENTATION_CONTEXT('2D SPACE',''
  ) );
#9016 = ORIENTED_EDGE('',*,*,#6047,.T.);
#9017 = ADVANCED_FACE('',(#9018),#6035,.F.);
#9018 = FACE_BOUND('',#9019,.F.);
#9019 = EDGE_LOOP('',(#9020,#9021,#9043,#9064));
#9020 = ORIENTED_EDGE('',*,*,#6019,.T.);
#9021 = ORIENTED_EDGE('',*,*,#9022,.F.);
#9022 = EDGE_CURVE('',#9023,#5988,#9025,.T.);
#9023 = VERTEX_POINT('',#9024);
#9024 = CARTESIAN_POINT('',(-59.69,187.452,80.899));
#9025 = SURFACE_CURVE('',#9026,(#9030,#9037),.PCURVE_S1.);
#9026 = LINE('',#9027,#9028);
#9027 = CARTESIAN_POINT('',(-59.69,187.452,80.899));
#9028 = VECTOR('',#9029,1.);
#9029 = DIRECTION('',(0.,1.,0.));
#9030 = PCURVE('',#6035,#9031);
#9031 = DEFINITIONAL_REPRESENTATION('',(#9032),#9036);
#9032 = LINE('',#9033,#9034);
#9033 = CARTESIAN_POINT('',(3.81,0.));
#9034 = VECTOR('',#9035,1.);
#9035 = DIRECTION('',(0.,1.));
#9036 = ( GEOMETRIC_REPRESENTATION_CONTEXT(2) 
PARAMETRIC_REPRESENTATION_CONTEXT() REPRESENTATION_CONTEXT('2D SPACE',''
  ) );
#9037 = PCURVE('',#6008,#9038);
#9038 = DEFINITIONAL_REPRESENTATION('',(#9039),#9042);
#9039 = B_SPLINE_CURVE_WITH_KNOTS('',1,(#9040,#9041),.UNSPECIFIED.,.F.,
  .F.,(2,2),(0.,1.016),.PIECEWISE_BEZIER_KNOTS.);
#9040 = CARTESIAN_POINT('',(1.570796326795,0.));
#9041 = CARTESIAN_POINT('',(1.570796326795,1.016));
#9042 = ( GEOMETRIC_REPRESENTATION_CONTEXT(2) 
PARAMETRIC_REPRESENTATION_CONTEXT() REPRESENTATION_CONTEXT('2D SPACE',''
  ) );
#9043 = ORIENTED_EDGE('',*,*,#9044,.T.);
#9044 = EDGE_CURVE('',#9023,#8971,#9045,.T.);
#9045 = SURFACE_CURVE('',#9046,(#9050,#9057),.PCURVE_S1.);
#9046 = LINE('',#9047,#9048);
#9047 = CARTESIAN_POINT('',(-63.5,187.452,80.899));
#9048 = VECTOR('',#9049,1.);
#9049 = DIRECTION('',(1.,0.,0.));
#9050 = PCURVE('',#6035,#9051);
#9051 = DEFINITIONAL_REPRESENTATION('',(#9052),#9056);
#9052 = LINE('',#9053,#9054);
#9053 = CARTESIAN_POINT('',(0.,0.));
#9054 = VECTOR('',#9055,1.);
#9055 = DIRECTION('',(1.,0.));
#9056 = ( GEOMETRIC_REPRESENTATION_CONTEXT(2) 
PARAMETRIC_REPRESENTATION_CONTEXT() REPRESENTATION_CONTEXT('2D SPACE',''
  ) );
#9057 = PCURVE('',#8785,#9058);
#9058 = DEFINITIONAL_REPRESENTATION('',(#9059),#9063);
#9059 = LINE('',#9060,#9061);
#9060 = CARTESIAN_POINT('',(50.8,0.));
#9061 = VECTOR('',#9062,1.);
#9062 = DIRECTION('',(0.,1.));
#9063 = ( GEOMETRIC_REPRESENTATION_CONTEXT(2) 
PARAMETRIC_REPRESENTATION_CONTEXT() REPRESENTATION_CONTEXT('2D SPACE',''
  ) );
#9064 = ORIENTED_EDGE('',*,*,#8997,.T.);
#9065 = ADVANCED_FACE('',(#9066),#6008,.F.);
#9066 = FACE_BOUND('',#9067,.F.);
#9067 = EDGE_LOOP('',(#9068,#9090,#9111,#9112));
#9068 = ORIENTED_EDGE('',*,*,#9069,.F.);
#9069 = EDGE_CURVE('',#9070,#5960,#9072,.T.);
#9070 = VERTEX_POINT('',#9071);
#9071 = CARTESIAN_POINT('',(-63.5,187.452,77.089));
#9072 = SURFACE_CURVE('',#9073,(#9077,#9083),.PCURVE_S1.);
#9073 = LINE('',#9074,#9075);
#9074 = CARTESIAN_POINT('',(-63.5,187.452,77.089));
#9075 = VECTOR('',#9076,1.);
#9076 = DIRECTION('',(0.,1.,0.));
#9077 = PCURVE('',#6008,#9078);
#9078 = DEFINITIONAL_REPRESENTATION('',(#9079),#9082);
#9079 = B_SPLINE_CURVE_WITH_KNOTS('',1,(#9080,#9081),.UNSPECIFIED.,.F.,
  .F.,(2,2),(0.,1.016),.PIECEWISE_BEZIER_KNOTS.);
#9080 = CARTESIAN_POINT('',(0.,0.));
#9081 = CARTESIAN_POINT('',(0.,1.016));
#9082 = ( GEOMETRIC_REPRESENTATION_CONTEXT(2) 
PARAMETRIC_REPRESENTATION_CONTEXT() REPRESENTATION_CONTEXT('2D SPACE',''
  ) );
#9083 = PCURVE('',#5975,#9084);
#9084 = DEFINITIONAL_REPRESENTATION('',(#9085),#9089);
#9085 = LINE('',#9086,#9087);
#9086 = CARTESIAN_POINT('',(46.99,0.));
#9087 = VECTOR('',#9088,1.);
#9088 = DIRECTION('',(0.,-1.));
#9089 = ( GEOMETRIC_REPRESENTATION_CONTEXT(2) 
PARAMETRIC_REPRESENTATION_CONTEXT() REPRESENTATION_CONTEXT('2D SPACE',''
  ) );
#9090 = ORIENTED_EDGE('',*,*,#9091,.T.);
#9091 = EDGE_CURVE('',#9070,#9023,#9092,.T.);
#9092 = SURFACE_CURVE('',#9093,(#9098,#9104),.PCURVE_S1.);
#9093 = CIRCLE('',#9094,3.81);
#9094 = AXIS2_PLACEMENT_3D('',#9095,#9096,#9097);
#9095 = CARTESIAN_POINT('',(-59.69,187.452,77.089));
#9096 = DIRECTION('',(0.,1.,0.));
#9097 = DIRECTION('',(0.,-0.,1.));
#9098 = PCURVE('',#6008,#9099);
#9099 = DEFINITIONAL_REPRESENTATION('',(#9100),#9103);
#9100 = B_SPLINE_CURVE_WITH_KNOTS('',1,(#9101,#9102),.UNSPECIFIED.,.F.,
  .F.,(2,2),(4.712388980385,6.28318530718),.PIECEWISE_BEZIER_KNOTS.);
#9101 = CARTESIAN_POINT('',(0.,0.));
#9102 = CARTESIAN_POINT('',(1.570796326795,0.));
#9103 = ( GEOMETRIC_REPRESENTATION_CONTEXT(2) 
PARAMETRIC_REPRESENTATION_CONTEXT() REPRESENTATION_CONTEXT('2D SPACE',''
  ) );
#9104 = PCURVE('',#8785,#9105);
#9105 = DEFINITIONAL_REPRESENTATION('',(#9106),#9110);
#9106 = CIRCLE('',#9107,3.81);
#9107 = AXIS2_PLACEMENT_2D('',#9108,#9109);
#9108 = CARTESIAN_POINT('',(46.99,3.81));
#9109 = DIRECTION('',(1.,0.));
#9110 = ( GEOMETRIC_REPRESENTATION_CONTEXT(2) 
PARAMETRIC_REPRESENTATION_CONTEXT() REPRESENTATION_CONTEXT('2D SPACE',''
  ) );
#9111 = ORIENTED_EDGE('',*,*,#9022,.T.);
#9112 = ORIENTED_EDGE('',*,*,#5987,.F.);
#9113 = ADVANCED_FACE('',(#9114),#5975,.T.);
#9114 = FACE_BOUND('',#9115,.T.);
#9115 = EDGE_LOOP('',(#9116,#9137,#9138,#9139));
#9116 = ORIENTED_EDGE('',*,*,#9117,.F.);
#9117 = EDGE_CURVE('',#8748,#9070,#9118,.T.);
#9118 = SURFACE_CURVE('',#9119,(#9123,#9130),.PCURVE_S1.);
#9119 = LINE('',#9120,#9121);
#9120 = CARTESIAN_POINT('',(-63.5,187.452,30.099));
#9121 = VECTOR('',#9122,1.);
#9122 = DIRECTION('',(0.,0.,1.));
#9123 = PCURVE('',#5975,#9124);
#9124 = DEFINITIONAL_REPRESENTATION('',(#9125),#9129);
#9125 = LINE('',#9126,#9127);
#9126 = CARTESIAN_POINT('',(0.,0.));
#9127 = VECTOR('',#9128,1.);
#9128 = DIRECTION('',(1.,0.));
#9129 = ( GEOMETRIC_REPRESENTATION_CONTEXT(2) 
PARAMETRIC_REPRESENTATION_CONTEXT() REPRESENTATION_CONTEXT('2D SPACE',''
  ) );
#9130 = PCURVE('',#8785,#9131);
#9131 = DEFINITIONAL_REPRESENTATION('',(#9132),#9136);
#9132 = LINE('',#9133,#9134);
#9133 = CARTESIAN_POINT('',(0.,0.));
#9134 = VECTOR('',#9135,1.);
#9135 = DIRECTION('',(1.,0.));
#9136 = ( GEOMETRIC_REPRESENTATION_CONTEXT(2) 
PARAMETRIC_REPRESENTATION_CONTEXT() REPRESENTATION_CONTEXT('2D SPACE',''
  ) );
#9137 = ORIENTED_EDGE('',*,*,#8747,.T.);
#9138 = ORIENTED_EDGE('',*,*,#5959,.T.);
#9139 = ORIENTED_EDGE('',*,*,#9069,.F.);
#9140 = ADVANCED_FACE('',(#9141),#6675,.F.);
#9141 = FACE_BOUND('',#9142,.T.);
#9142 = EDGE_LOOP('',(#9143,#9165,#9166,#9167));
#9143 = ORIENTED_EDGE('',*,*,#9144,.F.);
#9144 = EDGE_CURVE('',#6631,#9145,#9147,.T.);
#9145 = VERTEX_POINT('',#9146);
#9146 = CARTESIAN_POINT('',(-140.208,-69.85,107.95));
#9147 = SURFACE_CURVE('',#9148,(#9152,#9158),.PCURVE_S1.);
#9148 = LINE('',#9149,#9150);
#9149 = CARTESIAN_POINT('',(-160.528,-69.85,107.95));
#9150 = VECTOR('',#9151,1.);
#9151 = DIRECTION('',(1.,0.,0.));
#9152 = PCURVE('',#6675,#9153);
#9153 = DEFINITIONAL_REPRESENTATION('',(#9154),#9157);
#9154 = B_SPLINE_CURVE_WITH_KNOTS('',1,(#9155,#9156),.UNSPECIFIED.,.F.,
  .F.,(2,2),(10.16,20.32),.PIECEWISE_BEZIER_KNOTS.);
#9155 = CARTESIAN_POINT('',(0.,10.16));
#9156 = CARTESIAN_POINT('',(0.,20.32));
#9157 = ( GEOMETRIC_REPRESENTATION_CONTEXT(2) 
PARAMETRIC_REPRESENTATION_CONTEXT() REPRESENTATION_CONTEXT('2D SPACE',''
  ) );
#9158 = PCURVE('',#6646,#9159);
#9159 = DEFINITIONAL_REPRESENTATION('',(#9160),#9164);
#9160 = LINE('',#9161,#9162);
#9161 = CARTESIAN_POINT('',(17.78,0.));
#9162 = VECTOR('',#9163,1.);
#9163 = DIRECTION('',(0.,1.));
#9164 = ( GEOMETRIC_REPRESENTATION_CONTEXT(2) 
PARAMETRIC_REPRESENTATION_CONTEXT() REPRESENTATION_CONTEXT('2D SPACE',''
  ) );
#9165 = ORIENTED_EDGE('',*,*,#6658,.F.);
#9166 = ORIENTED_EDGE('',*,*,#7168,.T.);
#9167 = ORIENTED_EDGE('',*,*,#9168,.F.);
#9168 = EDGE_CURVE('',#9145,#7169,#9169,.T.);
#9169 = SURFACE_CURVE('',#9170,(#9175,#9181),.PCURVE_S1.);
#9170 = CIRCLE('',#9171,7.62);
#9171 = AXIS2_PLACEMENT_3D('',#9172,#9173,#9174);
#9172 = CARTESIAN_POINT('',(-140.208,-62.23,107.95));
#9173 = DIRECTION('',(-1.,0.,-0.));
#9174 = DIRECTION('',(-0.,0.,1.));
#9175 = PCURVE('',#6675,#9176);
#9176 = DEFINITIONAL_REPRESENTATION('',(#9177),#9180);
#9177 = B_SPLINE_CURVE_WITH_KNOTS('',1,(#9178,#9179),.UNSPECIFIED.,.F.,
  .F.,(2,2),(4.712388980385,6.28318530718),.PIECEWISE_BEZIER_KNOTS.);
#9178 = CARTESIAN_POINT('',(0.,20.32));
#9179 = CARTESIAN_POINT('',(-1.570796326795,20.32));
#9180 = ( GEOMETRIC_REPRESENTATION_CONTEXT(2) 
PARAMETRIC_REPRESENTATION_CONTEXT() REPRESENTATION_CONTEXT('2D SPACE',''
  ) );
#9181 = PCURVE('',#7206,#9182);
#9182 = DEFINITIONAL_REPRESENTATION('',(#9183),#9191);
#9183 = ( BOUNDED_CURVE() B_SPLINE_CURVE(2,(#9184,#9185,#9186,#9187,
#9188,#9189,#9190),.UNSPECIFIED.,.T.,.F.) B_SPLINE_CURVE_WITH_KNOTS((1,2
    ,2,2,2,1),(-2.094395102393,0.,2.094395102393,4.188790204786,
6.28318530718,8.377580409573),.UNSPECIFIED.) CURVE() 
GEOMETRIC_REPRESENTATION_ITEM() RATIONAL_B_SPLINE_CURVE((1.,0.5,1.,0.5,
1.,0.5,1.)) REPRESENTATION_ITEM('') );
#9184 = CARTESIAN_POINT('',(25.4,-7.62));
#9185 = CARTESIAN_POINT('',(25.4,-20.81822715367));
#9186 = CARTESIAN_POINT('',(13.97,-14.21911357683));
#9187 = CARTESIAN_POINT('',(2.54,-7.62));
#9188 = CARTESIAN_POINT('',(13.97,-1.020886423163));
#9189 = CARTESIAN_POINT('',(25.4,5.578227153675));
#9190 = CARTESIAN_POINT('',(25.4,-7.62));
#9191 = ( GEOMETRIC_REPRESENTATION_CONTEXT(2) 
PARAMETRIC_REPRESENTATION_CONTEXT() REPRESENTATION_CONTEXT('2D SPACE',''
  ) );
#9192 = ADVANCED_FACE('',(#9193),#6646,.T.);
#9193 = FACE_BOUND('',#9194,.T.);
#9194 = EDGE_LOOP('',(#9195,#9218,#9238,#9239));
#9195 = ORIENTED_EDGE('',*,*,#9196,.F.);
#9196 = EDGE_CURVE('',#9197,#9145,#9199,.T.);
#9197 = VERTEX_POINT('',#9198);
#9198 = CARTESIAN_POINT('',(-140.208,-69.85,97.79));
#9199 = SURFACE_CURVE('',#9200,(#9204,#9211),.PCURVE_S1.);
#9200 = LINE('',#9201,#9202);
#9201 = CARTESIAN_POINT('',(-140.208,-69.85,90.17));
#9202 = VECTOR('',#9203,1.);
#9203 = DIRECTION('',(0.,0.,1.));
#9204 = PCURVE('',#6646,#9205);
#9205 = DEFINITIONAL_REPRESENTATION('',(#9206),#9210);
#9206 = LINE('',#9207,#9208);
#9207 = CARTESIAN_POINT('',(0.,20.32));
#9208 = VECTOR('',#9209,1.);
#9209 = DIRECTION('',(1.,0.));
#9210 = ( GEOMETRIC_REPRESENTATION_CONTEXT(2) 
PARAMETRIC_REPRESENTATION_CONTEXT() REPRESENTATION_CONTEXT('2D SPACE',''
  ) );
#9211 = PCURVE('',#7206,#9212);
#9212 = DEFINITIONAL_REPRESENTATION('',(#9213),#9217);
#9213 = LINE('',#9214,#9215);
#9214 = CARTESIAN_POINT('',(0.,0.));
#9215 = VECTOR('',#9216,1.);
#9216 = DIRECTION('',(1.,0.));
#9217 = ( GEOMETRIC_REPRESENTATION_CONTEXT(2) 
PARAMETRIC_REPRESENTATION_CONTEXT() REPRESENTATION_CONTEXT('2D SPACE',''
  ) );
#9218 = ORIENTED_EDGE('',*,*,#9219,.F.);
#9219 = EDGE_CURVE('',#6603,#9197,#9220,.T.);
#9220 = SURFACE_CURVE('',#9221,(#9225,#9232),.PCURVE_S1.);
#9221 = LINE('',#9222,#9223);
#9222 = CARTESIAN_POINT('',(-160.528,-69.85,97.79));
#9223 = VECTOR('',#9224,1.);
#9224 = DIRECTION('',(1.,0.,0.));
#9225 = PCURVE('',#6646,#9226);
#9226 = DEFINITIONAL_REPRESENTATION('',(#9227),#9231);
#9227 = LINE('',#9228,#9229);
#9228 = CARTESIAN_POINT('',(7.62,0.));
#9229 = VECTOR('',#9230,1.);
#9230 = DIRECTION('',(0.,1.));
#9231 = ( GEOMETRIC_REPRESENTATION_CONTEXT(2) 
PARAMETRIC_REPRESENTATION_CONTEXT() REPRESENTATION_CONTEXT('2D SPACE',''
  ) );
#9232 = PCURVE('',#6619,#9233);
#9233 = DEFINITIONAL_REPRESENTATION('',(#9234),#9237);
#9234 = B_SPLINE_CURVE_WITH_KNOTS('',1,(#9235,#9236),.UNSPECIFIED.,.F.,
  .F.,(2,2),(10.16,20.32),.PIECEWISE_BEZIER_KNOTS.);
#9235 = CARTESIAN_POINT('',(0.,10.16));
#9236 = CARTESIAN_POINT('',(0.,20.32));
#9237 = ( GEOMETRIC_REPRESENTATION_CONTEXT(2) 
PARAMETRIC_REPRESENTATION_CONTEXT() REPRESENTATION_CONTEXT('2D SPACE',''
  ) );
#9238 = ORIENTED_EDGE('',*,*,#6630,.T.);
#9239 = ORIENTED_EDGE('',*,*,#9144,.T.);
#9240 = ADVANCED_FACE('',(#9241),#6619,.F.);
#9241 = FACE_BOUND('',#9242,.F.);
#9242 = EDGE_LOOP('',(#9243,#9244,#9245,#9267));
#9243 = ORIENTED_EDGE('',*,*,#9219,.F.);
#9244 = ORIENTED_EDGE('',*,*,#6602,.T.);
#9245 = ORIENTED_EDGE('',*,*,#9246,.T.);
#9246 = EDGE_CURVE('',#6575,#9247,#9249,.T.);
#9247 = VERTEX_POINT('',#9248);
#9248 = CARTESIAN_POINT('',(-140.208,-62.23,90.17));
#9249 = SURFACE_CURVE('',#9250,(#9254,#9260),.PCURVE_S1.);
#9250 = LINE('',#9251,#9252);
#9251 = CARTESIAN_POINT('',(-160.528,-62.23,90.17));
#9252 = VECTOR('',#9253,1.);
#9253 = DIRECTION('',(1.,0.,0.));
#9254 = PCURVE('',#6619,#9255);
#9255 = DEFINITIONAL_REPRESENTATION('',(#9256),#9259);
#9256 = B_SPLINE_CURVE_WITH_KNOTS('',1,(#9257,#9258),.UNSPECIFIED.,.F.,
  .F.,(2,2),(10.16,20.32),.PIECEWISE_BEZIER_KNOTS.);
#9257 = CARTESIAN_POINT('',(1.570796326795,10.16));
#9258 = CARTESIAN_POINT('',(1.570796326795,20.32));
#9259 = ( GEOMETRIC_REPRESENTATION_CONTEXT(2) 
PARAMETRIC_REPRESENTATION_CONTEXT() REPRESENTATION_CONTEXT('2D SPACE',''
  ) );
#9260 = PCURVE('',#6590,#9261);
#9261 = DEFINITIONAL_REPRESENTATION('',(#9262),#9266);
#9262 = LINE('',#9263,#9264);
#9263 = CARTESIAN_POINT('',(0.,7.62));
#9264 = VECTOR('',#9265,1.);
#9265 = DIRECTION('',(1.,0.));
#9266 = ( GEOMETRIC_REPRESENTATION_CONTEXT(2) 
PARAMETRIC_REPRESENTATION_CONTEXT() REPRESENTATION_CONTEXT('2D SPACE',''
  ) );
#9267 = ORIENTED_EDGE('',*,*,#9268,.F.);
#9268 = EDGE_CURVE('',#9197,#9247,#9269,.T.);
#9269 = SURFACE_CURVE('',#9270,(#9275,#9281),.PCURVE_S1.);
#9270 = CIRCLE('',#9271,7.62);
#9271 = AXIS2_PLACEMENT_3D('',#9272,#9273,#9274);
#9272 = CARTESIAN_POINT('',(-140.208,-62.23,97.79));
#9273 = DIRECTION('',(1.,0.,0.));
#9274 = DIRECTION('',(-0.,0.,1.));
#9275 = PCURVE('',#6619,#9276);
#9276 = DEFINITIONAL_REPRESENTATION('',(#9277),#9280);
#9277 = B_SPLINE_CURVE_WITH_KNOTS('',1,(#9278,#9279),.UNSPECIFIED.,.F.,
  .F.,(2,2),(1.570796326795,3.14159265359),.PIECEWISE_BEZIER_KNOTS.);
#9278 = CARTESIAN_POINT('',(0.,20.32));
#9279 = CARTESIAN_POINT('',(1.570796326795,20.32));
#9280 = ( GEOMETRIC_REPRESENTATION_CONTEXT(2) 
PARAMETRIC_REPRESENTATION_CONTEXT() REPRESENTATION_CONTEXT('2D SPACE',''
  ) );
#9281 = PCURVE('',#7206,#9282);
#9282 = DEFINITIONAL_REPRESENTATION('',(#9283),#9287);
#9283 = CIRCLE('',#9284,7.62);
#9284 = AXIS2_PLACEMENT_2D('',#9285,#9286);
#9285 = CARTESIAN_POINT('',(7.62,-7.62));
#9286 = DIRECTION('',(1.,0.));
#9287 = ( GEOMETRIC_REPRESENTATION_CONTEXT(2) 
PARAMETRIC_REPRESENTATION_CONTEXT() REPRESENTATION_CONTEXT('2D SPACE',''
  ) );
#9288 = ADVANCED_FACE('',(#9289),#6590,.T.);
#9289 = FACE_BOUND('',#9290,.T.);
#9290 = EDGE_LOOP('',(#9291,#9292,#9293,#9316));
#9291 = ORIENTED_EDGE('',*,*,#6574,.T.);
#9292 = ORIENTED_EDGE('',*,*,#9246,.T.);
#9293 = ORIENTED_EDGE('',*,*,#9294,.T.);
#9294 = EDGE_CURVE('',#9247,#9295,#9297,.T.);
#9295 = VERTEX_POINT('',#9296);
#9296 = CARTESIAN_POINT('',(-140.208,62.23,90.17));
#9297 = SURFACE_CURVE('',#9298,(#9302,#9309),.PCURVE_S1.);
#9298 = LINE('',#9299,#9300);
#9299 = CARTESIAN_POINT('',(-140.208,-69.85,90.17));
#9300 = VECTOR('',#9301,1.);
#9301 = DIRECTION('',(0.,1.,0.));
#9302 = PCURVE('',#6590,#9303);
#9303 = DEFINITIONAL_REPRESENTATION('',(#9304),#9308);
#9304 = LINE('',#9305,#9306);
#9305 = CARTESIAN_POINT('',(20.32,0.));
#9306 = VECTOR('',#9307,1.);
#9307 = DIRECTION('',(0.,1.));
#9308 = ( GEOMETRIC_REPRESENTATION_CONTEXT(2) 
PARAMETRIC_REPRESENTATION_CONTEXT() REPRESENTATION_CONTEXT('2D SPACE',''
  ) );
#9309 = PCURVE('',#7206,#9310);
#9310 = DEFINITIONAL_REPRESENTATION('',(#9311),#9315);
#9311 = LINE('',#9312,#9313);
#9312 = CARTESIAN_POINT('',(0.,0.));
#9313 = VECTOR('',#9314,1.);
#9314 = DIRECTION('',(0.,-1.));
#9315 = ( GEOMETRIC_REPRESENTATION_CONTEXT(2) 
PARAMETRIC_REPRESENTATION_CONTEXT() REPRESENTATION_CONTEXT('2D SPACE',''
  ) );
#9316 = ORIENTED_EDGE('',*,*,#9317,.F.);
#9317 = EDGE_CURVE('',#6547,#9295,#9318,.T.);
#9318 = SURFACE_CURVE('',#9319,(#9323,#9330),.PCURVE_S1.);
#9319 = LINE('',#9320,#9321);
#9320 = CARTESIAN_POINT('',(-160.528,62.23,90.17));
#9321 = VECTOR('',#9322,1.);
#9322 = DIRECTION('',(1.,0.,0.));
#9323 = PCURVE('',#6590,#9324);
#9324 = DEFINITIONAL_REPRESENTATION('',(#9325),#9329);
#9325 = LINE('',#9326,#9327);
#9326 = CARTESIAN_POINT('',(0.,132.08));
#9327 = VECTOR('',#9328,1.);
#9328 = DIRECTION('',(1.,0.));
#9329 = ( GEOMETRIC_REPRESENTATION_CONTEXT(2) 
PARAMETRIC_REPRESENTATION_CONTEXT() REPRESENTATION_CONTEXT('2D SPACE',''
  ) );
#9330 = PCURVE('',#6563,#9331);
#9331 = DEFINITIONAL_REPRESENTATION('',(#9332),#9335);
#9332 = B_SPLINE_CURVE_WITH_KNOTS('',1,(#9333,#9334),.UNSPECIFIED.,.F.,
  .F.,(2,2),(10.16,20.32),.PIECEWISE_BEZIER_KNOTS.);
#9333 = CARTESIAN_POINT('',(-1.570796326795,10.16));
#9334 = CARTESIAN_POINT('',(-1.570796326795,20.32));
#9335 = ( GEOMETRIC_REPRESENTATION_CONTEXT(2) 
PARAMETRIC_REPRESENTATION_CONTEXT() REPRESENTATION_CONTEXT('2D SPACE',''
  ) );
#9336 = ADVANCED_FACE('',(#9337),#6563,.F.);
#9337 = FACE_BOUND('',#9338,.T.);
#9338 = EDGE_LOOP('',(#9339,#9361,#9362,#9363));
#9339 = ORIENTED_EDGE('',*,*,#9340,.F.);
#9340 = EDGE_CURVE('',#6519,#9341,#9343,.T.);
#9341 = VERTEX_POINT('',#9342);
#9342 = CARTESIAN_POINT('',(-140.208,69.85,97.79));
#9343 = SURFACE_CURVE('',#9344,(#9348,#9354),.PCURVE_S1.);
#9344 = LINE('',#9345,#9346);
#9345 = CARTESIAN_POINT('',(-160.528,69.85,97.79));
#9346 = VECTOR('',#9347,1.);
#9347 = DIRECTION('',(1.,0.,0.));
#9348 = PCURVE('',#6563,#9349);
#9349 = DEFINITIONAL_REPRESENTATION('',(#9350),#9353);
#9350 = B_SPLINE_CURVE_WITH_KNOTS('',1,(#9351,#9352),.UNSPECIFIED.,.F.,
  .F.,(2,2),(10.16,20.32),.PIECEWISE_BEZIER_KNOTS.);
#9351 = CARTESIAN_POINT('',(0.,10.16));
#9352 = CARTESIAN_POINT('',(0.,20.32));
#9353 = ( GEOMETRIC_REPRESENTATION_CONTEXT(2) 
PARAMETRIC_REPRESENTATION_CONTEXT() REPRESENTATION_CONTEXT('2D SPACE',''
  ) );
#9354 = PCURVE('',#6534,#9355);
#9355 = DEFINITIONAL_REPRESENTATION('',(#9356),#9360);
#9356 = LINE('',#9357,#9358);
#9357 = CARTESIAN_POINT('',(7.62,0.));
#9358 = VECTOR('',#9359,1.);
#9359 = DIRECTION('',(0.,1.));
#9360 = ( GEOMETRIC_REPRESENTATION_CONTEXT(2) 
PARAMETRIC_REPRESENTATION_CONTEXT() REPRESENTATION_CONTEXT('2D SPACE',''
  ) );
#9361 = ORIENTED_EDGE('',*,*,#6546,.F.);
#9362 = ORIENTED_EDGE('',*,*,#9317,.T.);
#9363 = ORIENTED_EDGE('',*,*,#9364,.F.);
#9364 = EDGE_CURVE('',#9341,#9295,#9365,.T.);
#9365 = SURFACE_CURVE('',#9366,(#9371,#9377),.PCURVE_S1.);
#9366 = CIRCLE('',#9367,7.62);
#9367 = AXIS2_PLACEMENT_3D('',#9368,#9369,#9370);
#9368 = CARTESIAN_POINT('',(-140.208,62.23,97.79));
#9369 = DIRECTION('',(-1.,0.,-0.));
#9370 = DIRECTION('',(-0.,0.,1.));
#9371 = PCURVE('',#6563,#9372);
#9372 = DEFINITIONAL_REPRESENTATION('',(#9373),#9376);
#9373 = B_SPLINE_CURVE_WITH_KNOTS('',1,(#9374,#9375),.UNSPECIFIED.,.F.,
  .F.,(2,2),(1.570796326795,3.14159265359),.PIECEWISE_BEZIER_KNOTS.);
#9374 = CARTESIAN_POINT('',(0.,20.32));
#9375 = CARTESIAN_POINT('',(-1.570796326795,20.32));
#9376 = ( GEOMETRIC_REPRESENTATION_CONTEXT(2) 
PARAMETRIC_REPRESENTATION_CONTEXT() REPRESENTATION_CONTEXT('2D SPACE',''
  ) );
#9377 = PCURVE('',#7206,#9378);
#9378 = DEFINITIONAL_REPRESENTATION('',(#9379),#9387);
#9379 = ( BOUNDED_CURVE() B_SPLINE_CURVE(2,(#9380,#9381,#9382,#9383,
#9384,#9385,#9386),.UNSPECIFIED.,.T.,.F.) B_SPLINE_CURVE_WITH_KNOTS((1,2
    ,2,2,2,1),(-2.094395102393,0.,2.094395102393,4.188790204786,
6.28318530718,8.377580409573),.UNSPECIFIED.) CURVE() 
GEOMETRIC_REPRESENTATION_ITEM() RATIONAL_B_SPLINE_CURVE((1.,0.5,1.,0.5,
1.,0.5,1.)) REPRESENTATION_ITEM('') );
#9380 = CARTESIAN_POINT('',(15.24,-132.08));
#9381 = CARTESIAN_POINT('',(15.24,-145.2782271536));
#9382 = CARTESIAN_POINT('',(3.81,-138.6791135768));
#9383 = CARTESIAN_POINT('',(-7.62,-132.08));
#9384 = CARTESIAN_POINT('',(3.81,-125.4808864231));
#9385 = CARTESIAN_POINT('',(15.24,-118.8817728463));
#9386 = CARTESIAN_POINT('',(15.24,-132.08));
#9387 = ( GEOMETRIC_REPRESENTATION_CONTEXT(2) 
PARAMETRIC_REPRESENTATION_CONTEXT() REPRESENTATION_CONTEXT('2D SPACE',''
  ) );
#9388 = ADVANCED_FACE('',(#9389),#6534,.F.);
#9389 = FACE_BOUND('',#9390,.F.);
#9390 = EDGE_LOOP('',(#9391,#9414,#9415,#9416));
#9391 = ORIENTED_EDGE('',*,*,#9392,.F.);
#9392 = EDGE_CURVE('',#9341,#9393,#9395,.T.);
#9393 = VERTEX_POINT('',#9394);
#9394 = CARTESIAN_POINT('',(-140.208,69.85,107.95));
#9395 = SURFACE_CURVE('',#9396,(#9400,#9407),.PCURVE_S1.);
#9396 = LINE('',#9397,#9398);
#9397 = CARTESIAN_POINT('',(-140.208,69.85,90.17));
#9398 = VECTOR('',#9399,1.);
#9399 = DIRECTION('',(0.,0.,1.));
#9400 = PCURVE('',#6534,#9401);
#9401 = DEFINITIONAL_REPRESENTATION('',(#9402),#9406);
#9402 = LINE('',#9403,#9404);
#9403 = CARTESIAN_POINT('',(0.,20.32));
#9404 = VECTOR('',#9405,1.);
#9405 = DIRECTION('',(1.,0.));
#9406 = ( GEOMETRIC_REPRESENTATION_CONTEXT(2) 
PARAMETRIC_REPRESENTATION_CONTEXT() REPRESENTATION_CONTEXT('2D SPACE',''
  ) );
#9407 = PCURVE('',#7206,#9408);
#9408 = DEFINITIONAL_REPRESENTATION('',(#9409),#9413);
#9409 = LINE('',#9410,#9411);
#9410 = CARTESIAN_POINT('',(0.,-139.7));
#9411 = VECTOR('',#9412,1.);
#9412 = DIRECTION('',(1.,0.));
#9413 = ( GEOMETRIC_REPRESENTATION_CONTEXT(2) 
PARAMETRIC_REPRESENTATION_CONTEXT() REPRESENTATION_CONTEXT('2D SPACE',''
  ) );
#9414 = ORIENTED_EDGE('',*,*,#9340,.F.);
#9415 = ORIENTED_EDGE('',*,*,#6518,.T.);
#9416 = ORIENTED_EDGE('',*,*,#9417,.T.);
#9417 = EDGE_CURVE('',#6491,#9393,#9418,.T.);
#9418 = SURFACE_CURVE('',#9419,(#9423,#9430),.PCURVE_S1.);
#9419 = LINE('',#9420,#9421);
#9420 = CARTESIAN_POINT('',(-160.528,69.85,107.95));
#9421 = VECTOR('',#9422,1.);
#9422 = DIRECTION('',(1.,0.,0.));
#9423 = PCURVE('',#6534,#9424);
#9424 = DEFINITIONAL_REPRESENTATION('',(#9425),#9429);
#9425 = LINE('',#9426,#9427);
#9426 = CARTESIAN_POINT('',(17.78,0.));
#9427 = VECTOR('',#9428,1.);
#9428 = DIRECTION('',(0.,1.));
#9429 = ( GEOMETRIC_REPRESENTATION_CONTEXT(2) 
PARAMETRIC_REPRESENTATION_CONTEXT() REPRESENTATION_CONTEXT('2D SPACE',''
  ) );
#9430 = PCURVE('',#6507,#9431);
#9431 = DEFINITIONAL_REPRESENTATION('',(#9432),#9435);
#9432 = B_SPLINE_CURVE_WITH_KNOTS('',1,(#9433,#9434),.UNSPECIFIED.,.F.,
  .F.,(2,2),(10.16,20.32),.PIECEWISE_BEZIER_KNOTS.);
#9433 = CARTESIAN_POINT('',(0.,10.16));
#9434 = CARTESIAN_POINT('',(0.,20.32));
#9435 = ( GEOMETRIC_REPRESENTATION_CONTEXT(2) 
PARAMETRIC_REPRESENTATION_CONTEXT() REPRESENTATION_CONTEXT('2D SPACE',''
  ) );
#9436 = ADVANCED_FACE('',(#9437),#6507,.F.);
#9437 = FACE_BOUND('',#9438,.F.);
#9438 = EDGE_LOOP('',(#9439,#9440,#9441,#9442));
#9439 = ORIENTED_EDGE('',*,*,#9417,.F.);
#9440 = ORIENTED_EDGE('',*,*,#6490,.T.);
#9441 = ORIENTED_EDGE('',*,*,#7218,.T.);
#9442 = ORIENTED_EDGE('',*,*,#9443,.F.);
#9443 = EDGE_CURVE('',#9393,#7191,#9444,.T.);
#9444 = SURFACE_CURVE('',#9445,(#9450,#9456),.PCURVE_S1.);
#9445 = CIRCLE('',#9446,7.62);
#9446 = AXIS2_PLACEMENT_3D('',#9447,#9448,#9449);
#9447 = CARTESIAN_POINT('',(-140.208,62.23,107.95));
#9448 = DIRECTION('',(1.,0.,0.));
#9449 = DIRECTION('',(-0.,0.,1.));
#9450 = PCURVE('',#6507,#9451);
#9451 = DEFINITIONAL_REPRESENTATION('',(#9452),#9455);
#9452 = B_SPLINE_CURVE_WITH_KNOTS('',1,(#9453,#9454),.UNSPECIFIED.,.F.,
  .F.,(2,2),(4.712388980385,6.28318530718),.PIECEWISE_BEZIER_KNOTS.);
#9453 = CARTESIAN_POINT('',(0.,20.32));
#9454 = CARTESIAN_POINT('',(1.570796326795,20.32));
#9455 = ( GEOMETRIC_REPRESENTATION_CONTEXT(2) 
PARAMETRIC_REPRESENTATION_CONTEXT() REPRESENTATION_CONTEXT('2D SPACE',''
  ) );
#9456 = PCURVE('',#7206,#9457);
#9457 = DEFINITIONAL_REPRESENTATION('',(#9458),#9462);
#9458 = CIRCLE('',#9459,7.62);
#9459 = AXIS2_PLACEMENT_2D('',#9460,#9461);
#9460 = CARTESIAN_POINT('',(17.78,-132.08));
#9461 = DIRECTION('',(1.,0.));
#9462 = ( GEOMETRIC_REPRESENTATION_CONTEXT(2) 
PARAMETRIC_REPRESENTATION_CONTEXT() REPRESENTATION_CONTEXT('2D SPACE',''
  ) );
#9463 = ADVANCED_FACE('',(#9464),#6778,.F.);
#9464 = FACE_BOUND('',#9465,.F.);
#9465 = EDGE_LOOP('',(#9466,#9467,#9468,#9469,#9470,#9471,#9472,#9473));
#9466 = ORIENTED_EDGE('',*,*,#7026,.T.);
#9467 = ORIENTED_EDGE('',*,*,#6978,.T.);
#9468 = ORIENTED_EDGE('',*,*,#6930,.T.);
#9469 = ORIENTED_EDGE('',*,*,#6882,.T.);
#9470 = ORIENTED_EDGE('',*,*,#6834,.T.);
#9471 = ORIENTED_EDGE('',*,*,#6760,.T.);
#9472 = ORIENTED_EDGE('',*,*,#7126,.T.);
#9473 = ORIENTED_EDGE('',*,*,#7074,.F.);
#9474 = ADVANCED_FACE('',(#9475),#7206,.F.);
#9475 = FACE_BOUND('',#9476,.F.);
#9476 = EDGE_LOOP('',(#9477,#9478,#9479,#9480,#9481,#9482,#9483,#9484));
#9477 = ORIENTED_EDGE('',*,*,#9196,.F.);
#9478 = ORIENTED_EDGE('',*,*,#9268,.T.);
#9479 = ORIENTED_EDGE('',*,*,#9294,.T.);
#9480 = ORIENTED_EDGE('',*,*,#9364,.F.);
#9481 = ORIENTED_EDGE('',*,*,#9392,.T.);
#9482 = ORIENTED_EDGE('',*,*,#9443,.T.);
#9483 = ORIENTED_EDGE('',*,*,#7190,.F.);
#9484 = ORIENTED_EDGE('',*,*,#9168,.F.);
#9485 = ADVANCED_FACE('',(#9486),#7296,.T.);
#9486 = FACE_BOUND('',#9487,.T.);
#9487 = EDGE_LOOP('',(#9488,#9489,#9490,#9491,#9492,#9493,#9494,#9495));
#9488 = ORIENTED_EDGE('',*,*,#8670,.F.);
#9489 = ORIENTED_EDGE('',*,*,#8642,.T.);
#9490 = ORIENTED_EDGE('',*,*,#8572,.T.);
#9491 = ORIENTED_EDGE('',*,*,#8521,.F.);
#9492 = ORIENTED_EDGE('',*,*,#8495,.T.);
#9493 = ORIENTED_EDGE('',*,*,#8446,.T.);
#9494 = ORIENTED_EDGE('',*,*,#7280,.F.);
#9495 = ORIENTED_EDGE('',*,*,#8717,.F.);
#9496 = ADVANCED_FACE('',(#9497),#7391,.F.);
#9497 = FACE_BOUND('',#9498,.F.);
#9498 = EDGE_LOOP('',(#9499,#9500,#9501,#9502,#9503,#9504,#9505,#9506));
#9499 = ORIENTED_EDGE('',*,*,#7960,.F.);
#9500 = ORIENTED_EDGE('',*,*,#7880,.F.);
#9501 = ORIENTED_EDGE('',*,*,#7788,.F.);
#9502 = ORIENTED_EDGE('',*,*,#7708,.F.);
#9503 = ORIENTED_EDGE('',*,*,#7616,.F.);
#9504 = ORIENTED_EDGE('',*,*,#7536,.F.);
#9505 = ORIENTED_EDGE('',*,*,#7444,.F.);
#9506 = ORIENTED_EDGE('',*,*,#7359,.F.);
#9507 = ADVANCED_FACE('',(#9508),#8086,.F.);
#9508 = FACE_BOUND('',#9509,.F.);
#9509 = EDGE_LOOP('',(#9510,#9511,#9512,#9513,#9514,#9515,#9516,#9517));
#9510 = ORIENTED_EDGE('',*,*,#8297,.F.);
#9511 = ORIENTED_EDGE('',*,*,#8369,.F.);
#9512 = ORIENTED_EDGE('',*,*,#8399,.T.);
#9513 = ORIENTED_EDGE('',*,*,#8072,.T.);
#9514 = ORIENTED_EDGE('',*,*,#8101,.T.);
#9515 = ORIENTED_EDGE('',*,*,#8173,.F.);
#9516 = ORIENTED_EDGE('',*,*,#8224,.F.);
#9517 = ORIENTED_EDGE('',*,*,#8273,.T.);
#9518 = ADVANCED_FACE('',(#9519),#8785,.T.);
#9519 = FACE_BOUND('',#9520,.T.);
#9520 = EDGE_LOOP('',(#9521,#9522,#9523,#9524,#9525,#9526,#9527,#9528));
#9521 = ORIENTED_EDGE('',*,*,#8827,.F.);
#9522 = ORIENTED_EDGE('',*,*,#8769,.F.);
#9523 = ORIENTED_EDGE('',*,*,#9117,.T.);
#9524 = ORIENTED_EDGE('',*,*,#9091,.T.);
#9525 = ORIENTED_EDGE('',*,*,#9044,.T.);
#9526 = ORIENTED_EDGE('',*,*,#8970,.F.);
#9527 = ORIENTED_EDGE('',*,*,#8921,.F.);
#9528 = ORIENTED_EDGE('',*,*,#8895,.T.);
#9529 = ( GEOMETRIC_REPRESENTATION_CONTEXT(3) 
GLOBAL_UNCERTAINTY_ASSIGNED_CONTEXT((#9533)) 
GLOBAL_UNIT_ASSIGNED_CONTEXT((#9530,#9531,#9532)) REPRESENTATION_CONTEXT
('Context #1','3D Context with UNIT and UNCERTAINTY') );
#9530 = ( LENGTH_UNIT() NAMED_UNIT(*) SI_UNIT(.MILLI.,.METRE.) );
#9531 = ( NAMED_UNIT(*) PLANE_ANGLE_UNIT() SI_UNIT($,.RADIAN.) );
#9532 = ( NAMED_UNIT(*) SI_UNIT($,.STERADIAN.) SOLID_ANGLE_UNIT() );
#9533 = UNCERTAINTY_MEASURE_WITH_UNIT(LENGTH_MEASURE(2.E-04),#9530,
  'distance_accuracy_value','confusion accuracy');
#9534 = PRODUCT_RELATED_PRODUCT_CATEGORY('part',$,(#7));
ENDSEC;
END-ISO-10303-21;
